tree
version=v4
num_class=1
num_tree_per_iteration=1
label_index=0
max_feature_idx=31
objective=quantile
feature_names=anchor_lag_1 anchor_lag_2 clean_lag_1 clean_lag_2 clean_lag_3 ema_fast ema_med ema_slow user_median user_fixed_max user_income_med fixed_spend routine_spend disc_spend var_spend spend_momentum spend_diff_1m rec_ratio exp_inc_ratio disc_ratio routine_ratio roll_mean_3 roll_median_3 roll_std_3 roll_mean_6 roll_median_6 tx_count avg_tx_size month_num quarter is_q4 user_history_months
feature_infos=[0:337689.65000000002] [0:337689.65000000002] [0:412906.67999999999] [0:412906.67999999999] [0:412906.67999999999] [0:337689.65000000002] [0:337689.65000000002] [0:337689.65000000002] [0:337689.65000000002] [0:408466.87] [0:1299552.52] [0:408466.87] [0:69022.199999999997] [0:79771.259999999995] [0:110321.20999999999] [0:126675.39867499999] [-127477.84287500003:126675.39867499999] [0:7.3299724807610769] [0:267857.37] [0:3.2882137472400705] [0:2.6499126813055791] [0:337689.65000000002] [0:337689.65000000002] [0:238782.64145151182] [0:337689.65000000002] [0:337689.65000000002] [1:9] [25.23:3072904.0099999998] [1:12] [1:4] [0:1] [1:36]
tree_sizes=2636 2730 2755 2736 2752 2758 2727 2738 2755 2746 2757 2764 2752 2762 2755 2717 2756 2789 2770 2802 2768 2773 2805 2818 2788 2786 2774 2796 2802 2789 2787 2755 2777 2783 2796 2748 2788 2788 2805 2787 2778 2794 2796 2798 2797 2785 2780 2786 2790 2793 2795 2789 2795 2790 2791 2812 2811 2814 2816 2812 2801 2837 2837 2832 2804 2781 2807 2829 2781 2826 2810 2820 2818 2828 2826 2829 2822 2823 2809 2805 2841 2841 2839 2844 2818 2830 2813 2855 2842 2821 2829 2832 2833 2841 2842 2834 2825 2844 2830 2828 2845 2832 2845 2854 2834 2847 2844 2867 2869 2846 2852 2861 2860 2829 2870 2847 2838 2815 2860 2850 2866 2875 2866 2876 2844 2862 2859 2837 2865 2866 2856 2851 2860 2860 2862 2887 2847 2875 2849 2861 2844 2858 2872 2853 2852 2822 2848 2851 2837 2869 2861 2865 2839 2854 2847 2848 2857 2875 2836 2831 2873 2850 2870 2870 2869 2847 2860 2862 2814 2861 2877 2860 2874 2857 2856 2862 2846 2869 2870 2862 2870 2873 2855 2861 2875 2879 2834 2874 2857 2854 2873 2867 2862 2846 2850 2865 2849 2880 2870 2872 2839 2878 2879 2841 2856 2838 2823 2832 2862 2867 2878 2860 2880 2852 2850 2872 2861 2841 2839 2853 2894 2822 2850 2843 2863 2888 2877 2882 2853 2873 2840 2868 2879 2863 2865 2819 2860 2874 2856 2853 2845 2844 2846 2830 2840 2837 2863 2805 2831 2829 2840 2856 2842 2851 2818 2865 2828 2874 2870 2900 2843 2864 2845 2859 2839 2882 2867 2873 2868 2862 2833 2858 2883 2847 2876 2845 2843 2872 2864 2859 2868 2859 2850 2846 2869 2878 2881 2872 2864 2869 2887 2862 2900 2813 2891 2857 2857 2845 2862 2865

Tree=0
num_leaves=31
num_cat=0
split_feature=8 26 10 0 5 27 19 1 10 24 24 24 6 8 23 19 1 18 10 10 25 31 12 2 14 23 31 18 4 16
split_gain=1194.04 70.8199 31.2357 22.6104 16.855 4.64427 3.0898 2.91277 3.34601 2.90424 2.33477 2.23891 2.03141 1.92857 2.0188 1.92365 1.89729 1.86012 1.96463 1.43119 1.29407 1.38977 1.13183 1.20043 1.08 1.09922 1.07037 1.01915 1.67659 1.01537
threshold=76065.205000000016 7.5000000000000009 126695.53500000002 79687.569318842783 75942.379814453147 8185.9319444444454 0.21460230883376299 74018.213953955434 180882.39000000004 27400.918333333335 104412.99750000001 118115.17000000001 81256.302785063541 72690.43250000001 2584.5794232932603 0.25782426031410194 77732.306425558534 0.209305046384132 167688.03500000003 80963.035000000018 49937.50250000001 3.5000000000000004 14144.165000000003 39695.250000000007 25736.930000000004 1661.3380631192583 8.5000000000000018 1.0689021959005431 140195.84500000003 -8345.1178670457393
decision_type=2 2 2 2 2 2 2 2 2 2 2 2 2 2 2 2 2 2 2 2 2 2 2 2 2 2 2 2 2 2
left_child=2 11 4 16 5 29 -6 8 22 19 17 -2 -5 -8 -15 -11 26 -9 -19 -7 21 -10 -4 -24 -18 -26 -3 28 -13 -1
right_child=1 3 7 12 6 9 13 10 20 15 -12 27 -14 14 -16 -17 24 18 -20 -21 -22 -23 23 -25 25 -27 -28 -29 -30 -31
leaf_value=77697.001276153343 78544.33698472321 78486.342601737168 78454.796375586462 78640.205702346269 79552.45855800336 77249.589093791801 79599.784543049478 80214.136070014225 81831.247534173657 78489.275536256115 77904.411672662318 80223.70251832754 81549.518239389043 78537.251464924368 78533.383430934453 78298.935218334242 78604.222048165364 78640.075902799523 83081.84803442366 78589.436020810375 78363.765800981302 81613.617038252356 83450.976773566843 78460.968774131354 78621.934555399886 78608.491899836939 78536.405600842088 80346.740464967836 84331.807536733657 77750.585452440573
leaf_weight=282 81 24 360 81 87 1890 28 28 93 570 22 21 1404 25 31 419 30 49 35 150 42 193 20 45 22 28 30 22 24 13966
leaf_count=282 81 24 360 81 87 1890 28 28 93 570 22 21 1404 25 31 419 30 49 35 150 42 193 20 45 22 28 30 22 24 13966
internal_value=78421.1 78421.2 78421.1 78421.2 78421.1 78421.1 78421.1 78421.1 78421.1 78421.1 78421.1 78421.1 78421.2 78421.1 78421.1 78421.1 78421.1 78421.1 78421.1 78421.1 78421.1 78421.1 78421.1 78421.1 78421.1 78421.1 78421.1 78421.1 78421.1 78421.1
internal_weight=20102 1767 18335 1619 17448 17277 171 887 753 3029 134 148 1485 84 56 989 134 112 84 2040 328 286 425 65 80 50 54 67 45 14248
internal_count=20102 1767 18335 1619 17448 17277 171 887 753 3029 134 148 1485 84 56 989 134 112 84 2040 328 286 425 65 80 50 54 67 45 14248
is_linear=0
shrinkage=1


Tree=1
num_leaves=31
num_cat=0
split_feature=8 26 10 7 5 28 27 1 21 10 31 19 18 13 7 4 12 25 18 7 27 13 23 28 8 11 15 18 12 8
split_gain=1100.62 65.0051 29.3958 29.2369 15.3701 5.90367 3.93487 3.32634 3.0444 2.99729 3.35865 2.60725 2.42208 2.26726 1.79962 1.79108 1.75008 1.68006 3.38573 1.6307 1.61758 1.56483 1.48727 1.42045 3.64673 1.20478 1.18118 1.18007 1.06276 1.19907
threshold=76065.205000000016 7.5000000000000009 126695.53500000002 83021.400723377665 73801.722514216919 8.5000000000000018 27761.336250000004 77732.306425558534 77418.861666666679 180882.39000000004 30.500000000000004 0.21460230883376299 33946.678229031088 14642.060000000001 75752.470022907248 140195.84500000003 9371.6250000000018 49937.50250000001 0.209305046384132 28188.334462377861 8893.6377777777798 6105.4250000000002 52811.067512534959 8.5000000000000018 72690.43250000001 50204.42500000001 0.73014848673150301 0.44338132589903551 10073.440000000002 80045.37000000001
decision_type=2 2 2 2 2 2 2 2 2 2 2 2 2 2 2 2 2 2 2 2 2 2 2 2 2 2 2 2 2 2
left_child=2 15 4 5 6 7 12 -3 23 10 14 -10 -1 -9 -4 -2 -14 18 22 -8 -13 -21 -11 -6 -25 -5 -19 -17 -7 -30
right_child=1 3 9 25 8 28 19 13 11 17 -12 20 16 -15 -16 27 -18 26 -20 21 -22 -23 -24 24 -26 -27 -28 -29 29 -31
leaf_value=-643.96264937646242 340.94603401699351 54.933191143157451 140.71010966681897 583.67677048772032 -4.5746449485261564 291.04855068423211 -683.08441509441889 146.98869196724297 1830.4841031392773 3244.8697368828798 146.42779272282291 68.983198691870797 -230.0591408301766 132.51229509539223 3680.6544293180982 5058.5465749023851 1146.0940315322955 3240.544217784492 4150.1613388430787 1023.9130407324465 529.57408415285238 -791.90385406763892 534.9746466873562 2.6148483176252149 115.163508544999 3341.2257982168662 -116.52173882415008 3087.4093430864473 245.48352474372766 278.7498380867338
leaf_weight=16345 100 40 430 65 110 47 458 65 48 210 20 26 86 133 34 22 22 21 43 174 29 62 74 59 29 1207 55 26 41 21
leaf_count=16345 100 40 430 65 110 47 458 65 48 210 20 26 86 133 34 22 22 21 43 174 29 62 74 59 29 1207 55 26 41 21
internal_value=-9.43197e-05 0.0225178 -0.00227352 0.0242576 -0.00254436 0.0165389 -0.00266233 0.0138908 0.00417608 0.00305411 0.00146281 0.00835922 -0.00275567 0.0154848 0.000943965 0.00348649 0.00172222 0.00496526 0.00589908 -0.000449568 0.0128182 0.00157627 0.00471127 0.002 0.00484091 0.0263632 0.000947368 0.00825 0.0223211 0.0197419
internal_weight=20102 1767 18335 1619 17448 347 17147 238 301 887 484 103 16453 198 464 148 108 403 327 694 55 236 284 198 88 1272 76 48 109 62
internal_count=20102 1767 18335 1619 17448 347 17147 238 301 887 484 103 16453 198 464 148 108 403 327 694 55 236 284 198 88 1272 76 48 109 62
is_linear=0
shrinkage=0.03


Tree=2
num_leaves=31
num_cat=0
split_feature=8 17 5 10 5 28 1 10 7 9 13 4 10 12 14 25 6 12 2 28 8 28 31 5 7 20 19 2 8 23
split_gain=993.735 53.7336 37.1357 27.9197 11.5383 7.57714 4.77521 4.48685 2.97619 2.73569 2.52488 2.26216 2.0256 1.96418 1.95242 1.83386 2.07951 1.63954 1.60278 1.4785 4.74758 1.44176 1.34606 1.32897 1.31868 1.03736 0.954234 0.941431 0.877232 0.795286
threshold=76065.205000000016 0.75203763973686633 87092.127353515636 118432.02750000001 73801.722514216919 8.5000000000000018 77732.306425558534 180882.39000000004 75752.470022907248 55253.92500000001 18402.480000000003 140195.84500000003 110500.92250000002 16144.785000000002 21298.765000000003 49118.107500000006 95945.235993924478 6800.7150000000011 25596.370000000006 8.5000000000000018 72690.43250000001 11.500000000000002 32.500000000000007 90544.958828506482 69785.130875992283 0.17128332989474146 0.36571367782771685 30506.410000000003 58758.475000000013 6784.0884548722588
decision_type=2 2 2 2 2 2 2 2 2 2 2 2 2 2 2 2 2 2 2 2 2 2 2 2 2 2 2 2 2 2
left_child=3 2 5 4 9 6 -2 8 22 13 -10 -3 -4 29 -8 16 17 -9 -17 24 -21 25 -5 -14 -6 -7 -25 -15 -11 -1
right_child=1 11 12 7 19 21 14 15 10 28 -12 -13 23 27 -16 18 -18 -19 -20 20 -22 -23 -24 26 -26 -27 -28 -29 -30 -31
leaf_value=-593.19940769672985 50.808708172062758 274.89834203643932 361.35697798317034 13.737830445749701 3129.2057039615593 307.04469678041329 124.78478634989428 1318.5886947516092 890.2686166832417 -316.28957977856726 901.90399927150111 4216.1983770578236 327.08618891425169 1627.4852763459137 153.3694195823966 2803.6173727576775 4122.5338540862995 4094.172930503908 -516.08352217426034 62.347837455134865 105.40662351675371 188.79125747420349 73.687907175384169 3597.7502232851807 2.9478499144812407 334.53516192730535 1500.9597050053972 -409.83181761318872 913.89086600863402 -1195.1323564842507
leaf_weight=12508 43 88 20 654 25 87 21 176 26 449 23 50 129 22 322 23 22 125 57 72 50 31 32 861 113 29 86 25 33 3900
leaf_count=12508 43 88 20 654 25 87 21 176 26 449 23 50 129 22 322 23 22 125 57 72 50 31 32 861 113 29 86 25 33 3900
internal_value=-0.000207741 0.0212784 0.0228011 -0.00227843 -0.00257958 0.0163058 0.0140984 0.00227241 0.00087755 -0.00267586 0.00802041 0.00330435 0.0259599 -0.00274111 0.0152799 0.00481638 0.00582353 0.00517276 0.000749999 0.00369231 0.00609836 0.022102 0.000367346 0.0261357 0.00156522 0.0236379 0.0265248 0.00338298 -0.000448133 -0.00275866
internal_weight=20102 1767 1629 18335 17197 533 386 1138 735 16937 49 138 1096 16455 343 403 323 301 80 260 122 147 686 1076 138 116 947 47 482 16408
internal_count=20102 1767 1629 18335 17197 533 386 1138 735 16937 49 138 1096 16455 343 403 323 301 80 260 122 147 686 1076 138 116 947 47 482 16408
is_linear=0
shrinkage=0.03


Tree=3
num_leaves=31
num_cat=0
split_feature=8 26 0 10 5 27 24 7 31 10 29 1 31 5 18 18 23 12 25 18 4 2 3 31 1 27 29 26 20 22
split_gain=948.966 55.9369 38.1464 25.2045 11.1158 4.57214 3.81239 2.78334 2.67726 3.25305 2.60657 2.5039 2.34977 2.28615 2.24171 1.95569 1.76673 1.74368 1.7011 3.49015 1.62975 1.54286 1.53195 1.48854 1.19246 1.16274 1.15714 1.07509 2.12727 1.05361
threshold=76065.205000000016 7.5000000000000009 87012.51083671824 126695.53500000002 73801.722514216919 7948.7863888888887 77984.90833333334 92227.310847535846 30.500000000000004 180882.39000000004 2.5000000000000004 24489.787890937499 8.5000000000000018 78455.268546478168 0.86916271376441945 0.79964102140446858 2141.4205037266647 7680.4900000000007 47442.442500000012 0.209305046384132 140195.84500000003 25596.370000000006 79486.650000000009 8.5000000000000018 75026.188250196443 38119.025000000009 2.5000000000000004 1.5000000000000002 0.31771355807744311 77921.520000000004
decision_type=2 2 2 2 2 2 2 2 2 2 2 2 2 2 2 2 2 2 2 2 2 2 2 2 2 2 2 2 2 2
left_child=3 20 6 4 5 -1 23 16 9 27 15 17 -12 24 22 -8 -4 -7 19 -11 -2 -20 -15 -3 -6 -13 -26 28 -5 -16
right_child=1 2 7 8 13 11 10 -9 -10 18 12 25 -14 14 29 -17 -18 -19 21 -21 -22 -23 -24 -25 26 -27 -28 -29 -30 -31
leaf_value=-646.37116437594534 322.47070273539066 31.528624212235879 238.94573496287273 631.67507251084839 -2.0656010469667665 -1061.2311106187235 141.50473289348179 3517.1181359571569 118.35553949532448 2846.8418376039231 106.74503697165109 -49.145389597854951 268.49460008914633 989.80294622233987 2691.6972453865719 114.04996492740879 338.73474913988036 530.82430876605781 2549.6535923283068 3921.9217622950405 3461.9882582934056 -422.78235349729829 66.120685284327593 162.36585737898102 12.093746110598426 698.98852950118396 105.27645258002455 -35.958431223512029 6328.5387907113063 -14.079952568809675
leaf_weight=14022 100 25 80 110 133 2038 230 841 20 277 28 820 207 22 24 37 143 104 24 42 48 60 25 28 42 163 30 334 20 25
leaf_count=14022 100 25 80 110 133 2038 230 841 20 277 28 820 207 22 24 37 143 104 24 42 48 60 25 28 42 163 30 334 20 25
internal_value=-0.000261467 0.0207351 0.022349 -0.00228497 -0.00253576 -0.00263609 0.015973 0.0256748 0.00264825 0.00239792 0.0167809 -0.0015984 0.0190851 0.0031794 0.007 0.0147528 0.0226951 -0.00217367 0.00436973 0.00536991 0.00308108 0.000571428 0.0116809 0.00832075 0.00139024 -0.000344863 0.0045 0.000685344 0.003 0.0025102
internal_weight=20102 1767 1619 18335 17448 17147 555 1064 887 867 502 3125 235 301 96 267 223 2142 403 319 148 84 47 53 205 983 72 464 130 49
internal_count=20102 1767 1619 18335 17448 17147 555 1064 887 867 502 3125 235 301 96 267 223 2142 403 319 148 84 47 53 205 983 72 464 130 49
is_linear=0
shrinkage=0.03


Tree=4
num_leaves=31
num_cat=0
split_feature=8 26 27 27 7 28 28 24 12 6 18 4 28 8 7 27 1 18 9 18 8 8 1 27 23 4 3 28 28 12
split_gain=889.077 52.645 38.3383 19.8008 11.5095 11.1321 5.42445 5.39359 3.87361 3.24161 3.14958 2.84083 2.56945 2.81435 2.14088 2.09791 1.95915 1.87103 1.74688 1.7007 1.48471 1.45755 1.39552 1.35217 1.30928 1.26751 1.21939 1.13798 2.02969 1.09414
threshold=76065.205000000016 7.5000000000000009 10639.277500000002 8185.9319444444454 32974.334927277843 8.5000000000000018 11.500000000000002 86412.455000000002 12401.740000000002 74299.590285604718 0.75086348229378197 77063.485000000001 8.5000000000000018 73532.872500000012 92227.310847535846 33499.861000000004 75026.188250196443 0.40595051858667969 64531.605000000003 0.10159511118578814 77158.175000000003 14950.92 182722.11694825199 27761.336250000004 15830.752924171944 66979.830000000002 103209.15500000001 8.5000000000000018 9.5000000000000018 9735.4250000000011
decision_type=2 2 2 2 2 2 2 2 2 2 2 2 2 2 2 2 2 2 2 2 2 2 2 2 2 2 2 2 2 2
left_child=3 22 5 16 8 7 20 11 15 17 -8 -3 26 -14 -9 -5 25 21 -4 -10 -7 -6 29 -19 -21 -1 -11 -27 -29 -2
right_child=1 2 18 4 9 6 10 14 19 12 -12 -13 13 -15 -16 -17 -18 23 -20 24 -22 -23 -24 -25 -26 27 -28 28 -30 -31
leaf_value=-657.05964122311252 -20.308863188685987 33.163814341225859 945.57526700403002 -989.02781752626413 -543.62343982511049 210.15737673935783 181.22406134958246 199.8803272924176 6731.1276304478979 24.822671775671502 79.164414055110555 127.74726279846408 1153.9161563438049 98.541792997526983 122.85860405051542 2.0485218348383203 2094.8367363324601 -34.471546978949178 4083.9333182282498 3451.2169100175593 354.9622857095963 1817.5857272740882 5290.4356875162739 983.95705382967071 -415.20777690487409 -64.009704811627131 2140.2300691455948 127.92692910357572 -41.786692347579809 2931.6454280896482
leaf_weight=13958 92 35 355 2028 49 22 31 142 33 155 24 308 116 43 33 479 39 485 519 34 150 253 24 180 39 290 36 45 73 32
leaf_count=13958 92 35 355 2028 49 22 31 142 33 155 24 308 116 43 33 479 39 485 519 34 150 253 24 180 39 290 36 45 73 32
internal_value=-0.000318178 0.0200051 0.0215707 -0.00227679 -0.000389314 0.0165705 0.0221101 0.0141429 -0.00154191 0.00189749 0.0139091 0.0119563 0.00437143 0.00718868 0.0184286 -0.00177942 -0.00279174 0.00100207 0.025833 0.00407547 0.0247326 0.00296026 0.00287838 0.000112781 0.00152055 -0.00280997 0.00202618 -0.00116177 0.00132203 0.00159677
internal_weight=20102 1767 1619 18335 3930 745 227 518 2613 1317 55 343 350 159 175 2507 14405 967 874 106 172 302 148 665 73 14366 191 408 118 124
internal_count=20102 1767 1619 18335 3930 745 227 518 2613 1317 55 343 350 159 175 2507 14405 967 874 106 172 302 148 665 73 14366 191 408 118 124
is_linear=0
shrinkage=0.03


Tree=5
num_leaves=31
num_cat=0
split_feature=8 14 10 26 0 5 2 27 1 22 5 29 31 10 18 29 25 18 1 7 2 31 23 29 7 13 7 16 16 17
split_gain=850.986 50.7656 24.8767 24.3594 10.4028 8.76756 4.99359 4.06983 3.63875 3.12279 3.07288 2.90507 2.69398 3.12292 1.90384 1.88526 1.63507 3.57208 1.59239 1.5618 1.54286 1.5239 1.50331 1.45177 1.42326 1.51379 1.32967 1.22288 1.19731 0.938351
threshold=76065.205000000016 37073.830000000009 126695.53500000002 7.5000000000000009 87012.51083671824 68847.666351208696 99640.37000000001 27761.336250000004 77732.306425558534 100418.16000000002 77186.536556396502 2.5000000000000004 30.500000000000004 180882.39000000004 33946.678229031088 2.5000000000000004 47442.442500000012 0.209305046384132 182722.11694825199 56490.23866774726 25596.370000000006 21.500000000000004 1999.8148123211097 2.5000000000000004 28188.334462377861 6105.4250000000002 69785.130875992283 235.01499279636303 -6951.0217743000103 0.72644863861275721
decision_type=2 2 2 2 2 2 2 2 2 2 2 2 2 2 2 2 2 2 2 2 2 2 2 2 2 2 2 2 2 2
left_child=2 3 5 18 8 7 22 14 27 11 23 -6 13 -4 28 -10 17 -15 -2 -16 -18 26 -3 -7 -9 -26 -12 -5 -1 -8
right_child=1 6 12 4 9 10 29 24 15 -11 21 -13 -14 16 19 -17 20 -19 -20 -21 -22 -23 -24 -25 25 -27 -28 -29 -30 -31
leaf_value=-743.11517996322277 984.61657662287234 266.05118037111168 125.39788272289961 44.031108416681477 205.88501632233314 -44.911498523711948 3409.4994568909065 -612.98124726033166 124.85266515505023 1993.1827439798706 2341.4920877225618 354.70769526267406 80.187388620150301 2739.5890387617487 -480.24965632089447 206.12632255286701 2412.8141461110326 3741.0251498391385 5256.1879464013809 1246.5872747730414 -462.63547400472561 90.406452480414572 348.78342867155698 20.620589662706116 1002.6119366524892 -683.70537664930362 -7.2946737222434592 69.984658259157683 -623.56907807021389 4913.7793710897031
leaf_weight=513 110 24 464 25 122 243 644 455 255 71 36 115 20 277 81 195 24 42 23 25 60 42 134 271 163 60 42 28 15517 21
leaf_count=513 110 24 464 25 122 243 644 455 255 71 36 115 20 277 81 195 24 42 23 25 60 42 134 271 163 60 42 28 15517 21
internal_value=-0.000370412 0.0195127 -0.00228661 0.0147648 0.0167164 -0.00253576 0.0249587 -0.00266635 0.0140577 0.0210584 0.000927444 0.0194051 0.00261443 0.00236332 -0.00276202 0.0149333 0.00429528 0.00527586 0.00286466 0.00124528 0.000571428 0.00525 0.0201646 -8.17128e-05 -0.000389381 0.00157399 0.00276923 0.00662264 -0.00278852 0.0260977
internal_weight=20102 1767 18335 944 811 17448 823 16814 503 308 634 237 887 867 16136 450 403 319 133 106 84 120 158 514 678 223 78 53 16030 665
internal_count=20102 1767 18335 944 811 17448 823 16814 503 308 634 237 887 867 16136 450 403 319 133 106 84 120 158 514 678 223 78 53 16030 665
is_linear=0
shrinkage=0.03


Tree=6
num_leaves=31
num_cat=0
split_feature=8 14 10 26 7 5 10 28 28 0 27 28 5 31 10 18 8 28 28 18 27 18 24 5 1 7 23 31 7 13
split_gain=812.48 49.0856 23.7923 22.6974 11.1735 8.46961 7.62266 4.81448 4.24051 5.21725 4.17769 3.26242 3.14053 2.74444 2.97889 2.42144 2.12212 1.9934 3.48232 1.8915 1.74197 1.72587 3.97233 1.82429 1.59239 1.5618 1.53011 1.5239 1.35984 1.51379
threshold=76065.205000000016 37073.830000000009 126695.53500000002 7.5000000000000009 85508.101881822819 68847.666351208696 140545.41 8.5000000000000018 6.5000000000000009 98158.536870219381 27761.336250000004 10.500000000000002 77186.536556396502 30.500000000000004 180882.39000000004 0.82452649615671614 95227.645000000019 8.5000000000000018 10.500000000000002 33946.678229031088 11303.625000000002 0.209305046384132 104412.99750000001 37508.718530849001 182722.11694825199 56490.23866774726 3238.8346539230192 21.500000000000004 28188.334462377861 6105.4250000000002
decision_type=2 2 2 2 2 2 2 2 2 2 2 2 2 2 2 2 2 2 2 2 2 2 2 2 2 2 2 2 2 2
left_child=2 3 5 24 7 10 20 15 9 -6 19 -9 17 14 -4 -5 -8 -7 -19 -1 26 23 -23 -16 -2 -21 -3 -14 -12 -30
right_child=1 6 13 4 8 12 16 11 -10 -11 28 -13 27 -15 21 -17 -18 18 -20 25 -22 22 -24 -25 -26 -27 -28 -29 29 -31
leaf_value=-605.5436091625844 955.07807932418632 276.24704009405048 121.63594624121259 112.11269949404669 180.56953971918699 -42.759203948550145 284.01529928927073 264.01461465442782 951.80894568803001 1492.7866705326394 -594.59180984252157 129.29482946835921 1647.5814774584658 77.781766961545799 3215.9304413377135 60.953603895459622 3440.6348640284314 120.42439563276879 -37.746376222393572 -465.84216663126756 244.26923983711271 3949.478511210632 -538.03334044300254 1120.4369751465822 5098.5023080093406 1209.18965652985 326.44208665002208 87.694258906002204 972.53357855291438 -663.1942153498245
leaf_weight=16030 110 35 464 293 162 329 63 64 168 39 455 55 78 20 184 30 637 86 99 81 23 57 21 141 23 25 65 42 163 60
leaf_count=16030 110 35 464 293 162 329 63 64 168 39 455 55 78 20 184 30 637 86 99 81 23 57 21 141 23 25 65 42 163 60
internal_value=-0.000407721 0.0190204 -0.00228007 0.0143517 0.0162355 -0.00252373 0.0243755 0.0130181 0.0200894 0.0171493 -0.00265208 0.0181765 0.000880125 0.00251296 0.00225951 0.0111176 0.0255857 -0.000140079 0.00235135 -0.00274901 0.0174878 0.0041464 0.00815385 0.00318461 0.00286466 0.00124528 0.0192 0.00525 -0.000345133 0.00157399
internal_weight=20102 1767 18335 944 811 17448 823 442 369 201 16814 119 634 887 867 323 700 514 185 16136 123 403 78 325 133 106 100 120 678 223
internal_count=20102 1767 18335 944 811 17448 823 442 369 201 16814 119 634 887 867 323 700 514 185 16136 123 403 78 325 133 106 100 120 678 223
is_linear=0
shrinkage=0.03


Tree=7
num_leaves=31
num_cat=0
split_feature=25 14 10 26 25 22 28 6 11 28 0 18 20 18 21 31 23 10 18 9 23 0 17 28 28 12 2 31 12 17
split_gain=751.761 51.6713 24.3412 22.4633 13.24 9.58741 9.50694 8.74194 4.99784 3.93776 3.19915 3.11273 2.73464 2.5797 2.57139 2.43734 2.11501 2.06143 2.05339 1.90028 1.81472 3.42449 1.74066 1.54745 2.21768 1.28912 1.38889 1.21795 1.17754 1.06518
threshold=77767.777500000011 37073.830000000009 126695.53500000002 7.5000000000000009 102477.63500000001 100418.16000000002 8.5000000000000018 68562.981287073126 45015.620000000003 11.500000000000002 76107.901756454419 16553.160375425137 0.12100097452830443 0.82452649615671614 73882.641666666677 19.500000000000004 1455.4515912298887 180882.39000000004 0.209305046384132 66175.835000000006 3516.1619404924863 80820.303000618223 0.62647718778336958 8.5000000000000018 10.500000000000002 9371.6250000000018 29615.530000000002 10.500000000000002 17319.310000000001 0.71280490782345207
decision_type=2 2 2 2 2 2 2 2 2 2 2 2 2 2 2 2 2 2 2 2 2 2 2 2 2 2 2 2 2 2
left_child=2 3 7 -2 8 6 13 11 -3 -8 23 19 -6 -5 17 27 -10 -4 -16 28 -20 -22 -18 29 -25 -13 -27 -12 -1 -9
right_child=1 4 14 5 12 -7 9 10 16 -11 15 25 -14 -15 18 -17 22 -19 20 -21 21 -23 -24 24 -26 26 -28 -29 -30 -31
leaf_value=-586.47586973114699 1662.7613700630016 70.086707541537308 88.461191369758509 138.6091861077702 567.49079758167602 1879.9177529745789 284.45758725102348 -46.014577567855447 267.94111224127613 149.55920105063817 2253.992833634441 -614.81073107712712 3417.843858855817 61.451833038515296 387.87997028137249 87.348648213895984 301.26066840217334 2483.3536571058485 17.981839117549224 -60.912176970872864 3187.3212143466735 2253.8108154527908 179.17801517008778 118.09518586713831 -34.211910757451655 1319.3008205617782 -162.14353300379906 -26.769228074024731 1067.2982645375032 559.59035579004831
leaf_weight=15832 141 22 412 497 25 72 148 289 21 50 65 650 584 31 42 28 160 307 23 253 37 48 22 82 91 30 45 30 20 45
leaf_count=15832 141 22 412 497 25 72 148 289 21 50 65 650 584 31 42 28 160 307 23 253 37 48 22 82 91 30 45 30 20 45
internal_value=-0.000468909 0.0181844 -0.00227328 0.0133578 0.0236187 0.0153083 0.0142727 -0.00251718 0.0174 0.0198788 0.00095238 -0.00264706 0.0259163 0.0121705 0.00262716 0.00529268 0.0188719 0.00188178 0.0062 -0.00273362 0.00838889 0.0104118 0.0199121 -0.000100592 0.00220231 -0.000724139 0.003 0.003 -0.00277479 -0.00129341
internal_weight=20102 1773 18329 939 834 798 726 17460 225 198 630 16830 609 528 869 123 203 719 150 16105 108 85 182 507 173 725 75 95 15852 334
internal_count=20102 1773 18329 939 834 798 726 17460 225 198 630 16830 609 528 869 123 203 719 150 16105 108 85 182 507 173 725 75 95 15852 334
is_linear=0
shrinkage=0.03


Tree=8
num_leaves=31
num_cat=0
split_feature=8 14 10 26 1 5 27 28 27 1 10 28 28 18 1 28 8 1 19 18 18 20 27 15 12 28 8 28 18 20
split_gain=729.962 47.1634 22.3054 19.5139 15.2326 8.06304 7.96444 7.15268 4.68214 4.30709 3.70199 3.09197 2.83545 2.56328 2.10253 1.77336 2.11664 1.6772 1.67463 1.60788 1.52909 1.48149 1.33486 1.60682 1.22791 1.18252 3.15267 1.15243 1.33301 2.46987
threshold=77158.175000000003 36493.370000000003 109628.87000000001 7.5000000000000009 104867.27441250002 77186.536556396502 11303.625000000002 8.5000000000000018 7657.6779166666665 75026.188250196443 180882.39000000004 9.5000000000000018 8.5000000000000018 0.82452649615671614 14042.430039794139 8.5000000000000018 74692.294999999998 182722.11694825199 0.21555212569260432 0.20143542846133153 0.75646961875922647 0.12222737432356863 8712.8663888888914 0.82792860156930292 7068.9050000000016 11.500000000000002 87143.410000000018 11.500000000000002 0.96293747480455993 0.13349012314089637
decision_type=2 2 2 2 2 2 2 2 2 2 2 2 2 2 2 2 2 2 2 2 2 2 2 2 2 2 2 2 2 2
left_child=2 3 5 17 12 8 7 13 -1 10 22 -9 18 -5 24 -11 -17 -2 -3 -16 -20 -6 23 -4 -10 -14 -27 28 29 -7
right_child=1 4 9 6 21 27 -8 11 14 15 -12 -13 25 -15 19 16 -18 -19 20 -21 -22 -23 -24 -25 -26 26 -28 -29 -30 -31
leaf_value=-606.72962478441173 886.28906332110398 107.4821722666356 445.18326396481649 134.28658889027349 769.65827609894768 1834.960179635704 1624.1983572658512 334.32469540610697 -1101.0853895222713 85.237807338017831 2369.9580007227705 167.00970924394235 383.21790276683458 58.574128496507498 1016.5861684913118 2784.4724961618431 263.02040713768656 4895.6643976671694 228.34472476439677 -55.012142860646911 137.32566003518676 3446.4992206891179 72.549736016957951 -69.091375272598611 415.89879707132656 130.90816491222711 219.88602201483133 -16.143279732171258 1237.7429143442421 33.739773326325498
leaf_weight=13526 109 30 104 448 20 31 70 56 1341 114 329 101 103 25 36 55 23 23 75 1833 24 564 497 385 55 20 21 24 31 29
leaf_count=13526 109 30 104 448 20 31 70 56 1341 114 329 101 103 25 36 55 23 23 75 1833 24 564 497 385 55 20 21 24 31 29
internal_value=-0.00052562 0.0183499 -0.00225705 0.013262 0.0232894 -0.00256879 0.0152571 0.0141905 -0.00262301 0.00124021 0.000627376 0.0197389 0.0174396 0.0123488 -0.00160337 0.0054375 0.00892308 0.00268182 0.0142093 -0.000945426 0.0160909 0.026024 -0.00029209 -0.00140491 -0.00248424 0.0203333 0.0160244 0.00534783 0.00689011 0.0095
internal_weight=20102 1689 18413 832 857 16906 700 630 16791 1507 1315 157 273 473 3265 192 78 132 129 1869 99 584 986 489 1396 144 41 115 91 60
internal_count=20102 1689 18413 832 857 16906 700 630 16791 1507 1315 157 273 473 3265 192 78 132 129 1869 99 584 986 489 1396 144 41 115 91 60
is_linear=0
shrinkage=0.03


Tree=9
num_leaves=31
num_cat=0
split_feature=8 14 10 26 25 8 28 27 0 10 7 28 18 28 24 13 19 3 1 12 18 24 3 27 18 26 21 17 28 8
split_gain=698.175 45.9628 20.1772 18.0783 16.7803 8.17923 7.56884 6.90188 3.72448 3.56596 3.67213 3.18591 2.3246 2.27633 2.01509 2.00012 1.98104 1.74434 1.6772 1.6508 1.64144 3.44332 1.92481 1.63304 1.44515 1.60676 1.3621 1.35816 1.32007 2.7439
threshold=77158.175000000003 36493.370000000003 109628.87000000001 7.5000000000000009 108913.36500000001 99692.685000000012 8.5000000000000018 7657.6779166666665 74787.43617599603 180882.39000000004 78330.741022222399 9.5000000000000018 0.82452649615671614 8.5000000000000018 21349.05916666667 16420.955000000002 0.21555212569260432 86703.340000000011 182722.11694825199 7680.4900000000007 0.209305046384132 104412.99750000001 113753.91500000002 27761.336250000004 0.65561618964755808 1.5000000000000002 46953.468333333345 0.52297826335263775 10.500000000000002 87143.410000000018
decision_type=2 2 2 2 2 2 2 2 2 2 2 2 2 2 2 2 2 2 2 2 2 2 2 2 2 2 2 2 2 2
left_child=2 3 7 18 13 6 12 -1 14 10 24 -8 -5 16 19 -12 -3 -18 -2 -9 26 22 -22 -16 25 -4 -11 -6 -15 -30
right_child=1 4 9 5 27 -7 11 8 -10 20 15 -13 -14 28 23 -17 17 -19 -20 -21 21 -23 -24 -25 -26 -27 -28 -29 29 -31
leaf_value=-588.52773604087952 859.70039142147073 102.96539931792547 785.86816068881387 132.26518008405341 798.33086747094001 1808.9093083451401 323.83964343541879 -1028.1201673035341 35.677475482087736 2490.0633800898486 69.447717238031643 162.01816666384309 56.816904641612375 370.7213277691103 -50.40479698358331 953.27219412334762 141.11475387503503 230.90542500226377 4748.7944657371545 518.72890082647245 3667.6412553987502 -655.3093587418108 3405.5335470333489 564.30081166844036 54.446943327616985 -56.134246766239912 -4.1501797240051017 3677.000039715369 189.84630295268298 222.03960004867812
leaf_weight=13526 109 31 181 454 94 59 59 1726 171 205 22 103 25 65 1068 30 23 96 23 67 36 21 21 348 39 832 120 466 41 41
leaf_count=13526 109 31 181 454 94 59 59 1726 171 205 22 103 25 65 1068 30 23 96 23 67 36 21 21 348 39 832 120 466 41 41
internal_value=-0.000571884 0.0178881 -0.00226519 0.0128654 0.0227643 0.0147857 0.0138019 -0.00256169 -0.00134911 0.00106105 0.000179347 0.0194074 0.0119061 0.017 -0.001579 0.00796154 0.0144 0.0161597 0.00268182 -0.00224707 0.00347643 0.00738461 0.0112105 -0.000733052 -0.000205324 -0.000423495 0.00253846 0.0258214 0.0196531 0.017122
internal_weight=20102 1689 18413 832 857 700 641 16906 3380 1507 1104 162 479 297 3209 52 150 119 132 1793 403 78 57 1416 1052 1013 325 560 147 82
internal_count=20102 1689 18413 832 857 700 641 16906 3380 1507 1104 162 479 297 3209 52 150 119 132 1793 403 78 57 1416 1052 1013 325 560 147 82
is_linear=0
shrinkage=0.03


Tree=10
num_leaves=31
num_cat=0
split_feature=8 14 27 0 26 24 27 28 12 28 5 27 16 12 22 18 8 18 24 13 12 24 21 4 21 24 9 4 31 13
split_gain=652.51 42.5786 18.8177 18.7176 17.2311 8.55516 8.44066 7.54717 3.93398 3.09913 2.80787 2.61868 2.48664 2.61478 2.47168 2.03878 2.03642 1.81269 1.67252 1.60423 2.07243 1.61108 2.04106 1.58279 1.45836 1.41799 2.587 1.1387 1.34998 1.09113
threshold=77158.175000000003 36493.370000000003 8027.625694444444 114991.36214251997 7.5000000000000009 35668.786666666674 11551.375000000002 8.5000000000000018 13908.035000000002 9.5000000000000018 77186.536556396502 35934.090833333343 -8892.7732213344225 7115.0900000000011 35751.247500000005 0.82452649615671614 18538.760000000006 0.17524522495825159 118115.17000000001 22726.300000000003 18980.865000000002 98597.498333333337 95300.77333333336 181719.62000000002 68012.780000000013 104412.99750000001 286157.09000000003 68876.060000000012 20.500000000000004 17724.445000000003
decision_type=2 2 2 2 2 2 2 2 2 2 2 2 2 2 2 2 2 2 2 2 2 2 2 2 2 2 2 2 2 2
left_child=2 4 12 19 23 8 7 15 11 -9 14 -4 13 -1 16 -6 -7 -10 -5 20 -3 22 -21 -2 -14 26 -12 28 -26 -22
right_child=1 3 5 18 6 10 -8 9 17 -11 25 -13 24 -15 -16 -17 -18 -19 -20 21 29 -23 -24 -25 27 -27 -28 -29 -30 -31
leaf_value=-342.24434629855961 693.13708184198595 212.82069831584096 -864.76223578811971 679.57523935767313 127.27597698818353 -175.85972392827563 1670.69656918905 314.27622450185783 6029.691144440706 157.13887296670904 125.43840507775407 154.44460730467438 -543.02211401986324 1255.4894313981235 -0.96811579118012592 55.112397502363919 1560.7774815168846 515.62291974975358 3610.8284670154894 286.73439962267315 190.32827224946678 391.25817634334567 235.05717716029216 3521.5881266228116 -35.48948100215096 -655.18534064400342 3416.9953998786814 -36.539954690257488 120.49094007769483 108.45127802987282
leaf_weight=255 104 32 2182 70 452 84 64 58 41 101 256 436 13756 20 863 25 207 42 424 115 20 129 45 28 31 32 20 161 27 22
leaf_count=255 104 32 2182 70 452 84 64 58 41 101 256 436 13756 20 863 25 207 42 424 115 20 129 45 28 31 32 20 161 27 22
internal_value=-0.000615163 0.0172309 -0.00225216 0.0219242 0.0123966 -0.000477781 0.0142714 0.0132264 -0.00147834 0.0188868 0.00137072 -0.0016822 -0.00277053 5.45447e-05 0.000691507 0.0113396 0.00308247 0.00495181 0.0257247 0.0167521 0.0128108 0.0177612 0.01575 0.00245454 -0.00282612 0.00391558 0.00460869 -0.000397261 0.0032069 0.00842857
internal_weight=20102 1689 18413 857 832 4163 700 636 2701 159 1462 2618 14250 275 1154 477 291 83 494 363 74 289 160 132 13975 308 276 219 58 42
internal_count=20102 1689 18413 857 832 4163 700 636 2701 159 1462 2618 14250 275 1154 477 291 83 494 363 74 289 160 132 13975 308 276 219 58 42
is_linear=0
shrinkage=0.03


Tree=11
num_leaves=31
num_cat=0
split_feature=8 25 26 10 26 28 9 5 28 7 13 10 10 27 23 7 18 24 3 21 12 27 24 13 22 18 7 28 26 12
split_gain=613.627 40.1317 27.2998 20.1603 15.2108 11.3423 9.12994 3.92739 3.91249 3.78326 3.20311 2.70554 2.55816 2.39153 2.17016 2.04202 1.91232 2.78581 1.92481 1.3621 1.21253 1.2108 1.2651 1.1798 1.09244 0.990543 0.90409 1.16473 0.843749 1.20113
threshold=77158.175000000003 114667.99750000001 7.5000000000000009 118432.02750000001 7.5000000000000009 8.5000000000000018 43123.415000000008 77186.536556396502 9.5000000000000018 121145.51993235452 29480.175000000003 180882.39000000004 116184.77000000002 7107.0494444444457 752.7949920796417 78330.741022222399 0.209305046384132 104412.99750000001 113753.91500000002 46953.468333333345 2803.4150000000004 33499.861000000004 28098.005833333336 16420.955000000002 94354.317500000019 40737.12706550664 73501.797069343986 8.5000000000000018 1.5000000000000002 2605.1450000000004
decision_type=2 2 2 2 2 2 2 2 2 2 2 2 2 2 2 2 2 2 2 2 2 2 2 2 2 2 2 2 2 2
left_child=3 4 -3 6 -2 10 13 26 -7 -4 14 15 -10 -1 -6 28 19 18 -18 20 -13 25 -23 -17 -9 -15 -8 -28 29 -5
right_child=1 2 9 11 5 8 7 24 12 -11 -12 16 -14 21 -16 23 17 -19 -20 -21 -22 22 -24 -25 -26 -27 27 -29 -30 -31
leaf_value=-620.29867984479279 900.92675806713089 2113.0757800428905 586.36289733785316 524.36287864988719 157.92183976044061 348.53796414758847 -45.361429715307899 681.5159296183017 196.3951034967383 3594.8536724014407 274.40967182157675 504.22337090863232 348.32896554323065 -210.01115259602318 126.24677669594593 75.85542377363123 3504.4755930631172 -615.99451776023636 3296.7759311160316 -4.37583966201053 3011.8459852261594 -325.33473997466132 1545.6367247210167 1222.6105385240421 -1526.8059583720105 237.94096072755318 12.500101190769573 68.108988535331903 -41.792869064568059 4422.5293499394147
leaf_weight=12858 84 63 167 125 65 86 1027 115 67 375 70 102 186 2740 526 21 36 21 21 120 103 257 50 26 21 20 123 31 568 28
leaf_count=12858 84 63 167 125 65 86 1027 115 67 375 70 102 186 2740 526 21 36 21 21 120 103 257 50 26 21 20 123 31 568 28
internal_value=-0.000661427 0.0166448 0.0228347 -0.0022489 0.01319 0.01422 -0.0025076 -0.000107062 0.0186814 0.0250074 0.0119319 0.0015602 0.0168024 -0.00270612 0.0112132 0.000515624 0.00355087 0.00776923 0.0112105 0.00253846 0.00402439 -0.00195338 -0.000166124 0.00657447 0.00472059 -0.00215217 -0.000662998 0.00148052 0.000120665 0.00209804
internal_weight=20102 1689 605 18413 1084 1000 17242 1317 339 542 661 1171 253 15925 591 768 403 78 57 325 205 3067 307 47 136 2760 1181 154 721 153
internal_count=20102 1689 605 18413 1084 1000 17242 1317 339 542 661 1171 253 15925 591 768 403 78 57 325 205 3067 307 47 136 2760 1181 154 721 153
is_linear=0
shrinkage=0.03


Tree=12
num_leaves=31
num_cat=0
split_feature=8 25 26 10 27 28 9 11 28 10 27 13 4 17 7 18 24 8 1 19 21 27 20 24 1 7 20 23 27 6
split_gain=581.037 41.431 28.7262 19.1765 11.5244 10.5112 7.9353 5.81013 4.19204 3.15055 2.49567 2.41285 2.5299 2.19163 2.05342 1.91232 2.78581 1.89978 1.86305 1.4555 1.3621 1.32585 1.3381 1.29237 1.18691 1.04893 1.3195 1.02149 1.00332 0.939225
threshold=77158.175000000003 108913.36500000001 7.5000000000000009 116888.87500000001 18004.125555555558 8.5000000000000018 43123.415000000008 75875.345000000016 9.5000000000000018 180882.39000000004 7107.0494444444457 31640.295000000002 77063.485000000001 0.68754579736531529 97414.782924832296 0.209305046384132 104412.99750000001 31049.840000000004 75026.188250196443 0.17588912186944602 46953.468333333345 33499.861000000004 0.4049906126244382 21589.808333333338 182722.11694825199 78330.741022222399 0.14097523034081047 1324.2660671588253 57180.67500000001 43583.40431163615
decision_type=2 2 2 2 2 2 2 2 2 2 2 2 2 2 2 2 2 2 2 2 2 2 2 2 2 2 2 2 2 2
left_child=3 4 24 6 5 11 10 19 13 25 -1 12 -2 -7 -10 20 17 -17 28 -4 29 22 -12 -23 -3 -5 -27 -20 -8 -11
right_child=1 2 7 9 -6 8 18 -9 14 15 21 -13 -14 -15 -16 16 -18 -19 27 -21 -22 23 -24 -25 -26 26 -28 -29 -30 -31
leaf_value=-602.87390974694347 -12.869570804162755 316.20500162270184 847.02139454020403 0.91164646575322161 -68.022383642371182 321.26833943908116 -35.474244842548664 3482.9586780596701 216.41201259349319 2212.2002752612202 -209.09862198960843 276.96252352020701 129.78330045374284 193.35123046785992 369.93502168792497 3186.3437484096094 -597.51468222742926 3644.9885411778851 59.065673764075775 601.44178792606897 -4.2445644721502136 -659.31275192575856 340.26439225488139 680.66980320340974 4646.6095754190892 4489.9598670991536 23.177267959163736 33.637694763795459 833.87294819905333 2291.6226708808667
leaf_weight=12846 20 47 30 769 63 59 997 381 208 168 2603 28 587 20 26 23 21 34 32 198 120 222 135 83 22 20 27 168 108 37
leaf_count=12846 20 47 30 769 63 59 997 381 208 168 2603 28 587 20 26 23 21 34 32 198 120 222 135 83 22 20 27 168 108 37
internal_value=-0.000710676 0.0161297 0.0218673 -0.00225542 0.0122819 0.0131076 -0.0025132 0.0239458 0.017607 0.00138064 -0.0026979 0.0108898 0.0104926 0.0235823 0.0155897 0.00355087 0.00776923 0.0112105 -0.000264369 0.0201579 0.00253846 -0.0019254 -0.00213441 -4.9181e-05 0.00352174 0.000308823 0.00465957 0.0024 -0.000746607 0.00402439
internal_weight=20102 1689 678 18413 1011 948 17194 609 313 1219 15889 635 607 79 234 403 78 57 1305 228 325 3043 2738 305 69 816 47 200 1105 205
internal_count=20102 1689 678 18413 1011 948 17194 609 313 1219 15889 635 607 79 234 403 78 57 1305 228 325 3043 2738 305 69 816 47 200 1105 205
is_linear=0
shrinkage=0.03


Tree=13
num_leaves=31
num_cat=0
split_feature=8 25 17 10 27 5 8 24 27 10 23 10 18 17 31 18 1 17 1 11 18 24 8 21 16 29 20 12 31 16
split_gain=539.356 39.4909 22.5177 18.1005 12.6282 8.05376 7.17539 4.05394 3.80282 2.67198 2.42626 2.16247 2.51876 1.92155 1.75331 1.8976 1.74247 1.66696 1.6192 1.50157 1.39123 2.34586 1.80634 1.3621 1.35033 1.23792 1.21261 1.21253 1.1596 1.13497
threshold=77158.175000000003 114667.99750000001 0.75203763973686633 119375.63000000002 18004.125555555558 66863.748714961577 123591.68250000001 86412.455000000002 8185.9319444444454 180882.39000000004 1943.2788247664641 175947.00250000003 0.73225185586098818 2.5076109343812916 32.500000000000007 0.82452649615671614 14042.430039794139 0.57544771209363887 182722.11694825199 63900.035000000011 0.209305046384132 104412.99750000001 32713.337500000005 46953.468333333345 688.3757490205154 2.5000000000000004 0.6817065317378368 2803.4150000000004 20.500000000000004 -8345.1178670457393
decision_type=2 2 2 2 2 2 2 2 2 2 2 2 2 2 2 2 2 2 2 2 2 2 2 2 2 2 2 2 2 2
left_child=3 4 6 5 7 8 11 14 29 -5 19 12 -3 25 15 -2 -10 -12 -4 -9 23 22 -22 27 -13 -7 -18 -11 -27 -1
right_child=1 2 18 9 -6 13 -8 10 16 20 17 24 -14 -15 -16 -17 26 -19 -20 -21 21 -23 -24 -25 -26 28 -28 -29 -30 -31
leaf_value=-619.90168664411851 131.5646848002668 228.96610833222985 168.71059783596891 19.815012115061464 -117.28103928521323 -21.851498887946292 3454.9649813055303 165.27911302592068 -974.90045240160589 422.73066152353698 467.0406411506147 677.42880028940124 423.85045581623717 2538.4969555296439 227.50627759132985 50.679186071309367 -294.58660044061975 217.8911129084731 4354.9689301243434 195.82759201599299 3079.2245311843794 -579.58924176060646 3725.1166995707513 -4.1172275379858725 632.46871086817714 -8.7268186920392878 1300.5263571105884 2855.1245974115382 32.897037385791222 -506.07431102037327
leaf_weight=275 374 53 39 709 69 321 313 122 1300 102 90 75 36 30 27 39 1372 330 24 33 25 21 32 120 65 175 42 103 215 13571
leaf_count=275 374 53 39 709 69 321 313 122 1300 102 90 75 36 30 27 39 1372 330 24 33 25 21 32 120 65 175 42 103 215 13571
internal_value=-0.000770372 0.0154547 0.021595 -0.00225868 0.0120277 -0.00249714 0.0235683 0.0128719 -0.00263406 0.00145144 0.0145304 0.0195328 0.0158764 0.000562752 0.0107045 0.0102203 -0.00160722 0.0157143 0.00461905 0.0113226 0.00340198 0.007 0.0101579 0.00253846 0.0218571 0.000248944 -0.00087836 0.00402439 0.00138461 -0.00283533
internal_weight=20102 1689 605 18413 1084 17301 542 1015 16560 1112 575 229 89 741 440 413 2714 420 63 155 403 78 57 325 140 711 1414 205 390 13846
internal_count=20102 1689 605 18413 1084 17301 542 1015 16560 1112 575 229 89 741 440 413 2714 420 63 155 403 78 57 325 140 711 1414 205 390 13846
is_linear=0
shrinkage=0.03


Tree=14
num_leaves=31
num_cat=0
split_feature=1 2 26 27 26 7 28 10 28 31 23 24 27 10 13 14 24 0 23 18 27 17 31 14 14 12 10 5 12 18
split_gain=491.19 47.1974 25.5839 16.1458 11.4983 11.2328 10.3732 8.69322 6.25285 2.62999 2.46449 2.41111 1.92018 1.91166 3.50764 1.85096 1.76891 1.7937 1.67185 1.51584 1.44844 1.43238 1.42662 1.32751 2.48288 1.18256 1.15402 1.09156 1.01586 1.00076
threshold=78844.303536558073 108107.06000000001 7.5000000000000009 8027.625694444444 7.5000000000000009 127554.99713963141 8.5000000000000018 78644.540000000023 9.5000000000000018 35.500000000000007 5304.6830005906086 27400.918333333335 13806.831041666668 91171.260000000024 7080.4250000000011 37073.830000000009 77984.90833333334 3692.572052040176 391.72544377056983 0.71278596409216821 38119.025000000009 0.64914372339511417 3.5000000000000004 31805.610000000004 6171.0650000000014 2692.6700000000005 163521.62500000003 33729.001230468763 10692.150000000003 0.57612251991566432
decision_type=2 2 2 2 2 2 2 2 2 2 2 2 2 2 2 2 2 2 2 2 2 2 2 2 2 2 2 2 2 2
left_child=3 4 -3 13 22 12 10 11 21 -10 18 -5 15 -1 -15 -4 17 -9 -6 25 -13 -8 -2 24 -24 -18 -19 -22 -21 -14
right_child=1 2 5 7 6 -7 8 16 9 -11 -12 20 29 14 -16 -17 19 26 -20 28 27 -23 23 -25 -26 -27 -28 -29 -30 -31
leaf_value=-609.92844650238942 162.39454440054942 2259.375943971072 348.23311012537539 -891.76741653121383 158.51370812121533 3355.0470662628045 336.79638567938298 2036.6350434251492 270.19436106501598 79.056207986928257 276.50956688203394 -486.60581543370193 622.7304744316491 591.65498251713223 -95.160201443625979 222.25709100976533 4695.91520783135 2.5527853896198329 115.98284678582165 82.222132164925853 1322.2493187002367 183.30153871435917 1448.6908879181274 -716.06459179408887 4340.4746099611921 -12.319058541552408 2074.1172233250636 800.669538814985 74.232935391363071 382.9935426325822
leaf_weight=12933 66 65 20 1911 36 305 47 22 204 31 32 397 84 241 1058 114 27 1152 543 37 31 28 49 20 60 61 314 106 20 88
leaf_count=12933 66 65 20 1911 36 305 47 22 204 31 32 397 84 241 1058 114 27 1152 543 37 31 28 49 20 60 61 314 106 20 88
internal_value=-0.000813651 0.0141763 0.020432 -0.00228072 0.0103871 0.0223355 0.0117883 -0.000616479 0.0162581 0.0138511 0.00952046 -0.00174847 0.0182745 -0.00275759 -0.00166051 0.0155821 0.00107838 0.000770161 0.00907254 0.00424138 3.37071e-05 0.0238 0.00376923 0.00560465 0.00690826 0.00177273 0.000642564 0.00269343 0.00805263 0.0203721
internal_weight=20102 1792 676 18310 1116 611 921 4078 310 235 611 2445 306 14232 1299 134 1633 1488 579 145 534 75 195 129 109 88 1466 137 57 172
internal_count=20102 1792 676 18310 1116 611 921 4078 310 235 611 2445 306 14232 1299 134 1633 1488 579 145 534 75 195 129 109 88 1466 137 57 172
is_linear=0
shrinkage=0.03


Tree=15
num_leaves=31
num_cat=0
split_feature=8 14 10 26 9 9 2 25 29 27 10 23 1 18 18 24 8 25 14 6 17 1 12 20 12 3 12 9 27 15
split_gain=471.144 40.313 17.1178 16.5563 16.1737 9.0118 6.0814 5.04562 3.0614 2.67123 2.29611 2.06286 1.75677 1.68056 1.5693 2.34586 1.80634 1.47296 1.42604 1.38656 1.44021 1.36111 1.32267 1.15812 1.51571 1.05 1.0297 1.01175 0.930812 0.863343
threshold=77158.175000000003 52365.68 119375.63000000002 7.5000000000000009 80566.710000000021 43123.415000000008 121438.10500000001 86544.707500000019 2.5000000000000004 7051.4061805555566 180882.39000000004 5084.6234605270884 182722.11694825199 0.5800932029486684 0.209305046384132 104412.99750000001 32713.337500000005 24111.765000000003 12798.905000000002 67636.256288966979 2.5076109343812916 115493.89814706927 20543.555000000004 0.33002340009404335 7680.4900000000007 107816.60500000003 10366.85 95739.400000000009 24718.730000000003 0.99764031669640885
decision_type=2 2 2 2 2 2 2 2 2 2 2 2 2 2 2 2 2 2 2 2 2 2 2 2 2 2 2 2 2 2
left_child=2 3 5 12 7 9 13 11 -9 -1 -4 -5 -2 21 17 16 -16 18 -12 -7 26 25 -8 28 -25 -3 -21 29 -11 -6
right_child=1 6 10 4 27 19 22 8 -10 23 14 -13 -14 -15 15 -17 -18 -19 -20 20 -22 -23 -24 24 -26 -27 -28 -29 -30 -31
leaf_value=-561.71212341411774 642.29626220640716 307.67190137640938 19.143978189920809 111.63532639541089 1343.0402252312977 -102.84820988394161 603.41248704255167 170.46466645691541 291.18348563366806 -174.28939861620003 662.74622956813062 227.53179069079954 3997.4173229327589 108.05806189633796 2885.8991149495291 -629.98281033006265 3557.1154113235043 411.32130000463377 5768.0488398489242 19.858121353783883 2248.8446121617312 577.73967359124867 3237.7966966179256 -759.60879848698301 575.58534769221342 341.98606543453474 -4.2669405383500418 3518.2171423863688 -258.01685123904048 270.81107931665787
leaf_weight=12794 117 20 709 420 28 834 38 297 301 2475 96 30 24 24 25 21 32 165 64 232 28 24 247 91 121 28 260 55 466 36
leaf_count=12794 117 20 709 420 28 834 38 297 301 2475 96 30 24 24 25 21 32 165 64 232 28 24 247 91 121 28 260 55 466 36
internal_value=-0.000846484 0.0143179 -0.0022375 0.0118165 0.0129897 -0.0024694 0.0229055 0.0117996 0.0136054 -0.0026689 0.0013705 0.0094 0.00210638 0.016375 0.00317866 0.007 0.0101579 0.00226154 0.0043125 -0.000119646 0.00109615 0.0186667 0.0251053 -0.00188678 0.000254716 0.01575 0.000719511 0.0234706 -0.00204114 0.0209062
internal_weight=20102 1689 18413 1308 1167 17301 381 1048 598 15947 1112 450 141 96 403 78 57 325 160 1354 520 72 285 3153 212 48 492 119 2941 64
internal_count=20102 1689 18413 1308 1167 17301 381 1048 598 15947 1112 450 141 96 403 78 57 325 160 1354 520 72 285 3153 212 48 492 119 2941 64
is_linear=0
shrinkage=0.03


Tree=16
num_leaves=31
num_cat=0
split_feature=8 25 26 10 1 28 9 17 27 28 9 16 24 23 13 20 13 17 27 5 10 12 17 18 24 8 28 23 12 27
split_gain=433.599 36.6952 19.7421 16.3736 10.9548 9.71082 8.51674 5.50159 5.22807 4.79676 5.53634 2.99194 2.83407 2.89692 2.46429 4.7833 2.4172 2.24021 2.22207 2.19065 2.12679 2.05074 1.88383 1.69396 2.34586 1.80634 1.63078 1.40397 1.37778 1.26545
threshold=77158.175000000003 114667.99750000001 7.5000000000000009 119375.63000000002 137950.42636224182 8.5000000000000018 37072.360000000008 0.67395474368577224 14649.400000000001 10.500000000000002 55253.92500000001 2106.3609813662702 86412.455000000002 3460.430796076826 34319.170000000006 0.16041350806668744 12567.495000000001 0.72059242406484214 8185.9319444444454 66863.748714961577 180882.39000000004 6333.3150000000014 2.5076109343812916 0.209305046384132 104412.99750000001 32713.337500000005 8.5000000000000018 1887.0989425598159 2442.6650000000004 31146.690000000006
decision_type=2 2 2 2 2 2 2 2 2 2 2 2 2 2 2 2 2 2 2 2 2 2 2 2 2 2 2 2 2 2
left_child=3 5 -3 6 14 8 18 9 12 11 -11 -7 27 -14 15 -4 -9 -18 -1 29 -5 -20 26 28 25 -25 -21 -2 -22 -8
right_child=1 2 4 20 -6 7 19 16 -10 10 -12 -13 13 -15 -16 -17 17 -19 21 22 23 -23 -24 24 -26 -27 -28 -29 -30 -31
leaf_value=-536.81861515264973 86.776837429729184 1610.6149091078846 396.66860666306508 18.569658844223078 3360.9721900778586 343.29442119581978 -114.28234749110631 -5.2233422746983349 -8.4130223242304538 155.87736762367064 307.41295520438445 316.42859623541966 144.41259271222967 210.41160374405391 549.55498303151001 285.85239028346501 74.344048193900207 146.20859858451993 -847.33871510992151 -13.66616414328384 -60.818327237065652 437.93717131791561 2273.3377613836142 2799.3221415010435 -611.0833260201606 3450.4019489837988 38.812390481367714 75.094444237623648 2714.8993497000974 210.80825387201111
leaf_weight=13132 122 63 97 709 249 101 1152 23 61 76 57 31 241 116 100 96 41 26 1878 429 151 162 30 25 21 32 275 189 174 243
leaf_count=13132 122 63 97 709 249 101 1152 23 61 76 57 31 241 116 100 96 41 26 1878 429 151 162 30 25 21 32 275 189 174 243
internal_value=-0.000904687 0.013643 0.019562 -0.00223913 0.0214096 0.0103395 -0.00246593 0.0144084 0.00835802 0.0165849 0.0125639 0.0206364 0.00912575 0.0109496 0.0174778 0.0154974 0.008 0.0108806 -0.00271527 -0.000689057 0.00128957 -0.00179412 0.000637601 0.00302978 0.007 0.0101579 0.000323863 0.00703215 0.00207692 -0.0013871
internal_weight=20102 1689 605 18413 542 1084 17301 355 729 265 133 132 668 357 293 193 90 67 15172 2129 1112 2040 734 403 78 57 704 311 325 1395
internal_count=20102 1689 605 18413 542 1084 17301 355 729 265 133 132 668 357 293 193 90 67 15172 2129 1112 2040 734 403 78 57 704 311 325 1395
is_linear=0
shrinkage=0.03


Tree=17
num_leaves=31
num_cat=0
split_feature=8 25 26 27 5 27 10 14 24 23 12 10 10 27 31 31 14 6 9 23 12 10 25 6 29 6 0 3 15 16
split_gain=404.734 38.446 20.6391 16.3243 11.9111 6.80333 5.98782 3.47721 3.37845 3.25278 2.82574 2.69576 2.4925 2.05591 1.76669 3.02662 1.72513 1.71875 1.65995 1.6225 1.99504 1.81787 1.44537 2.18002 1.31007 1.27589 1.0381 1.37926 1.17734 0.961666
threshold=77158.175000000003 108913.36500000001 7.5000000000000009 7433.6379166666675 141155.06198715212 18004.125555555558 78644.540000000023 37073.830000000009 86412.455000000002 7806.8892863716674 6072.9750000000013 110500.92250000002 163521.62500000003 24718.730000000003 20.500000000000004 22.500000000000004 14126.245000000001 62904.010787763946 61374.480000000003 3460.430796076826 11004.725000000002 119375.63000000002 47442.442500000012 95945.235993924478 2.5000000000000004 24219.213400000001 70005.302390957746 31990.180000000004 0.97892194675848543 -4208.1053592566795
decision_type=2 2 2 2 2 2 2 2 2 2 2 2 2 2 2 2 2 2 2 2 2 2 2 2 2 2 2 2 2 2
left_child=3 5 -3 11 7 8 10 -4 14 -9 13 17 26 -5 18 -16 -13 29 -2 21 -21 -10 23 -14 -19 -15 27 -8 -28 -1
right_child=1 2 4 6 -6 -7 12 9 19 -11 -12 16 22 25 15 -17 -18 24 -20 20 -22 -23 -24 -25 -26 -27 28 -29 -30 -31
leaf_value=-888.58907603721923 100.55253204140917 1355.34397766854 810.96891554411036 -910.81960660744949 3269.5774176811974 -92.14531524770257 363.06050098554499 281.67992288743437 111.04329400347956 590.52478684892185 469.12946831823376 641.43453425186533 2291.1613533913724 -786.88353358699396 188.48155984830748 123.47227559169083 -293.26738953430635 -62.534886870121412 7.0555430822430516 307.04433526843076 180.64913686888394 164.57943209040656 -71.888573308224196 3268.1599143915687 61.071703819736399 539.53730427984988 694.69533274486469 -57.519963857587037 8.3585832098197432 -502.8068213238804
leaf_weight=930 258 69 57 1827 239 63 411 263 43 50 214 175 329 376 26 122 98 116 34 52 134 279 96 21 73 241 36 657 587 12226
leaf_count=930 258 69 57 1827 239 63 411 263 43 50 214 175 329 376 26 122 98 116 34 52 134 279 96 21 73 241 36 657 587 12226
internal_value=-0.000944981 0.0131101 0.0186372 -0.00223424 0.020399 0.00940356 -0.000728885 0.017027 0.010038 0.0157859 -0.00167946 -0.00276428 0.000453439 -0.0019689 0.00811364 0.0107838 0.000186812 -0.00282465 0.00676027 0.0117047 0.0139355 0.0104161 0.00244843 0.00334286 1.58723e-05 -0.000471638 -7.27387e-05 -0.00064045 0.000900481 -0.00286546
internal_weight=20102 1689 678 18413 609 1011 4795 370 948 313 2658 13618 2137 2444 440 148 273 13345 292 508 186 322 446 350 189 617 1691 1068 623 13156
internal_count=20102 1689 678 18413 609 1011 4795 370 948 313 2658 13618 2137 2444 440 148 273 13345 292 508 186 322 446 350 189 617 1691 1068 623 13156
is_linear=0
shrinkage=0.03


Tree=18
num_leaves=31
num_cat=0
split_feature=8 25 26 27 3 28 28 10 13 20 23 17 27 10 12 10 28 10 13 27 28 13 11 6 28 20 1 1 25 6
split_gain=384.383 37.1226 19.3673 16.054 12.7846 6.80216 6.67426 5.55394 3.58788 3.50437 5.39376 3.48439 3.38755 2.79537 2.78728 2.68772 2.67325 2.30051 2.07892 1.85987 1.73167 1.79972 1.5831 1.52689 2.47959 1.4205 1.40735 1.37315 1.32857 2.26051
threshold=77158.175000000003 108913.36500000001 7.5000000000000009 7433.6379166666675 154097.12000000002 8.5000000000000018 9.5000000000000018 78644.540000000023 13826.190000000001 0.16093940110980046 4480.866051095184 0.65911561968615595 14649.400000000001 160067.31500000003 6072.9750000000013 110500.92250000002 10.500000000000002 163521.62500000003 7080.4250000000011 24718.730000000003 1.5000000000000002 30863.145000000008 60528.405000000006 62904.010787763946 8.5000000000000018 0.16687637702355895 24982.163667819554 182722.11694825199 47442.442500000012 95945.235993924478
decision_type=2 2 2 2 2 2 2 2 2 2 2 2 2 2 2 2 2 2 2 2 2 2 2 2 2 2 2 2 2 2
left_child=3 5 27 15 9 12 8 14 -7 13 -11 16 20 -4 19 23 -8 -9 -17 -5 25 -22 -13 -1 -25 -2 -21 -3 29 -19
right_child=1 2 4 7 -6 6 11 17 -10 10 -12 22 -14 -15 -16 18 -18 28 -20 26 21 -23 -24 24 -26 -27 -28 -29 -30 -31
leaf_value=-496.64949714639863 85.179723896152922 81.77081393439984 243.15030610394453 -883.49501840922596 3216.822128764898 83.220578559501277 298.90094508128294 -1.8526335846461273 288.6750200407983 274.31501230594682 704.56356305759653 12.312788605169393 -64.082335425369493 468.60889700624296 455.05558426868669 673.23679880904206 161.93108840960272 2222.426512789631 -287.51760686429316 -669.57872242405472 93.860717504689646 221.15643840323509 112.52161617169618 -61.204890370170503 97.781363253474737 146.26704476533641 685.71291079747436 4037.4466956626761 -69.731916108977359 3170.1151169598215
leaf_weight=13156 53 47 42 1827 188 20 54 1691 62 109 136 36 51 134 214 163 111 329 110 430 526 31 43 147 42 24 187 22 96 21
leaf_count=13156 53 47 42 1827 188 20 54 1691 62 109 136 36 51 134 214 163 111 329 110 430 526 31 43 147 42 24 187 22 96 21
internal_value=-0.000977814 0.0127194 0.0181504 -0.00223424 0.0198571 0.00907715 0.0126442 -0.000741398 0.0200488 0.0169525 0.0146327 0.0101557 0.00737956 0.0201818 -0.00165689 -0.00275988 0.0126364 0.000397285 0.000186812 -0.00194435 0.00797792 0.00739497 0.00497468 -0.00282016 -0.000142858 0.0121948 -0.00052026 0.00308696 0.0023139 0.00317143
internal_weight=20102 1689 678 18413 609 1011 326 4795 82 421 245 244 685 176 2658 13618 165 2137 273 2444 634 557 79 13345 189 77 617 69 446 350
internal_count=20102 1689 678 18413 609 1011 326 4795 82 421 245 244 685 176 2658 13618 165 2137 273 2444 634 557 79 13345 189 77 617 69 446 350
is_linear=0
shrinkage=0.03


Tree=19
num_leaves=31
num_cat=0
split_feature=8 14 27 26 9 26 28 28 10 15 16 24 24 5 10 12 1 17 19 18 12 12 10 1 28 28 6 28 21 27
split_gain=369.747 35.8805 15.85 11.9512 16.4343 7.34605 6.28009 6.79001 5.20965 3.10883 2.97865 2.66021 2.60665 2.38918 2.02137 1.77928 1.77135 1.39723 1.39492 1.32045 1.30796 1.19233 1.17479 1.29457 1.16022 1.3651 1.11447 2.25023 1.00722 0.882704
threshold=77158.175000000003 55709.695000000007 7433.6379166666675 7.5000000000000009 80566.710000000021 8.5000000000000018 8.5000000000000018 10.500000000000002 78644.540000000023 0.99764031669640885 -8892.7732213344225 27400.918333333335 86412.455000000002 112271.2054980469 180882.39000000004 6800.7150000000011 182722.11694825199 2.5771771505189895 0.29182590887114407 0.67427160687180498 12222.440000000001 7935.1950000000006 110500.92250000002 25209.566802177971 11.500000000000002 8.5000000000000018 62904.010787763946 8.5000000000000018 55039.403333333343 63211.695000000007
decision_type=2 2 2 2 2 2 2 2 2 2 2 2 2 2 2 2 2 2 2 2 2 2 2 2 2 2 2 2 2 2
left_child=2 3 10 16 6 13 12 -8 11 -6 15 21 -5 -3 24 28 -2 20 -15 -11 -13 -4 26 -24 25 -10 -12 -28 -1 -16
right_child=1 5 8 4 9 -7 7 -9 14 19 22 17 -14 18 29 -17 -18 -19 -20 -21 -22 -23 23 -25 -26 -27 27 -29 -30 -31
leaf_value=-527.63779710363553 556.32598878782392 234.84780602061227 -841.410021129239 73.019658705570549 2929.5102278179065 3080.6518286195919 290.43813987919026 158.40705641770424 -17.412551725932079 356.68392063153755 -481.62501747626084 -237.98574322436923 147.52041396930008 575.02257412397762 994.68524670736588 807.37857598019457 3667.3926357716032 1023.362795866446 612.28795235900998 166.09528648161543 1182.9620688865516 354.8135037688906 302.93688795102327 -279.01807641567098 -61.089695402882008 35.350951110189463 -60.973454267652812 94.847922355870281 2379.8313962265624 2543.4441741856103
leaf_weight=220 118 24 2010 308 73 158 181 178 1069 20 12959 475 423 41 236 20 24 60 100 41 43 70 109 104 181 526 139 42 25 125
leaf_count=220 118 24 2010 308 73 158 181 178 1069 20 12959 475 423 41 236 20 24 60 100 41 43 70 109 104 181 526 139 42 25 125
internal_value=-0.000998707 0.0124352 -0.00223098 0.0103089 0.0112647 0.0214272 0.0100459 0.0132953 -0.000747655 0.0211791 -0.00275327 -0.00163431 0.00845007 0.017 0.00035517 0.000396226 0.00207042 0.000166089 0.0184894 0.0161803 -0.000335908 -0.00213462 -0.00281577 -0.000605635 -6.08115e-05 0.000197491 -0.0028516 -0.000513813 -0.000306123 0.00240166
internal_weight=20102 1689 18413 1366 1224 323 1090 359 4795 134 13618 2658 731 165 2137 265 142 578 141 61 518 2080 13353 213 1776 1595 13140 181 245 361
internal_count=20102 1689 18413 1366 1224 323 1090 359 4795 134 13618 2658 731 165 2137 265 142 578 141 61 518 2080 13353 213 1776 1595 13140 181 245 361
is_linear=0
shrinkage=0.03


Tree=20
num_leaves=31
num_cat=0
split_feature=8 12 10 12 21 10 9 12 20 20 25 28 28 21 21 13 20 28 18 18 4 28 28 4 9 31 12 12 2 0
split_gain=345.095 34.9684 14.0834 10.546 8.06579 7.26379 6.3833 5.70942 4.85914 3.7463 3.39721 3.19633 5.40157 3.1225 2.41899 2.28215 2.26623 2.22047 2.15458 2.07106 1.57049 1.4916 4.04198 1.4738 1.36051 1.41633 1.32825 1.23502 1.84086 1.29587
threshold=77158.175000000003 25774.420000000002 98540.755000000019 13908.035000000002 155690.67333333337 175947.00250000003 37072.360000000008 7019.9150000000018 0.16206590776423682 0.21452285618596414 47442.442500000012 8.5000000000000018 9.5000000000000018 68012.780000000013 116567.38333333335 22118.695000000003 0.24127632949150016 8.5000000000000018 0.55671953277786224 15374.5627221829 181719.62000000002 8.5000000000000018 10.500000000000002 77063.485000000001 104662.74500000001 32.500000000000007 10174.145000000002 13908.035000000002 20223.885000000002 48607.485127570333
decision_type=2 2 2 2 2 2 2 2 2 2 2 2 2 2 2 2 2 2 2 2 2 2 2 2 2 2 2 2 2 2
left_child=2 3 6 7 16 9 19 20 -7 17 14 23 -13 -12 27 -10 18 -5 -3 -1 -2 -15 -23 -9 25 -8 -21 29 -29 -4
right_child=1 4 10 5 -6 8 24 11 15 -11 13 12 -14 21 -16 -17 -18 -19 -20 26 -22 22 -24 -25 -26 -27 -28 28 -30 -31
leaf_value=-527.92890226530108 -471.88887416112652 1404.9205245850339 184.23289837351035 108.0510190139632 3064.4798641208863 559.04193644047973 -48.990157119468734 -15.539146904079287 625.55282141725536 -5.0199645700959348 -106.76249022781826 248.46547480400542 156.76731814566617 -27.985159621683426 2820.9550686036728 379.85196895889328 1211.0116585341909 248.6169062634342 229.04861432545479 -713.61884756854954 2170.0368951529226 132.29548170241918 -11.640057865639685 102.023541114351 1325.5825708722352 63.368367496818642 1769.4398329181888 5523.6085442936264 1343.0501169268468 1662.8498860041882
leaf_weight=14204 81 22 749 226 173 131 1373 22 73 27 617 50 161 334 24 119 21 119 25 479 21 99 118 418 108 52 41 39 82 94
leaf_count=14204 81 22 749 226 173 131 1373 22 73 27 617 50 161 334 24 119 21 119 25 479 21 99 118 418 108 52 41 39 82 94
internal_value=-0.00104049 0.0119378 -0.00223098 0.0101768 0.0225187 0.0128417 -0.00253312 0.00771713 0.0161331 0.00998387 4.73091e-05 0.00875115 0.0117867 -0.00104795 0.0013421 0.0130937 0.0137647 0.0108261 0.0174255 -0.00272494 0.00111765 0.000593466 0.00252995 0.00729545 -0.000690803 -0.000936843 -0.000865385 0.00110788 0.00394215 0.000701067
internal_weight=20102 1689 18413 1448 241 695 16257 753 323 372 2156 651 211 1168 988 192 68 345 47 14724 102 551 217 440 1533 1425 520 964 121 843
internal_count=20102 1689 18413 1448 241 695 16257 753 323 372 2156 651 211 1168 988 192 68 345 47 14724 102 551 217 440 1533 1425 520 964 121 843
is_linear=0
shrinkage=0.03


Tree=21
num_leaves=31
num_cat=0
split_feature=8 0 27 26 25 27 28 28 24 19 27 20 18 18 16 19 12 24 27 5 27 5 20 12 24 20 23 6 28 28
split_gain=319.627 37.1605 15.7166 14.6932 9.19797 6.56068 5.6186 5.56713 4.61032 3.4929 2.94652 2.91273 4.17983 2.62649 2.56191 2.26571 2.18455 2.16723 1.94809 1.90155 1.74399 1.6019 1.51362 1.29151 1.26547 1.1207 1.44208 1.06722 2.25659 0.937168
threshold=77158.175000000003 150291.72068403658 7433.6379166666675 7.5000000000000009 108913.36500000001 26701.980833333335 8.5000000000000018 9.5000000000000018 27728.547500000004 0.16670089300447874 14384.985555555557 0.16206590776423682 0.56807262137786896 0.81166274981758268 -8892.7732213344225 0.22509008887560569 14144.165000000003 86412.455000000002 63211.695000000007 59057.773260399212 51278.097500000011 24084.389277343751 0.2072064523835028 6800.7150000000011 104412.99750000001 0.31771355807744311 15067.582992238295 62904.010787763946 8.5000000000000018 11.500000000000002
decision_type=2 2 2 2 2 2 2 2 2 2 2 2 2 2 2 2 2 2 2 2 2 2 2 2 2 2 2 2 2 2
left_child=2 4 14 -3 6 11 10 9 16 -8 17 15 -13 -9 23 -6 20 -2 25 -20 -4 -18 -5 -1 -21 29 -27 -16 -29 -10
right_child=1 3 8 22 5 -7 7 13 18 -11 -12 12 -14 -15 27 -17 21 -19 19 24 -22 -23 -24 -25 -26 26 -28 28 -30 -31
leaf_value=-170.51397463760745 67.449763727954718 2135.4086869693047 -747.3193130221523 2969.4270352682388 420.61403860823805 293.6740968376813 131.9701922273066 172.593903669844 -2.8153200310125297 258.63166740713541 -19.114665077275284 672.65873467529229 218.6417246148626 14.056096134281272 -441.41188362643356 362.43102592469717 5015.5739180361943 137.22366494157134 -13.297105073372332 2457.8842004343769 174.19397972368293 -1068.6853984484399 1443.3917278575443 777.63023174958346 -668.77431844409489 3788.4132703179998 565.80967464724313 -56.978525536385561 93.135110529961068 -59.563536551764557
leaf_weight=245 311 30 2214 176 85 34 22 211 1735 59 54 105 127 31 13171 99 35 320 121 111 201 25 25 20 21 37 113 140 42 182
leaf_count=245 311 30 2214 176 85 34 22 211 1735 59 54 105 127 31 13171 99 35 320 121 111 201 25 25 20 21 37 113 140 42 182
internal_value=-0.00108527 0.011405 -0.00223098 0.0225844 0.00963374 0.0132 0.00804167 0.0113034 -0.000753911 0.0181111 0.00650365 0.0142356 0.012 0.00902479 -0.00275107 0.0170543 -0.00165455 0.00707924 0.000206896 0.0026917 -0.00179503 0.004 0.0255075 0.000169811 0.00518182 -9.72431e-05 0.0024 -0.00280903 -0.000527473 -0.000292645
internal_weight=20102 1689 18413 231 1458 450 1008 323 4795 81 685 416 232 242 13618 184 2475 631 2320 253 2415 60 201 265 132 2067 150 13353 182 1917
internal_count=20102 1689 18413 231 1458 450 1008 323 4795 81 685 416 232 242 13618 184 2475 631 2320 253 2415 60 201 265 132 2067 150 13353 182 1917
is_linear=0
shrinkage=0.03


Tree=22
num_leaves=31
num_cat=0
split_feature=8 25 27 26 27 17 10 25 20 10 12 13 27 16 15 27 23 21 18 27 0 21 25 31 16 14 16 2 4 31
split_gain=294.768 34.8033 15.6764 10.4497 13.1036 6.24636 5.20965 4.19701 3.11941 2.65566 2.60853 2.07892 1.88394 1.84303 3.32931 1.77255 1.63268 1.53389 1.41874 1.68211 1.28661 1.33154 1.17219 1.09104 1.03385 1.70913 0.935458 0.888889 0.80503 0.795114
threshold=77158.175000000003 182555.52750000003 7433.6379166666675 7.5000000000000009 14649.400000000001 0.74397095641458832 78644.540000000023 86544.707500000019 0.20935447462581555 110500.92250000002 12222.440000000001 7080.4250000000011 27761.336250000004 2627.7073618131549 0.99914259449148457 8712.8663888888914 5304.6830005906086 19531.643333333337 0.65774149012758032 7502.4643750000005 3692.572052040176 116567.38333333335 62058.142500000009 31.500000000000004 -8345.1178670457393 9368.2000000000025 -34843.539434374979 29615.530000000002 2106.9650000000006 7.5000000000000009
decision_type=2 2 2 2 2 2 2 2 2 2 2 2 2 2 2 2 2 2 2 2 2 2 2 2 2 2 2 2 2 2
left_child=2 3 9 26 7 -3 10 16 -9 22 12 28 -4 14 -6 18 -5 -14 -8 -20 -17 -22 24 -24 25 -1 -2 -12 -11 -30
right_child=1 5 6 4 13 -7 15 8 -10 11 27 -13 17 -15 -16 20 -18 -19 19 -21 21 -23 23 -25 -26 -27 -28 -29 29 -31
leaf_value=-638.98249433295018 3428.967567693599 2984.3258975144286 -773.14066818388642 82.745956582484425 1031.8216266304769 2923.5109322359449 -57.136737701226579 177.32912483790315 120.73339468056994 -1804.8041686973181 1789.3907461230599 -254.07630515026671 -714.4368257045179 668.66876017023219 423.40857659012227 2135.4778467214992 190.72385096085921 503.39092802487318 40.49476005311768 1.0298684454247484 120.16859176039276 1775.7812309341473 -30.515840833642972 88.215321243922617 -447.61122080549961 1048.1700663124025 176.91253012060076 300.69012142727286 312.70127497680159 1236.6998455035853
leaf_weight=223 25 131 2036 421 96 20 423 648 61 22 27 110 264 64 89 21 29 277 20 417 1199 57 215 20 12867 20 105 54 101 40
leaf_count=223 25 131 2036 421 96 20 423 648 61 22 27 110 264 64 89 21 29 277 20 417 1199 57 215 20 12867 20 105 54 101 40
internal_value=-0.00112258 0.0108721 -0.00222283 0.00952276 0.0102741 0.0246159 -0.000747655 0.0089327 0.0103709 -0.00274225 -0.00163431 0.000186812 -0.00180093 0.0165181 0.015 0.00035517 0.00666667 -0.000227357 -0.000697675 0.000501143 0.00106421 0.000941082 -0.00280217 -0.000702128 -0.00283982 -0.000901235 0.00138461 0.00366667 0.00233742 0.00317021
internal_weight=20102 1689 18413 1538 1408 151 4795 1159 709 13618 2658 273 2577 249 185 2137 450 541 860 437 1277 1256 13345 235 13110 243 130 81 163 141
internal_count=20102 1689 18413 1538 1408 151 4795 1159 709 13618 2658 273 2577 249 185 2137 450 541 860 437 1277 1256 13345 235 13110 243 130 81 163 141
is_linear=0
shrinkage=0.03


Tree=23
num_leaves=31
num_cat=0
split_feature=8 24 27 26 10 28 10 28 20 23 12 24 10 20 13 10 21 28 28 13 27 5 12 28 3 25 18 16 12 7
split_gain=279.413 38.2784 15.2404 9.54152 11.2428 5.54367 4.93373 4.61247 4.37345 5.02549 4.10633 2.76397 2.62778 2.18244 2.07892 1.78367 1.56815 1.85136 3.34134 1.38889 1.23007 1.16329 1.16279 1.14307 1.13958 1.12539 1.51426 0.901533 1.50498 0.888183
threshold=77158.175000000003 178694.08500000005 7433.6379166666675 7.5000000000000009 175947.00250000003 8.5000000000000018 78644.540000000023 10.500000000000002 0.16157979620990423 6127.186191496995 24200.470000000005 27728.547500000004 110500.92250000002 0.21345497421165371 7080.4250000000011 180882.39000000004 59945.155000000006 8.5000000000000018 9.5000000000000018 17390.210000000003 19480.067500000005 33211.187093162545 7935.1950000000006 11.500000000000002 31990.180000000004 24111.765000000003 0.13974035710326033 -3459.0952885271854 7557.0300000000007 57905.031522960817
decision_type=2 2 2 2 2 2 2 2 2 2 2 2 2 2 2 2 2 2 2 2 2 2 2 2 2 2 2 2 2 2
left_child=2 3 12 -2 5 13 11 -7 19 -10 -3 22 16 -5 -14 23 27 -18 -19 -6 29 -22 -4 24 -8 26 -17 28 -1 -13
right_child=1 10 6 4 8 7 15 -9 9 -11 -12 20 14 -15 -16 25 17 18 -20 -21 21 -23 -24 -25 -26 -27 -28 -29 -30 -31
leaf_value=-897.66513141646203 752.01960919957014 2145.2592092497771 -754.6905631172807 88.815090867543475 567.95106046221611 246.15735336600125 635.47302391180494 130.30526082009553 308.80009353192457 671.64971532493269 2873.4951780104561 -963.45050220636381 595.30977260878524 -40.217104415665837 -246.45401599575851 2796.4758328491707 -52.759190565983985 134.69180955880324 -26.796828305065429 442.43362883852029 1033.2205307980223 359.68687847699636 330.34994953701306 -57.988383829629136 -6.1992256734707025 643.76667088514409 2815.0995723715268 -442.5454717247195 925.82518180950888 302.98270161164231
leaf_weight=1191 131 20 2022 641 22 167 426 170 167 115 136 225 163 21 110 121 258 30 72 99 73 241 71 181 1169 217 23 11768 26 26
leaf_count=1191 131 20 2022 641 22 167 426 170 167 115 136 225 163 21 110 121 258 30 72 99 73 241 71 181 1169 217 23 11768 26 26
internal_value=-0.00114347 0.0105346 -0.00221469 0.00909393 0.0098174 0.00811111 -0.000760168 0.0112433 0.0140471 0.012 0.0246923 -0.00162303 -0.00272683 0.00651662 0.000186812 0.000313055 -0.00278644 -0.000833334 0.00258823 0.0188182 0.000238937 0.00149045 -0.00212566 -7.77034e-05 0.000178683 0.00223546 0.00429167 -0.00284059 -0.00206327 -0.00132669
internal_weight=20102 1689 18413 1533 1402 999 4795 337 403 282 156 2658 13618 662 273 2137 13345 360 102 121 565 314 2093 1776 1595 361 144 12985 1217 251
internal_count=20102 1689 18413 1533 1402 999 4795 337 403 282 156 2658 13618 662 273 2137 13345 360 102 121 565 314 2093 1776 1595 361 144 12985 1217 251
is_linear=0
shrinkage=0.03


Tree=24
num_leaves=31
num_cat=0
split_feature=8 24 27 12 25 27 10 12 20 23 8 15 23 24 10 10 19 21 27 21 3 3 3 25 2 20 6 5 2 22
split_gain=273.149 39.0506 15.2063 9.23461 5.62981 5.47318 4.8055 4.10633 4.05273 4.55021 2.88894 2.80901 2.66738 2.63361 2.54955 2.47819 2.20911 1.7071 1.69592 1.83554 1.61174 1.41567 1.8022 1.37544 1.34985 1.24683 1.21535 1.19753 1.09401 1.53185
threshold=77158.175000000003 178694.08500000005 7433.6379166666675 13908.035000000002 108913.36500000001 14089.035833333335 78644.540000000023 24200.470000000005 0.16093940110980046 9598.0239824679902 84470.700000000012 1.0171335317085513 2023.9849423044509 42122.288333333338 118432.02750000001 160067.31500000003 0.21555212569260432 116567.38333333335 38119.025000000009 19531.643333333337 60082.270000000011 37111.085000000006 9661.4600000000009 47442.442500000012 80675.335000000006 0.84927106342015291 66583.864372804775 35305.584218750002 9722.4550000000017 12727.255000000001
decision_type=2 2 2 2 2 2 2 2 2 2 2 2 2 2 2 2 2 2 2 2 2 2 2 2 2 2 2 2 2 2
left_child=2 3 14 5 16 10 13 -3 15 -10 11 -2 -12 18 20 -6 24 21 25 -20 -1 22 -8 -19 -5 -4 -23 -15 29 -16
right_child=1 7 6 4 8 -7 17 -9 9 -11 12 -13 -14 27 28 -17 -18 23 19 -21 -22 26 -24 -25 -26 -27 -28 -29 -30 -31
leaf_value=-433.76234784861236 78.306222359985114 2080.9014329722836 -748.18346415591725 3993.6005432745224 151.9555436454107 -63.224935669496148 -66.273952645041419 2787.2903226701424 331.14130211964704 851.67759788762726 73.728506556087439 160.74565675745524 178.99777364042941 933.44400335586363 6.4311980201881305 420.64151097374781 161.41421895623861 2347.1101968115745 -608.07287465773607 1072.7769021581619 -29.205520150674012 -104.90161973898481 1611.6361160005422 163.77781845113088 60.890119705345661 959.1542821819512 3.0468836566391819 257.31434800716738 -337.94521211737606 1569.3429443610548
leaf_weight=12984 310 20 2145 21 39 100 343 136 217 73 94 41 195 21 84 143 161 27 159 108 453 504 354 30 139 39 879 186 60 37
leaf_count=12984 310 20 2145 21 39 100 343 136 217 73 94 41 195 21 84 143 161 27 159 108 453 504 354 30 139 39 879 186 60 37
internal_value=-0.00115392 0.0103925 -0.00221306 0.00893738 0.0111866 0.00652703 -0.000760168 0.0246923 0.0132712 0.011069 0.00754687 0.00571795 0.00976817 -0.00161174 -0.00272463 0.0167802 0.00812149 0.000299017 -0.00188617 0.000370786 -0.00277227 0.000158653 0.00126112 0.00542105 0.005625 -0.00216209 -0.000396964 0.00163768 0.000812154 0.00245454
internal_weight=20102 1689 18413 1533 793 740 4795 156 472 290 640 351 289 2658 13618 182 321 2137 2451 267 13437 2080 697 57 160 2184 1383 207 181 121
internal_count=20102 1689 18413 1533 793 740 4795 156 472 290 640 351 289 2658 13618 182 321 2137 2451 267 13437 2080 697 57 160 2184 1383 207 181 121
is_linear=0
shrinkage=0.03


Tree=25
num_leaves=31
num_cat=0
split_feature=8 24 10 24 26 0 23 17 26 11 5 18 19 18 28 28 28 28 18 19 21 24 4 12 10 12 3 26 4 21
split_gain=253.026 41.6136 13.0211 9.37208 7.53387 6.11189 5.64633 5.13428 4.49437 4.13945 3.6102 3.48827 2.92547 2.82963 2.00526 3.82118 1.87256 2.83516 1.40324 1.97482 1.35469 1.3751 1.32523 1.30364 1.259 1.10249 1.45268 1.02594 1.00862 0.786654
threshold=77158.175000000003 178694.08500000005 91171.260000000024 86412.455000000002 7.5000000000000009 59513.406920487621 6015.0779042636459 0.7386860188409673 7.5000000000000009 83222.755000000019 66863.748714961577 10148.017696692326 0.13940715227315417 0.56807262137786896 8.5000000000000018 10.500000000000002 8.5000000000000018 9.5000000000000018 0.82452649615671614 0.28038192647645849 116567.38333333335 104412.99750000001 59833.650000000001 9371.6250000000018 38769.415000000008 6800.7150000000011 7887.9450000000006 3.5000000000000004 65953.930000000008 4261.8533333333344
decision_type=2 2 2 2 2 2 2 2 2 2 2 2 2 2 2 2 2 2 2 2 2 2 2 2 2 2 2 2 2 2
left_child=2 3 5 12 -5 11 9 -3 20 -6 -10 28 -2 -8 -12 -16 24 -18 19 -14 25 -22 -19 -13 -7 29 -27 -25 -1 -4
right_child=1 7 8 4 6 16 13 -9 10 -11 14 23 18 -15 15 -17 17 22 -20 -21 21 -23 -24 27 -26 26 -28 -29 -30 -31
leaf_value=-490.49239619005169 -19.500958985882615 2677.7636735782453 1007.7145905192857 1175.5718332091869 151.10140126824749 1749.9133188723974 681.68101775796015 3051.932789738295 -111.68828987729935 495.31415282943226 -21.91985202847183 -584.37590740363964 75.656547645635968 305.6184102606781 90.61600039423115 -7.054354750530103 151.57080589885922 574.96613772689989 15.108860858930933 151.84303765349128 2813.9504864347105 -789.34966751777938 -5.1786857789323131 1146.3214792024869 -26.169074234203066 -367.92866274575698 1805.0578789480178 -1121.311523944411 48.48035731358636 1.4999682963759062
leaf_weight=13848 52 136 53 106 653 39 117 20 907 108 436 1184 302 87 120 139 29 21 47 61 34 22 73 52 200 81 235 29 87 824
leaf_count=13848 52 136 53 106 653 39 117 20 907 108 436 1184 302 87 120 139 29 21 47 61 34 22 73 52 200 81 235 29 87 824
internal_value=-0.00118227 0.00993073 -0.00220165 0.00842857 0.00996919 -0.00254312 0.0108031 0.0246923 -0.000337777 0.00961498 -0.00138951 -0.00263487 0.00485714 0.0152353 0.000237409 0.00232818 0.00130939 0.00431707 0.00570732 0.00633884 0.00101121 0.00557143 0.00178723 -0.00112648 -0.000238494 0.000797149 0.00231645 0.00255555 -0.0027718 0.000249714
internal_weight=20102 1689 18413 1533 1071 15562 965 156 2851 761 1602 15200 462 204 695 259 362 123 410 363 1249 56 94 1265 239 1193 316 81 13935 877
internal_count=20102 1689 18413 1533 1071 15562 965 156 2851 761 1602 15200 462 204 695 259 362 123 410 363 1249 56 94 1265 239 1193 316 81 13935 877
is_linear=0
shrinkage=0.03


Tree=26
num_leaves=31
num_cat=0
split_feature=8 24 27 1 28 17 14 10 5 17 28 28 12 10 24 27 28 16 8 4 27 12 18 28 16 27 20 5 20 14
split_gain=239.343 43.5381 15.332 9.47618 6.13787 5.13428 4.8082 4.08434 3.7929 2.93506 2.99441 5.49342 2.66725 2.54321 2.5071 2.09477 1.70141 1.88231 1.68065 1.52461 1.38535 1.35 1.34259 1.29642 1.25867 1.24809 1.22119 1.19753 1.05701 1.01685
threshold=77158.175000000003 178694.08500000005 7433.6379166666675 88622.916160998357 8.5000000000000018 0.7386860188409673 52365.68 78644.540000000023 157992.14863281252 0.64386335207951395 8.5000000000000018 10.500000000000002 1010.0600000000001 118432.02750000001 42122.288333333338 38119.025000000009 11.500000000000002 2198.0872357469539 21630.667500000003 63325.130000000012 8811.4988888888911 14335.525000000001 0.65774149012758032 8.5000000000000018 2198.0872357469539 8609.9646527777786 0.84927106342015291 35305.584218750002 0.99990730815975726 20180.715000000004
decision_type=2 2 2 2 2 2 2 2 2 2 2 2 2 2 2 2 2 2 2 2 2 2 2 2 2 2 2 2 2 2
left_child=2 3 13 9 6 -3 12 14 -8 10 21 -12 -5 19 15 26 17 -6 -17 -1 22 -2 -9 -24 -18 -11 -4 -16 -22 -27
right_child=1 5 7 4 16 -7 8 20 -10 25 11 -13 -14 -15 27 18 24 -19 -20 -21 28 -23 23 -25 -26 29 -28 -29 -30 -31
leaf_value=-376.7776408102863 59.70651026073196 2597.4307633708981 -710.76129182557111 -547.30873390885642 479.49276412114136 2960.3748060461462 257.96105924342959 -56.37318955753333 1167.2525354730176 116.88492509331644 202.7989337523407 93.565651457115194 145.91228242872316 262.63272088303756 903.98628158886152 -56.597047651695206 118.82402810296462 427.79279414212925 3460.5627357513499 -13.080337842153998 129.75948121608488 17.173222646057869 -10.560808651782319 49.289594813189012 305.73434948398796 -22.374597658206326 948.87932322323456 222.61923756170461 4623.4673087885039 47.69108149531629
leaf_weight=13193 148 136 2145 40 163 20 140 442 25 20 52 49 405 181 21 214 66 55 53 244 1209 43 299 159 20 42 39 186 28 265
leaf_count=13193 148 136 2145 40 163 20 140 442 25 20 52 49 405 181 21 214 66 55 53 244 1209 43 299 159 20 42 39 186 28 265
internal_value=-0.0012151 0.00959325 -0.00220654 0.00805675 0.00999781 0.0246923 0.00826229 -0.000747655 0.0126364 0.00519063 0.00737671 0.0115545 0.00664045 -0.00272022 -0.00153273 -0.00180049 0.0134803 0.0148899 0.000707864 -0.00276781 0.000228825 0.00516754 -0.000666667 0.000471615 0.00990698 0.00323853 -0.00210714 0.00163768 0.000880355 0.00276547
internal_weight=20102 1689 18413 1533 914 156 610 4795 165 619 292 101 445 13618 2658 2451 304 218 267 13437 2137 191 900 458 86 327 2184 207 1237 307
internal_count=20102 1689 18413 1533 914 156 610 4795 165 619 292 101 445 13618 2658 2451 304 218 267 13437 2137 191 900 458 86 327 2184 207 1237 307
is_linear=0
shrinkage=0.03


Tree=27
num_leaves=31
num_cat=0
split_feature=8 24 27 13 17 27 18 1 20 19 7 21 10 20 28 28 28 13 16 16 15 8 21 21 13 13 16 20 16 16
split_gain=226.163 45.4014 15.3045 8.82872 5.13428 4.02171 3.69699 3.62562 3.56377 3.62576 3.16639 2.87212 2.70463 2.62347 2.57064 2.21583 5.13789 2.2145 1.70374 1.56634 1.44862 1.34565 1.18345 1.19184 1.16004 1.15489 1.11903 2.23099 1.0243 1.0033
threshold=77158.175000000003 178694.08500000005 7051.4061805555566 23529.605000000003 0.7386860188409673 38119.025000000009 0.56807262137786896 87164.765465386023 0.036821535931531486 0.13494702812266179 65859.038248407494 155690.67333333337 110500.92250000002 0.44320830561537577 8.5000000000000018 8.5000000000000018 10.500000000000002 11200.970000000003 2627.7073618131549 1505.3988701685473 0.82792860156930292 15912.105000000001 28678.105000000003 31010.340000000007 43954.060000000005 11945.830000000002 -4208.1053592566795 0.37058961787160294 -479.41639146876327 -6951.0217743000103
decision_type=2 2 2 2 2 2 2 2 2 2 2 2 2 2 2 2 2 2 2 2 2 2 2 2 2 2 2 2 2 2
left_child=2 3 12 7 -3 10 18 17 -9 -10 13 14 26 29 -8 28 -17 -2 19 -5 -14 -15 -7 -24 -20 -19 27 -1 -12 -4
right_child=1 4 5 6 -6 22 11 8 9 -11 15 -13 20 21 -16 16 -18 25 24 -21 -22 -23 23 -25 -26 -27 -28 -29 -30 -31
leaf_value=-767.14011922308305 -10.630530035926741 2519.5078404697706 8.3421338260504569 280.01326120371829 2871.5635618647621 -31.549847277368745 108.98212192384911 -335.21872233530007 1053.0192726779712 106.38805464505771 7.1040566577984015 895.71824253365071 611.01872794113171 -397.25659736114079 216.11576658261163 117.67067720775172 -11.214336919925413 41.817729672682781 192.06777552113263 157.49996957284623 -213.53594863568352 2286.4120747654488 842.88585584266775 862.10221060513368 772.05953361877698 68.738147336950306 -387.95820422050832 1899.9864687892014 -38.056003965010653 -172.63564815976954
leaf_weight=895 65 136 232 93 20 345 204 45 111 326 219 21 119 126 196 154 169 23 22 27 100 108 30 394 32 368 12007 23 401 3091
leaf_count=895 65 136 232 93 20 345 204 45 111 326 219 21 119 126 196 154 169 23 22 27 100 108 30 394 32 368 12007 23 401 3091
internal_value=-0.00123301 0.00927353 -0.00219676 0.0077045 0.0246923 -0.000830709 0.010563 0.00589126 0.00770539 0.00853318 -0.00117333 0.00904275 -0.00274437 -0.00158308 0.008475 0.000372216 0.002387 0.00397368 0.0142414 0.01225 0.000561643 0.00148718 0.00117425 0.00223585 0.0186667 0.00482609 -0.00280039 -0.00179085 -0.00067742 -0.00179928
internal_weight=20102 1689 18413 1533 156 5269 595 938 482 437 4500 421 13144 3557 400 943 323 456 174 120 219 234 769 424 54 391 12925 918 620 3323
internal_count=20102 1689 18413 1533 156 5269 595 938 482 437 4500 421 13144 3557 400 943 323 456 174 120 219 234 769 424 54 391 12925 918 620 3323
is_linear=0
shrinkage=0.03


Tree=28
num_leaves=31
num_cat=0
split_feature=8 25 27 13 17 5 31 27 27 18 28 10 4 20 20 4 16 4 23 2 28 28 4 17 14 17 5 16 27 1
split_gain=214.782 44.9919 14.8517 10.1344 6.24636 4.84161 4.25568 4.84955 4.11657 3.26823 3.42941 2.85011 2.79385 2.35993 1.70559 1.70405 1.51661 1.50381 1.4436 1.32613 1.24336 2.9705 1.21934 1.11212 1.09877 1.43678 0.994322 0.943058 1.05694 0.914673
threshold=77158.175000000003 182555.52750000003 7001.4241666666667 23529.605000000003 0.74397095641458832 157992.14863281252 20.500000000000004 14649.400000000001 38119.025000000009 0.56559529777457052 8.5000000000000018 110500.92250000002 65953.930000000008 0.37058961787160294 0.036821535931531486 108236.71000000001 2627.7073618131549 62348.345000000008 1641.2441857591468 9722.4550000000017 11.500000000000002 8.5000000000000018 20296.235000000004 0.6115098052950253 6956.9450000000006 2.0819558126735029 92364.77296875001 -8345.1178670457393 5125.6575000000012 13590.322441594284
decision_type=2 2 2 2 2 2 2 2 2 2 2 2 2 2 2 2 2 2 2 2 2 2 2 2 2 2 2 2 2 2
left_child=2 3 11 6 -3 9 14 18 12 16 -11 17 13 29 -2 -16 -5 27 -8 -13 21 -14 -15 -19 -10 -26 -27 28 -1 -4
right_child=1 4 8 5 -6 -7 7 -9 24 10 -12 19 20 22 15 -17 -18 23 -20 -21 -22 -23 -24 -25 25 26 -28 -29 -30 -31
leaf_value=-510.3967253558298 -288.54890283183448 2491.1314872460098 -755.62632252456694 256.55264121292157 2403.7697595979989 925.43740334469817 104.28334961330502 984.57785561687911 132.10036807231887 107.28672533964226 230.63256836218295 545.09149244622211 -12.937419040515463 -106.16848444141417 61.15720630797243 268.39745406859475 375.90405696583207 36.550753463549349 81.058057409405777 -223.25962559891761 -54.599739688650999 61.740621933874749 1733.4233201344377 -27.216220689265445 915.61739741586064 2894.0578665696339 1608.5507196389274 -401.32930286161445 577.46498769345339 -99.862572452217123
leaf_weight=184 70 131 1298 110 20 36 60 42 541 212 200 137 678 199 417 107 42 22 242 71 118 259 73 111 163 34 31 12520 21 1953
leaf_count=184 70 131 1298 110 20 36 60 42 541 212 200 137 678 199 417 107 42 22 242 71 118 259 73 111 163 34 31 12520 21 1953
internal_value=-0.00124943 0.00898934 -0.00218862 0.00745514 0.0246159 0.0105 0.00550746 0.00816279 -0.000856743 0.00981915 0.00843204 -0.00273366 -0.0011979 -0.00160346 0.0039697 0.00455725 0.0135789 -0.00279001 0.00683444 0.000749999 0.000156397 0.000521878 0.00108088 0.000383458 0.00117425 0.00292105 0.00669231 -0.00282318 -0.000804879 -0.00182805
internal_weight=20102 1689 18413 1538 151 600 938 344 5347 564 412 13066 4578 3523 594 524 152 12858 302 208 1055 937 272 133 769 228 65 12725 205 3251
internal_count=20102 1689 18413 1538 151 600 938 344 5347 564 412 13066 4578 3523 594 524 152 12858 302 208 1055 937 272 133 769 228 65 12725 205 3251
is_linear=0
shrinkage=0.03


Tree=29
num_leaves=31
num_cat=0
split_feature=8 24 9 14 28 10 12 28 14 20 3 16 9 18 16 13 28 28 3 18 10 12 16 20 18 11 22 19 7 19
split_gain=202.306 49.0275 13.7357 8.08098 6.31032 6.20399 4.10633 3.90068 2.83731 2.48592 3.47585 2.31488 2.24669 1.97956 1.80121 1.74738 2.08455 4.88648 1.44559 1.38288 4.28755 1.29583 1.28456 1.24719 1.44949 1.23032 1.46161 1.60847 0.89657 0.835462
threshold=77158.175000000003 178694.08500000005 36194.515000000007 59412.665000000008 8.5000000000000018 120763.78500000002 24200.470000000005 11.500000000000002 25495.750000000004 0.036821535931531486 139706.13000000003 2627.7073618131549 80566.710000000021 10148.017696692326 -607.68254935092079 12355.825000000003 8.5000000000000018 9.5000000000000018 121165.61000000002 0.24961486236448524 78644.540000000023 11141.145000000002 -653.46380293837126 0.16261609224442383 0.56807262137786896 9776.465000000002 10876.885 0.26231227369441384 34796.433019578493 0.12638840099436302
decision_type=2 2 2 2 2 2 2 2 2 2 2 2 2 2 2 2 2 2 2 2 2 2 2 2 2 2 2 2 2 2
left_child=2 3 5 4 9 13 -3 8 -6 -2 -11 23 15 19 -9 29 22 -18 -13 20 -1 28 -17 -5 -25 26 -7 -28 -15 -4
right_child=1 6 12 11 7 25 -8 14 -10 10 -12 18 -14 21 -16 16 17 -19 -20 -21 -22 -23 -24 24 -26 -27 27 -29 -30 -31
leaf_value=-839.08275895588088 -288.87214202612671 1679.8451624656998 -113.48588085509139 323.6805428300313 87.057627832639341 -103.31959158570606 2395.0966000500898 291.17867933923281 247.97348303379169 83.919602206202697 1773.9602579320101 394.29394314589877 638.69952379437836 -649.73905870648457 27.834009226545145 12.503163470460338 133.34818133360085 0.64285031734140607 811.86968823438781 -369.83750591202164 648.25019520064893 1119.8689566963358 -37.932217419983346 320.59291473801568 163.38449259046766 -103.29320198063115 3588.5540056315886 746.09633254804783 289.57671806042481 -53.601283489349441
leaf_weight=1338 71 20 659 25 38 164 136 22 279 842 36 33 587 869 84 134 94 337 32 12546 224 38 496 45 26 166 88 87 60 526
leaf_count=1338 71 20 659 25 38 164 136 22 279 842 36 33 587 869 84 134 94 337 32 12546 224 38 496 45 26 166 88 87 60 526
internal_value=-0.00126734 0.00866963 -0.00217884 0.00703914 0.006293 -0.00252824 0.0246923 0.00934042 0.0110063 0.00493467 0.0053713 0.0133975 -0.000257325 -0.00263781 0.00435849 -0.000689226 0.000195098 0.00180278 0.0177692 -0.00272781 -0.00188604 -0.00132472 -0.000904763 0.0104375 0.00840845 0.000742574 0.00177876 0.00368571 -0.00154683 -0.00148101
internal_weight=20102 1689 18413 1533 1372 15580 156 423 317 949 878 161 2833 15075 106 2246 1061 431 65 14108 1562 967 630 96 71 505 339 175 929 1185
internal_count=20102 1689 18413 1533 1372 15580 156 423 317 949 878 161 2833 15075 106 2246 1061 431 65 14108 1562 967 630 96 71 505 339 175 929 1185
is_linear=0
shrinkage=0.03


Tree=30
num_leaves=31
num_cat=0
split_feature=8 25 27 13 17 22 27 31 27 10 7 20 28 28 17 23 16 20 16 16 14 16 21 21 16 7 15 9 22 9
split_gain=187.006 49.2831 14.9278 8.53695 6.24636 4.40778 3.97338 3.8029 4.9215 3.15123 3.06219 2.5005 2.42615 4.3535 2.42383 2.50243 1.42107 1.30193 1.69822 1.28805 2.24959 1.22507 1.19971 1.22128 1.14423 1.12 1.11363 0.9294 0.879718 1.20994
threshold=77158.175000000003 182555.52750000003 6662.9630555555568 23529.605000000003 0.74397095641458832 158078.46000000002 38119.025000000009 20.500000000000004 14649.400000000001 110500.92250000002 60705.983390112953 0.63106098838974078 8.5000000000000018 10.500000000000002 0.65315279860421616 6015.0779042636459 -5504.1285531204139 0.036821535931531486 -1788.0491360232675 -8345.1178670457393 9368.2000000000025 1160.7058806144198 28678.105000000003 31010.340000000007 -2027.0918396546106 8147.2253753328278 0.82792860156930292 9053.5000000000018 6742.9050000000016 38792.770000000011
decision_type=2 2 2 2 2 2 2 2 2 2 2 2 2 2 2 2 2 2 2 2 2 2 2 2 2 2 2 2 2 2
left_child=2 3 9 7 -3 14 10 17 21 19 11 24 16 -14 15 -5 -12 -2 -19 20 -1 -9 27 -24 -4 -13 28 -8 -11 -30
right_child=1 4 6 5 -6 -7 22 8 -10 26 12 25 13 -15 -16 -17 -18 18 -20 -21 -22 -23 23 -25 -26 -27 -28 -29 29 -31
leaf_value=-537.05169234833932 -271.22627148609541 2344.5446446271267 -270.00261801041034 173.72062995886265 2261.9495134011445 880.82567966117654 347.88713736905805 88.923807268519539 947.60131545735874 -679.21279421366467 1205.6132438978614 -631.93090108744605 89.038313392458193 -14.047795443797769 4.230545974900517 283.5809445819545 -29.508292527342903 1185.8546388652194 63.879695091720606 -413.87764241405046 969.99426991751022 15.207721952499149 805.93480268066332 813.11514753097902 -198.90259886792626 1508.5346595857959 -303.48590536862497 -533.04019576410815 1001.3421411373055 355.761956040771
leaf_weight=221 70 131 611 383 20 34 184 260 42 45 59 38 218 232 28 155 852 49 475 12173 20 42 30 394 2936 106 62 161 35 36
leaf_count=221 70 131 611 383 20 34 184 260 42 45 59 38 218 232 28 155 852 49 475 12173 20 42 30 394 2936 106 62 161 35 36
internal_value=-0.00129271 0.0082611 -0.00216907 0.0066554 0.0246159 0.00945 -0.00091273 0.0048678 0.00737791 -0.00274984 -0.00121853 -0.00166703 -2.20498e-06 0.0018 0.00881979 0.00926766 -0.000892427 0.00341414 0.00392748 -0.00280667 -0.000634855 0.00603973 0.00109623 0.00216509 -0.00182436 0.00220833 0.00121348 -0.000217392 0.00294828 0.00502817
internal_weight=20102 1689 18413 1538 151 600 5821 938 344 12592 5052 3691 1361 450 566 538 911 594 524 12414 241 302 769 424 3547 144 178 345 116 71
internal_count=20102 1689 18413 1538 151 600 5821 938 344 12592 5052 3691 1361 450 566 538 911 594 524 12414 241 302 769 424 3547 144 178 345 116 71
is_linear=0
shrinkage=0.03


Tree=31
num_leaves=31
num_cat=0
split_feature=8 24 27 13 21 17 18 31 23 10 10 28 15 16 9 13 27 17 12 3 17 16 14 23 27 14 13 1 8 15
split_gain=174.395 48.8608 16.4552 7.99898 4.93664 4.85977 3.7273 3.58568 4.51668 3.51427 3.18109 3.13507 2.33025 2.32935 1.93648 1.52755 1.50168 1.33636 1.30555 1.29142 1.2393 1.2216 1.6141 1.16587 1.15535 1.05403 1.21055 2.1216 1.04762 1.01477
threshold=80045.37000000001 178694.08500000005 6662.9630555555568 23529.605000000003 74969.161666666681 0.7386860188409673 0.56559529777457052 20.500000000000004 4976.3579216337384 157805.09500000003 99109.419999999998 8.5000000000000018 0.99560000739738863 2627.7073618131549 34453.18 7080.4250000000011 13296.298333333334 0.63820547864015365 3444.4750000000004 13637.01 0.62035677613112516 -8345.1178670457393 9182.5600000000013 1641.2441857591468 24718.730000000003 31087.985000000004 17250.905000000002 78844.303536558073 23792.397500000003 1.0319907979064369
decision_type=2 2 2 2 2 2 2 2 2 2 2 2 2 2 2 2 2 2 2 2 2 2 2 2 2 2 2 2 2 2
left_child=2 3 10 7 9 -3 13 -2 23 14 21 17 -13 16 24 28 -5 -8 -11 -20 -10 22 -1 -9 -4 26 -6 -28 -12 -27
right_child=1 5 4 6 25 -7 11 8 20 18 15 12 -14 -15 -16 -17 -18 -19 19 -21 -22 -23 -24 -25 -26 29 27 -29 -30 -31
leaf_value=-513.96679016550979 79.256878435496674 2226.9994232979807 -194.99875221037601 195.97841139777643 44.053828242135495 2571.149085910642 81.843709426625239 107.81001083517245 921.88675931690761 -36.783509730882486 227.19008303163503 303.89311602564356 211.7521970591082 484.35962663950141 -21.98177438908953 -185.68354298332807 276.73901415261435 563.01411582864819 -14.696138819091846 3635.8082592656742 771.18782202587568 -412.21678831373134 940.89444181998476 68.895086312399314 -124.50646561484872 -9.2907332599993833 9.6119600167777914 196.89862215112811 1193.2356306656475 81.634536821406542
leaf_weight=209 505 136 2574 35 323 20 196 52 21 209 154 26 164 52 1912 90 79 24 61 119 25 12098 20 200 500 135 62 42 21 38
leaf_count=209 505 136 2574 35 323 20 196 52 21 209 154 26 164 52 1912 90 79 24 61 119 25 12098 20 200 500 135 62 42 21 38
internal_value=-0.00132405 0.00839414 -0.00212748 0.00659391 -0.000830963 0.0243077 0.00929167 0.00465878 0.00726846 -0.00111907 -0.00274269 0.0077561 0.0105789 0.0130843 -0.00133333 0.000509433 0.0106842 0.00531818 0.00162725 0.0035 0.015913 -0.00281261 -0.000641922 0.00569048 -0.00179961 0.00175 0.00255035 0.00536538 0.00214286 -0.000225434
internal_weight=20102 1535 18567 1379 5975 156 576 803 298 5375 12592 410 190 166 4986 265 114 220 389 180 46 12327 229 252 3074 600 427 104 175 173
internal_count=20102 1535 18567 1379 5975 156 576 803 298 5375 12592 410 190 166 4986 265 114 220 389 180 46 12327 229 252 3074 600 427 104 175 173
is_linear=0
shrinkage=0.03


Tree=32
num_leaves=31
num_cat=0
split_feature=8 24 5 10 28 17 27 14 17 8 15 10 26 28 28 28 18 12 16 12 16 28 28 17 27 18 16 17 24 24
split_gain=159.578 43.8791 20.5866 7.96138 5.79129 5.53126 4.35759 4.3169 3.69619 2.89764 2.84539 2.56773 2.47862 2.38122 3.52666 1.65089 1.60795 1.56184 1.38084 1.30265 1.26709 1.21675 2.80246 2.72288 1.19467 1.04362 0.983238 1.04407 0.966459 1.81602
threshold=83122.99000000002 178694.08500000005 59844.394251532467 118432.02750000001 8.5000000000000018 0.7386860188409673 8116.7622222222235 52365.68 0.64765020249903149 73532.872500000012 0.99178938876404166 265664.27500000008 3.5000000000000004 8.5000000000000018 9.5000000000000018 9.5000000000000018 0.58468836272515379 11004.725000000002 -8892.7732213344225 1010.0600000000001 -93.277565195443444 8.5000000000000018 10.500000000000002 0.66199764146913231 31146.690000000006 0.51444919010528356 158.79254012186269 0.65911561968615595 65290.927833333342 58320.419166666667
decision_type=2 2 2 2 2 2 2 2 2 2 2 2 2 2 2 2 2 2 2 2 2 2 2 2 2 2 2 2 2 2
left_child=2 4 3 6 7 -3 18 19 10 12 25 16 28 -14 -15 -10 -9 -12 -1 -2 -21 26 23 -23 -8 -6 27 -11 29 -4
right_child=1 5 9 -5 8 -7 24 11 15 21 17 -13 13 14 -16 -17 -18 -19 -20 20 -22 22 -24 -25 -26 -27 -28 -29 -30 -31
leaf_value=-156.88656145498445 -355.95748538027135 2160.1894405990406 1038.7945196266198 368.7054901723717 847.13655605135989 2494.0146133333228 -570.78048547938988 211.03146821744218 211.60023255148477 8.3210643626540968 238.8935636225219 1109.8428547299427 -33.647401267036969 126.45817437936942 -3.2975763205500912 30.791902613890045 149.17012308423048 216.52579922424601 -336.72287335389353 108.72255946881704 66.957386184931579 113.36730376311121 19.498677843394944 20.906542131017179 -22.293882468769695 437.94770710745394 -5.0549476545511638 36.046662029113833 499.1571006459364 2508.3345655866083
leaf_weight=219 55 136 85 714 25 20 2100 94 32 145 27 29 775 97 360 80 44 181 13146 249 306 60 95 38 525 26 170 104 129 36
leaf_count=219 55 136 85 714 25 20 2100 94 32 145 27 29 775 97 360 80 44 181 13146 249 306 60 95 38 525 26 170 104 129 36
internal_value=-0.00134643 0.00880215 -0.00205043 -0.00240194 0.00677352 0.0237308 -0.00254034 0.00530116 0.00985714 0.000753581 0.0118263 0.00957485 3.64365e-05 -0.000516234 0.00120131 0.00530357 0.00786956 0.0102692 -0.00275982 0.00413115 0.00456757 0.0024902 0.00446114 0.00802041 -0.00142286 0.0181765 0.00158234 0.00278313 0.00276 0.00468595
internal_weight=20102 1304 18798 16704 1148 156 15990 777 371 2094 259 167 1482 1232 457 112 138 208 13365 610 555 612 193 98 2625 51 419 249 250 121
internal_count=20102 1304 18798 16704 1148 156 15990 777 371 2094 259 167 1482 1232 457 112 138 208 13365 610 555 612 193 98 2625 51 419 249 250 121
is_linear=0
shrinkage=0.03


Tree=33
num_leaves=31
num_cat=0
split_feature=1 24 27 13 17 5 16 28 17 27 16 16 7 31 18 18 1 22 16 7 28 20 20 14 20 23 16 19 18 5
split_gain=149.8 49.0742 15.9667 6.7058 6.4006 4.28343 3.79942 2.67364 3.26453 2.63374 2.08009 1.88599 1.93968 2.08621 1.60898 1.73895 1.67178 1.56881 2.80392 1.4794 3.22274 1.94199 1.33116 1.28251 1.12727 1.12822 3.02599 1.07461 1.06863 1.01742
threshold=80992.326030102719 178694.08500000005 6662.9630555555568 23529.605000000003 0.7386860188409673 72848.753217363599 6105.789362236017 8.5000000000000018 0.64494950658656547 31146.690000000006 -4785.7576076733349 -8892.7732213344225 58561.295942634526 8.5000000000000018 0.56559529777457052 0.49420449183144588 152470.19238514514 125193.07000000002 -1.0000000180025095e-35 58561.295942634526 8.5000000000000018 0.44320830561537577 0.20935447462581555 9368.2000000000025 0.1588745942417881 1707.7034165822045 -410.63025568814004 0.20273441684910781 0.64914949165803171 56508.898828125006
decision_type=2 2 2 2 2 2 2 2 2 2 2 2 2 2 2 2 2 2 2 2 2 2 2 2 2 2 2 2 2 2
left_child=2 3 11 7 28 9 14 17 10 19 -9 23 -13 -14 15 -5 -16 22 -19 21 -21 -4 -2 -1 25 26 -7 -10 -3 -11
right_child=1 4 5 6 -6 24 -8 8 27 29 -12 12 13 -15 16 -17 -18 18 -20 20 -22 -23 -24 -25 -26 -27 -28 -29 -30 -31
leaf_value=-393.4267779645923 64.872371196830542 573.21448671855512 -206.42836582891152 176.97940123961848 2419.1941749333228 65.118315067446417 714.21482297016189 751.08192074499698 145.79441710427369 -0.54332020146384508 169.62228209374729 -387.5519738213622 -52.93355811491962 49.026305241437512 121.75255364233928 245.9676664273064 571.12507951464545 1169.1789391159425 -0.37968678797977501 -32.761769428800179 43.119402619342523 372.26153640898218 -38.089240688417838 515.09891367282614 -5.2587257773513745 40.549919737939554 28.887919704004194 -11.980115081063852 2178.8600903999877 824.60739485270085
leaf_weight=215 515 27 3153 49 20 22 29 21 141 715 56 12283 29 29 380 103 29 44 34 670 302 217 56 21 263 342 104 23 109 101
leaf_count=215 515 27 3153 49 20 22 29 21 141 715 56 12283 29 29 380 103 29 44 34 670 302 217 56 21 263 342 104 23 109 101
internal_value=-0.00135837 0.0073423 -0.00212921 0.0056554 0.0233462 -0.000840041 0.00813559 0.00401124 0.00670954 -0.00114463 0.0118052 -0.00273285 -0.00278365 0.00268965 0.00758823 0.0102237 0.0066088 0.00300924 0.007 -0.00143851 -0.000407408 -0.00173591 0.0024641 -7.62719e-05 0.00130916 0.00219231 0.00461905 0.00431707 0.0256765 0.000419117
internal_weight=20102 1636 18466 1480 156 5889 590 890 241 5158 77 12577 12341 58 561 152 409 649 78 4342 972 3370 571 236 731 468 126 164 136 816
internal_count=20102 1636 18466 1480 156 5889 590 890 241 5158 77 12577 12341 58 561 152 409 649 78 4342 972 3370 571 236 731 468 126 164 136 816
is_linear=0
shrinkage=0.03


Tree=34
num_leaves=31
num_cat=0
split_feature=8 22 9 10 17 13 21 10 27 31 16 18 25 28 12 21 14 28 28 13 11 12 3 8 17 16 27 27 31 31
split_gain=142.339 44.2013 19.2571 5.89143 5.64979 5.1767 3.99875 3.4051 3.15955 2.40887 2.68563 2.39827 2.1713 2.01032 1.59638 1.57563 1.45071 1.22693 2.85256 2.18811 1.17808 1.14163 1.06398 1.24724 1.0665 1.01921 1.013 0.966684 0.946122 1.84676
threshold=83122.99000000002 187608.43500000003 36194.515000000007 116888.87500000001 0.73479692544764308 23529.605000000003 78748.35000000002 265664.27500000008 8116.7622222222235 5.5000000000000009 -892.64287617745629 0.56807262137786896 108913.36500000001 8.5000000000000018 28104.580000000005 28678.105000000003 37073.830000000009 8.5000000000000018 9.5000000000000018 1.0000000180025095e-35 9776.465000000002 6333.3150000000014 13637.01 10233.817500000003 0.89140865729259622 -8892.7732213344225 13296.298333333334 9249.9855555555569 34.500000000000007 32.500000000000007
decision_type=2 2 2 2 2 2 2 2 2 2 2 2 2 2 2 2 2 2 2 2 2 2 2 2 2 2 2 2 2 2
left_child=2 5 3 8 -3 9 15 11 25 -2 12 26 -11 -13 -9 -4 -12 19 -19 -17 22 -10 24 -24 -5 -1 -7 -23 29 -8
right_child=1 4 6 20 -6 7 28 14 21 10 16 13 -14 -15 -16 17 -18 18 -20 -21 -22 27 23 -25 -26 -27 -28 -29 -30 -31
leaf_value=196.79818398811486 124.31193935964856 2047.4055373636047 -544.91609003275755 -296.74081788363645 2266.7002365652497 179.00954314164642 64.515388243518245 500.01306254263869 -586.56719228259919 122.49069286358703 79.594270391249651 78.663101770497605 875.55694999630362 223.082877133572 814.01555532227246 541.57156600882536 12.346186572552803 115.17988092249266 -7.9240810392997627 -28.961937799882119 -83.213745989007705 -91.354474915299321 -1224.4666731585507 2096.4292957245125 614.08478977877144 -328.03792108826275 298.60243029575025 438.07709968472778 -25.734043838412429 177.95126389983477
leaf_weight=86 152 118 399 173 21 34 546 20 1873 75 227 196 56 159 29 326 112 218 575 1104 197 52 24 142 23 12902 105 108 29 21
leaf_count=86 152 118 399 173 21 34 546 20 1873 75 227 196 56 159 29 326 112 218 575 1104 197 52 24 142 23 12902 105 108 29 21
internal_value=-0.00138076 0.00820399 -0.00204564 -0.00248203 0.0241942 0.00629614 6.71217e-05 0.00843646 -0.00259457 0.00442765 0.00548936 0.00768826 0.0091374 0.00638028 0.0159796 -0.000437072 0.00407965 -0.000125507 0.000820932 -0.00065035 0.000542039 -0.00149484 0.00155801 0.0033253 6.12238e-05 -0.00276671 0.0110288 0.000937499 0.00228523 0.00255555
internal_weight=20102 1304 18798 15580 139 1165 3218 543 15021 622 470 494 131 355 49 2622 339 2223 793 1430 559 2033 362 166 196 12988 139 160 596 567
internal_count=20102 1304 18798 15580 139 1165 3218 543 15021 622 470 494 131 355 49 2622 339 2223 793 1430 559 2033 362 166 196 12988 139 160 596 567
is_linear=0
shrinkage=0.03


Tree=35
num_leaves=31
num_cat=0
split_feature=8 22 27 5 17 13 28 15 10 10 11 14 23 18 5 9 7 12 13 31 22 27 28 28 28 15 28 28 12 8
split_gain=137.596 45.0961 19.4077 6.4936 5.64979 4.89938 3.16208 3.5555 3.12904 3.09132 3.02599 2.61288 1.91267 1.70232 1.68343 1.61233 1.41368 1.3439 1.29972 1.19201 1.15761 1.12954 1.10523 1.29272 2.42255 1.13117 1.10385 1.04107 0.995221 0.977073
threshold=83122.99000000002 187608.43500000003 6486.545000000001 72848.753217363599 0.73479692544764308 43954.060000000005 8.5000000000000018 0.99871358243455122 157805.09500000003 99109.419999999998 53563.420000000006 52365.68 5304.6830005906086 0.64075930585787477 92364.77296875001 34453.18 57237.927740441308 6855.6150000000007 7080.4250000000011 16.500000000000004 22363.680000000004 29067.625000000004 11.500000000000002 8.5000000000000018 9.5000000000000018 1.0019859911053559 5.5000000000000009 8.5000000000000018 1010.0600000000001 23792.397500000003
decision_type=2 2 2 2 2 2 2 2 2 2 2 2 2 2 2 2 2 2 2 2 2 2 2 2 2 2 2 2 2 2
left_child=2 5 9 8 -3 6 11 14 15 16 -9 28 -7 -13 -8 21 -1 -10 29 -14 -19 -4 23 25 -25 -5 -18 -17 -2 -11
right_child=1 4 3 22 -6 12 7 10 17 18 -12 13 19 -15 -16 27 26 20 -20 -21 -22 -23 -24 24 -26 -27 -28 -29 -30 -31
leaf_value=-392.5695543221704 -336.57519307475127 1985.9833712426964 -163.8446295565596 28.450626267826792 2198.6992294682923 205.81841715694353 184.67955578761422 197.51103311660637 46.965504607436614 237.58794636942099 99.366950726300971 314.2440171715154 571.45595379373924 146.53795110265514 519.63487634329283 -34.258967844689778 -41.784610805984535 4771.9692857303435 -233.42579548530526 434.93238672097266 964.66628330497281 -21.666351239369334 -11.656752674012893 127.19413649724584 45.765780154312601 -5.5559829197593267 104.00015793363659 9.63468516420002 82.987576114882216 1059.0971197026715
leaf_weight=12053 54 118 2849 315 21 21 27 26 250 152 198 99 22 40 84 1170 34 69 64 36 78 383 108 79 205 286 31 650 558 22
leaf_count=12053 54 118 2849 315 21 21 27 26 250 152 198 99 22 40 84 1170 34 69 64 36 78 383 108 79 205 286 31 650 558 22
internal_value=-0.00138076 0.00804294 -0.00203447 -0.000699473 0.0241942 0.00611588 0.00559116 0.00801492 -0.00110608 -0.0027305 0.00583928 0.00450999 0.0133291 0.00822302 0.0124054 -0.0013076 -0.002797 0.00145844 0.000655461 0.0161379 0.00373469 -0.00170978 0.00153172 0.00188136 0.0035493 0.00109318 0.00161538 -0.000593407 0.00366667 0.002
internal_weight=20102 1304 18798 6442 139 1165 1086 335 5449 12356 224 751 79 139 111 5052 12118 397 238 58 147 3232 993 885 284 601 65 1820 612 174
internal_count=20102 1304 18798 6442 139 1165 1086 335 5449 12356 224 751 79 139 111 5052 12118 397 238 58 147 3232 993 885 284 601 65 1820 612 174
is_linear=0
shrinkage=0.03


Tree=36
num_leaves=31
num_cat=0
split_feature=8 22 27 5 17 14 28 17 8 27 16 16 14 7 28 20 11 28 28 28 14 16 5 18 20 12 18 6 19 18
split_gain=130.076 43.0459 19.3512 6.42514 5.15101 4.94632 3.64467 3.70589 3.36849 2.62119 2.54064 2.5346 3.28133 2.26082 3.63869 1.81621 1.53911 1.08205 1.3458 2.42255 1.05767 1.05001 1.04011 1.555 1.00471 1.17727 0.907637 1.08617 0.906616 0.87522
threshold=83122.99000000002 187608.43500000003 6392.6622916666684 72848.753217363599 0.73479692544764308 52365.68 8.5000000000000018 0.64021376150673859 99692.685000000012 31146.690000000006 -8892.7732213344225 2627.7073618131549 63687.320000000007 58561.295942634526 8.5000000000000018 0.44320830561537577 91644.540000000023 11.500000000000002 8.5000000000000018 9.5000000000000018 9368.2000000000025 158.79254012186269 56508.898828125006 0.32828964473806649 0.20935447462581555 1010.0600000000001 0.2367675219283791 13516.705960609672 0.14851091671632108 0.25740945576603808
decision_type=2 2 2 2 2 2 2 2 2 2 2 2 2 2 2 2 2 2 2 2 2 2 2 2 2 2 2 2 2 2
left_child=2 5 10 9 -3 6 24 8 -8 13 20 16 -13 15 -15 -4 -7 18 21 -20 29 -5 -11 -24 25 -2 27 -12 -9 -1
right_child=1 4 3 17 -6 11 7 28 -10 22 26 12 -14 14 -16 -17 -18 -19 19 -21 -22 -23 23 -25 -26 -27 -28 -29 -30 -31
leaf_value=509.65205773205554 -349.09834938989258 1926.4038701054153 -155.97722207425113 27.597107479791791 2132.7382525842431 167.61742521001827 167.91763965333323 -4.7975563899117191 497.93262322861284 1.883105049042467 -764.74009703343813 114.12718201569641 474.84108893402635 -28.616569457838391 42.22801700401061 323.37590958368111 877.5327220813557 -11.307050093792565 123.3783124023285 44.392806749683302 457.06312810960844 -5.3893034321665532 3014.8606497203932 315.42659293805525 -11.187687334569295 81.763024999222907 -375.57567361213745 237.9089430738675 65.876737618278241 -470.10423643262669
leaf_weight=48 55 118 3499 315 21 165 109 29 49 727 1024 24 58 722 322 224 26 108 79 205 22 286 34 79 56 502 10817 109 92 178
leaf_count=48 55 118 3499 315 21 165 109 29 49 727 1024 24 58 722 322 224 26 108 79 205 22 286 34 79 56 502 10817 109 92 178
internal_value=-0.00139568 0.00776687 -0.00203128 -0.000722728 0.0235468 0.00588412 0.00480269 0.00764516 0.0106709 -0.00111664 -0.0027393 0.00941758 0.0138293 -0.00138892 -0.000155173 -0.00173489 0.00752356 0.00150151 0.00184746 0.0035493 0.000266128 0.00104326 0.000428571 0.00310619 0.00350897 0.00389407 -0.00280167 -0.00199382 0.00369421 -0.000345133
internal_weight=20102 1304 18798 6600 139 1165 892 279 158 5607 12198 273 82 4767 1044 3723 191 993 885 284 248 601 840 113 613 557 11950 1133 121 226
internal_count=20102 1304 18798 6600 139 1165 892 279 158 5607 12198 273 82 4767 1044 3723 191 993 885 284 248 601 840 113 613 557 11950 1133 121 226
is_linear=0
shrinkage=0.03


Tree=37
num_leaves=31
num_cat=0
split_feature=8 22 27 5 13 12 10 10 16 28 25 11 16 9 13 31 27 12 25 16 28 22 21 20 13 28 20 23 7 31
split_gain=122.092 44.6931 19.2968 6.05527 4.37631 4.13204 3.29852 2.73513 2.44999 2.81493 2.46713 2.08699 1.94913 1.92309 1.78336 1.52244 1.15515 1.11462 1.04784 1.04512 1.01348 0.965546 1.07497 0.979358 0.950341 0.839267 1.09917 1.4752 0.774843 0.905357
threshold=83122.99000000002 187608.43500000003 6392.6622916666684 72848.753217363599 36900.785000000011 28104.580000000005 91171.260000000024 157805.09500000003 -677.71997642875783 8.5000000000000018 152432.91500000004 50675.395000000011 5169.6004917769396 33761.360000000008 7080.4250000000011 20.500000000000004 29067.625000000004 3444.4750000000004 13508.785000000002 -8345.1178670457393 8.5000000000000018 6742.9050000000016 4261.8533333333344 0.28408123939508206 30224.580000000005 11.500000000000002 0.17418313860742132 1564.241835609396 36886.689912643415 5.5000000000000009
decision_type=2 2 2 2 2 2 2 2 2 2 2 2 2 2 2 2 2 2 2 2 2 2 2 2 2 2 2 2 2 2
left_child=2 4 6 7 8 -3 19 13 9 10 -2 -10 -6 16 21 -11 -4 -9 -19 28 -15 22 -8 -23 -13 26 27 -5 -1 -30
right_child=1 5 3 25 12 -7 14 17 11 15 -12 24 -14 20 -16 -17 -18 18 -20 -21 -22 23 -24 -25 -26 -27 -28 -29 29 -31
leaf_value=-476.0349648954849 84.902670382782873 947.0256334973451 -159.8698112103373 40.713373808052204 230.96225081633429 1934.9907294337033 976.50692209594968 -77.988536593685367 160.16085299933181 301.84873701000788 1039.8692510371307 67.070578080360164 571.2257290498934 -31.556776666858543 -144.07751951239007 554.45531400861603 -20.979696974779895 -396.45930592620385 3181.2417170932658 -395.09332056494458 8.0788032256763973 663.73996062390336 -1029.143313394803 1211.5055297120543 158.74298843599252 -10.967838590978859 -4.8725478463727505 40.489759463576036 -51.279284204455472 1175.861574548421
leaf_weight=163 216 21 2909 156 137 118 21 213 23 24 24 541 34 1228 149 52 382 31 154 11630 690 80 71 36 114 108 203 526 28 20
leaf_count=163 216 21 2909 156 137 118 21 213 23 24 24 541 34 1228 149 52 382 31 154 11630 690 80 71 36 114 108 203 526 28 20
internal_value=-0.00140911 0.00746779 -0.0020249 -0.000718183 0.00554936 0.0235468 -0.00273192 -0.00110059 0.00478672 0.00696835 0.005375 0.00376991 0.00998246 -0.00128374 0.000109243 0.012 -0.00172379 0.00129648 0.003 -0.00281758 -0.000528676 0.00190385 -0.000391305 0.00372414 0.00345801 0.00144109 0.00174576 0.00232258 -0.000725119 0.002625
internal_weight=20102 1304 18798 6600 1165 139 12198 5607 994 316 240 678 171 5209 357 76 3291 398 185 11841 1918 208 92 116 655 993 885 682 211 48
internal_count=20102 1304 18798 6600 1165 139 12198 5607 994 316 240 678 171 5209 357 76 3291 398 185 11841 1918 208 92 116 655 993 885 682 211 48
is_linear=0
shrinkage=0.03


Tree=38
num_leaves=31
num_cat=0
split_feature=8 1 27 17 13 27 7 28 28 17 16 4 28 28 16 27 16 20 16 15 16 5 27 24 16 18 18 0 9 22
split_gain=115.662 50.1447 15.4609 8.38373 6.47219 3.56091 3.47925 2.62696 3.83378 4.95436 2.43189 2.39246 2.33851 4.22925 2.3372 2.13871 1.94913 1.47895 1.44713 1.29 1.10794 0.945064 0.997644 1.41287 0.943137 0.875047 0.872389 1.47318 0.792245 0.711823
threshold=77158.175000000003 182722.11694825199 6289.8675000000012 0.89140865729259622 36900.785000000011 38119.025000000009 58561.295942634526 8.5000000000000018 10.500000000000002 0.64153983068822262 -860.70283938280761 140195.84500000003 8.5000000000000018 9.5000000000000018 -8892.7732213344225 20154.300000000007 5169.6004917769396 0.99912062516713107 -585.30473170391622 0.71369264001413002 -2027.0918396546106 56508.898828125006 63211.695000000007 104412.99750000001 106.66642048197083 0.077335155176398426 0.2367675219283791 11496.143465746842 104662.74500000001 32300.980000000007
decision_type=2 2 2 2 2 2 2 2 2 2 2 2 2 2 2 2 2 2 2 2 2 2 2 2 2 2 2 2 2 2
left_child=2 4 14 -3 7 6 17 11 9 -9 -10 24 18 -14 19 -13 -6 20 -8 28 -4 -7 29 -24 -2 -19 27 -16 -1 -23
right_child=1 3 5 -5 16 21 12 8 10 -11 -12 15 13 -15 26 -17 -18 25 -20 -21 -22 22 23 -25 -26 -27 -28 -29 -30 -31
leaf_value=-461.1834785656294 71.527048997868604 1851.0894179002014 -212.09921578808232 2628.2407031078178 224.03338329184439 64.520743924265105 10.558676145290786 298.74896506939945 326.57240317439471 67.079509168549748 21.422096923651274 491.98806532127702 117.58031229379354 0.74397100431124707 -733.54702228560893 371.89921694284629 554.08895717839687 -311.52673355599012 -31.689829739843063 428.12212448052571 -134.46725678695779 2270.1836944582647 1835.9571662445112 -827.51263654275874 28.110541054688916 3925.2075349305123 -373.74228289164768 205.59019756286756 1592.130392032346 -798.41977406979606
leaf_weight=192 511 128 648 25 137 540 315 116 31 96 170 37 122 394 992 32 34 22 684 30 3383 24 121 21 372 37 10663 138 24 63
leaf_count=192 511 128 648 25 137 540 315 116 31 96 170 37 122 394 992 32 34 22 684 30 3383 24 121 21 372 37 10663 138 24 63
internal_value=-0.00140165 0.0061119 -0.00209086 0.0224902 0.00448047 -0.000896141 -0.00115879 0.00379121 0.00578935 0.00860377 0.00282089 0.00292437 6.93062e-05 0.0017093 -0.0027234 0.00830435 0.00998246 -0.00161369 -0.000777778 0.000170731 -0.00168271 0.0010182 0.00263319 0.0041831 0.00250396 0.00310169 -0.00278377 -0.00199115 -0.00063889 0.000103448
internal_weight=20102 1689 18413 153 1536 6374 5605 1365 413 212 201 952 1515 516 12039 69 171 4090 999 246 4031 769 229 142 883 59 11793 1130 216 87
internal_count=20102 1689 18413 153 1536 6374 5605 1365 413 212 201 952 1515 516 12039 69 171 4090 999 246 4031 769 229 142 883 59 11793 1130 216 87
is_linear=0
shrinkage=0.03


Tree=39
num_leaves=31
num_cat=0
split_feature=8 1 10 9 13 27 1 26 28 28 28 15 9 9 11 16 1 17 27 11 24 10 26 22 1 28 3 21 16 22
split_gain=109.88 40.5056 19.583 7.39649 4.98643 4.94697 3.63063 3.34258 3.63497 5.60534 2.35987 3.64421 2.85737 2.25034 2.11747 2.05695 1.49747 1.37207 1.37092 1.34718 1.31453 1.06651 1.69694 0.891424 0.872469 1.29427 0.774961 1.08816 0.963319 0.763752
threshold=83122.99000000002 182722.11694825199 77379.014999999999 219967.91000000003 36900.785000000011 6240.4785416666673 75026.188250196443 7.5000000000000009 8.5000000000000018 9.5000000000000018 6.5000000000000009 0.99560000739738863 52893.280000000006 104662.74500000001 135656.95000000004 5169.6004917769396 50888.086475607699 0.7104057326246197 29067.625000000004 35919.905000000006 60132.840000000011 194114.91 7.5000000000000009 23807.280000000006 54683.877790723949 6.5000000000000009 6273.2900000000009 4261.8533333333344 -11461.476386664059 116686.88500000001
decision_type=2 2 2 2 2 2 2 2 2 2 2 2 2 2 2 2 2 2 2 2 2 2 2 2 2 2 2 2 2 2
left_child=2 4 5 14 10 24 7 26 20 -10 21 17 -13 16 -3 -6 18 -12 -7 -18 -9 -2 -23 -15 -1 -26 27 -4 -28 -8
right_child=1 3 6 -5 15 13 29 8 9 -11 11 12 -14 23 -16 -17 19 -19 -20 -21 -22 22 -24 -25 25 -27 28 -29 -30 -31
leaf_value=-458.86606731786094 53.32850916221679 491.69973163448219 944.4674641917245 2285.2823088695363 217.31238179308917 -560.04471154406747 27.273119277650959 -116.2095564709616 73.580496531599806 -19.226055333097179 373.36894258717876 263.38834710853712 69.370780863565727 1556.3808727096969 1825.1202998643696 537.46628846304475 63.914329078952235 12.973452267698757 -38.628234288720556 -30.713005895742629 -27.101636085014579 251.93851359968812 688.21471213017583 357.44161487964897 -39.518977012138713 270.00093754762156 -824.13535533506661 -378.84736934876378 603.45412329484702 3519.817612803201
leaf_weight=11120 429 25 66 20 137 2493 672 892 203 596 122 20 296 20 108 34 115 21 449 74 729 38 54 58 45 22 156 292 772 24
leaf_count=11120 429 25 66 20 137 2493 672 892 203 596 122 20 296 20 108 34 115 21 449 74 729 38 54 58 45 22 156 292 772 24
internal_value=-0.00141359 0.00700767 -0.00199777 0.0215098 0.00507993 -0.0025332 -0.000246707 -0.000620076 -0.00127686 0.000379223 0.0042551 0.00582353 0.00402532 -0.00149486 0.0240677 0.00980702 -0.00162025 0.0097972 -0.00178654 0.000968253 -0.00209315 0.00287332 0.00580435 0.00353846 -0.00283105 0.000582089 0.000615862 -0.000569833 0.00107328 0.00174138
internal_weight=20102 1304 18798 153 1151 14396 4402 3706 2420 799 980 459 316 3209 133 171 3131 143 2942 189 1621 521 92 78 11187 67 1286 358 928 696
internal_count=20102 1304 18798 153 1151 14396 4402 3706 2420 799 980 459 316 3209 133 171 3131 143 2942 189 1621 521 92 78 11187 67 1286 358 928 696
is_linear=0
shrinkage=0.03


Tree=40
num_leaves=31
num_cat=0
split_feature=1 1 27 9 13 5 16 17 16 27 18 27 16 20 27 8 9 28 18 24 20 16 7 21 4 18 0 27 13 3
split_gain=99.2917 42.8666 15.928 8.61529 5.50981 3.41524 2.7098 2.50451 2.60881 2.04948 2.04238 2.03919 1.903 2.5714 2.21115 1.62365 2.57143 1.57419 1.56106 1.50181 1.41414 1.21424 1.15087 1.03046 0.978792 0.822282 1.20997 0.808197 0.742328 0.736383
threshold=79841.928573533674 182722.11694825199 6289.8675000000012 219967.91000000003 43954.060000000005 58328.413034564561 2627.7073618131549 0.6115098052950253 -5733.2520641817173 63211.695000000007 0.68914797223716262 29067.625000000004 -4208.1053592566795 0.28408123939508206 3794.0385416666672 137255.53750000001 124826.17000000001 11.500000000000002 0.6244092077984672 57004.595833333347 0.4049906126244382 -548.25852624541392 58561.295942634526 87403.74500000001 53940.140000000014 0.17524522495825159 15606.535083920049 8811.4988888888911 5120.0150000000012 125607.57500000001
decision_type=2 2 2 2 2 2 2 2 2 2 2 2 2 2 2 2 2 2 2 2 2 2 2 2 2 2 2 2 2 2
left_child=2 4 12 10 7 11 -6 8 -2 18 -3 20 13 25 -15 23 -17 -10 27 -14 22 -20 -4 -9 28 26 -1 -7 -11 -8
right_child=1 3 5 -5 6 9 29 15 17 24 -12 -13 19 14 -16 16 -18 -19 21 -21 -22 -23 -24 -25 -26 -27 -28 -29 -30 -31
leaf_value=-724.56436182934681 453.53331589311722 428.6791730857588 -143.68126066729516 2163.9011675754186 41.848146970776988 -46.579610968296869 284.30979056635812 26.354674382288028 126.98883097471673 1079.7373108150168 1780.5932893010317 12.808671964457112 -359.72252510759637 -598.16927807262664 2254.6380179632033 1072.2434120991331 285.07728003756597 -0.803117349322089 23.32672058927367 43.307533502942555 188.50369000563353 1.3610380893174716 1240.1196622505304 94.524813084249502 -388.79357225226704 -658.36314486543847 919.55661727903725 2.9284783529779372 4286.5512160641038 534.32422241528343
leaf_weight=39 23 23 3408 21 26 394 24 370 386 77 110 779 11039 34 25 28 28 51 192 23 253 939 45 597 29 833 31 228 20 27
leaf_count=39 23 23 3408 21 26 394 24 370 386 77 110 779 11039 34 25 28 28 51 192 23 253 939 45 597 29 833 31 228 20 27
internal_value=-0.00143448 0.00547141 -0.0020782 0.0205714 0.00398077 -0.000864551 0.0118052 0.00357451 0.00541304 0.000209153 0.023391 -0.00131438 -0.00272056 -0.00144075 0.00462712 0.0027478 0.00771428 0.00489474 -5.64753e-05 -0.00283186 -0.00160766 0.000607426 -0.00176629 0.00246019 0.00390476 -0.00183721 0.00128571 -0.00126367 0.00535051 0.0158235
internal_weight=20102 1714 18388 154 1560 6364 77 1483 460 1879 133 4485 12024 962 59 1023 56 437 1753 11062 3706 1131 3453 967 126 903 70 622 97 51
internal_count=20102 1714 18388 154 1560 6364 77 1483 460 1879 133 4485 12024 962 59 1023 56 437 1753 11062 3706 1131 3453 967 126 903 70 622 97 51
is_linear=0
shrinkage=0.03


Tree=41
num_leaves=31
num_cat=0
split_feature=1 24 10 17 13 18 18 6 26 8 28 28 25 28 28 16 16 9 28 28 1 9 20 8 26 13 7 3 15 20
split_gain=93.5021 43.6727 13.7776 5.19008 4.53367 4.35827 3.84777 2.52179 2.4947 4.34284 3.4581 4.0834 2.48942 1.97927 4.32705 1.69588 1.6186 1.36826 1.20215 1.82441 1.11707 1.06195 0.983466 0.91428 0.913401 0.9 0.898507 0.829745 1.18051 1.20916
threshold=78844.303536558073 178694.08500000005 77379.014999999999 0.7386860188409673 36900.785000000011 0.69734342060191146 13422.637082515985 53573.410166876791 7.5000000000000009 57490.922500000008 8.5000000000000018 9.5000000000000018 152432.91500000004 8.5000000000000018 10.500000000000002 7165.5343289454277 -566.82668939671555 64531.605000000003 8.5000000000000018 10.500000000000002 110750.74761674409 104662.74500000001 0.1117532272236287 85510.970000000016 6.5000000000000009 20082.490000000005 117734.64191757387 6749.3350000000009 2.4167985750538885 0.11436335993235476
decision_type=2 2 2 2 2 2 2 2 2 2 2 2 2 2 2 2 2 2 2 2 2 2 2 2 2 2 2 2 2 2
left_child=2 4 6 5 12 -3 7 17 27 22 16 -12 13 23 -15 20 -11 24 -9 -20 -6 -8 -10 -2 -1 -14 -22 -4 29 -29
right_child=1 3 8 -5 15 -7 21 18 9 10 11 -13 25 14 -16 -17 -18 -19 19 -21 26 -23 -24 -25 -26 -27 -28 28 -30 -31
leaf_value=-804.04546913585727 25.732033117787083 397.20488128823945 -130.04887360621257 1925.0224463998641 75.406836189434941 1714.1075954277333 -244.91649471791064 -32.48796668669835 38.577249185220317 7.151280459673016 108.53647257394307 4.2219439327130441 2103.3744192463541 228.84338236474332 47.792122730623113 510.41892274868161 -29.261920656693086 98.647087767968941 52.561876457558476 -8.1378093474806494 280.62412174402368 1428.4879961609254 -71.393254268702123 69.038905266300077 -364.37918928249439 909.06048661000045 221.05269273014616 -33.871731128536616 1446.7687522303868 927.34497620260186
leaf_weight=6569 436 31 379 20 37 105 936 142 21 245 115 332 20 222 231 20 664 105 42 52 32 37 1257 537 6478 20 81 516 49 371
leaf_count=6569 436 31 379 20 37 105 936 142 21 245 115 332 20 222 231 20 664 105 42 52 32 37 1257 537 6478 20 81 516 49 371
internal_value=-0.00143747 0.00510268 -0.00207755 0.0202692 0.00365648 0.0223676 -0.00250909 -0.00264147 -0.000508231 -0.001041 0.000141592 0.00230201 0.00311869 0.00291164 0.00454967 0.00829412 -0.000920793 -0.00269662 0.000432203 0.00306383 0.0072 -0.000687565 -0.00229578 0.00214902 -0.00272408 0.0105 0.00868142 0.000558935 0.00103846 0.000788049
internal_weight=20102 1792 18310 156 1636 136 14361 13388 3949 2634 1356 447 1466 1426 453 170 909 13152 236 94 150 973 1278 973 13047 40 113 1315 936 887
internal_count=20102 1792 18310 156 1636 136 14361 13388 3949 2634 1356 447 1466 1426 453 170 909 13152 236 94 150 973 1278 973 13047 40 113 1315 936 887
is_linear=0
shrinkage=0.03


Tree=42
num_leaves=31
num_cat=0
split_feature=24 25 9 17 10 14 18 18 2 28 17 28 15 11 28 17 28 19 28 7 18 11 24 12 5 16 24 0 26 10
split_gain=87.2255 44.0726 12.5601 6.3501 5.0896 4.30803 3.46654 2.24003 2.10553 1.85904 4.13632 4.29672 2.23048 1.84028 1.76687 4.7679 5.88708 1.69759 1.52771 1.47621 1.37569 1.52465 1.33538 1.32351 1.57266 1.09748 1.25797 1.05319 1.03572 2.2099
threshold=77984.90833333334 182555.52750000003 33761.360000000008 0.74397095641458832 99109.419999999998 52365.68 0.68914797223716262 10148.017696692326 154204.09000000003 8.5000000000000018 0.65441861821884562 9.5000000000000018 0.9925547640686796 9776.465000000002 8.5000000000000018 0.64494950658656547 10.500000000000002 1.0000000180025095e-35 11.500000000000002 35642.947231654623 0.56807262137786896 75875.345000000016 23876.796666666673 7019.9150000000018 54068.801874872457 -548.25852624541392 57004.595833333347 114991.36214251997 6.5000000000000009 42286.05000000001
decision_type=2 2 2 2 2 2 2 2 2 2 2 2 2 2 2 2 2 2 2 2 2 2 2 2 2 2 2 2 2 2
left_child=2 5 4 6 7 14 -3 28 20 17 11 12 -11 -6 -2 16 -16 23 -13 -9 21 -7 -12 -4 -25 26 -19 -22 29 -1
right_child=1 3 9 -5 13 8 -8 19 -10 10 22 18 -14 -15 15 -17 -18 25 -20 -21 27 -23 -24 24 -26 -27 -28 -29 -30 -31
leaf_value=-870.94185367130024 46.861706635777701 401.3340053800672 -65.471577288304545 1490.2137150963365 750.76528354950972 213.91685259354674 1666.6459318840205 -515.66331478749339 677.05271187867766 132.98239796986658 -566.54242327909958 37.886839344675856 93.194938490383791 -66.799630642966719 249.04214496850213 32.595234561869781 54.554048581178868 -98.258118246006532 -42.897200096221198 641.8075911246641 -19.574380731089867 15.78121631902316 6.3800800453624165 48.166492923623792 3167.6086268012436 -43.92999211396971 10.242283586997157 95.671499527086965 -261.22646925978535 -402.67799254201179
leaf_weight=4950 978 25 431 20 446 102 106 886 56 24 200 177 59 368 125 226 138 205 91 54 22 20 615 52 28 1004 259 72 7278 1085
leaf_count=4950 978 25 431 20 446 102 106 886 56 24 200 177 59 368 125 226 138 205 91 54 22 20 615 52 28 1004 259 72 7278 1085
internal_value=-0.00143598 0.00469841 -0.00207259 0.020245 -0.00243254 0.00334848 0.0226489 -0.0025643 0.00681618 -0.000348172 0.000602058 0.00332479 0.00928916 -0.000125308 0.00270552 0.00417791 0.00692395 -0.000908035 0.00147761 -0.00114894 0.00547222 0.00757377 -0.000570553 0.000581213 0.004125 -0.00142643 -0.000219828 0.00274468 -0.00266424 -0.00237365
internal_weight=20102 1890 18212 151 15067 1739 131 14253 272 3145 1166 351 83 814 1467 489 263 1979 268 940 216 122 815 511 80 1468 464 94 13313 6035
internal_count=20102 1890 18212 151 15067 1739 131 14253 272 3145 1166 351 83 814 1467 489 263 1979 268 940 216 122 815 511 80 1468 464 94 13313 6035
is_linear=0
shrinkage=0.03


Tree=43
num_leaves=31
num_cat=0
split_feature=21 25 27 17 10 17 27 7 27 10 28 28 19 28 28 17 17 23 20 16 16 23 20 15 10 27 4 12 21 21
split_gain=83.8817 43.0323 15.0102 5.02564 4.02678 4.50263 3.61627 2.81436 2.9223 2.63718 2.45061 3.0056 3.7363 2.173 4.61901 3.73559 2.01447 1.80936 1.54669 1.30179 1.22041 1.69792 1.21707 1.13731 1.10923 1.07756 0.930787 0.904787 1.04167 0.872341
threshold=78748.35000000002 182555.52750000003 6289.8675000000012 0.7386860188409673 194114.91 0.69709087245988044 22925.400000000005 58561.295942634526 27761.336250000004 90107.695000000022 8.5000000000000018 9.5000000000000018 0.19653377810737652 11.500000000000002 8.5000000000000018 0.64386335207951395 0.63153595588431133 14720.396342525008 0.4049906126244382 -8345.1178670457393 -566.82668939671555 1477.7344745933431 0.14606752009528801 0.96502708075799781 334556.23750000005 7107.0494444444457 53940.140000000014 6601.0100000000011 5188.2725000000019 52658.116666666676
decision_type=2 2 2 2 2 2 2 2 2 2 2 2 2 2 2 2 2 2 2 2 2 2 2 2 2 2 2 2 2 2
left_child=2 4 9 6 13 16 -3 8 18 19 20 12 -12 14 22 -16 17 -6 -4 -1 21 -9 -2 27 -20 -13 -22 28 -11 -21
right_child=1 3 7 -5 5 -7 -8 10 -10 23 11 25 -14 -15 15 -17 -18 -19 24 29 26 -23 -24 -25 -26 -27 -28 -29 -30 -31
leaf_value=-168.00044767502348 57.96524781464894 390.89818879245274 -120.39001185499001 1817.8016893040217 151.07555784816296 1052.8889532653172 1618.8870903778529 20.520199185248256 70.497041230675748 904.88024248614715 -16.525289018548218 37.426768511313483 115.01831815165163 -11.152401591042812 168.91390016648558 52.109313991325386 1023.3671591473451 442.38119894926416 33.486104454327794 -389.05698587284849 595.5402116428304 4.3869851791554897 16.287472573177567 -102.2880015430211 1580.0904911554414 2.6616649514613724 -27.808349733137803 518.26455402590295 -50.787304543828881 -13.272722192154403
leaf_weight=208 460 38 3527 20 135 132 92 27 884 21 50 25 82 138 204 145 24 57 221 11228 24 312 442 168 20 343 666 20 147 242
leaf_count=208 460 38 3527 20 135 132 92 27 884 21 50 25 82 138 204 145 24 57 221 11228 24 312 442 168 20 343 666 20 147 242
internal_value=-0.00143747 0.00458347 -0.00206121 0.02 0.00325216 0.00613793 0.0221538 -0.00085957 -0.00122657 -0.00267841 0.00025703 0.00198 0.00586364 0.00252916 0.00292326 0.00585387 0.00880555 0.00778125 -0.00159077 -0.00275595 -0.000580176 0.000893805 0.00178936 -0.000134832 0.000734439 0.000586956 -0.00130435 0.00146808 0.000749999 -0.00279861
internal_weight=20102 1887 18215 150 1737 348 130 6181 4652 12034 1529 500 132 1389 1251 349 216 192 3768 11678 1029 339 902 356 241 368 690 188 168 11470
internal_count=20102 1887 18215 150 1737 348 130 6181 4652 12034 1529 500 132 1389 1251 349 216 192 3768 11678 1029 339 902 356 241 368 690 188 168 11470
is_linear=0
shrinkage=0.03


Tree=44
num_leaves=31
num_cat=0
split_feature=1 1 27 9 13 27 26 10 9 28 28 28 28 17 15 17 17 10 13 22 17 12 18 31 15 16 16 18 8 21
split_gain=79.8258 37.3214 15.5921 6.83812 4.94507 2.94545 3.38174 2.83083 2.71546 2.6256 2.60615 2.13761 4.04824 3.94646 2.1139 1.59917 2.06795 1.55095 1.52358 1.40636 1.25196 1.17933 1.18788 1.13525 1.11911 1.03827 0.978702 0.89418 0.881947 0.854509
threshold=77732.306425558534 182722.11694825199 6289.8675000000012 219967.91000000003 43954.060000000005 38119.025000000009 8.5000000000000018 90107.695000000022 138772.80000000002 8.5000000000000018 11.500000000000002 8.5000000000000018 10.500000000000002 0.64386335207951395 1.0218408639137027 0.50858252836239826 0.49024338927774364 126695.53500000002 14642.060000000001 131663.98500000002 0.63276733492315196 6737.9100000000008 0.16827905944668903 10.500000000000002 1.0019859911053559 -8345.1178670457393 -2205.8348001070735 0.5457238605395115 13572.2325 52658.116666666676
decision_type=2 2 2 2 2 2 2 2 2 2 2 2 2 2 2 2 2 2 2 2 2 2 2 2 2 2 2 2 2 2
left_child=2 4 7 8 11 6 17 25 -3 24 -11 15 13 -13 -6 16 -2 26 -14 -17 -9 22 -22 -10 -8 -1 -4 -16 -19 -27
right_child=1 3 5 -5 14 -7 9 20 23 10 -12 12 18 -15 27 19 -18 28 -20 -21 21 -23 -24 -25 -26 29 -28 -29 -30 -31
leaf_value=-252.43261670802701 164.32745813065418 330.77888244160619 -183.95592683626509 2032.7380480666195 26.493854936415666 282.64234970268217 2.5629518255572337 -119.00353525802763 1417.5108054980258 42.204547231705519 -30.321847000787802 248.36531126948924 1196.6852647578853 175.85034035829582 453.62715106436082 35.3512921623133 116.31084513756156 -460.80868458140355 11.090515304336659 250.62689475736065 798.38336137609622 390.72567982574691 -817.50561860203527 1678.1191518105261 -40.470929493456822 -377.38527629666305 -127.48062894341345 366.73310644418274 67.652267249213168 -12.874540526389834
leaf_weight=200 30 24 536 21 29 732 414 213 31 302 101 143 46 123 27 935 23 105 222 117 66 28 44 78 295 11228 3389 21 337 242
leaf_count=200 30 24 536 21 29 732 414 213 31 302 101 143 46 123 27 935 23 105 222 117 66 28 44 78 295 11228 3389 21 337 242
internal_value=-0.00142702 0.00447594 -0.00203247 0.0186234 0.00320629 -0.000811947 -0.00105074 -0.00266309 0.0211353 0.000426258 0.0023598 0.00285723 0.00441573 0.00703759 0.0106364 0.00210407 0.00718868 -0.00142684 0.00181343 0.00184791 -8.54772e-06 0.00221739 0.000818181 0.0231468 -0.000672779 -0.00274293 -0.00161656 0.0145 0.000257918 -0.0027803
internal_weight=20102 1870 18232 154 1716 6211 5479 12021 133 1112 403 1639 534 266 77 1105 53 4367 268 1052 351 138 110 109 709 11670 3925 48 442 11470
internal_count=20102 1870 18232 154 1716 6211 5479 12021 133 1112 403 1639 534 266 77 1105 53 4367 268 1052 351 138 110 109 709 11670 3925 48 442 11470
is_linear=0
shrinkage=0.03


Tree=45
num_leaves=31
num_cat=0
split_feature=1 1 10 9 13 18 21 9 4 18 15 28 28 9 17 28 28 10 18 19 11 12 31 11 23 3 8 0 26 10
split_gain=73.5493 33.5209 14.1129 6.18467 5.01293 3.99376 3.01099 2.92613 2.25189 4.12997 2.1139 2.09068 3.39359 2.75132 2.07306 1.98632 3.84162 1.50596 1.42117 1.61333 1.37171 1.27414 1.25652 1.23709 1.13077 1.08316 1.67809 1.91697 1.03525 1.46202
threshold=79841.928573533674 182722.11694825199 77379.014999999999 219967.91000000003 43954.060000000005 8184.2490966235937 54544.500000000015 138772.80000000002 35121.120000000003 0.6244092077984672 1.0218408639137027 8.5000000000000018 10.500000000000002 53992.19000000001 0.53666301591707455 8.5000000000000018 9.5000000000000018 119375.63000000002 0.77314429419792485 0.17172062927215875 56446.860000000008 9371.6250000000018 32.500000000000007 83222.755000000019 3460.430796076826 10634.015000000001 10233.817500000003 14122.777791040535 6.5000000000000009 36727.805000000008
decision_type=2 2 2 2 2 2 2 2 2 2 2 2 2 2 2 2 2 2 2 2 2 2 2 2 2 2 2 2 2 2
left_child=2 4 5 7 11 6 28 -3 25 17 -6 14 13 -13 20 -11 -17 -10 -9 -20 -2 -7 -8 -16 -14 -4 -27 -28 29 -1
right_child=1 3 8 -5 10 21 22 18 9 15 -12 12 24 -15 23 16 -18 -19 19 -21 -22 -23 -24 -25 -26 26 27 -29 -30 -31
leaf_value=-851.59153656403566 73.851664938407311 320.85551596835802 -76.308514204049985 1971.755906624621 25.699039288323185 -442.21470677611637 1.8397494494110731 1639.9542033950379 -65.926156239265438 -7.0597009431758124 378.15220896022066 166.74219510880658 -9.0507312982051342 275.50106893503562 31.306237741529749 96.454777589718631 3.7402033419443947 -13.91745460063863 1129.8170009896864 1171.5000275171874 294.6098102768488 895.78928303422254 29.257591049833003 243.10808730101016 116.98492760669974 -841.17040191886758 1572.0261099068389 708.8956034440248 -317.47603986364999 -458.53585242350914
leaf_weight=4662 57 24 388 21 29 1432 207 59 1398 766 48 45 98 189 782 94 342 482 20 30 20 95 23 147 145 82 38 436 6499 1444
leaf_count=4662 57 24 388 21 29 1432 207 59 1398 766 48 45 98 189 782 94 342 482 20 30 20 95 23 147 145 82 38 436 6499 1444
internal_value=-0.00145239 0.00449125 -0.00200642 0.0178442 0.00317308 -0.00244646 -0.00261901 0.0202331 -0.000436662 -0.000829332 0.0106364 0.00278557 0.00442138 0.007 0.00200994 0.000544092 0.00216055 -0.00170745 0.0223211 0.0186 0.00674026 -0.000996071 0.000782608 0.00161787 0.00193827 0.000845338 0.00169424 0.00237975 -0.00268108 -0.00240059
internal_weight=20102 1714 18388 154 1560 14362 12835 133 4026 3082 77 1483 477 234 1006 1202 436 1880 109 50 77 1527 230 929 243 944 556 474 12605 6106
internal_count=20102 1714 18388 154 1560 14362 12835 133 4026 3082 77 1483 477 234 1006 1202 436 1880 109 50 77 1527 230 929 243 944 556 474 12605 6106
is_linear=0
shrinkage=0.03


Tree=46
num_leaves=31
num_cat=0
split_feature=1 1 27 9 13 27 27 26 28 10 17 8 28 15 17 28 18 21 28 28 20 15 17 9 17 17 15 15 3 18
split_gain=69.1715 33.5662 14.3066 5.71611 5.0964 3.18515 3.05416 2.83036 2.46212 2.28155 2.21607 2.06084 2.05167 1.86417 1.63741 1.24046 1.23049 1.19879 2.88537 1.93089 1.16202 1.15069 1.05935 1.16043 1.00864 1.09427 1.00556 0.912404 0.853332 0.785781
threshold=75026.188250196443 182722.11694825199 6289.8675000000012 219967.91000000003 43954.060000000005 38119.025000000009 23717.949500000002 8.5000000000000018 8.5000000000000018 90107.695000000022 0.68961429235030647 85510.970000000016 11.500000000000002 1.0218408639137027 0.53666301591707455 6.5000000000000009 0.5457238605395115 52183.278333333343 8.5000000000000018 11.500000000000002 0.84927106342015291 1.0153304238631551 0.63276733492315196 38792.770000000011 2.4407948578502237 3.3001293055482477 1.0019859911053559 1.3709697863374275 88049.175000000017 5612.4730187829291
decision_type=2 2 2 2 2 2 2 2 2 2 2 2 2 2 2 2 2 2 2 2 2 2 2 2 2 2 2 2 2 2
left_child=2 4 9 6 11 7 10 20 26 17 -3 24 -10 -6 21 -16 -15 -1 -19 -20 27 -13 -11 -24 28 -26 -9 -4 -2 -7
right_child=1 3 5 -5 13 29 -8 8 12 22 -12 14 -14 16 15 -17 -18 18 19 -21 -22 -23 23 -25 25 -27 -28 -29 -30 -31
leaf_value=-363.26622937384758 23.418248570927485 311.22985048930764 -82.850018475272506 1912.6032294258819 24.928068109673347 177.74220773803083 1579.5196680064776 0.68789909911497549 42.753611601698189 -113.20646949627461 512.19254103472304 273.08337683602127 -27.666022061073015 428.67377026362345 62.419027525484616 127.845867543365 344.38654698205062 -40.466704884043374 67.548054888113384 -78.372601806096952 1150.4116468005973 47.727175537831272 707.66265103593923 -564.76755605491257 2231.5474396906529 176.11227483859679 -41.040171609248269 -595.69233022829212 -18.384478907733403 634.01594614025305
leaf_weight=11382 673 24 3078 21 29 575 87 363 273 213 22 73 89 27 418 385 21 205 57 25 92 22 80 58 41 33 265 1169 150 152
leaf_count=11382 673 24 3078 21 29 575 87 363 273 213 22 73 89 27 418 385 21 205 57 25 92 22 80 58 41 33 265 1169 150 152
internal_value=-0.00145986 0.00379664 -0.00204902 0.0172597 0.0026891 -0.000859974 0.0195564 -0.00111409 0.000333333 -0.00264809 0.0133043 0.0023649 0.00230387 0.0102468 0.00338085 0.00294022 0.013875 -0.00271977 -0.000804879 0.00395122 -0.00144434 0.00710526 -0.000264958 0.00178261 0.00134783 0.0047027 -0.000802548 -0.0015166 0.00104617 0.00100275
internal_weight=20102 2026 18076 154 1872 6056 133 5329 990 12020 46 1795 362 77 898 803 48 11669 287 82 4339 95 351 138 897 74 628 4247 823 727
internal_count=20102 2026 18076 154 1872 6056 133 5329 990 12020 46 1795 362 77 898 803 48 11669 287 82 4339 95 351 138 897 74 628 4247 823 727
is_linear=0
shrinkage=0.03


Tree=47
num_leaves=31
num_cat=0
split_feature=24 1 27 9 13 27 27 26 16 14 17 17 22 4 23 19 12 16 6 7 8 8 29 31 15 9 25 14 26 7
split_gain=64.5795 29.9097 14.5539 5.12007 4.66471 2.8524 2.81471 2.65994 2.21426 1.93846 1.78129 1.7689 1.76455 1.27824 1.26981 1.15307 1.12142 1.07868 1.18127 1.34068 1.07818 1.03513 1.91358 1.49229 1.03052 1.02375 1.42638 1.76337 0.993499 1.02563
threshold=77984.90833333334 182722.11694825199 6186.3306250000005 219967.91000000003 36900.785000000011 38119.025000000009 23717.949500000002 8.5000000000000018 -8345.1178670457393 9368.2000000000025 0.68961429235030647 0.64620119544946475 69341.485000000015 69878.755000000019 1519.497447787988 0.2961123079980717 19649.105000000003 7165.5343289454277 115136.48594304999 117734.64191757387 152845.02500000002 47741.265000000007 2.5000000000000004 20.500000000000004 1.0047361582712511 95739.400000000009 24111.765000000003 6956.9450000000006 5.5000000000000009 24949.906072330592
decision_type=2 2 2 2 2 2 2 2 2 2 2 2 2 2 2 2 2 2 2 2 2 2 2 2 2 2 2 2 2 2
left_child=2 4 8 6 15 7 10 13 9 -1 -3 12 -9 16 -13 20 -4 18 -6 -20 -2 28 -23 -24 -22 -7 27 -27 29 -10
right_child=1 3 5 -5 17 25 -8 11 21 -11 -12 14 -14 -15 -16 -17 -18 -19 19 -21 24 22 23 -25 -26 26 -28 -29 -30 -31
leaf_value=-175.74125009419475 47.955837185815284 301.89295497462876 -122.12145832917159 1855.2251325431055 53.26585859371675 28.387703111516728 1532.134077966283 20.385776901819838 -778.1645481639481 893.20525788790962 496.82676480368156 6.3181881884126865 -12.146230552931749 22.382390103728003 -34.540176018495075 91.461786033739514 2419.9259070869812 418.06321294151894 291.44431283901832 196.89677668168696 931.77085151681217 -63.388326815519555 -24.583463263737855 27.8753116212512 156.85094690164237 817.95903593569005 240.37365081981534 2503.7427499686464 -339.09709007005506 135.6533340259399
leaf_weight=260 1317 24 4159 21 45 524 87 407 4458 20 22 239 196 278 320 192 51 24 22 83 31 310 118 96 22 45 97 22 6496 116
leaf_count=260 1317 24 4159 21 45 524 87 407 4458 20 22 239 196 278 320 192 51 24 22 83 31 310 118 96 22 45 97 22 6496 116
internal_value=-0.00146881 0.00380952 -0.00201658 0.0164805 0.00268548 -0.000855791 0.0186541 -0.00107788 -0.00263618 -7.15256e-10 0.0126522 0.000201376 0.00132836 -0.00140909 -0.00101431 0.00216645 -0.00153919 0.00734483 0.0064 0.00814286 0.00186131 -0.00269985 -0.00139695 0.000785046 0.0060566 0.000968023 0.00303658 0.00640298 -0.00276152 -0.00242283
internal_weight=20102 1890 18212 154 1736 6338 133 5650 11874 280 46 1162 603 4488 559 1562 4210 174 150 105 1370 11594 524 214 53 688 164 67 11070 4574
internal_count=20102 1890 18212 154 1736 6338 133 5650 11874 280 46 1162 603 4488 559 1562 4210 174 150 105 1370 11594 524 214 53 688 164 67 11070 4574
is_linear=0
shrinkage=0.03


Tree=48
num_leaves=31
num_cat=0
split_feature=21 25 27 13 10 5 17 10 17 27 28 28 17 7 28 28 23 19 12 5 28 28 19 27 5 15 7 31 20 16
split_gain=59.8764 27.7783 14.8574 4.42446 3.16747 2.63045 2.6214 2.30791 2.22454 1.80577 1.70399 2.66662 3.25974 1.66083 3.27214 1.93685 1.6497 1.50561 1.29483 1.37237 1.27512 2.72469 3.49654 2.51667 1.44465 1.42798 1.10107 1.08062 0.956427 0.880386
threshold=78748.35000000002 182555.52750000003 6186.3306250000005 43954.060000000005 194114.91 56508.898828125006 0.69709087245988044 91171.260000000024 0.63153595588431133 38119.025000000009 11.500000000000002 8.5000000000000018 0.65047837707359968 49580.291148102966 8.5000000000000018 10.500000000000002 6982.7431702600579 0.30235019363197385 13470.145000000002 42506.533204068859 8.5000000000000018 9.5000000000000018 0.19653377810737652 19480.067500000005 64964.705309823563 1.0019859911053559 44529.994009847556 11.500000000000002 0.14606752009528801 -2027.0918396546106
decision_type=2 2 2 2 2 2 2 2 2 2 2 2 2 2 2 2 2 2 2 2 2 2 2 2 2 2 2 2 2 2
left_child=2 4 7 16 10 9 8 13 17 18 11 28 -13 -1 -15 -16 -3 -6 29 -20 23 22 -22 25 -25 -7 -9 -18 -2 -4
right_child=1 3 5 -5 6 20 -8 26 -10 -11 -12 12 -14 14 15 -17 27 -19 19 -21 21 -23 -24 24 -26 -27 -28 -29 -30 -31
leaf_value=-369.18136340186072 48.230667303475819 780.93178412357781 -206.61564703345147 1497.4059655226424 230.94221195136845 -0.53514219543893216 978.44677124370094 336.81178186440798 973.35540140661385 42.014257959846304 -14.993737383642385 149.30578035297734 19.35054748911795 -44.849264418879791 68.421027861494963 -42.365104899950445 1232.4373082976572 217.12039836129978 2512.50234575064 -120.23633287816284 -18.55581272665933 1.0662498874928248 98.57035280827786 1192.8267508391739 87.436579737730625 -44.922943008614219 -158.02164250566679 1449.3955952578526 10.584863745431619 -139.36899119540408
leaf_weight=11176 460 56 654 39 91 646 132 195 24 538 138 215 134 314 57 43 21 101 107 60 61 531 97 57 80 431 92 34 442 3076
leaf_count=11176 460 56 654 39 91 646 132 195 24 538 138 215 134 314 57 43 21 101 107 60 61 531 97 57 80 431 92 34 442 3076
internal_value=-0.00147329 0.00361367 -0.00200028 0.016 0.00254404 -0.000827391 0.00510345 -0.00262617 0.00713889 -0.00122773 0.00190281 0.0022518 0.00447851 -0.00269198 -0.000826088 0.0039 0.0129459 0.0060625 -0.00145266 0.00113174 0.000105622 0.00113643 0.00459494 -0.000479408 0.00335036 -0.000966575 3.13582e-05 0.0166364 0.00139024 -0.00156837
internal_weight=20102 1887 18215 150 1737 6338 348 11877 216 4435 1389 1251 349 11590 414 100 111 192 3897 167 1903 689 158 1214 137 1077 287 55 902 3730
internal_count=20102 1887 18215 150 1737 6338 348 11877 216 4435 1389 1251 349 11590 414 100 111 192 3897 167 1903 689 158 1214 137 1077 287 55 902 3730
is_linear=0
shrinkage=0.03


Tree=49
num_leaves=31
num_cat=0
split_feature=1 1 10 13 9 19 16 9 23 18 19 28 28 13 9 18 22 28 28 7 28 4 18 1 31 10 14 20 22 16
split_gain=57.6432 25.8805 13.4872 4.44277 4.10764 2.95551 3.02171 2.80224 3.30625 2.44911 2.03733 3.67528 6.41518 4.22545 1.82334 1.62756 1.8564 1.3721 1.6874 1.25891 1.23622 1.15986 1.83315 1.63871 1.07117 1.225 1.19496 1.04132 1.03671 0.987632
threshold=79841.928573533674 182722.11694825199 77379.014999999999 43954.060000000005 32056.830000000005 0.2961123079980717 7165.5343289454277 219967.91000000003 8742.1550218850043 8184.2490966235937 0.12638840099436302 8.5000000000000018 9.5000000000000018 13038.855000000001 104662.74500000001 0.69446471292958012 32043.510000000006 10.500000000000002 8.5000000000000018 32675.552548452757 11.500000000000002 113886.54000000001 0.67177412571871831 115493.89814706927 32.500000000000007 66383.337500000009 235.45500000000001 0.16325494613223121 60663.595000000008 388.98699632966697
decision_type=2 2 2 2 2 2 2 2 2 2 2 2 2 2 2 2 2 2 2 2 2 2 2 2 2 2 2 2 2 2
left_child=2 5 4 7 9 21 17 8 27 -1 -4 15 13 -13 24 16 -12 18 -7 -11 -14 -2 23 -23 26 -26 -6 -3 -16 -17
right_child=1 3 10 -5 14 6 -8 -9 -10 19 11 12 20 -15 28 29 -18 -19 -20 -21 -22 22 -24 -25 25 -27 -28 -29 -30 -31
leaf_value=-392.90240235512903 33.293658880813553 637.69650236898246 324.33772533934797 1452.7390678678271 149.72682123275391 96.910282237792302 415.72081089582178 1798.1214480663352 1443.6309181073796 -476.44851349783789 244.90137365469621 -2.0131597105767596 1.2747753761828959 99.717125556876454 1521.3902404686896 9.568291965809653 -64.258732353831249 14.113473132209036 200.72167272882837 502.88798173830776 -57.703540630818488 1372.9911947370106 38.749731782927874 432.52147837778818 -68.964098717521409 41.061439822894833 -57.215375108715513 642.52943122854424 -1482.9451657844097 -19.079771561377676
leaf_weight=11851 834 29 876 37 224 152 20 21 36 1072 226 103 525 163 43 270 1452 85 57 77 274 36 219 157 20 20 1035 31 20 137
leaf_count=11851 834 29 876 37 224 152 20 21 36 1072 226 103 525 163 43 270 1452 85 57 77 274 36 219 157 20 20 1035 31 20 137
internal_value=-0.00148821 0.00377363 -0.00197868 0.0155065 -0.00240886 0.00261538 0.00521656 0.012641 0.0148125 -0.00257308 -0.000444114 -0.000800001 0.000633802 0.00466917 -0.00084141 -0.00153237 -0.00194517 0.00444898 0.00575598 -0.00125065 -0.000709638 0.00195987 0.00326214 0.00539378 -0.00108314 0.00375 -0.0012367 0.0105 0.00414286 0.000169532
internal_weight=20102 1714 18388 154 14362 1560 314 117 96 13000 4026 3150 1065 266 1362 2085 1678 294 209 1149 799 1246 412 193 1299 40 1259 60 63 407
internal_count=20102 1714 18388 154 14362 1560 314 117 96 13000 4026 3150 1065 266 1362 2085 1678 294 209 1149 799 1246 412 193 1299 40 1259 60 63 407
is_linear=0
shrinkage=0.03


Tree=50
num_leaves=31
num_cat=0
split_feature=1 25 27 13 27 26 19 16 15 10 17 19 11 31 8 17 27 18 10 16 17 15 8 12 20 17 3 8 29 16
split_gain=53.944 24.3253 15.0158 4.5692 2.85179 3.13495 2.48226 2.44112 2.39572 2.31722 1.79065 1.74085 1.69866 1.69098 1.48113 1.8125 1.39518 1.37724 1.31548 1.16474 0.955031 0.950008 0.932818 1.22097 0.91228 0.889154 0.926954 0.818048 1.34275 0.782876
threshold=79841.928573533674 182555.52750000003 6088.8758333333344 43954.060000000005 38119.025000000009 8.5000000000000018 0.2961123079980717 6776.2423084062484 0.9943434785140367 90107.695000000022 0.64386335207951395 0.15843834196752646 150064.88000000003 32.500000000000007 137255.53750000001 0.59537918590811478 21136.740000000002 0.75646961875922647 119375.63000000002 -8345.1178670457393 0.24409650401948615 0.96502708075799781 81072.407500000016 11141.145000000002 0.14606752009528801 2.0387283287005551 37933.165000000008 47741.265000000007 2.5000000000000004 -2205.8348001070735
decision_type=2 2 2 2 2 2 2 2 2 2 2 2 2 2 2 2 2 2 2 2 2 2 2 2 2 2 2 2 2 2
left_child=2 6 9 8 5 18 14 22 12 19 13 -10 -3 -7 -2 -16 -17 -13 29 24 -20 25 -8 -24 -1 26 -11 -21 -29 -4
right_child=1 3 4 -5 -6 10 7 -9 11 21 -12 17 -14 -15 15 16 -18 -19 20 27 -22 -23 23 -25 -26 -27 -28 28 -30 -31
leaf_value=-340.7488062531707 41.313811929105192 331.84931561522859 -213.20728087528767 1408.9016145209284 278.45723476434762 6.8265488347826251 -14.24885720242913 403.24918656894738 381.51703853111002 568.75223069505512 -11.750289022692915 281.02024561795935 1403.1501501109806 63.649358320194231 0.44237927396883719 507.56736290567687 1033.8311943780284 1102.1540515134225 1255.4791243187228 -368.37081219208864 -39.621307638688684 -147.05968245992389 153.6508388820063 84.010753341600491 615.1309497662071 -669.98425009688822 490.02318191704347 -57.391233494533758 13.702746881696338 -120.54351877166258
leaf_weight=163 1126 21 546 39 736 575 35 20 27 105 667 21 23 93 46 33 45 20 120 10800 502 109 50 208 34 44 29 247 178 3440
leaf_count=163 1126 21 546 39 736 575 35 20 27 105 667 21 23 93 46 33 45 20 120 10800 502 109 50 208 34 44 29 247 178 3440
internal_value=-0.0015091 0.0035811 -0.00198358 0.0150795 -0.000848481 -0.00106663 0.00247025 0.00485942 0.012 -0.00263105 0.000213482 0.00847059 0.0174545 0.00131138 0.001872 0.00498387 0.00776923 0.0123659 -0.0014375 -0.00269795 -0.000154342 3.13582e-05 0.00416723 0.0047907 -0.000411168 0.00138202 0.00259701 -0.00273809 -0.00144706 -0.00163773
internal_weight=20102 1714 18388 151 6679 5943 1563 313 112 11709 1335 68 44 668 1250 124 78 41 4608 11422 622 287 293 258 197 178 134 11225 425 3986
internal_count=20102 1714 18388 151 6679 5943 1563 313 112 11709 1335 68 44 668 1250 124 78 41 4608 11422 622 287 293 258 197 178 134 11225 425 3986
is_linear=0
shrinkage=0.03


Tree=51
num_leaves=31
num_cat=0
split_feature=1 25 27 13 27 26 10 13 16 17 13 29 16 8 24 10 11 16 24 18 17 13 17 27 17 16 21 4 23 23
split_gain=52.0739 23.0321 15.1204 4.193 2.89592 2.89094 2.54286 2.46571 2.38063 1.84605 1.68849 1.52258 1.48412 1.4706 1.30662 1.19874 1.11376 1.0817 1.2318 1.02724 0.955848 1.9041 1.26518 0.855728 0.80443 0.787433 0.768959 1.13567 1.9197 0.759917
threshold=79841.928573533674 182555.52750000003 5951.1850000000004 43954.060000000005 38119.025000000009 8.5000000000000018 91171.260000000024 36900.785000000011 -1666.454134410327 0.64386335207951395 32666.705000000005 2.5000000000000004 6776.2423084062484 152845.02500000002 220479.9016666667 119375.63000000002 56446.860000000008 -4785.7576076733349 32611.698333333337 0.75898243867651638 0.65441861821884562 12567.495000000001 2.4407948578502237 25818.040000000005 0.24409650401948615 -2205.8348001070735 28678.105000000003 40161.100000000006 23735.818958352491 1519.497447787988
decision_type=2 2 2 2 2 2 2 2 2 2 2 2 2 2 2 2 2 2 2 2 2 2 2 2 2 2 2 2 2 2
left_child=2 7 6 8 5 15 17 13 14 11 -10 -7 16 20 -3 25 -9 18 -1 -12 21 -2 -22 -15 -17 -4 -6 28 -28 -11
right_child=1 3 4 -5 26 9 -8 12 10 29 19 -13 -14 23 -16 24 -18 -19 -20 -21 22 -23 -24 -25 -26 -27 27 -29 -30 -31
leaf_value=-481.70600599142892 540.18688999618678 430.29356047071474 -204.12137801319082 1366.6345660853003 -18.241125382038945 -3.0139250446225496 84.940041627835427 42.225124104539127 263.00350827671292 1.6302828904492574 355.498598929146 27.511201856567212 345.14981694974762 833.49885169028073 1362.9410838071215 1217.8147505891611 200.93457255686815 -309.55826358817507 753.01569606447015 1057.1599882134949 6.9494542667268506 43.793693947479959 1872.0399812612716 1321.3425249840561 -38.763514793392567 -117.79474250638988 678.388192127509 -57.281151023304062 889.00835977521774 -22.19522519102901
leaf_weight=640 27 20 555 39 344 319 235 46 30 304 20 399 20 23 21 120 104 10555 42 21 502 741 76 24 503 3572 20 151 221 408
leaf_count=640 27 20 555 39 344 319 235 46 30 304 20 399 20 23 21 120 104 10555 42 21 502 741 76 24 503 3572 20 151 221 408
internal_value=-0.00150761 0.00349358 -0.00197379 0.0146821 -0.000865819 -0.00107767 -0.00264174 0.00241267 0.0117321 0.000104894 0.00840845 0.00117827 0.00582353 0.00199641 0.0174878 -0.00143368 0.0048 -0.00270633 -0.00154839 0.0123659 0.00181426 0.00250781 0.000892733 0.00721277 -0.000207063 -0.00161885 0.000913043 0.00182143 0.00309958 -0.000977529
internal_weight=20102 1714 18388 151 6916 6180 11472 1563 112 1430 71 718 170 1393 41 4750 150 11237 682 41 1346 768 578 47 623 4127 736 392 241 712
internal_count=20102 1714 18388 151 6916 6180 11472 1563 112 1430 71 718 170 1393 41 4750 150 11237 682 41 1346 768 578 47 623 4127 736 392 241 712
is_linear=0
shrinkage=0.03


Tree=52
num_leaves=31
num_cat=0
split_feature=0 25 10 21 13 18 18 24 28 28 19 10 28 3 28 13 16 28 13 14 11 26 10 16 23 31 18 3 28 31
split_gain=47.9562 28.1424 5.83064 4.99228 4.59555 3.48969 3.0437 2.50298 2.38817 3.76312 4.393 2.17521 2.12195 2.08679 2.03126 3.57715 1.92672 1.71589 1.56015 1.55005 1.39946 1.27791 1.33647 1.10953 1.40527 1.08043 1.04495 1.01519 0.967311 0.885948
threshold=56406.141305414334 182555.52750000003 78885.830000000016 87403.74500000001 43954.060000000005 8184.2490966235937 0.36615932825513231 220479.9016666667 8.5000000000000018 9.5000000000000018 0.19109352562657619 194114.91 8.5000000000000018 53192.985000000008 9.5000000000000018 12355.825000000003 -1328.9933898048578 11.500000000000002 46987.600000000013 59412.665000000008 83222.755000000019 5.5000000000000009 36727.805000000008 -528.50679949242101 1564.241835609396 32.500000000000007 0.61636394708603959 619.92000000000007 11.500000000000002 20.500000000000004
decision_type=2 2 2 2 2 2 2 2 2 2 2 2 2 2 2 2 2 2 2 2 2 2 2 2 2 2 2 2 2 2
left_child=2 3 5 8 7 13 20 29 23 10 -10 17 -8 21 15 -14 -9 19 26 -5 -4 22 -1 24 -2 -15 -13 -7 -11 -3
right_child=1 4 6 11 -6 27 12 16 9 28 -12 18 14 25 -16 -17 -18 -19 -20 -21 -22 -23 -24 -25 -26 -27 -28 -29 -30 -31
leaf_value=-756.4737362452488 21.138067695349015 118.33908703639094 161.47132929531665 65.052984425111575 1325.6355291027414 500.58597334398985 -100.4673209467184 1321.1101321931728 -15.645281157868265 16.906106277909569 95.83514476470225 314.71554515872509 -31.999147266093939 -15.083607855613471 -28.66726567488567 79.263084336831156 1250.7124109560798 -25.126558377514854 308.1042149139534 206.42549202161766 1221.9864579104531 -262.75103277746757 -373.83122192299641 -14.507820183061861 2.1221896742879287 42.040389302743996 497.96357537842221 -390.51926263387992 -21.190851777432343 418.43749236817928
leaf_weight=4562 49 37 1012 726 39 89 783 22 68 385 120 262 48 279 241 56 26 92 35 30 22 6566 1389 1056 430 23 29 1404 195 27
leaf_count=4562 49 37 1012 726 39 89 783 22 68 385 120 262 48 279 241 56 26 92 35 30 22 6566 1389 1056 430 23 29 1404 195 27
internal_value=-0.00151657 0.00160584 -0.0022042 0.00105522 0.0142848 -0.00242356 -0.000752082 0.0111964 0.000243595 0.00160937 0.00529787 0.00264736 -0.00182979 -0.00258343 0.000130434 0.00363461 0.016375 0.0018467 0.00473006 0.00231746 0.000423597 -0.00264289 -0.00232448 -0.00043974 0.000757828 -0.000119206 0.00401031 -0.0010509 0.000413792 0.0073125
internal_weight=20102 3628 16474 3477 151 14312 2162 112 2303 768 188 1174 1128 12819 345 104 48 848 326 756 1034 12517 5951 1535 479 302 291 1493 580 64
internal_count=20102 3628 16474 3477 151 14312 2162 112 2303 768 188 1174 1128 12819 345 104 48 848 326 756 1034 12517 5951 1535 479 302 291 1493 580 64
is_linear=0
shrinkage=0.03


Tree=53
num_leaves=31
num_cat=0
split_feature=24 0 27 8 10 5 19 27 26 28 20 27 28 28 16 13 20 17 28 16 9 27 25 18 23 8 17 23 26 7
split_gain=46.9729 21.3007 14.6767 4.40364 2.97138 2.95625 2.11483 2.01762 1.98893 1.98709 2.29209 1.93013 1.86031 3.29633 1.48258 1.47972 1.42082 1.18655 1.17526 1.14076 1.13122 1.09994 1.03071 1.02571 1.31931 1.02251 0.831214 0.81 0.764683 1.13869
threshold=80339.259166666685 221265.71321075334 5701.6288194444451 137255.53750000001 91171.260000000024 55020.344014675626 0.29444523287696595 63211.695000000007 8.5000000000000018 8.5000000000000018 0.14779390529003419 38119.025000000009 8.5000000000000018 9.5000000000000018 7165.5343289454277 43954.060000000005 0.4049906126244382 2.3795112442195574 10.500000000000002 -5504.1285531204139 43784.670000000006 8712.8663888888914 24111.765000000003 0.54322435951044168 19828.744510363827 19853.980000000003 0.55907914599915509 16517.438062054174 5.5000000000000009 32675.552548452757
decision_type=2 2 2 2 2 2 2 2 2 2 2 2 2 2 2 2 2 2 2 2 2 2 2 2 2 2 2 2 2 2
left_child=2 3 4 6 20 11 21 12 23 10 -10 16 17 -14 18 27 19 -7 -8 -4 28 -2 -9 24 -5 -18 -23 -3 29 -1
right_child=1 15 5 8 -6 7 14 22 9 -11 -12 -13 13 -15 -16 -17 25 -19 -20 -21 -22 26 -24 -25 -26 -27 -28 -29 -30 -31
leaf_value=-691.03468635967079 715.58625377194619 1186.4325085402377 -8.1665292940446683 1096.188499989725 252.0147786148959 -15.588313785423008 94.481538739162573 1598.6838666793312 443.12976223111303 568.21760492330861 92.641486865066881 97.973883594506233 77.399981794851229 -2.205893595957205 2367.3146018313655 1286.632307162251 -124.38988655357971 1566.0321246299402 5.4355790955053953 -113.14997098584053 13.712192642681574 346.90928708466225 446.18899959818879 19.025904027082255 223.24492826754008 1720.4889714925291 29.734278100866611 1348.298936650415 -281.471991781638 594.11866730511508
leaf_weight=4304 26 25 354 25 206 1380 200 27 20 39 54 518 185 630 20 33 223 24 84 3796 107 44 68 47 38 80 1057 20 6412 56
leaf_count=4304 26 25 354 25 206 1380 200 27 20 39 54 518 185 630 20 33 223 24 84 3796 107 44 68 47 38 80 1057 20 6412 56
internal_value=-0.00150463 0.00321824 -0.00194992 0.00249577 -0.00263735 -0.000903913 0.0018847 -1.81511e-05 0.00641704 0.00921239 0.00632432 -0.00131623 -0.000201443 0.00093865 0.00410526 0.0185385 -0.00151785 -0.000863249 0.0035493 -0.00166265 -0.00270494 0.00128571 0.00426316 0.00354545 0.00604762 0.000465346 0.00114169 0.015 -0.00273543 -0.0024289
internal_weight=20102 1732 18370 1654 11085 7285 1431 2314 223 113 74 4971 2219 815 304 78 4453 1404 284 4150 10879 1127 95 110 63 303 1101 45 10772 4360
internal_count=20102 1732 18370 1654 11085 7285 1431 2314 223 113 74 4971 2219 815 304 78 4453 1404 284 4150 10879 1127 95 110 63 303 1101 45 10772 4360
is_linear=0
shrinkage=0.03


Tree=54
num_leaves=31
num_cat=0
split_feature=5 8 27 21 0 16 8 29 12 1 13 13 31 16 12 18 9 10 8 16 20 18 26 1 1 22 10 23 0 22
split_gain=43.9043 26.5036 6.97714 5.0777 4.23783 2.13556 2.05894 3.1389 1.57433 1.49669 1.48482 1.47972 1.451 1.42917 1.42718 1.41744 1.44914 1.28689 1.21905 1.16129 1.13534 1.08676 0.985709 0.984653 1.09321 0.887009 0.84913 0.81 0.79128 0.756694
threshold=55020.344014675626 181012.98000000001 8185.9319444444454 87403.74500000001 221265.71321075334 -4208.1053592566795 48018.270000000011 2.5000000000000004 7557.0300000000007 13590.322441594284 46987.600000000013 43954.060000000005 20.500000000000004 4353.1639986323808 7740.335 0.68149743756242087 34719.470000000008 142534.29500000001 54063.242500000008 -479.41639146876327 0.99990730815975726 0.17524522495825159 5.5000000000000009 33362.533832819012 82117.142233112449 49494.860000000008 80264.672500000015 16517.438062054174 57678.103829828884 45199.855000000003
decision_type=2 2 2 2 2 2 2 2 2 2 2 2 2 2 2 2 2 2 2 2 2 2 2 2 2 2 2 2 2 2
left_child=2 3 5 15 12 8 22 -8 21 -4 23 27 -3 -12 -9 17 18 -2 -17 -18 29 -1 26 -5 -25 -23 -7 -6 -19 -11
right_child=1 4 9 10 11 6 7 14 -10 20 13 -13 -14 -15 -16 16 19 28 -20 -21 -22 25 -24 24 -26 -27 -28 -29 -30 -31
leaf_value=333.49306267373015 -14.831581740525325 210.50884759095817 -450.41947691356182 2062.891071570109 1150.8395332840309 -714.60178008515049 -62.451303517863721 40.718735415177932 809.78066270186855 -37.192314590952243 30.805485880591839 1248.0333379473836 449.2830707876231 316.95253999241959 -10.089295612116793 17.337205603014173 29.271979990459847 1387.5260196034283 153.65923304190733 1.2124789559391285 3729.7436812780907 -493.97381309460042 -257.81440058703998 -1189.4236559486183 85.27223503969293 1086.9271325013478 -36.857799426558103 1307.8499685509025 24.443375415623759 -607.03644054048584
leaf_weight=89 1265 37 1349 24 25 4343 422 150 39 1536 20 33 34 28 195 35 283 34 21 874 33 916 6702 66 1044 20 147 20 180 138
leaf_count=89 1265 37 1349 24 25 4343 422 150 39 1536 20 33 34 28 195 35 283 34 21 874 33 916 6702 66 1044 20 147 20 180 138
internal_value=-0.00150761 0.0012953 -0.00220891 0.000817759 0.0137114 -0.00251163 -0.00262622 -0.00112256 -0.00122368 -0.000918849 0.00245685 0.0185385 0.00840845 0.007625 0.000999999 9.80676e-05 0.000858202 -0.000525356 0.00557143 0.000630077 -0.000328647 -0.00144878 -0.00272927 0.00223809 0.00210811 -0.00175 -0.0023853 0.015 0.00162617 -0.000437277
internal_weight=20102 4023 16079 3874 149 13023 11959 767 1064 3056 1182 78 71 48 345 2692 1213 1479 56 1157 1707 1025 11192 1134 1110 936 4490 45 214 1674
internal_count=20102 4023 16079 3874 149 13023 11959 767 1064 3056 1182 78 71 48 345 2692 1213 1479 56 1157 1707 1025 11192 1134 1110 936 4490 45 214 1674
is_linear=0
shrinkage=0.03


Tree=55
num_leaves=31
num_cat=0
split_feature=0 25 27 11 27 27 10 27 28 28 28 19 28 26 20 16 23 5 23 28 28 28 7 27 25 7 18 10 15 31
split_gain=42.3153 23.8368 7.75208 4.49281 4.1606 2.21936 2.13566 1.92063 1.87895 1.48938 3.09618 2.20267 1.34127 1.32575 1.29698 1.22251 1.25057 1.21312 1.33148 1.1552 1.57731 1.07126 5.28592 1.42474 0.984615 0.909552 0.908007 1.04953 0.826539 0.820681
threshold=56406.141305414334 182555.52750000003 5350.9725000000008 150064.88000000003 9866.2926666666699 29067.625000000004 84035.195000000022 29067.625000000004 8.5000000000000018 8.5000000000000018 10.500000000000002 0.19653377810737652 7.5000000000000009 5.5000000000000009 0.4049906126244382 -528.50679949242101 1564.241835609396 157992.14863281252 6982.7431702600579 11.500000000000002 8.5000000000000018 8.5000000000000018 47517.123992679386 8116.7622222222235 58238.317500000005 32675.552548452757 5612.4730187829291 104956.36250000002 0.86061319080979637 6.5000000000000009
decision_type=2 2 2 2 2 2 2 2 2 2 2 2 2 2 2 2 2 2 2 2 2 2 2 2 2 2 2 2 2 2
left_child=2 4 6 8 9 14 13 12 -3 15 11 -11 -5 25 21 16 -2 19 -19 20 -6 23 -23 -4 -20 -1 27 -7 -28 -27
right_child=1 3 5 7 17 26 -8 -9 -10 10 -12 -13 -14 -15 -16 -17 -18 18 24 -21 -22 22 -24 -25 -26 29 28 -29 -30 -31
leaf_value=-644.01006776924316 20.599927537481051 91.760370064217469 -92.993406267561809 1083.1571265373773 59.1826522589744 -647.85561714302594 43.590549891890618 1427.8778544203738 396.91137383995766 -16.049910085728161 -8.9144393394656625 69.315545599605542 1249.0464886381355 -333.77430068367266 277.38169290136705 -16.077957939431982 1.6245274222916402 788.44191888558612 1864.9846276283808 -9.9655305671922427 151.45961295220911 -186.48486319861686 24.115536037384913 -343.79140061705255 85.944997017959381 -522.79527814892685 617.78860157950282 554.25718207322586 109.47777417168079 996.64309617670642
leaf_weight=4244 51 47 1728 42 814 350 219 21 20 85 357 249 21 5992 289 959 389 22 20 131 355 1239 458 1375 45 51 84 293 127 25
leaf_count=4244 51 47 1728 42 814 350 219 21 20 85 357 249 21 5992 289 959 389 22 20 131 355 1239 458 1375 45 51 84 293 127 25
internal_value=-0.0015091 0.00142392 -0.00215503 0.0130927 0.000917169 -0.00128874 -0.00264391 0.0177143 0.00729851 7.17696e-05 0.00121129 0.00328742 0.0203333 -0.00270617 -0.00152623 -0.000491066 0.000818181 0.00219106 0.00562069 0.00196154 0.00226091 -0.00164375 -0.00103771 -0.00197519 0.00346154 -0.00230556 0.000126463 -0.000433904 0.00183412 0.000947368
internal_weight=20102 3628 16474 151 3477 5943 10531 84 67 2090 691 334 63 10312 5089 1399 440 1387 87 1300 1169 4800 1697 3103 65 4320 854 643 211 76
internal_count=20102 3628 16474 151 3477 5943 10531 84 67 2090 691 334 63 10312 5089 1399 440 1387 87 1300 1169 4800 1697 3103 65 4320 854 643 211 76
is_linear=0
shrinkage=0.03


Tree=56
num_leaves=31
num_cat=0
split_feature=24 8 27 11 21 27 27 10 12 16 11 7 18 10 18 9 10 12 14 8 15 18 31 1 1 9 12 9 27 0
split_gain=40.1492 23.1804 7.79003 3.90012 3.73767 2.79667 2.39084 2.1796 1.49053 1.42634 1.23519 1.12924 1.09205 1.21212 1.06167 1.63201 1.04034 1.03294 0.991554 1.97246 0.94136 0.9027 0.879058 0.766616 1.24854 0.764561 0.76368 0.752186 0.724037 0.707843
threshold=56509.270833333336 181012.98000000001 5350.9725000000008 150064.88000000003 87403.74500000001 29067.625000000004 38119.025000000009 84035.195000000022 34870.195000000007 -3579.9429483449217 4946.4250000000011 32675.552548452757 0.77649721994504595 285748.64000000007 0.68149743756242087 34719.470000000008 42893.587500000009 12089.025000000001 37073.830000000009 76065.205000000016 1.0095901135374867 6329.1100000000006 6.5000000000000009 33362.533832819012 77732.306425558534 16038.220000000003 3444.4750000000004 41581.220000000008 22032.443333333336 26157.875802522805
decision_type=2 2 2 2 2 2 2 2 2 2 2 2 2 2 2 2 2 2 2 2 2 2 2 2 2 2 2 2 2 2
left_child=2 4 7 12 14 -5 9 10 23 17 11 27 13 -3 18 -16 21 -4 28 -20 -17 -11 -13 -6 -25 -18 -8 -1 -2 -28
right_child=1 3 6 5 8 -7 26 -9 -10 16 -12 22 -14 -15 15 20 25 -19 19 -21 -22 -23 -24 24 -26 -27 29 -29 -30 -31
leaf_value=-641.29185353035314 -18.483542455004073 374.85908255246858 -95.276882983673687 1143.9050118358111 1967.7247615681565 1368.6601554152396 7.6324954204011721 71.002514715085582 924.4056346294102 -644.64658766044931 -327.6777532176522 -351.29982247629863 185.41170052443886 104.28099700118382 610.41919098828669 13.729741874283816 -25.858845050019845 2013.3513172315388 4.3357457423218122 56.477830513650957 -8.8405082166907256 -365.00373926666219 1088.371282518081 -1394.5893689721086 74.085861417130985 -43.088205863902765 2405.8206080911996 14.113813695227766 885.8354936773369 444.42373719829743
leaf_weight=3637 1055 24 503 63 23 22 474 214 38 1347 6519 42 20 20 23 750 473 39 100 23 315 762 22 56 1064 2167 40 88 111 68
leaf_count=3637 1055 24 503 63 23 22 474 214 38 1347 6519 42 20 20 23 750 473 39 100 23 315 762 22 56 1064 2167 40 88 111 68
internal_value=-0.00150612 0.00131346 -0.00214364 0.012906 0.000827993 0.0171176 -0.00126835 -0.0026322 0.00220745 -0.0014691 -0.00269441 -0.00226366 0.0073125 0.00995454 0.000142616 0.00083272 -0.0016355 -1.10708e-05 -0.000439877 0.00212195 0.000661971 -0.00213229 0.0016875 0.00201312 0.00190178 -0.00123864 0.0005567 -0.00233154 -0.000710121 0.00283333
internal_weight=20102 3707 16395 149 3558 85 5873 10522 1181 5291 10308 3789 64 44 2377 1088 4749 542 1289 123 1065 2109 64 1143 1120 2640 582 3725 1166 108
internal_count=20102 3707 16395 149 3558 85 5873 10522 1181 5291 10308 3789 64 44 2377 1088 4749 542 1289 123 1065 2109 64 1143 1120 2640 582 3725 1166 108
is_linear=0
shrinkage=0.03


Tree=57
num_leaves=31
num_cat=0
split_feature=6 24 8 26 10 28 28 17 21 24 8 28 28 16 17 14 28 31 23 23 19 15 19 10 18 4 25 10 3 9
split_gain=39.2583 23.4489 5.77611 5.69053 5.04288 3.90612 6.03987 5.88709 2.85938 2.53823 1.90799 4.47644 2.73839 2.32727 1.71251 2.47108 1.55049 1.47659 1.42325 1.41479 1.3813 1.18218 1.16883 1.07518 0.923421 0.855178 0.844248 0.828719 0.827436 0.806348
threshold=53573.410166876791 220479.9016666667 137255.53750000001 5.5000000000000009 78644.540000000023 8.5000000000000018 10.500000000000002 0.65441861821884562 77418.861666666679 22130.252500000002 47741.265000000007 8.5000000000000018 10.500000000000002 1505.3988701685473 0.59537918590811478 8817.6250000000018 8.5000000000000018 5.5000000000000009 4234.1324849268085 6640.8122130877273 0.085113652759287992 1.0019859911053559 0.25782426031410194 205779.04000000001 8184.2490966235937 91533.690000000017 18930.505000000005 30823.727500000005 1.0000000180025095e-35 38349.795000000006
decision_type=2 2 2 2 2 2 2 2 2 2 2 2 2 2 2 2 2 2 2 2 2 2 2 2 2 2 2 2 2 2
left_child=3 2 5 4 9 8 7 -7 21 24 -5 -12 13 -13 22 -16 17 -3 -17 -8 26 -2 -4 -10 27 -22 -11 -1 -26 -6
right_child=1 16 14 10 29 6 19 -9 23 20 11 12 -14 -15 15 18 -18 -19 -20 -21 25 -23 -24 -25 28 -27 -28 -29 -30 -31
leaf_value=-692.31247206002627 -7.053977906060128 1059.5291040912423 -61.273341447619501 -247.86817402997474 402.54300734842911 90.376805239513374 -12.77978169994628 12.838713691924204 17.4505698371159 389.44471612455982 -72.24330451333752 60.890779775265834 -21.103939237007936 -42.728498463717891 -798.9994793593288 442.86535576931135 1232.0163746611431 1020.0408845229849 562.76972372434273 190.75481126956007 -493.29968413987291 -46.770283242032029 205.08649743653581 216.11995188076259 310.38863688840922 765.79118608595979 -23.112911337325009 -341.36452622428754 -405.17296072973295 -210.52491549525027
leaf_weight=4001 893 20 30 6686 678 405 554 261 946 138 493 88 73 22 24 29 22 36 107 141 487 558 33 122 33 20 326 1490 978 408
leaf_count=4001 893 20 30 6686 678 405 554 261 946 138 493 88 73 22 24 29 22 36 107 141 487 558 33 122 33 20 326 1490 978 408
internal_value=-0.00149717 0.00108993 0.00078016 -0.00217656 -0.00165054 0.000510309 0.00180529 0.00384685 -0.000189362 -0.00192814 -0.0027881 -0.00126923 0.0027377 0.00572727 0.00547534 0.007125 0.0173846 0.0200357 0.00869118 -0.00015108 -0.000497426 -0.00105651 0.00128571 0.000988763 -0.0021418 -0.00157988 0.000685344 -0.00229521 -0.00130861 0.000259668
internal_weight=20102 4181 4103 15921 8559 3880 1361 666 2519 7473 7362 676 183 110 223 160 78 56 136 695 971 1451 63 1068 6502 507 464 5491 1011 1086
internal_count=20102 4181 4103 15921 8559 3880 1361 666 2519 7473 7362 676 183 110 223 160 78 56 136 695 971 1451 63 1068 6502 507 464 5491 1011 1086
is_linear=0
shrinkage=0.03


Tree=58
num_leaves=31
num_cat=0
split_feature=5 0 27 8 27 13 28 28 16 8 28 28 15 17 14 28 23 15 20 25 26 19 17 20 27 27 4 21 5 31
split_gain=37.8665 22.3394 7.10288 5.44589 2.37863 2.3141 2.27619 3.52937 2.26468 2.25831 6.35761 3.55302 1.98101 1.6043 2.36777 1.33962 1.2605 1.19481 1.1857 1.28612 1.17781 1.16883 1.12857 0.978027 0.752855 0.690805 0.784314 0.636833 0.625232 0.623077
threshold=55020.344014675626 221265.71321075334 8116.7622222222235 137255.53750000001 9866.2926666666699 35324.745000000003 8.5000000000000018 9.5000000000000018 -4208.1053592566795 47741.265000000007 8.5000000000000018 10.500000000000002 1.2491391115602453 0.59537918590811478 8817.6250000000018 11.500000000000002 4234.1324849268085 1.0019859911053559 0.27969576500786292 20294.690000000006 5.5000000000000009 0.25782426031410194 0.58724658931353824 0.99990730815975726 57180.67500000001 127530.13166666667 27328.140000000003 55039.403333333343 43426.848089256287 20.500000000000004
decision_type=2 2 2 2 2 2 2 2 2 2 2 2 2 2 2 2 2 2 2 2 2 2 2 2 2 2 2 2 2 2
left_child=2 3 8 4 6 -3 17 -8 18 20 -11 -12 23 21 -15 22 -16 -2 27 -20 -10 -5 -6 25 -17 28 -27 -1 -4 -7
right_child=1 5 12 13 15 29 7 -9 9 10 11 -13 -14 14 16 24 -18 -19 19 -21 -22 -23 -24 -25 -26 26 -28 -29 -30 -31
leaf_value=-407.03601620890805 -0.80191592781512699 1172.0122308445495 -96.87586450452558 -59.435141204191211 108.97517555100808 922.44936324227467 74.300783774840426 0.68016999704972347 -630.79985094447625 -61.037670288823477 63.703954074315753 -17.892519596823721 -425.76270040937794 -775.02949497854877 385.71783585571012 -30.314496821283058 705.53664635903283 -32.466524519941906 12.528863427717088 1069.6192577821982 -239.66625370490729 198.93390251343965 62.651872725960956 3473.4095142510696 1686.2263544059224 -148.31038707737881 1882.0471252453617 932.17627716382697 -777.84074869521237 1179.3120328564637
leaf_weight=959 965 26 1645 30 254 32 193 615 4470 627 135 83 1191 24 28 117 108 594 57 20 6624 33 962 35 22 51 34 23 125 20
leaf_count=959 965 26 1645 30 254 32 193 615 4470 627 135 83 1191 24 28 117 108 594 57 20 6624 33 962 35 22 51 34 23 125 20
internal_value=-0.00150164 0.00110142 -0.00215293 0.000787072 0.000514239 0.017 -5.95698e-05 0.00123267 -0.00245992 -0.00257785 -0.00108284 0.00333027 -0.000857839 0.00534081 0.0069375 0.0015166 0.00847059 -0.000729314 -0.00113031 0.00245454 -0.00269173 0.00128571 0.00183553 -0.000253969 -0.00127338 -0.00034771 0.00229412 -0.00141141 -0.000474577 0.0206538
internal_weight=20102 4023 16079 3945 3722 78 2367 808 12998 11939 845 218 3081 223 160 1355 136 1559 1059 77 11094 63 1216 1890 139 1855 85 982 1770 52
internal_count=20102 4023 16079 3945 3722 78 2367 808 12998 11939 845 218 3081 223 160 1355 136 1559 1059 77 11094 63 1216 1890 139 1855 85 982 1770 52
is_linear=0
shrinkage=0.03


Tree=59
num_leaves=31
num_cat=0
split_feature=5 0 27 8 26 27 13 28 28 16 0 28 18 18 15 18 27 31 28 18 12 28 18 18 21 9 31 18 27 6
split_gain=36.0235 22.4864 7.23788 5.11944 2.58825 2.56988 2.3141 2.10715 3.07323 2.05523 1.72385 1.4535 1.25884 2.41829 1.19481 1.08832 1.07424 1.16393 0.931239 0.930362 0.901664 0.881287 0.878136 0.774461 0.753915 0.72 0.701758 0.697362 1.29779 0.715345
threshold=55020.344014675626 221265.71321075334 5350.9725000000008 152845.02500000002 5.5000000000000009 9866.2926666666699 35324.745000000003 8.5000000000000018 9.5000000000000018 -2205.8348001070735 16566.381877763753 11.500000000000002 0.78330826170684176 0.49420449183144588 1.0019859911053559 0.22237001244179902 38119.025000000009 32.500000000000007 8.5000000000000018 0.17524522495825159 12568.675000000001 6.5000000000000009 0.36615932825513231 0.68914797223716262 21536.278333333339 59371.630000000005 6.5000000000000009 5612.4730187829291 19480.067500000005 13516.705960609672
decision_type=2 2 2 2 2 2 2 2 2 2 2 2 2 2 2 2 2 2 2 2 2 2 2 2 2 2 2 2 2 2
left_child=2 3 4 5 10 7 -3 14 -9 20 -1 18 13 -5 -2 -11 17 -17 -7 -12 27 -22 -13 -15 -18 -23 -21 29 -29 -4
right_child=1 6 9 12 -6 11 -8 8 -10 15 19 22 -14 23 -16 16 24 -19 -20 26 21 25 -24 -25 -26 -27 -28 28 -30 -31
leaf_value=-587.74717834455782 -0.77785844998068165 1136.8518639192127 -661.30533783843634 665.1483285403815 -298.53782914239372 53.55604191279717 1065.633027095829 72.071760261595131 0.65976489713813735 -60.461694778070395 483.17070933382195 1809.0315609742913 139.85077732756767 276.34298232745789 -31.492528784343612 -95.14859184684444 -469.95087990226961 15.03809716461941 122.19612661715732 -388.50060186270167 -179.60258258235262 4148.2252637539887 -28.834268918794837 646.45499201375742 389.74850322043335 2158.2728982489084 87.198471519395767 -95.117857671041406 574.28329834745466 -80.450698075870719
leaf_weight=4086 965 26 150 35 6008 880 52 193 615 581 37 20 35 43 594 3617 57 151 408 247 23 25 124 33 94 25 153 137 104 584
leaf_count=4086 965 26 150 35 6008 880 52 193 615 581 37 20 35 43 594 3617 57 151 408 247 23 25 124 33 94 25 153 137 104 584
internal_value=-0.0014897 0.00104922 -0.00212495 0.00073384 -0.00258693 0.000521979 0.017 -8.49183e-05 0.00115842 -0.00124802 -0.00204488 0.00152514 0.00624657 0.00781081 -0.000729314 -0.00152667 -0.0017063 -0.00180573 0.00184472 -0.000254005 -5.15274e-05 0.00316438 -0.00133333 0.0108158 0.000774834 0.0054 -0.000675001 -0.000292308 0.00110788 -0.000752044
internal_weight=20102 4023 16079 3945 10531 3799 78 2367 808 5548 4523 1432 146 111 1559 4500 3919 3768 1288 437 1048 73 144 76 151 50 400 975 241 734
internal_count=20102 4023 16079 3945 10531 3799 78 2367 808 5548 4523 1432 146 111 1559 4500 3919 3768 1288 437 1048 73 144 76 151 50 400 975 241 734
is_linear=0
shrinkage=0.03


Tree=60
num_leaves=31
num_cat=0
split_feature=0 0 27 8 28 28 17 27 16 13 18 15 15 8 28 28 18 28 17 28 9 20 12 7 14 15 2 27 31 18
split_gain=35.5838 22.6585 7.83138 4.83849 3.40271 5.42105 4.02126 2.59694 2.47646 2.3141 1.68236 1.56978 1.43754 1.39423 4.27102 2.89511 1.50882 1.25278 1.5873 2.52522 1.15755 1.05073 1.0401 0.980179 0.9375 0.765139 0.740192 0.649984 0.623077 0.615502
threshold=53121.970633111909 221265.71321075334 8116.7622222222235 152845.02500000002 8.5000000000000018 11.500000000000002 0.65441861821884562 9472.6638888888901 -3066.3966523577133 35324.745000000003 0.41583233434241484 1.0019859911053559 1.2965982343804165 47741.265000000007 8.5000000000000018 10.500000000000002 0.2367675219283791 5.5000000000000009 0.67395474368577224 8.5000000000000018 80566.710000000021 0.99990730815975726 7557.0300000000007 7338.6932881157809 12033.770000000002 0.99216001214587868 12199.930000000002 38119.025000000009 20.500000000000004 5612.4730187829291
decision_type=2 2 2 2 2 2 2 2 2 2 2 2 2 2 2 2 2 2 2 2 2 2 2 2 2 2 2 2 2 2
left_child=2 3 8 4 7 6 -6 11 22 -3 -7 -2 21 16 -15 -16 23 25 -19 -20 -14 27 -1 -10 -22 -5 -24 -4 -11 -29
right_child=1 9 12 17 5 10 -8 -9 13 28 -12 -13 20 14 15 -17 -18 18 19 -21 24 -23 26 -25 -26 -27 -28 29 -30 -31
leaf_value=-413.25710870198031 -1.212165146135797 1102.7463080016366 -219.43251451373601 696.8276324788269 70.961258301053263 2890.2901261992783 3.3642989026804191 38.516453587520999 -571.25632479797036 862.80689153213098 -27.145380584227951 -34.900850391378491 -419.39936026139151 -70.528272193029835 51.961706651201474 -32.107440821194814 -260.01898444953844 259.81197978003627 103.82542598629709 627.06137946013143 -27.864698833209633 3382.3389213783535 953.87298938369065 -55.948156329212637 3095.7551052646436 4.0821867833285843 -86.079276364601668 0.18213589877287753 1111.9636810578947 483.52497994554471
leaf_weight=1475 1014 26 1506 24 659 22 360 976 736 32 336 590 1107 461 104 66 9599 36 25 23 60 34 20 293 20 38 23 331 20 86
leaf_count=1475 1014 26 1506 24 659 22 360 976 736 32 336 590 1107 461 104 66 9599 36 25 23 60 34 20 293 20 38 23 331 20 86
internal_value=-0.00148075 0.0009823 -0.00212757 0.000677796 0.000479908 0.0016841 0.0027998 -0.000162791 -0.00245762 0.017 -0.00149162 -0.000905238 -0.00078626 -0.00261098 -0.00124089 0.00282353 -0.00269232 0.0060411 0.00842857 0.012 -0.00160994 -0.000286664 -0.00132016 -0.00160058 0.001875 0.00280645 0.00327907 -0.000379096 0.0206538 0.000669064
internal_weight=20102 4181 15921 4103 3957 1377 1019 2580 12777 78 358 1604 3144 11259 631 170 10628 146 84 48 1187 1957 1518 1029 80 62 43 1923 52 417
internal_count=20102 4181 15921 4103 3957 1377 1019 2580 12777 78 358 1604 3144 11259 631 170 10628 146 84 48 1187 1957 1518 1029 80 62 43 1923 52 417
is_linear=0
shrinkage=0.03


Tree=61
num_leaves=31
num_cat=0
split_feature=0 0 27 21 13 28 28 17 8 23 7 28 28 15 27 15 20 28 17 28 15 27 13 27 28 28 9 15 12 26
split_gain=34.3508 21.7024 7.92247 5.0289 2.82692 2.7135 3.30992 3.91405 2.50169 2.28869 1.60141 1.54741 1.49059 1.43013 1.40619 1.31745 1.29501 1.25671 1.66914 0.879181 0.978407 0.854792 0.822439 0.803397 1.46069 1.99964 0.779292 0.765139 0.71881 0.833899
threshold=53121.970633111909 221265.71321075334 8116.7622222222235 88855.290000000023 35324.745000000003 8.5000000000000018 9.5000000000000018 0.66199764146913231 152845.02500000002 2730.82740291442 17597.874616684141 11.500000000000002 8.5000000000000018 1.3709697863374275 6826.4144444444455 1.0019859911053559 0.99990730815975726 5.5000000000000009 0.67395474368577224 4.5000000000000009 1.0319907979064369 71992.866666666683 24845.950000000004 5350.9725000000008 8.5000000000000018 10.500000000000002 80566.710000000021 0.99216001214587868 1442.0800000000002 2.5000000000000004
decision_type=2 2 2 2 2 2 2 2 2 2 2 2 2 2 2 2 2 2 2 2 2 2 2 2 2 2 2 2 2 2
left_child=2 3 9 5 -3 15 7 -7 11 23 28 12 -5 16 -8 22 -4 27 -19 -12 -21 -17 -2 -1 -25 -26 -15 -10 -11 -30
right_child=1 4 13 8 -6 6 14 -9 17 10 19 -13 -14 26 -16 21 -18 18 -20 20 -22 -23 -24 24 25 -27 -28 -29 29 -31
leaf_value=-305.14214355964157 -1.0268637991183214 1069.6639187615876 -102.30705238578288 47.365751719704242 1001.0526053085466 78.665506724965951 27.028885302360763 -10.87751560950235 675.92280350446242 -655.92404981868083 -162.1701130624877 -18.775046928549941 153.09294086737796 -436.10967966208312 -5.329995663103599 -31.448167134413278 3466.6935663947756 252.01762038663529 468.85193230808846 0.1351987200640887 -87.834730644513371 835.78307630862514 389.89530586855693 -86.960122045054106 32.165861110869308 -76.877019486401906 477.00359476892754 3.9597211798291436 -71.399828118177368 -490.0494278886564
leaf_weight=7251 1142 26 2036 637 52 157 114 91 24 2332 333 108 283 994 624 764 36 36 45 703 174 20 20 827 137 126 78 38 395 499
leaf_count=7251 1142 26 2036 637 52 157 114 91 24 2332 333 108 283 994 624 764 36 36 45 703 174 20 20 827 137 126 78 38 395 499
internal_value=-0.00148075 0.000939248 -0.00211626 0.000641237 0.0166154 -2.25109e-05 0.00125963 0.00425806 0.00230316 -0.00244823 -0.00189766 0.00178599 0.00218478 -0.000767176 0.000252032 -0.000672149 -0.000306951 0.00602098 0.00848148 -0.000966943 -0.000468644 -0.00162245 -3.09818e-05 -0.00274104 -0.00198165 -3.42212e-05 -0.00165672 0.00280645 -0.00224675 -0.00152349
internal_weight=20102 4181 15921 4103 78 2932 986 248 1171 12777 4436 1028 920 3144 738 1946 2072 143 81 1210 877 784 1162 8341 1090 263 1072 62 3226 894
internal_count=20102 4181 15921 4103 78 2932 986 248 1171 12777 4436 1028 920 3144 738 1946 2072 143 81 1210 877 784 1162 8341 1090 263 1072 62 3226 894
is_linear=0
shrinkage=0.03


Tree=62
num_leaves=31
num_cat=0
split_feature=0 0 27 27 28 28 19 13 16 27 1 8 18 8 28 28 18 10 31 20 16 10 7 9 2 7 31 20 5 5
split_gain=33.2564 21.8019 7.87968 4.16986 2.8417 4.74998 3.32068 2.82692 2.72435 1.76152 1.51247 1.50541 1.48386 1.45919 4.17168 2.89511 1.63345 1.13676 1.10811 1.07235 0.981237 0.932365 0.905683 0.85702 0.75421 0.751544 0.720979 0.717436 0.713526 0.702843
threshold=53121.970633111909 221265.71321075334 8116.7622222222235 10639.277500000002 8.5000000000000018 9.5000000000000018 0.19109352562657619 35324.745000000003 -3066.3966523577133 6826.4144444444455 13590.322441594284 152845.02500000002 0.62188634329605919 47741.265000000007 8.5000000000000018 10.500000000000002 0.2367675219283791 55551.200000000004 31.500000000000004 0.99990730815975726 -459.83545176934507 486485.44500000001 7651.9766155312154 52893.280000000006 65320.264999999999 28794.89960817471 6.5000000000000009 0.30518315788794953 42506.533204068859 56508.898828125006
decision_type=2 2 2 2 2 2 2 2 2 2 2 2 2 2 2 2 2 2 2 2 2 2 2 2 2 2 2 2 2 2
left_child=2 3 8 4 12 6 -6 -3 17 -7 29 23 -2 16 -15 -16 22 25 -13 21 -14 28 -10 24 -5 -1 -27 -19 -12 -4
right_child=1 7 10 11 5 9 -8 -9 13 -11 19 18 20 14 15 -17 -18 27 -20 -21 -22 -23 -24 -25 -26 26 -28 -29 -30 -31
leaf_value=-429.97367083080712 -39.363503561485338 1037.57400119874 -366.30804931525785 3685.0834050750523 -4.8679525309614604 32.115809670343104 79.500779830625262 971.0210271492906 -544.45366477070911 -8.3138130694037766 -54.505310647691928 265.13591689152082 12.58946229831016 -63.58460868723926 49.726157939598444 -31.148273558160856 -245.0106174544365 -84.919566721591295 577.54107908866195 3453.815657149139 -11.23419322528591 2657.0496790060834 -31.75406250391471 71.154829885967402 51.719096137477955 -276.27486698156417 553.61814656630293 1398.0501951749268 -394.69534229421788 487.56458604003944
leaf_weight=1079 630 26 1359 22 80 116 157 52 752 605 1422 123 393 461 104 66 9599 274 21 33 845 36 277 1040 71 82 46 37 272 22
leaf_count=1079 630 26 1359 22 80 116 157 52 752 605 1422 123 393 461 104 66 9599 274 21 33 845 36 277 1040 71 82 46 37 272 22
internal_value=-0.00147776 0.000903372 -0.00210307 0.000604679 -3.82173e-05 0.00129019 0.00497468 0.0166154 -0.00243414 7.90562e-05 -0.000757634 0.00202741 -0.000719487 -0.00259499 -0.00119334 0.00282353 -0.00267821 -0.00124111 0.00491667 -0.00017527 -0.000116317 -0.000277457 -0.00154227 0.00166019 0.00441935 -0.00165783 0.000515624 0.000376205 -0.000378985 -0.00150109
internal_weight=20102 4181 15921 4103 2826 958 237 78 12777 721 3144 1277 1868 11259 631 170 10628 1518 144 1763 1238 1730 1029 1133 93 1207 128 311 1694 1381
internal_count=20102 4181 15921 4103 2826 958 237 78 12777 721 3144 1277 1868 11259 631 170 10628 1518 144 1763 1238 1730 1029 1133 93 1207 128 311 1694 1381
is_linear=0
shrinkage=0.03


Tree=63
num_leaves=31
num_cat=0
split_feature=0 0 26 10 0 19 28 28 17 7 0 28 28 19 25 28 28 0 12 9 16 20 28 14 24 3 12 3 25 19
split_gain=32.2129 21.8816 6.68042 4.49163 3.86265 2.82692 2.62726 3.0993 3.10428 2.29207 2.12443 3.7532 3.86497 2.27325 1.70632 1.64113 2.21911 2.25233 1.43306 1.35133 1.16419 0.981498 0.975435 0.974062 0.845318 0.78812 1.3529 1.31651 0.780872 0.657489
threshold=53121.970633111909 221265.71321075334 5.5000000000000009 50711.480000000003 88303.766903126016 0.14851091671632108 8.5000000000000018 10.500000000000002 0.66199764146913231 16359.266596905758 46127.395016000002 8.5000000000000018 9.5000000000000018 0.24098306408327599 52350.185000000005 11.500000000000002 8.5000000000000018 179834.79752141124 7680.4900000000007 104662.74500000001 -528.50679949242101 0.22451558036722105 10.500000000000002 1.0000000180025095e-35 77984.90833333334 10634.015000000001 6800.7150000000011 59321.635000000009 17631.892500000005 0.19543103287098856
decision_type=2 2 2 2 2 2 2 2 2 2 2 2 2 2 2 2 2 2 2 2 2 2 2 2 2 2 2 2 2 2
left_child=2 4 3 9 6 -3 20 8 -8 18 -4 -12 13 -13 -9 16 21 -18 -1 23 29 -6 -14 -11 -22 -5 28 -28 -27 -2
right_child=1 5 10 25 15 -7 7 14 -10 19 11 12 22 -15 -16 -17 17 -19 -20 -21 24 -23 -24 -25 -26 26 27 -29 -30 -31
leaf_value=-546.92217446802044 -9.7651557837534568 1006.4467811627774 -268.46669961188911 -167.51604748821509 36.606365376826233 941.89039633481218 62.753581118191256 713.04309088758339 -6.3752835943551309 28.333856832802109 -68.988814057388041 13.380396097953632 14.195890340782562 66.657881682070553 -15.975783822821366 -17.565214374440803 153.68563984028577 617.4412074589701 525.66582893854434 1317.3600664412643 -28.670738353016198 616.78100868506931 -52.034216467330744 -372.58783168448542 1.392151387408362 102.60257486034823 1450.0150634523707 -655.78613775723727 -391.74089651084898 19.370686362513212
leaf_weight=5194 276 26 6212 857 657 52 330 49 177 280 747 47 90 48 476 102 268 21 43 22 1052 53 179 1166 313 418 153 40 425 329
leaf_count=5194 276 26 6212 857 657 52 330 49 177 280 747 47 90 48 476 102 268 21 43 22 1052 53 179 1166 313 418 153 40 425 329
internal_value=-0.00146881 0.00087467 -0.00208423 -0.0015171 0.000575432 0.0166154 1.79873e-05 0.00124419 0.00291716 -0.00188143 -0.0027501 -0.00154185 0.000956043 0.00615789 -0.000371429 0.00209537 0.00246546 0.00468166 -0.0021751 -0.000833788 -0.000624366 0.00156338 -0.000881042 -0.000946059 -0.00110989 -0.000226625 0.000330115 0.00259585 -0.000188613 0.000471074
internal_weight=20102 4181 15921 8598 4103 78 3002 1032 507 6705 7323 1111 364 95 525 1101 999 289 5237 1468 1970 710 269 1446 1365 1893 1036 193 843 605
internal_count=20102 4181 15921 8598 4103 78 3002 1032 507 6705 7323 1111 364 95 525 1101 999 289 5237 1468 1970 710 269 1446 1365 1893 1036 193 843 605
is_linear=0
shrinkage=0.03


Tree=64
num_leaves=31
num_cat=0
split_feature=9 0 21 10 26 11 19 28 28 18 7 12 10 0 28 28 17 28 28 17 28 28 19 11 19 11 8 12 2 11
split_gain=31.2476 22.9448 4.934 4.38145 3.16144 2.97108 2.82692 1.96779 2.50978 3.51354 1.64938 1.56447 1.42085 1.32451 1.76459 2.59502 1.29452 2.32668 3.42308 1.30991 1.21904 1.23331 1.20608 1.20246 1.10095 1.15238 1.05876 1.04592 0.985833 0.818148
threshold=32056.830000000005 221265.71321075334 87403.74500000001 78885.830000000016 7.5000000000000009 9776.465000000002 0.14851091671632108 8.5000000000000018 9.5000000000000018 0.5519758399339707 31587.051403989954 5980.7050000000017 194114.91 46127.395016000002 8.5000000000000018 9.5000000000000018 0.66369133439768135 8.5000000000000018 10.500000000000002 0.66057956758803249 11.500000000000002 8.5000000000000018 1.0000000180025095e-35 56446.860000000008 0.085113652759287992 4335.6400000000003 10411.367500000002 3444.4750000000004 41108.000000000007 58791.150000000009
decision_type=2 2 2 2 2 2 2 2 2 2 2 2 2 2 2 2 2 2 2 2 2 2 2 2 2 2 2 2 2 2
left_child=3 2 16 4 10 -5 -3 -7 9 -9 27 -10 20 -6 -15 -16 17 19 -19 -2 21 -4 26 -14 25 -12 -18 -1 -26 -25
right_child=1 6 12 5 13 7 -8 8 11 -11 24 -13 23 14 15 -17 22 18 -20 -21 -22 -23 -24 29 28 -27 -28 -29 -30 -31
leaf_value=-515.66025366339443 -7.5976242673110068 976.25337772789374 19.634091365104162 518.04004030841986 -267.72673423327711 -89.613176527800377 913.63368444476771 -11.876894968509836 73.737338928249045 91.361805327787096 1635.250456696906 -43.008268713085315 36.556298984091022 -56.181031999737002 64.478890169671999 -2.3709672884162156 -506.99380128162727 50.840150931431062 -6.1358487704031921 29.699680339924303 -27.791166014438904 101.53082097200918 -28.368077148642225 244.91405805181572 -701.77789151816899 -651.34997858749534 151.87864860270369 -225.15468811644044 360.14006009016839 315.73844691130256
leaf_weight=6075 1120 26 531 565 5902 682 52 50 23 37 42 228 102 215 25 126 201 286 280 21 94 229 1479 30 80 28 731 547 25 270
leaf_count=6075 1120 26 531 565 5902 682 52 50 23 37 42 228 102 215 25 126 201 286 280 21 94 229 1479 30 80 28 731 547 25 270
internal_value=-0.00147776 0.000461114 0.000226646 -0.00219932 -0.00238002 -0.00070978 0.0166154 -0.00167647 0.000195266 0.00458621 -0.00193188 -0.00132669 0.00187261 -0.00286599 -0.00111475 0.00137086 -0.000275377 0.000356766 0.00192933 -0.000423314 0.00118033 0.00157895 -0.000722937 0.00334328 0.000942856 0.00385714 0.000122317 -0.00200785 -0.001 0.0043
internal_weight=20102 5452 5374 14650 13065 1585 78 1020 338 87 6797 251 1256 6268 366 151 4118 1707 566 1141 854 760 2411 402 175 70 932 6622 105 300
internal_count=20102 5452 5374 14650 13065 1585 78 1020 338 87 6797 251 1256 6268 366 151 4118 1707 566 1141 854 760 2411 402 175 70 932 6622 105 300
is_linear=0
shrinkage=0.03


Tree=65
num_leaves=31
num_cat=0
split_feature=9 0 27 0 13 11 10 10 28 28 16 31 28 16 17 18 27 27 17 28 10 7 3 4 22 27 10 3 12 14
split_gain=30.45 22.9605 5.4147 4.37897 2.82692 2.3385 2.351 1.65191 1.47693 2.21467 2.10247 1.36878 3.23538 2.42596 1.23666 1.18841 1.83714 1.16611 1.48204 2.4301 1.06094 1.02005 0.980335 0.970416 0.917792 0.859524 0.742465 0.741228 1.00098 0.694698
threshold=32056.830000000005 221265.71321075334 5450.7747916666676 88303.766903126016 35324.745000000003 4946.4250000000011 78885.830000000016 163521.62500000003 11.500000000000002 8.5000000000000018 -508.22793880400496 32.500000000000007 10.500000000000002 356.58800617504772 0.63276733492315196 5612.4730187829291 18713.832500000004 63211.695000000007 0.66369133439768135 8.5000000000000018 42893.587500000009 32675.552548452757 13637.01 74810.335000000021 89691.240000000005 3353.8266666666668 27698.860000000004 43663.44000000001 3576.6600000000003 3887.5000000000005
decision_type=2 2 2 2 2 2 2 2 2 2 2 2 2 2 2 2 2 2 2 2 2 2 2 2 2 2 2 2 2 2
left_child=2 3 5 17 -3 6 21 11 9 24 -11 15 13 -13 -8 20 -17 18 19 -2 -4 26 -9 -20 -5 -16 -1 28 -24 -19
right_child=1 4 7 8 -6 -7 14 22 -10 10 -12 12 -14 -15 25 16 -18 29 23 -21 -22 -23 27 -25 -26 -27 -28 -29 -30 -31
leaf_value=-594.65388481572802 -6.2779287317896744 946.96577639605664 -544.18305655520817 152.24358393519586 886.22467391142482 -253.80519756335823 -29.949120207621998 -99.116564329203271 -18.668465245801592 327.27981912045499 105.18519467699187 63.644944365439983 -41.20718203766652 10.884606520265409 410.62719598289345 -328.8419799227529 390.33749726582766 181.15183902357461 -41.608782843072063 21.46270007765877 -51.013213099598886 926.91575404545915 1094.2438366054587 3.4441758561200064 36.368020518168628 1902.5139498740921 -257.15981638870699 -1241.503182117475 3636.9874197324157 2077.461266776997
leaf_weight=2765 1171 26 1332 66 52 6563 95 83 102 70 219 26 90 54 28 578 187 141 1766 595 1879 35 31 538 643 20 820 20 44 63
leaf_count=2765 1171 26 1332 66 52 6563 95 83 102 70 219 26 90 54 28 578 187 141 1766 595 1879 35 31 538 643 20 820 20 44 63
internal_value=-0.00145836 0.000455612 -0.00217065 0.000221064 0.0166154 -0.00254387 -0.00194765 -0.00127937 0.00190909 0.00226052 0.00447405 -0.00140087 0.00123529 0.005625 0.00182517 -0.00151358 -0.000450981 -0.000213384 -0.000324325 0.000329558 -0.00176674 -0.00209669 0.00155056 -0.000825522 0.00135825 0.00575 -0.00214644 0.00363158 0.005 0.002
internal_weight=20102 5452 14650 5374 78 10326 3763 4324 1100 998 289 4146 170 80 143 3976 765 4274 4070 1766 3211 3620 178 2304 709 48 3585 95 75 204
internal_count=20102 5452 14650 5374 78 10326 3763 4324 1100 998 289 4146 170 80 143 3976 765 4274 4070 1766 3211 3620 178 2304 709 48 3585 95 75 204
is_linear=0
shrinkage=0.03


Tree=66
num_leaves=31
num_cat=0
split_feature=24 0 27 26 1 13 10 27 31 28 20 20 18 13 15 13 26 2 27 27 8 10 22 23 27 15 18 12 3 18
split_gain=29.4663 20.6081 8.02374 3.2376 2.71522 2.5641 2.18898 1.84891 1.42951 2.17883 2.30666 1.53006 1.39064 1.42857 1.77957 1.27902 3.91875 1.26731 1.18347 0.874493 0.873824 0.830785 0.89288 0.79431 0.788739 0.787495 0.777261 0.72205 0.716425 0.715925
threshold=56509.270833333336 221265.71321075334 5350.9725000000008 5.5000000000000009 98979.056105960713 35324.745000000003 30823.727500000005 38119.025000000009 32.500000000000007 10.500000000000002 0.12810516507260039 0.37058961787160294 0.67652637903821555 30224.580000000005 0.9943434785140367 14385.930000000002 7.5000000000000009 154204.09000000003 11058.183750000002 8893.6377777777798 19853.980000000003 78885.830000000016 16764.475000000002 4234.1324849268085 14649.400000000001 0.84482466141442969 17903.174032966144 6072.9750000000013 125607.57500000001 0.53358113006334162
decision_type=2 2 2 2 2 2 2 2 2 2 2 2 2 2 2 2 2 2 2 2 2 2 2 2 2 2 2 2 2 2
left_child=2 4 3 6 12 -3 26 8 11 10 -10 25 19 14 -14 16 24 28 -15 -2 -13 -8 -23 -19 -6 -4 27 -1 -17 -18
right_child=1 5 7 -5 15 -7 21 -9 9 -11 -12 20 13 18 -16 17 29 23 -20 -21 -22 22 -24 -25 -26 -27 -28 -29 -30 -31
leaf_value=-560.85491067954763 -18.207889786166294 918.5568031041754 -75.21733571194747 -241.70198136954087 3086.8816134600447 859.63793369408177 -199.4924097553681 136.27341378875025 46.457032921480824 -44.585720650517501 14.847828126763 -105.63079707448779 34.599240746542009 133.07499145019028 0.30981506812593351 54.574261429594799 636.43566190328829 314.58615067814657 58.422493724949234 8.4701778618820356 1592.1129849520607 -25.392726848136324 557.41961335092299 188.46773627353875 263.40787334701702 -72.803679043633878 99.352391074499991 382.22155068160549 -16.746146484931053 659.89191597074978
leaf_weight=3364 814 26 583 6008 25 52 835 582 20 92 77 258 373 21 970 323 23 28 30 645 88 162 47 90 99 4173 69 37 168 20
leaf_count=3364 814 26 583 6008 25 52 835 582 20 92 77 258 373 21 970 323 23 28 30 645 88 162 47 90 99 4173 69 37 168 20
internal_value=-0.00144195 0.000973563 -0.00198811 -0.00248394 0.000645632 0.0162308 -0.00187683 -0.00109978 -0.00127632 0.00128571 0.00442268 -0.00137123 0.000217665 0.000895265 0.000708115 0.00221907 0.00454491 0.00158128 0.00582353 -0.000429747 0.000554913 -0.000672415 0.00101914 0.00437288 0.00183871 -0.00151135 -0.00223919 -0.00230315 0.000910386 0.0123488
internal_weight=20102 3707 16395 10522 3629 78 4514 5873 5291 189 97 5102 2853 1394 1343 776 167 609 51 1459 346 1044 209 118 124 4756 3470 3401 491 43
internal_count=20102 3707 16395 10522 3629 78 4514 5873 5291 189 97 5102 2853 1394 1343 776 167 609 51 1459 346 1044 209 118 124 4756 3470 3401 491 43
is_linear=0
shrinkage=0.03


Tree=67
num_leaves=31
num_cat=0
split_feature=7 24 27 2 28 28 15 17 27 10 5 13 27 20 18 17 7 10 28 13 24 18 16 4 21 2 13 4 28 10
split_gain=28.7318 20.9746 7.72487 3.09862 2.64243 4.82125 2.92712 3.85042 2.43153 2.07363 1.93112 1.71508 1.41432 1.32489 1.2288 1.13192 1.08793 1.01127 1.68089 0.968298 1.39636 0.959763 0.931882 0.970222 0.907407 0.865296 0.864455 0.857684 0.820885 0.819308
threshold=54162.484964718598 220479.9016666667 5308.123125000001 12199.930000000002 8.5000000000000018 10.500000000000002 1.0218408639137027 0.64153983068822262 31146.690000000006 30823.727500000005 72848.753217363599 35324.745000000003 15826.930000000002 0.99912062516713107 5612.4730187829291 0.89140865729259622 28794.89960817471 40176.835000000006 8.5000000000000018 41191.835000000006 121659.97750000002 10148.017696692326 17.602633535649151 21789.740000000002 20161.345000000005 33417.55000000001 25325.175000000003 89504.780000000013 11.500000000000002 78885.830000000016
decision_type=2 2 2 2 2 2 2 2 2 2 2 2 2 2 2 2 2 2 2 2 2 2 2 2 2 2 2 2 2 2
left_child=2 4 3 9 10 6 7 -6 13 16 22 -3 28 17 27 -14 -1 21 -19 25 -21 -4 -2 -24 -18 -12 -8 -10 -7 -11
right_child=1 11 8 -5 5 12 26 -9 14 29 19 -13 15 -15 -16 -17 24 18 -20 20 -22 -23 23 -25 -26 -27 -28 -29 -30 -31
leaf_value=-545.83732849609373 -5.8195312987486627 932.37650728971028 -510.41631957869868 -244.70136726617383 110.61806287426134 3.6290665137265643 -18.319953638035006 56.397418874347842 -145.48664630755886 -220.69444711178733 2405.616537229404 844.50233102957395 275.54007661992597 2347.9440275172815 505.05004672621777 159.92267158238516 833.54584849886453 -69.304631476399635 -0.64070035949139603 -7.2329401842583225 242.30298536967987 -232.94820612739099 969.12289520751312 -42.638018512956798 -238.36513458624438 8.1005224606405513 38.830689985077527 1042.0810858145417 -22.273960297935364 116.06915468307076
leaf_weight=3147 766 29 1481 6277 240 277 119 221 552 759 27 49 58 59 197 68 27 1657 971 25 30 699 20 443 27 1291 77 38 283 188
leaf_count=3147 766 29 1481 6277 240 277 119 221 552 759 27 49 58 59 197 68 27 1657 971 25 30 699 20 443 27 1291 77 38 283 188
internal_value=-0.00144195 0.000825503 -0.00200927 -0.00249353 0.000520912 0.00160164 0.00343836 0.00474403 -0.00111638 -0.00185728 -3.68954e-05 0.0162308 -0.000157435 -0.00136655 0.000430749 0.00271428 -0.00222212 -0.00142138 -0.00102511 0.000736343 0.00463636 -0.00189908 -0.000900733 -0.00196328 0.002 0.000573596 0.000367346 -0.000254238 -0.000803572 -0.000624077
internal_weight=20102 4023 16079 10425 3945 1343 657 461 5654 4148 2602 78 686 4867 787 126 3201 4808 2628 1373 55 2180 1229 463 54 1318 196 590 560 947
internal_count=20102 4023 16079 10425 3945 1343 657 461 5654 4148 2602 78 686 4867 787 126 3201 4808 2628 1373 55 2180 1229 463 54 1318 196 590 560 947
is_linear=0
shrinkage=0.03


Tree=68
num_leaves=31
num_cat=0
split_feature=24 24 27 26 10 10 28 28 17 13 27 31 28 20 12 16 7 17 17 24 15 3 17 16 4 4 9 26 12 5
split_gain=28.136 20.7614 8.06673 3.18867 2.29785 2.27735 1.76358 2.69429 2.55798 1.71508 1.53107 1.39591 2.32131 3.31648 1.24922 1.18937 1.10081 1.04018 1.28306 1.84244 1.01454 0.825554 0.649624 0.622229 0.581123 1.37415 1.17312 0.741023 0.548474 0.525932
threshold=56509.270833333336 220479.9016666667 5269.6175000000012 5.5000000000000009 194114.91 30823.727500000005 11.500000000000002 8.5000000000000018 0.65047837707359968 35324.745000000003 51278.097500000011 32.500000000000007 10.500000000000002 0.12810516507260039 16659.02 -3579.9429483449217 28794.89960817471 0.94477111830065119 0.63153595588431133 178694.08500000005 1.0019859911053559 34128.010000000009 0.46294448738902488 464.59624618340246 23680.420000000002 40161.100000000006 92692.945000000022 1.5000000000000002 8407.3200000000015 20016.928356933597
decision_type=2 2 2 2 2 2 2 2 2 2 2 2 2 2 2 2 2 2 2 2 2 2 2 2 2 2 2 2 2 2
left_child=2 4 3 5 6 16 7 20 -9 -3 11 14 13 -13 15 -4 -1 18 22 -20 -2 -16 -6 28 -12 27 -27 -26 -7 -18
right_child=1 9 10 -5 17 23 -8 8 -10 -11 24 12 -14 -15 21 -17 29 -19 19 -21 -22 -23 -24 -25 25 26 -28 -29 -30 -31
leaf_value=-524.32862371656461 4.8842688340193128 904.40521207101904 -7.3610424326010184 -244.7515569377679 -155.67793029140088 -89.368873344475048 -23.855329380623836 56.863638060810551 -4.3834927347928225 819.16726109868694 -1.915050849327278 42.222946348618514 -46.437382115883651 13.201757977599677 3075.4110402737665 -68.185551408937727 660.38426121637872 235.38689145738621 1548.9481382493946 214.55827456229596 -16.058781307146425 -740.14491143095438 152.94209831548812 -445.23275987682428 206.55210052953524 -848.45043479715628 1031.5651475604611 2698.1893690972047 720.72124738504021 -241.05263969347951
leaf_weight=3383 1264 29 579 5884 20 920 274 494 292 49 269 22 97 79 64 4762 33 187 37 71 800 30 190 92 20 56 20 33 20 32
leaf_count=3383 1264 29 579 5884 20 920 274 494 292 49 269 22 97 79 64 4762 33 187 37 71 800 30 190 92 20 56 20 33 20 32
internal_value=-0.00144344 0.000916913 -0.00197713 -0.00248476 0.000587765 -0.0018817 0.00028425 0.000505262 0.002 0.0162308 -0.00110479 -0.00123185 0.00124242 0.00442574 -0.00132199 -0.00138233 -0.00225174 0.00246535 0.00350943 0.00616667 -6.39542e-05 0.00210638 0.00214286 -0.00064535 0.000693467 0.00234884 -0.000236843 0.0060566 -0.000414894 0.00161538
internal_weight=20102 3707 16395 10364 3629 4480 3124 2850 786 78 6031 5633 198 101 5435 5341 3448 505 318 108 2064 94 210 1032 398 129 76 53 940 65
internal_count=20102 3707 16395 10364 3629 4480 3124 2850 786 78 6031 5633 198 101 5435 5341 3448 505 318 108 2064 94 210 1032 398 129 76 53 940 65
is_linear=0
shrinkage=0.03


Tree=69
num_leaves=31
num_cat=0
split_feature=7 0 26 10 28 28 15 17 22 28 28 12 13 5 6 28 8 13 1 15 23 4 16 18 12 13 15 18 12 28
split_gain=27.6753 21.4897 6.64234 4.21548 3.26349 5.42775 3.18435 3.71125 2.71902 4.73497 4.64579 2.84807 2.5641 2.35675 2.13611 1.42934 1.30208 1.14934 1.65396 1.13189 1.05526 1.01243 0.92793 0.911566 0.887403 0.874825 0.829866 0.761535 0.76133 0.751021
threshold=50751.247100664274 221265.71321075334 5.5000000000000009 77379.014999999999 8.5000000000000018 10.500000000000002 1.0218408639137027 0.64386335207951395 43816.465000000011 8.5000000000000018 10.500000000000002 8554.0950000000012 35324.745000000003 72848.753217363599 13934.331674913441 11.500000000000002 99692.685000000012 1.0000000180025095e-35 50888.086475607699 1.0019859911053559 7988.8675919153766 18611.885000000002 -4785.7576076733349 0.63500561724754101 34870.195000000007 25325.175000000003 1.2491391115602453 0.16827905944668903 8348.7650000000012 6.5000000000000009
decision_type=2 2 2 2 2 2 2 2 2 2 2 2 2 2 2 2 2 2 2 2 2 2 2 2 2 2 2 2 2 2
left_child=2 4 3 14 13 6 7 -6 -4 -10 11 -11 -3 19 28 16 -7 18 -16 -2 26 -21 23 -15 -24 -8 27 -5 -1 -22
right_child=1 12 8 20 5 15 25 -9 9 10 -12 -13 -14 22 17 -17 -18 -19 -20 21 29 -23 24 -25 -26 -27 -28 -29 -30 -31
leaf_value=-467.39026085575586 -7.0459524669460114 835.89664743022809 -281.81294372573569 623.77902990197231 92.726980154083293 1.2067740313328066 -18.171318921422994 47.945779419095189 -73.728119047964483 40.10395703394925 -58.168706133098908 -8.7302981355667342 783.93870791941163 441.1682032323327 -68.09547395563483 -24.176238580970359 183.01030995828535 -373.39866188263812 1312.110943065662 940.30547047783978 183.04121630992924 -47.015531602238582 6.8080603424399238 1505.0167924664129 584.29988384652734 51.241659851064135 -291.78463801545769 1044.5893983308536 570.5373037612685 -410.6070073112985
leaf_weight=4967 1031 26 5800 233 281 335 150 241 808 136 224 59 52 36 995 394 54 1425 22 20 306 529 1287 26 32 82 30 53 24 444
leaf_count=4967 1031 26 5800 233 281 335 150 241 808 136 224 59 52 36 995 394 54 1425 22 20 306 529 1287 26 32 82 30 53 24 444
internal_value=-0.0014315 0.00061888 -0.00203581 -0.00147159 0.000348154 0.00146975 0.00328647 0.00458621 -0.00271823 -0.00143521 0.00115274 0.00453846 0.0162308 -0.000234043 -0.00172461 -0.000279694 0.00101028 -0.000997544 -0.000227139 -0.00102532 0.000292682 -0.00212568 0.000671252 0.00425806 0.000502653 0.000362068 0.00174683 0.00224475 -0.00208035 -0.000320001
internal_weight=20102 4576 15526 8499 4498 1537 754 522 7027 1227 419 195 78 2961 7433 783 389 2442 1017 1580 1066 549 1381 62 1319 232 316 286 4991 750
internal_count=20102 4576 15526 8499 4498 1537 754 522 7027 1227 419 195 78 2961 7433 783 389 2442 1017 1580 1066 549 1381 62 1319 232 316 286 4991 750
is_linear=0
shrinkage=0.03


Tree=70
num_leaves=31
num_cat=0
split_feature=0 0 26 10 1 28 28 20 28 28 18 13 13 0 28 8 16 12 18 15 26 2 10 24 9 9 12 17 23 1
split_gain=27.2661 21.4085 6.71255 3.90548 3.14649 6.12167 3.88487 2.85444 2.65978 4.31728 2.59946 2.58082 2.5641 2.12158 1.93683 2.51432 1.88977 1.48114 1.30496 1.09943 1.01937 0.998975 0.919656 0.84005 0.819522 0.863356 0.67313 0.9 0.662963 0.658195
threshold=51732.289178352446 221265.71321075334 5.5000000000000009 36727.805000000008 44215.007664152785 8.5000000000000018 10.500000000000002 0.17902012557479999 8.5000000000000018 9.5000000000000018 6967.7005750000008 13038.855000000001 35324.745000000003 72929.076461658828 11.500000000000002 99692.685000000012 322.22115710990334 8123.3450000000003 0.43377942803085245 1.0019859911053559 3.5000000000000004 268.79000000000002 78644.540000000023 22130.252500000002 38349.795000000006 26320.595000000005 34870.195000000007 0.67221585662131578 3460.430796076826 25209.566802177971
decision_type=2 2 2 2 2 2 2 2 2 2 2 2 2 2 2 2 2 2 2 2 2 2 2 2 2 2 2 2 2 2
left_child=2 8 3 10 -4 -6 7 -7 13 11 -1 17 -3 19 15 -11 -13 -10 -16 -2 -21 -12 29 -23 25 -24 -15 -28 -8 -5
right_child=1 12 4 22 5 6 28 -9 9 14 21 16 -14 26 18 -17 -18 -19 -20 20 -22 23 24 -25 -26 -27 27 -29 -30 -31
leaf_value=-518.53772016936557 -5.4214955848049247 810.81974800732121 -259.35243077372468 -250.94836433644252 -65.779374642515407 42.530407862187829 -56.581485855342194 -8.5087813234856 144.82209886785159 4.9000108292950104 493.87835533208931 139.8218668343261 760.42054668182914 13.888849748561626 2456.741800388063 232.00829045416091 54.309287474162794 -24.583130106046742 -25.711945925038805 371.35654159279557 -44.859418920177831 -248.08845881752964 222.07434741179262 16.010838429730857 -375.91235292574203 834.62877394944121 586.60681582275208 -17.02653601306492 32.465003906135991 70.606170445731067
leaf_weight=4445 868 26 5918 1212 831 134 142 55 50 639 68 127 52 1360 25 108 111 77 365 45 525 1124 607 392 408 74 20 20 32 242
leaf_count=4445 868 26 5918 1212 831 134 142 55 50 639 68 127 52 1360 25 108 111 77 365 45 525 1124 607 392 408 74 20 20 32 242
internal_value=-0.00142852 0.000653236 -0.00201492 -0.0014496 -0.00269629 -0.00129146 0.00195868 0.00493651 0.000373271 0.00139414 -0.00186548 0.00423288 0.0162308 -0.00016702 0.000482849 0.00137751 0.00607563 0.000779527 -0.00123077 -0.000976357 -0.002 -0.00082197 -0.000463626 -0.000981531 0.000195592 0.000832598 0.000664285 0.0045 -0.00127586 -0.00095736
internal_weight=20102 4418 15684 8572 7112 1194 363 189 4340 1502 6029 365 78 2838 1137 747 238 127 390 1438 570 1584 2543 1516 1089 681 1400 40 174 1454
internal_count=20102 4418 15684 8572 7112 1194 363 189 4340 1502 6029 365 78 2838 1137 747 238 127 390 1438 570 1584 2543 1516 1089 681 1400 40 174 1454
is_linear=0
shrinkage=0.03


Tree=71
num_leaves=31
num_cat=0
split_feature=7 24 26 10 28 28 13 19 24 28 28 27 27 5 28 27 27 10 27 12 13 24 15 4 15 10 12 23 10 12
split_gain=26.1445 18.5813 7.03192 3.8052 2.84284 4.54997 2.81568 2.71282 2.69869 5.10042 3.78056 4.84409 2.36456 2.12985 2.05848 2.7625 1.79837 1.77692 1.6764 1.2561 1.02401 1.39636 0.989926 0.979307 0.976894 0.873221 0.873166 0.870281 0.853066 0.817532
threshold=50751.247100664274 220479.9016666667 5.5000000000000009 77379.014999999999 8.5000000000000018 9.5000000000000018 13038.855000000001 0.15535951960727531 43839.847916666673 8.5000000000000018 10.500000000000002 5749.045000000001 7284.8286805555572 72848.753217363599 11.500000000000002 6826.4144444444455 18713.832500000004 1.0000000180025095e-35 6240.4785416666673 3750.4050000000002 41191.835000000006 121659.97750000002 1.0019859911053559 18611.885000000002 0.77778785159869057 33865.455000000009 3927.0050000000006 7988.8675919153766 285748.64000000007 10366.85
decision_type=2 2 2 2 2 2 2 2 2 2 2 2 2 2 2 2 2 2 2 2 2 2 2 2 2 2 2 2 2 2
left_child=2 4 3 16 13 6 18 -3 -4 -10 11 -11 -8 22 15 -7 19 -18 -6 25 24 -22 -2 -24 -15 -1 -21 29 -16 -5
right_child=1 7 8 27 5 14 12 -9 9 10 -12 -13 -14 20 28 -17 17 -19 -20 26 21 -23 23 -25 -26 -27 -28 -29 -30 -31
leaf_value=-470.72843782353897 -6.671929025393303 825.28070165844508 -264.27220303743326 354.4461468087419 65.208049883146444 38.588578739158201 66.298805360554994 748.38910628312124 -69.807789479312277 51.957804139479904 -50.946575272873552 -5.5220687520824514 93.133153736220919 1851.7367503515995 -25.969938955561922 18.676131502548806 301.98068592584343 -437.41166591936417 -22.555930204150467 285.38494882653055 -12.225122230925326 193.46246912105948 921.57972497681942 -44.259283086565887 5.1664334741858928 -240.00097568121248 -142.85324022076452 -90.511237100819827 2124.2724055938902 2339.6609927210989
leaf_weight=4943 1031 30 5824 278 35 105 50 48 827 96 187 93 188 36 369 663 365 530 100 33 25 30 20 529 1291 1065 497 750 26 38
leaf_count=4943 1031 30 5824 278 35 105 50 48 827 96 187 93 188 36 369 663 365 530 100 33 25 30 20 529 1291 1065 497 750 26 38
internal_value=-0.00143299 0.000559877 -0.00202035 -0.00143982 0.000308136 0.00135547 0.00423861 0.0150769 -0.0027225 -0.00142893 0.00146808 0.00446032 0.00620168 -0.000234977 0.000430782 0.00133594 -0.00168021 -0.000418995 0.000777777 -0.00185286 0.00062518 0.00463636 -0.000987342 -0.00201639 0.000458929 -0.00197637 -0.000452831 0.000236397 -0.00132911 0.00155696
internal_weight=20102 4576 15526 8499 4498 1536 373 78 7027 1203 376 189 238 2962 1163 768 7433 895 135 6538 1382 55 1580 549 1327 6008 530 1066 395 316
internal_count=20102 4576 15526 8499 4498 1536 373 78 7027 1203 376 189 238 2962 1163 768 7433 895 135 6538 1382 55 1580 549 1327 6008 530 1066 395 316
is_linear=0
shrinkage=0.03


Tree=72
num_leaves=31
num_cat=0
split_feature=9 25 27 2 0 19 10 22 12 9 10 17 18 27 27 4 18 28 4 28 27 28 10 22 16 18 8 15 0 13
split_gain=24.9516 17.2615 5.96878 3.42924 3.29413 3.14335 1.92713 1.73486 1.99825 1.73373 1.34545 1.02307 1.64645 1.33683 1.13568 1.15819 0.976007 0.945432 3.72406 5.77009 1.68011 0.918365 0.878955 1.36802 0.837575 0.832909 0.81166 0.686904 0.629631 0.709655
threshold=32056.830000000005 226832.15250000005 5046.9274305555564 10039.540000000001 88303.766903126016 0.15535951960727531 30823.727500000005 89691.240000000005 34870.195000000007 64531.605000000003 151778.12250000003 0.65315279860421616 0.54026921430181496 7284.8286805555572 27761.336250000004 74810.335000000021 0.75086348229378197 8.5000000000000018 44349.580000000009 9.5000000000000018 7873.7366666666676 11.500000000000002 78885.830000000016 12727.255000000001 -2205.8348001070735 0.78330826170684176 39684.975000000006 1.3451751228568589 18452.238828902326 2173.1450000000004
decision_type=2 2 2 2 2 2 2 2 2 2 2 2 2 2 2 2 2 2 2 2 2 2 2 2 2 2 2 2 2 2
left_child=2 4 3 6 11 -3 28 9 21 -6 17 12 -2 -14 15 -13 -10 20 -19 -20 24 -9 -8 -24 -4 -7 -11 -12 -1 -30
right_child=1 5 10 -5 7 25 22 8 16 26 27 14 13 -15 -16 -17 -18 18 19 -21 -22 -23 23 -25 -26 -27 -28 -29 29 -31
leaf_value=-484.70645818697523 -56.07948069097705 750.21490822896851 9.944564072480107 -263.57001680109283 135.41313175812741 763.01224993134269 -186.33341710588684 49.661736623206835 891.68416091133258 1425.5568446289249 740.67577037675562 -36.536743192654171 13.133328650362001 -0.018437809141458449 165.61139062090086 4.0482886493035455 39.309838175123453 -114.85152050746368 65.062866839731356 -0.69512639452618241 -176.20892842184622 -25.70549466867023 177.62467057311937 556.02688879852099 -75.369629967586974 477.34765031330375 38.831978014605632 -915.49125966745078 1096.4950359903612 -288.70432632109089
leaf_weight=2872 262 28 96 6006 35 24 647 851 39 20 199 1537 508 855 586 526 21 1145 108 387 1397 91 112 20 1578 23 46 33 29 21
leaf_count=2872 262 28 96 6006 35 24 647 851 39 20 199 1537 508 855 586 526 21 1145 108 387 1397 91 112 20 1578 23 46 33 29 21
internal_value=-0.00142553 0.000307043 -0.00207031 -0.00250242 0.00010768 0.0146 -0.00178411 0.00156936 0.00119162 0.00531683 -0.00122173 -0.000269537 0.000323076 0.000741745 -0.00063307 -0.000964131 0.0065 -0.00133157 -0.000750001 0.00142424 -0.00164214 0.000853502 -0.000458281 0.00177273 -0.00228315 0.0193404 0.00245454 0.00100862 -0.00213758 0.0012
internal_weight=20102 5452 14650 9707 5377 75 3701 1103 1002 101 4943 4274 1625 1363 2649 2063 60 4711 1640 495 3071 942 779 132 1674 47 66 232 2922 50
internal_count=20102 5452 14650 9707 5377 75 3701 1103 1002 101 4943 4274 1625 1363 2649 2063 60 4711 1640 495 3071 942 779 132 1674 47 66 232 2922 50
is_linear=0
shrinkage=0.03


Tree=73
num_leaves=31
num_cat=0
split_feature=7 25 26 10 19 0 18 24 27 29 22 31 12 24 18 16 19 20 27 19 29 18 12 10 19 15 10 7 11 18
split_gain=24.6112 15.869 7.84439 3.4117 2.83527 2.56183 2.55631 2.42924 2.2939 2.17127 1.70329 2.18632 2.01784 1.4237 1.26598 1.21856 1.25099 1.15138 1.07513 2.46094 1.06705 0.976007 0.941166 0.907889 0.724339 0.707697 0.689694 0.674525 0.649485 0.592661
threshold=50751.247100664274 226832.15250000005 5.5000000000000009 34920.010000000002 0.15535951960727531 88303.766903126016 5612.4730187829291 43839.847916666673 18713.832500000004 2.5000000000000004 89691.240000000005 15.500000000000002 34870.195000000007 89065.007500000007 0.69446471292958012 -426.73988432216714 0.17172062927215875 0.13883259444076776 5749.045000000001 0.28291282556676989 2.5000000000000004 0.75086348229378197 5727.5900000000011 155575.15500000003 0.60932988667025556 0.644993122707194 16052.372500000001 97414.782924832296 7559.3350000000009 0.78330826170684176
decision_type=2 2 2 2 2 2 2 2 2 2 2 2 2 2 2 2 2 2 2 2 2 2 2 2 2 2 2 2 2 2
left_child=2 5 3 6 -3 14 26 -4 22 -9 11 13 27 -7 17 16 -16 20 19 -11 -2 -14 -8 -5 28 -10 -1 -12 -25 -6
right_child=1 4 7 23 29 10 8 9 25 18 12 -13 21 -15 15 -17 -18 -19 -20 -21 -22 -23 -24 24 -26 -27 -28 -29 -30 -31
leaf_value=-585.01391497842701 -14.843961782965746 727.70846098209984 -249.62884652386779 -113.33608809529635 740.12188243340233 1480.5095563211387 -276.7671396506226 -64.823180387288886 734.55660338822418 -7.5668082359841859 -4.1307311656194132 123.99860265846345 864.93363608399261 -55.400660677761728 -6.5654580286703013 -0.65711336069925619 35.005035274465044 -21.508466457603685 -23.456513420037979 43.252602544982956 42.710999024894917 38.13054302986945 170.13711043595657 1357.1957473122286 -1204.2982035820255 233.05001290961863 -372.92897056996605 54.279031441812727 -78.345791941224277 463.02722080390436
leaf_weight=2317 276 28 5824 2219 24 27 1287 632 26 206 287 27 39 48 138 981 275 1425 279 86 303 21 111 202 63 295 1866 654 113 23
leaf_count=2317 276 28 5824 2219 24 27 1287 632 26 206 287 27 39 48 138 981 275 1425 279 86 303 21 111 202 63 295 1866 654 113 23
internal_value=-0.00141956 0.000513985 -0.00198944 -0.00137628 0.0142 0.000285936 -0.00177499 -0.00273104 -0.000801048 -0.00150374 0.00154216 0.00523529 0.00116583 0.0026 -0.000121837 0.000572453 0.00193947 -0.000604791 -0.000162873 0.00110959 0.000523315 0.0065 -0.00132618 -0.000470159 0.000888888 0.00148598 -0.00217523 0.000825717 0.00147619 0.0187021
internal_weight=20102 4576 15526 8499 75 4501 5902 7027 1719 1203 1103 102 1001 75 3398 1394 413 2004 571 292 579 60 1398 2597 378 321 4183 941 315 47
internal_count=20102 4576 15526 8499 75 4501 5902 7027 1719 1203 1103 102 1001 75 3398 1394 413 2004 571 292 579 60 1398 2597 378 321 4183 941 315 47
is_linear=0
shrinkage=0.03


Tree=74
num_leaves=31
num_cat=0
split_feature=7 25 26 10 19 28 28 15 19 24 28 28 18 12 5 27 8 15 14 15 4 3 12 3 27 14 12 28 8 22
split_gain=24.1507 15.9146 7.92635 3.27299 2.83527 2.44946 4.51254 2.90626 3.42907 2.42924 4.02298 3.06098 2.38795 2.28898 1.80286 1.72407 1.38851 1.07609 1.01937 0.891809 0.946733 0.8385 0.777838 1.26248 1.31165 0.873637 0.762529 0.759168 0.671856 0.610745
threshold=50751.247100664274 226832.15250000005 5.5000000000000009 34920.010000000002 0.15535951960727531 8.5000000000000018 10.500000000000002 1.0218408639137027 0.31896354445629521 43839.847916666673 8.5000000000000018 9.5000000000000018 6967.7005750000008 8554.0950000000012 72848.753217363599 23717.949500000002 152845.02500000002 0.77778785159869057 1469.9600000000003 1.0019859911053559 18611.885000000002 778.79500000000007 3444.4750000000004 10634.015000000001 63211.695000000007 4106.9750000000013 34870.195000000007 11.500000000000002 10673.472500000002 1.0000000180025095e-35
decision_type=2 2 2 2 2 2 2 2 2 2 2 2 2 2 2 2 2 2 2 2 2 2 2 2 2 2 2 2 2 2
left_child=2 5 3 12 -3 14 7 8 -7 -4 -11 13 29 -12 19 21 18 -16 -8 -2 -21 -14 -5 25 -25 -24 -19 -13 -17 -1
right_child=1 4 9 22 -6 6 16 -9 -10 10 11 27 15 -15 17 28 -18 26 -20 20 -22 -23 23 24 -26 -27 -28 -29 -30 -31
leaf_value=223.27481873462906 -6.4514561262048842 705.87720715263674 -242.13998112815173 -178.25281145355333 680.97104977911772 53.472243601626069 1736.6529334790073 0.02765781842993963 176.77432902215037 -62.903073269302091 49.876378720623009 3.3649847667988038 143.19951806446869 -6.3674695621785959 1816.1283243748874 -68.717564626781723 338.04688718825054 6.0503312828444846 -10.915546566545899 887.70411846160721 -42.089736257253222 -238.63492445260613 55.525514725920758 289.62067597433042 2743.1710414605823 -262.05644316085943 502.36254388464238 -75.328908381140479 790.9669452541508 -474.88151905815596
leaf_weight=39 1031 28 5824 1926 47 472 31 232 49 827 66 183 82 31 34 71 25 1311 727 20 529 1238 40 365 20 246 40 96 172 4300
leaf_count=39 1031 28 5824 1926 47 472 31 232 49 827 66 183 82 31 34 71 25 1311 727 20 529 1238 40 365 20 246 40 96 172 4300
internal_value=-0.00142105 0.000494317 -0.00198557 -0.00136922 0.0142 0.00026594 0.00123828 0.00289641 0.00414011 -0.00273104 -0.00150374 0.00106915 -0.00175974 0.00565979 -0.000237775 -0.000754319 -0.000356323 0.000552346 -0.000585753 -0.00093038 -0.0019071 -0.00118182 -0.00048171 0.000397913 0.00151948 -0.00111189 0.000419688 -0.000526882 0.0015679 -0.00212192
internal_weight=20102 4576 15526 8499 75 4501 1536 753 521 7027 1203 376 5902 97 2965 1563 783 1385 758 1580 549 1320 2597 671 385 286 1351 279 243 4339
internal_count=20102 4576 15526 8499 75 4501 1536 753 521 7027 1203 376 5902 97 2965 1563 783 1385 758 1580 549 1320 2597 671 385 286 1351 279 243 4339
is_linear=0
shrinkage=0.03


Tree=75
num_leaves=31
num_cat=0
split_feature=7 0 26 19 1 28 28 16 2 24 28 28 27 1 27 8 10 14 18 12 19 6 7 16 8 24 20 3 19 12
split_gain=23.161 15.0624 8.56363 3.52145 3.17714 2.27052 4.16937 2.41961 3.18338 2.25206 3.68724 2.51313 2.88923 2.15821 1.75298 1.38851 1.19224 1.01937 0.990368 1.10962 0.969095 0.930769 0.797637 0.742838 0.78764 0.732949 0.645378 0.629157 0.761002 0.590764
threshold=50751.247100664274 221265.71321075334 5.5000000000000009 0.15535951960727531 13387.454098231447 8.5000000000000018 10.500000000000002 -441.86023634881207 55982.195000000007 43839.847916666673 8.5000000000000018 10.500000000000002 5749.045000000001 110750.74761674409 8116.7622222222235 152845.02500000002 486485.44500000001 1469.9600000000003 0.14708910060627753 7068.9050000000016 1.0000000180025095e-35 29504.517682371916 8506.574951430146 71.773404942661742 52914.385000000002 5857.3258333333351 0.14833950949656197 131305.13000000003 0.29063422872196509 8407.3200000000015
decision_type=2 2 2 2 2 2 2 2 2 2 2 2 2 2 2 2 2 2 2 2 2 2 2 2 2 2 2 2 2 2
left_child=2 5 4 -3 18 14 7 13 -9 -4 -11 12 -12 -7 23 17 20 -8 -1 25 22 -18 -6 24 -2 -20 -5 -16 -29 -21
right_child=1 3 9 26 16 6 15 8 -10 10 11 -13 -14 -15 27 -17 21 -19 19 29 -22 -23 -24 -25 -26 -27 -28 28 -30 -31
leaf_value=-160.4109642185542 -23.842776129051096 690.46180408224768 -234.87578169430719 556.05005466631326 490.32016997913905 74.769368125347924 1684.5533454746369 54.443971269799917 18.842064643610193 -61.015981071223116 46.415602778958871 -49.080595170495201 -6.4135732052453038 292.75672445955803 1.6683438905173624 410.88552007235847 3571.8268084669726 -10.588080169549599 -594.70535634396629 882.58420083821841 -285.54512281738613 -86.926223026595224 -48.877168587812555 -37.115920654438533 -0.53381293491899562 -346.40591980139482 665.32772681552331 112.03721387730414 884.65800223297367 -250.08038399168294
leaf_weight=790 224 27 5824 21 26 132 31 57 525 827 96 187 93 40 1433 25 20 727 1442 30 1598 32 1576 463 628 2947 30 193 20 38
leaf_count=790 224 27 5824 21 26 132 31 57 525 827 96 187 93 40 1433 25 20 727 1442 30 1598 32 1576 463 628 2947 30 193 20 38
internal_value=-0.00140762 0.000468094 -0.00196045 0.0135385 -0.0013198 0.00024144 0.00117697 0.00276923 0.00184536 -0.00273531 -0.00155362 0.000909574 0.00334921 0.00589535 -0.000244175 -0.000356323 -0.000583027 -0.000585753 -0.00177644 -0.00194997 -0.000656251 0.00392308 -0.000134832 -0.00106084 -0.000535212 -0.00200889 0.0181765 0.000408262 0.00192958 0.00185294
internal_weight=20102 4576 15526 78 8499 4498 1537 754 582 7027 1203 376 189 172 2961 783 3252 758 5247 4457 3200 52 1602 1315 852 4389 51 1646 213 68
internal_count=20102 4576 15526 78 8499 4498 1537 754 582 7027 1203 376 189 172 2961 783 3252 758 5247 4457 3200 52 1602 1315 852 4389 51 1646 213 68
is_linear=0
shrinkage=0.03


Tree=76
num_leaves=31
num_cat=0
split_feature=27 25 5 26 19 15 28 8 12 0 27 26 27 1 3 15 18 7 28 18 12 18 12 13 6 9 3 1 28 17
split_gain=22.7326 16.1902 5.11477 4.60622 2.82437 1.95659 1.73609 3.38426 1.3708 1.33819 1.13381 1.19893 1.10825 0.922713 1.20333 0.898126 0.8974 0.954131 0.847688 0.84428 0.842747 0.753709 0.702405 0.697742 1.07223 1.2238 0.623234 0.538828 1.48909 1.85204
threshold=5269.6175000000012 226832.15250000005 77186.536556396502 5.5000000000000009 0.15535951960727531 1.0095901135374867 8.5000000000000018 47406.787500000006 34870.195000000007 16566.381877763753 11834.388125000003 8.5000000000000018 8116.7622222222235 33362.533832819012 17577.565000000006 1.3709697863374275 0.2367675219283791 7338.6932881157809 11.500000000000002 0.78330826170684176 39988.350000000013 0.21484443530308486 6072.9750000000013 2363.4900000000007 18215.796208418393 2815.1300000000006 41639.19000000001 44215.007664152785 8.5000000000000018 0.65170477705120244
decision_type=2 2 2 2 2 2 2 2 2 2 2 2 2 2 2 2 2 2 2 2 2 2 2 2 2 2 2 2 2 2
left_child=3 2 5 9 -3 6 12 -8 13 16 11 -7 -2 14 -4 -12 17 -1 -15 -6 -10 -19 -18 24 -11 -26 -25 -5 -29 -30
right_child=1 4 8 27 19 10 7 -9 20 23 15 -13 -14 18 -16 -17 22 21 -20 -21 -22 -23 -24 26 25 -27 -28 28 29 -31
leaf_value=-391.9638617230637 -23.678826009124457 669.7479499597805 673.98446016457547 -231.01726663757719 678.5127635096178 -96.339076807413221 -56.955750397186804 32.855273145503901 745.6765734495176 606.91025626937699 65.892594858510947 -3.7057585473690815 -5.0171043303155365 23.252454203358717 1614.0161563823672 -265.75835877295373 -413.85560261273133 -36.163213292161437 -15.589918449736299 409.40310863439555 168.63421389053127 352.75360327496242 255.33722326210884 -502.47870622383476 768.61983364340256 -97.274544183129848 150.39099291191923 -53.361777340359545 45.73043089377564 -3.7063211805958454
leaf_weight=687 1830 27 30 5632 24 1690 707 444 34 20 510 510 1253 1609 20 808 3006 287 166 23 32 43 35 120 30 234 39 203 21 28
leaf_count=687 1830 27 30 5632 24 1690 707 444 34 20 510 510 1253 1609 20 808 3006 287 166 23 32 43 35 120 30 234 39 203 21 28
internal_value=-0.00140016 -0.00035721 -0.000464483 -0.00237602 0.0136216 -0.000805728 -0.000371281 0.000622936 0.000934426 -0.00165363 -0.0013286 -0.00174546 -0.000742459 0.000780821 0.0048 -0.000632778 -0.00182454 -0.0010531 0.000667605 0.0180638 0.00518182 0.000272727 -0.00208254 -8.80368e-05 0.000802816 0.000295454 -0.00167925 -0.00292862 -0.00157143 0.00312245
internal_weight=20102 9717 9643 10385 74 7752 4234 1151 1891 4501 3518 2200 3083 1825 50 1318 4058 1017 1775 47 66 330 3041 443 284 264 159 5884 252 49
internal_count=20102 9717 9643 10385 74 7752 4234 1151 1891 4501 3518 2200 3083 1825 50 1318 4058 1017 1775 47 66 330 3041 443 284 264 159 5884 252 49
is_linear=0
shrinkage=0.03


Tree=77
num_leaves=31
num_cat=0
split_feature=7 0 23 19 1 18 28 28 0 17 7 28 28 0 6 1 18 15 12 18 17 18 12 19 10 8 18 10 16 14
split_gain=22.012 13.3986 6.48732 2.9302 2.72969 2.66011 2.43281 3.74241 2.69538 2.34175 1.36085 3.40235 2.42005 1.34865 1.3069 2.02256 1.17074 0.955938 1.13165 0.879917 0.855959 1.82551 0.772401 0.69411 0.768137 0.675657 0.660762 1.31535 0.607211 0.964506
threshold=50751.247100664274 221265.71321075334 3460.430796076826 0.15535951960727531 15769.560366519434 0.30278836557514205 8.5000000000000018 11.500000000000002 179834.79752141124 0.65441861821884562 42689.873289666466 8.5000000000000018 10.500000000000002 72929.076461658828 13516.705960609672 16565.058266169999 74.90000000000002 1.0019859911053559 925.29500000000007 0.78330826170684176 0.36835669123497211 23029.428459060728 3074.1550000000002 0.1691712377082599 116184.77000000002 7635.1375000000016 0.11882901120779703 51336.165000000008 -4785.7576076733349 8817.6250000000018
decision_type=2 2 2 2 2 2 2 2 2 2 2 2 2 2 2 2 2 2 2 2 2 2 2 2 2 2 2 2 2 2
left_child=2 6 5 -3 22 14 13 8 9 -8 16 -12 -13 17 -1 -16 -7 -2 -19 -5 21 25 26 24 -9 -6 27 -4 29 -15
right_child=1 3 4 19 20 10 7 23 -10 -11 11 12 -14 28 15 -17 -18 18 -20 -21 -22 -23 -24 -25 -26 -27 -28 -29 -30 -31
leaf_value=-284.60992153527246 -5.3420552486830317 649.65551146098744 129.37135821787246 638.79364555344682 871.51133201357084 -245.91586295212079 42.431123785039318 -61.40085683628164 434.18390207631461 -0.031189108850908361 -61.084511942137993 29.929228836345214 -46.680542570628575 -536.22296818405016 2543.7640747216456 -182.2141005504173 -366.11947962356174 367.44395333595259 -39.27433311643766 397.12101537536347 -68.950773167033873 853.33677779598088 -131.78827322457585 -25.50487164384165 1413.4815776042497 -49.277526992826722 -394.81037427333086 -168.16044983632679 7.1064493294622748 1840.333013027725
leaf_weight=913 1010 27 21 28 38 6176 731 20 21 391 863 186 174 32 23 81 695 24 535 23 2119 26 464 337 37 333 3263 151 1311 49
leaf_count=913 1010 27 21 28 38 6176 731 20 21 391 863 186 174 32 23 81 695 24 535 23 2119 26 464 337 37 333 3263 151 1311 49
internal_value=-0.00138673 0.00044187 -0.00192567 0.0127692 -0.00119486 -0.00244024 0.000228101 0.00119649 0.00206562 0.00186631 -0.00262194 -0.00169992 0.000749999 -0.00027457 -0.000994101 0.00219231 -0.00278606 -0.00087763 -0.00187299 0.017 -0.000424484 0.000853904 -0.00169197 -0.00132487 0.00173684 0.000315363 -0.00184716 -3.48844e-05 0.000405172 0.00292593
internal_weight=20102 4576 15526 78 6415 9111 4498 1537 1143 1122 8094 1223 360 2961 1017 104 6871 1569 559 51 2516 397 3899 394 57 371 3435 172 1392 81
internal_count=20102 4576 15526 78 6415 9111 4498 1537 1143 1122 8094 1223 360 2961 1017 104 6871 1569 559 51 2516 397 3899 394 57 371 3435 172 1392 81
is_linear=0
shrinkage=0.03


Tree=78
num_leaves=31
num_cat=0
split_feature=27 25 26 7 19 10 7 27 18 19 16 1 19 31 16 7 20 26 18 3 10 2 12 7 31 9 8 28 17 1
split_gain=21.7014 14.4255 4.59981 4.47042 2.26312 1.95631 1.83413 1.68569 1.48073 1.16651 2.19929 1.17074 1.0919 2.25116 1.13442 1.083 0.840736 0.775611 0.74263 0.804442 0.736141 0.638788 0.981208 0.616944 0.571429 0.532156 0.509533 1.69384 1.93975 0.535192
threshold=5215.8443750000015 226832.15250000005 5.5000000000000009 54162.484964718598 0.15535951960727531 30823.727500000005 97414.782924832296 31146.690000000006 0.78330826170684176 0.19543103287098856 -528.50679949242101 34314.704499189727 0.14328760720265651 20.500000000000004 7614.3388661875024 28794.89960817471 0.4049906126244382 8.5000000000000018 5612.4730187829291 4573.8100000000004 104956.36250000002 4918.630000000001 3885.5100000000007 40531.828281690083 6.5000000000000009 35075.505000000005 40890.855000000003 8.5000000000000018 0.65315279860421616 43746.331511262157
decision_type=2 2 2 2 2 2 2 2 2 2 2 2 2 2 2 2 2 2 2 2 2 2 2 2 2 2 2 2 2 2
left_child=2 3 5 7 -3 15 9 16 -6 11 -11 -5 13 -8 -14 -1 17 -2 20 -20 -9 22 23 -7 -17 -18 -4 -28 29 -29
right_child=1 4 26 6 8 21 12 18 -10 10 -12 -13 14 -15 -16 24 25 -19 19 -21 -22 -23 -24 -25 -26 -27 27 28 -30 -31
leaf_value=-399.57753926934419 -89.732327982402083 630.16584611715757 -262.62249818620853 898.91123917929235 638.99357123772631 -42.828944006929511 206.53331337492659 -439.77201141732291 385.20738491410253 33.93171005630893 -1.3094322516190293 -15.862147890434263 26.306752131692214 430.13311273947539 227.31044289271 -10.887822170954101 190.16718755916614 -2.4136106559603365 1710.3878819354184 219.88393369050311 413.63751001568869 -191.20567653489391 575.31136484886247 1463.5904904519234 614.23903932574456 -442.16836770293821 -64.712914584501263 3.1755548371941908 -44.063784141598234 37.439251424655545
leaf_weight=3368 4155 27 5368 36 24 590 172 321 23 452 1588 1051 545 43 23 50 245 573 47 150 269 389 39 24 20 52 358 20 59 21
leaf_count=3368 4155 27 5368 36 24 590 172 321 23 452 1588 1051 545 43 23 50 245 573 47 150 269 389 39 24 20 52 358 20 59 21
internal_value=-0.00139568 -0.000384648 -0.00235669 -0.000485086 0.0128108 -0.00163393 0.000299232 -0.00101273 0.0167872 -2.59041e-05 0.000397058 -0.000819688 0.0015977 0.0034186 0.00090845 -0.00197906 -0.00121493 -0.00131218 0.000278271 0.0018731 -0.000254238 -0.000495202 7.81004e-05 -0.000214984 0.00171428 0.000333333 -0.00291246 -0.00195197 0.0015 0.00651219
internal_weight=20102 9796 10306 9722 74 4480 3910 5812 47 3127 2040 1087 783 215 568 3438 5025 4728 787 197 590 1042 653 614 70 297 5826 458 100 41
internal_count=20102 9796 10306 9722 74 4480 3910 5812 47 3127 2040 1087 783 215 568 3438 5025 4728 787 197 590 1042 653 614 70 297 5826 458 100 41
is_linear=0
shrinkage=0.03


Tree=79
num_leaves=31
num_cat=0
split_feature=27 25 26 0 10 19 1 28 28 27 27 31 19 22 31 18 7 25 20 2 12 2 28 28 7 31 2 31 24 24
split_gain=20.9296 12.7261 4.86675 4.27405 1.89466 1.76399 1.69743 1.88126 3.60422 2.18844 1.36792 1.61561 3.17989 1.36603 1.35656 1.16564 1.05251 0.828226 0.789165 0.67758 0.961766 0.659788 0.865477 1.63497 0.604223 0.603919 0.859325 0.571429 0.534749 1.16963
threshold=5215.8443750000015 226832.15250000005 5.5000000000000009 88303.766903126016 30823.727500000005 0.15535951960727531 13590.322441594284 8.5000000000000018 9.5000000000000018 8116.7622222222235 15826.930000000002 20.500000000000004 0.16539939066747772 89691.240000000005 15.500000000000002 0.77649721994504595 28794.89960817471 33663.555000000008 0.09703553414474228 4918.630000000001 3885.5100000000007 43437.795000000006 8.5000000000000018 9.5000000000000018 40531.828281690083 4.5000000000000009 108107.06000000001 6.5000000000000009 22355.994999999999 24074.437500000004
decision_type=2 2 2 2 2 2 2 2 2 2 2 2 2 2 2 2 2 2 2 2 2 2 2 2 2 2 2 2 2 2
left_child=2 3 4 6 16 -3 25 9 -9 -8 13 17 -13 14 -5 -7 28 -12 -15 20 24 -4 -23 -24 -6 -2 -27 -18 -1 -30
right_child=1 5 21 10 19 15 7 8 -10 -11 11 12 -14 18 -16 -17 27 -19 -20 -21 -22 22 23 -25 -26 26 -28 -29 29 -31
leaf_value=-398.71339237132975 -192.8395724861995 611.26087073364283 -230.21867752033612 -2.6923330573183328 -41.544075686721492 648.86426726406739 -27.795996102038714 43.459837150852273 -7.5893939499239638 -4.0643720200872853 1209.1526008775813 449.86504531566129 47.821154832050432 102.25598026713676 84.99339700855181 344.35386344745109 -10.561187505825513 101.40015196708303 -1.2073786974844796 -185.469506238847 558.0520239033965 -49.526143476191614 36.28622875641792 -45.582328838986328 1419.6827757383655 -362.75405712336197 456.30818846259558 595.81186814597243 348.7300592030436 -470.45734009080599
leaf_weight=3303 830 27 5513 21 590 20 2194 552 1776 2014 25 44 79 20 25 27 50 248 641 389 39 205 22 86 24 1232 21 20 23 42
leaf_count=3303 830 27 5513 21 590 20 2194 552 1776 2014 25 44 79 20 25 27 50 248 641 389 39 205 22 86 24 1232 21 20 23 42
internal_value=-0.00138673 -0.000393835 -0.00233049 -0.000488172 -0.00158705 0.012 -0.000713193 -0.000475521 0.000208762 -0.000854088 0.00127017 0.00268182 0.00553658 0.00047949 0.00547826 0.0155106 -0.0019267 0.0013956 0.000131618 -0.000466411 0.000124042 -0.00290216 -0.0015623 0.00061111 -0.000166124 -0.00145895 -0.0018747 0.00171428 -0.00200238 0.000692307
internal_weight=20102 9796 10306 9722 4480 74 8619 6536 2328 4208 1103 396 123 707 46 47 3438 273 661 1042 653 5826 313 108 614 2083 1253 70 3368 65
internal_count=20102 9796 10306 9722 4480 74 8619 6536 2328 4208 1103 396 123 707 46 47 3438 273 661 1042 653 5826 313 108 614 2083 1253 70 3368 65
is_linear=0
shrinkage=0.03


Tree=80
num_leaves=31
num_cat=0
split_feature=27 25 26 0 15 26 17 27 10 16 27 31 19 22 31 16 8 23 20 23 10 3 8 29 14 31 23 19 17 23
split_gain=20.5538 12.7261 5.07871 4.01369 1.95882 1.64813 2.19259 1.81962 1.59925 1.41971 1.18617 1.51273 2.76359 1.36603 1.35656 1.12447 1.05502 0.921547 0.789165 0.718065 0.678272 0.829356 0.644825 0.763752 1.1918 0.625199 0.557669 0.544352 0.447564 0.749955
threshold=5215.8443750000015 226832.15250000005 5.5000000000000009 88303.766903126016 1.0001440973080882 8.5000000000000018 0.66369133439768135 8985.0116666666672 30823.727500000005 -479.41639146876327 15826.930000000002 20.500000000000004 0.16539939066747772 89691.240000000005 15.500000000000002 587.74591663317926 10233.817500000003 11814.328642920451 0.09703553414474228 3190.9824946343729 16052.372500000001 259.46000000000009 41355.575000000004 2.5000000000000004 16870.260000000002 20.500000000000004 1519.497447787988 0.021696241445997775 0.8751299483407966 1583.6802633071281
decision_type=2 2 2 2 2 2 2 2 2 2 2 2 2 2 2 2 2 2 2 2 2 2 2 2 2 2 2 2 2 2
left_child=2 3 8 5 -3 7 9 15 17 -7 13 19 -13 14 -5 -2 -9 20 -15 -12 -1 -22 -4 -24 -25 -26 -8 28 29 -10
right_child=1 4 22 10 -6 6 26 16 27 -11 11 12 -14 18 -16 -17 -18 -19 -20 -21 21 -23 23 24 25 -27 -28 -29 -30 -31
leaf_value=-449.94051662161206 -40.331174873175023 509.55636672493205 -238.5255650193634 -2.6115630655987618 664.77822157786306 20.739917295134838 -5.7589936465584062 -236.46373968771499 -381.16401533944412 2.6014906114316378 841.17164670472926 436.36909395619108 46.386520187088806 99.188300859122833 82.443595098295162 -91.219551225429868 -7.9829281643140702 -166.25055513663577 -1.1711573365596513 52.281499555988844 380.78119648623328 -299.98410045967574 -59.711458853306866 -38.966999236881442 -1.0677909961500713 31.716515468884438 -25.430688006916618 -142.75323892614608 -170.02631010422212 173.34409827307198
leaf_weight=2142 1710 34 5420 21 40 341 381 1098 83 1148 47 44 79 20 25 1190 2292 599 641 226 33 664 232 117 33 24 459 433 307 219
leaf_count=2142 1710 34 5420 21 40 341 381 1098 83 1148 47 44 79 20 25 1190 2292 599 641 226 33 664 232 117 33 24 459 433 307 219
internal_value=-0.00137777 -0.000393835 -0.00231302 -0.000488172 0.012 -0.000706231 -2.44747e-05 -0.000958665 -0.00155357 0.00066689 0.00121577 0.0025303 0.00529268 0.00047949 0.00547826 -0.00151035 -0.000486726 -0.00186562 0.000131618 0.00128571 -0.00209123 -0.00127834 -0.00289701 -0.00174384 -0.00024138 0.00331579 -0.00125 -0.000523993 5.41865e-05 0.000874171
internal_weight=20102 9796 10306 9722 74 8619 2329 6290 4480 1489 1103 396 123 707 46 2900 3390 3438 661 273 2839 697 5826 406 174 57 840 1042 609 302
internal_count=20102 9796 10306 9722 74 8619 2329 6290 4480 1489 1103 396 123 707 46 2900 3390 3438 661 273 2839 697 5826 406 174 57 840 1042 609 302
is_linear=0
shrinkage=0.03


Tree=81
num_leaves=31
num_cat=0
split_feature=0 24 26 10 8 28 28 18 13 28 28 16 17 15 13 3 18 0 24 15 26 10 28 3 13 18 0 18 10 21
split_gain=18.5173 10.5013 9.12134 3.07285 2.95178 5.28293 3.019 2.42411 2.40689 1.95864 3.31578 2.02655 3.125 1.55128 1.53071 1.42917 1.35284 1.32619 1.18788 0.991767 0.924452 0.922062 0.862192 0.832246 0.731662 1.10178 0.714587 0.552505 0.548901 0.959243
threshold=50759.116825156736 220479.9016666667 5.5000000000000009 34920.010000000002 40890.855000000003 8.5000000000000018 9.5000000000000018 6967.7005750000008 12355.825000000003 8.5000000000000018 11.500000000000002 752.73280871506734 0.65441861821884562 1.0017447267537605 30224.580000000005 778.79500000000007 0.43377942803085245 72929.076461658828 17106.486666666671 1.0019859911053559 3.5000000000000004 14604.227500000003 11.500000000000002 33535.895000000011 41191.835000000006 0.53163262086621821 73818.61734033539 0.5519758399339707 77379.014999999999 4261.8533333333344
decision_type=2 2 2 2 2 2 2 2 2 2 2 2 2 2 2 2 2 2 2 2 2 2 2 2 2 2 2 2 2 2
left_child=2 9 3 7 -4 -6 8 21 -7 17 11 12 -11 -3 -13 18 -12 19 -9 27 -21 -1 -8 -17 26 -26 -19 -2 -5 -30
right_child=1 13 4 28 5 6 22 15 -10 10 16 14 -14 -15 -16 23 -18 24 -20 20 -22 -23 -24 -25 25 -27 -28 -29 29 -31
leaf_value=-488.20532972914947 -69.526685361795813 515.32666515804192 -233.41875212857158 -168.13351396669307 -57.929704744457382 24.297464110547146 3.2637107623142776 -0.31265463761768442 61.210548004439644 57.921943880268579 2165.2174962014915 -0.12728220721525579 10.402206473847247 655.42152034399624 107.71816976399874 -170.6065086183032 -24.943370606397846 36.722685587039997 1179.6680141672973 339.07220432331513 -39.216587746252301 -298.80109632006656 -67.808429762663678 53.478143164064157 207.77366028432502 2.1555590484872345 1.1285981139403143 1.5609213135938684 680.08306499164564 -26.551801440281857
leaf_weight=2343 192 39 5544 1534 997 82 206 66 46 311 25 522 219 39 103 1203 377 55 44 46 566 2000 94 268 23 36 1287 736 68 1031
leaf_count=2343 192 39 5544 1534 997 82 206 66 46 311 25 522 219 39 103 1203 377 55 44 46 566 2000 94 268 23 36 1287 736 68 1031
internal_value=-0.00135987 0.000317307 -0.00185418 -0.00119797 -0.00265992 -0.00144211 0.00134579 -0.00157698 0.00520312 0.000128056 0.000988439 0.00180519 0.00316981 0.0112308 0.000647999 -0.000571158 -0.00135821 -0.00032744 0.00272727 -0.000935066 -0.00187255 -0.00194313 -0.000300001 -0.000817812 0.00034047 0.00361017 0.000196721 -0.000316811 -0.000345234 0.000166514
internal_weight=20102 4576 15526 8557 6969 1425 428 5924 128 4498 1557 1155 530 78 625 1581 402 2941 110 1540 612 4343 300 1471 1401 59 1342 928 2633 1099
internal_count=20102 4576 15526 8557 6969 1425 428 5924 128 4498 1557 1155 530 78 625 1581 402 2941 110 1540 612 4343 300 1471 1401 59 1342 928 2633 1099
is_linear=0
shrinkage=0.03


Tree=82
num_leaves=31
num_cat=0
split_feature=27 24 26 7 15 7 27 7 19 16 18 18 8 5 18 28 18 14 1 12 18 15 27 17 2 22 18 6 28 17
split_gain=20.0548 11.0431 5.53239 3.60947 1.84615 1.51603 1.47769 1.33209 1.14699 2.22886 1.10063 0.975976 1.44048 1.39099 0.948464 1.09043 0.943133 1.17997 0.90699 0.801229 0.837801 0.727387 0.698567 0.663054 0.625 0.620107 0.616967 0.613787 1.40393 1.33338
threshold=5215.8443750000015 220479.9016666667 5.5000000000000009 54162.484964718598 1.0017447267537605 7338.6932881157809 19480.067500000005 102631.41826692983 0.19543103287098856 -528.50679949242101 5612.4730187829291 0.52750863311938934 113219.25500000002 106422.78610268979 0.22237001244179902 8.5000000000000018 0.2367675219283791 235.45500000000001 20903.081006463603 756.1350000000001 23029.428459060728 0.644993122707194 71992.866666666683 1.4524094705957289 2424.6000000000004 16764.475000000002 0.14708910060627753 43583.40431163615 8.5000000000000018 0.65608552113714613
decision_type=2 2 2 2 2 2 2 2 2 2 2 2 2 2 2 2 2 2 2 2 2 2 2 2 2 2 2 2 2 2
left_child=2 3 5 6 -3 26 14 8 22 -10 18 12 -9 -13 23 -16 17 24 -8 -18 -21 -12 -5 -2 -7 -19 -1 -4 -29 -30
right_child=1 4 27 7 -6 16 10 11 9 -11 21 13 -14 -15 15 -17 19 25 -20 20 -22 -23 -24 -25 -26 -27 -28 28 29 -31
leaf_value=-310.78572290722974 167.37592714070948 499.8668652033009 -205.39640408521154 -14.942933077363209 635.75887473367618 533.12172551925107 -376.01785589307144 -2.9804872947117991 34.74676049995594 -1.6273156253635328 726.39577432755971 943.03847187513475 399.35256624463648 13.258608358668999 -62.069865014138344 -18.028166629194715 -272.59481964917887 -119.70040458086164 139.00945534826337 -144.5880247098298 641.16924292386659 316.29669772218358 705.74278290721838 -490.62585088723597 51.222440531404494 581.28712228298934 -483.07418792168085 -45.042586219493565 20.783175934217958 -50.479977012822722
leaf_weight=391 348 39 5534 1007 39 20 634 75 460 1630 26 44 100 483 2528 1433 1039 315 430 904 22 300 107 113 20 37 1732 222 36 34
leaf_count=391 348 39 5534 1007 39 20 634 75 460 1630 26 44 100 483 2528 1433 1039 315 430 904 22 300 107 113 20 37 1732 222 36 34
internal_value=-0.00136882 -0.000396897 -0.00229265 -0.000487138 0.0108462 -0.0015 -0.000961116 0.000218125 -4.11992e-05 0.000373205 -0.000107914 0.00140171 0.00334286 0.000757115 -0.00122931 -0.0013792 -0.000976242 0.000367346 -0.000575189 -0.00124428 -0.000602593 0.00141718 -0.000818672 5.85676e-05 0.00525 -0.000187501 -0.00208149 -0.00290216 -0.00156164 0.00214286
internal_weight=20102 9796 10306 9718 78 4480 5812 3906 3204 2090 1390 702 175 527 4422 3961 2357 392 1064 1965 926 326 1114 461 40 352 2123 5826 292 70
internal_count=20102 9796 10306 9718 78 4480 5812 3906 3204 2090 1390 702 175 527 4422 3961 2357 392 1064 1965 926 326 1114 461 40 352 2123 5826 292 70
is_linear=0
shrinkage=0.03


Tree=83
num_leaves=31
num_cat=0
split_feature=27 24 26 7 15 10 27 20 28 7 19 15 28 20 15 7 18 1 13 27 11 7 2 10 21 28 28 24 10 4
split_gain=19.8049 10.3415 5.57161 3.56879 2.16667 1.67503 1.46045 1.41032 1.22093 1.18062 1.07322 1.8069 1.06951 1.72125 1.49125 1.04223 0.97181 0.859538 0.756303 0.683459 0.681253 0.538743 0.47782 0.470588 0.450513 1.24936 2.04465 0.400108 0.399502 0.325928
threshold=5081.4511111111115 220479.9016666667 5.5000000000000009 54162.484964718598 1.0017447267537605 30823.727500000005 19480.067500000005 0.4049906126244382 8.5000000000000018 102631.41826692983 0.19543103287098856 0.9943434785140367 8.5000000000000018 0.22578024457861171 0.99732124054945859 28794.89960817471 5612.4730187829291 20903.081006463603 239.23500000000004 71992.866666666683 83222.755000000019 7159.5237640573732 268.79000000000002 7584.3000000000011 41473.351666666676 8.5000000000000018 9.5000000000000018 22355.994999999999 31367.457500000004 11976.490000000002
decision_type=2 2 2 2 2 2 2 2 2 2 2 2 2 2 2 2 2 2 2 2 2 2 2 2 2 2 2 2 2 2
left_child=2 3 5 6 -3 15 7 8 -2 10 19 -12 13 -11 -14 21 17 -8 -9 -5 -18 -1 -7 -17 -4 -26 -27 -23 -24 -30
right_child=1 4 24 9 -6 22 16 18 -10 12 11 -13 14 -15 -16 23 20 -19 -20 -21 -22 27 28 -25 25 26 -28 -29 29 -31
leaf_value=-458.12330226525074 -60.199827989946535 484.87085924720162 -247.71836366938064 -14.510081537774846 616.68610849166612 324.52157610073493 -364.73732021627922 611.22365352422514 -17.25143260706599 -3.3646324949581543 26.160732812164341 -1.9132124807242716 273.93275326408241 616.2489625365281 47.815116947760195 621.93413850251841 307.76244566826819 134.83917168781545 -92.925576170554521 684.57049942000208 1113.0050852105335 -260.48901142040359 276.20204811711119 -61.636906756987891 -63.154161499698979 28.806643616069131 -32.143927109858559 44.269847289391805 -224.66619687597799 0.39362949908176686
leaf_weight=1774 2853 39 5255 1008 39 28 634 153 1567 441 545 1545 72 37 152 32 299 430 85 107 27 1488 31 36 291 33 80 62 559 400
leaf_count=1774 2853 39 5255 1008 39 28 634 153 1567 441 545 1545 72 37 152 32 299 430 85 107 27 1488 31 36 291 33 80 62 559 400
internal_value=-0.00136285 -0.000419516 -0.00230281 -0.000504772 0.0104615 -0.0015034 -0.00096131 -0.00121597 -0.0013371 0.000201945 -4.21224e-05 0.000358851 0.00131624 0.000514644 0.00302678 -0.0018237 -0.000107914 -0.000546993 0.00103361 -0.000793723 0.00132515 -0.00189892 -0.00043615 0.00185294 -0.00292578 -0.0019604 0.000716813 -0.00149032 -0.000545455 -0.000653807
internal_weight=20102 10033 10069 9955 78 4410 6048 4658 4420 3907 3205 2090 702 478 224 3392 1390 1064 238 1115 326 3324 1018 68 5659 404 113 1550 990 959
internal_count=20102 10033 10069 9955 78 4410 6048 4658 4420 3907 3205 2090 702 478 224 3392 1390 1064 238 1115 326 3324 1018 68 5659 404 113 1550 990 959
is_linear=0
shrinkage=0.03


Tree=84
num_leaves=31
num_cat=0
split_feature=27 24 26 24 15 10 27 27 27 26 17 9 18 3 12 26 5 24 3 10 3 8 28 17 2 12 25 17 4 4
split_gain=19.2454 8.25437 6.07386 3.52864 2.51282 1.73962 1.38111 1.26325 1.00332 0.989757 1.75536 0.986011 0.976407 1.1203 0.929298 0.927483 1.74896 0.832077 0.825442 0.727597 0.869054 0.547254 1.97751 1.24766 0.542406 0.656586 1.2004 0.516047 0.381365 1.30036
threshold=5081.4511111111115 220479.9016666667 5.5000000000000009 56509.270833333336 1.0017447267537605 30823.727500000005 15826.930000000002 6186.3306250000005 51278.097500000011 8.5000000000000018 0.65608552113714613 28511.800000000003 7474.0288135039455 778.79500000000007 16659.02 6.5000000000000009 120293.336923486 61932.32450000001 33831.185000000005 14230.972500000002 259.46000000000009 40890.855000000003 8.5000000000000018 0.65745504704468949 4918.630000000001 3797.0600000000004 5257.420000000001 0.69894967357551063 23680.420000000002 40161.100000000006
decision_type=2 2 2 2 2 2 2 2 2 2 2 2 2 2 2 2 2 2 2 2 2 2 2 2 2 2 2 2 2 2
left_child=2 3 5 8 -3 12 7 -5 9 14 -11 -9 19 -14 -2 17 -17 -8 -15 -1 -21 -4 -23 -24 25 27 -27 -7 -10 -30
right_child=1 4 21 6 -6 24 15 11 28 10 -12 -13 13 18 -16 16 -18 -19 -20 20 -22 22 23 -25 -26 26 -28 -29 29 -31
leaf_value=-459.85170642084364 -72.922710893644975 470.32473346978577 -226.10325420097979 8.8536965956645819 598.18552523691585 63.530202553030044 846.06070451750622 40.608352633852483 -10.358572407685918 6.6167201595073699 -29.518056423934862 -2.0511080652636404 299.32567719382587 -176.37299266549957 2024.9265889219107 167.85447079801318 115.07334747855604 44.154096244990349 75.062107574065308 402.02447899768595 -257.10511967949407 -58.967374401842861 23.817965879121726 -36.288622528016987 -166.53904583644609 -413.42316977552906 1482.3768519574685 -165.72136254004482 1191.0376632925443 -570.37673130679684
leaf_weight=1850 5032 39 5325 20 39 280 67 57 269 562 261 2887 24 431 94 21 213 343 79 40 968 268 28 38 365 21 24 328 53 76
leaf_count=1850 5032 39 5325 20 39 280 67 57 269 562 261 2887 24 431 94 21 213 343 79 40 968 268 28 38 365 21 24 328 53 76
internal_value=-0.00134345 -0.000413536 -0.00227004 -0.000489704 0.00930769 -0.00143537 0.000259423 -1.41708e-05 -0.000915551 -0.00101311 -4.73883e-05 -6.52181e-05 -0.00176179 -0.00058427 -0.00116816 0.00151863 0.00302564 0.000658536 -0.000882354 -0.00198181 -0.00133333 -0.00292048 -0.00174252 0.00290909 -0.000347741 0.000169984 0.00366667 -8.88165e-05 0.000542713 0.00188372
internal_weight=20102 10033 10069 9955 78 4410 3608 2964 6347 5949 823 2944 3392 534 5126 644 234 410 510 2858 1008 5659 334 66 1018 653 45 608 398 129
internal_count=20102 10033 10069 9955 78 4410 3608 2964 6347 5949 823 2944 3392 534 5126 644 234 410 510 2858 1008 5659 334 66 1018 653 45 608 398 129
is_linear=0
shrinkage=0.03


Tree=85
num_leaves=31
num_cat=0
split_feature=7 26 25 28 28 16 9 10 18 18 5 8 28 28 13 16 28 2 3 7 16 18 10 10 21 10 3 23 26 18
split_gain=17.5359 10.359 5.46219 2.99775 4.31113 2.90497 2.75292 2.53894 2.41037 2.19026 1.83827 1.71774 3.58772 2.73569 1.4785 1.42324 1.35941 1.34705 1.12304 1.68452 1.10368 1.11259 1.08737 1.08269 0.906182 0.854185 0.743148 0.65144 0.521808 0.48688
threshold=47517.123992679386 5.5000000000000009 226832.15250000005 8.5000000000000018 11.500000000000002 776.61114511310745 35882.73000000001 34920.010000000002 0.77314429419792485 5612.4730187829291 72848.753217363599 40890.855000000003 8.5000000000000018 10.500000000000002 30224.580000000005 -217.37569001136987 6.5000000000000009 33417.55000000001 778.79500000000007 24142.616702605683 106.66642048197083 0.66971347285263561 16052.372500000001 570497.60750000004 39512.665000000001 285748.64000000007 33535.895000000011 3640.1726225845164 1.5000000000000002 0.50783223433565905
decision_type=2 2 2 2 2 2 2 2 2 2 2 2 2 2 2 2 2 2 2 2 2 2 2 2 2 2 2 2 2 2
left_child=1 7 3 10 5 6 -5 9 16 22 20 -3 -13 15 -7 -14 -4 -12 19 -11 21 -2 -1 28 -22 -6 -20 -19 29 -9
right_child=2 11 8 4 25 14 -8 23 -10 18 17 12 13 -15 -16 -17 -18 27 26 -21 24 -23 -24 -25 -26 -27 -28 -29 -30 -31
leaf_value=-442.24973410136846 -20.789121149721488 -207.22802660506818 540.48226279355185 52.06714394423652 -28.472727871537742 -1.2656877861745226 48.367132070677215 -2.2312791678147565 173.10719246451029 51.107077068485424 2206.7469733325643 -60.053721741498407 37.107911205417572 -39.912498581361938 101.8024081846426 16.426821528238595 564.27443681411341 10.854082376000338 -172.76236745175416 2008.4739495493513 1333.7890905678771 4.7445194357230465 -264.70110970277028 3073.8294087958438 -41.018327415409452 1626.3639064899583 50.894404120139633 -15.155359002755336 -128.10228246349877 112.77168762913674
leaf_weight=2316 794 5548 21 222 414 542 431 780 34 109 27 635 21 133 101 128 20 879 1318 21 21 493 1861 34 697 27 254 485 1693 43
leaf_count=2316 794 5548 21 222 414 542 431 780 34 109 27 635 21 133 101 128 20 879 1318 21 21 493 1861 34 697 27 254 485 1693 43
internal_value=-0.00133599 -0.00185994 0.000162442 4.50022e-05 0.00105872 0.00193055 0.00333997 -0.00116704 0.0082 -0.00150995 -0.000473499 -0.00276334 -0.00156052 0.00125532 0.000499222 0.00404698 0.0130976 0.000364485 -0.000602821 0.00207692 -0.00105486 -0.000529138 -0.00187958 -0.000376471 -0.00199722 -0.0015034 -0.000824428 0.000233137 -0.000448331 0.000171324
internal_weight=20102 14894 5208 5133 1737 1296 653 8429 75 5879 3396 6465 917 282 643 149 41 1391 1702 130 2005 1287 4177 2550 718 441 1572 1364 2516 823
internal_count=20102 14894 5208 5133 1737 1296 653 8429 75 5879 3396 6465 917 282 643 149 41 1391 1702 130 2005 1287 4177 2550 718 441 1572 1364 2516 823
is_linear=0
shrinkage=0.03


Tree=86
num_leaves=31
num_cat=0
split_feature=27 24 26 7 31 10 27 7 16 31 13 12 2 18 31 31 20 17 18 2 12 13 8 12 2 12 25 7 7 24
split_gain=18.4494 7.02782 6.36783 3.31055 2.82975 1.79807 1.31446 1.24632 1.13347 1.74574 1.41162 1.67531 1.26999 0.968717 0.85225 3.54185 0.951293 0.709987 0.724012 0.705889 0.568067 0.543478 0.54234 0.536897 0.515514 0.639446 0.634921 0.572098 0.43423 0.4
threshold=5081.4511111111115 220479.9016666667 5.5000000000000009 54162.484964718598 12.500000000000002 30823.727500000005 31146.690000000006 28794.89960817471 -548.25852624541392 32.500000000000007 30224.580000000005 11385.475 92056.115000000005 0.66971347285263561 20.500000000000004 21.500000000000004 0.4049906126244382 3.800838894378781 10148.017696692326 55338.760000000002 2016.2050000000002 43954.060000000005 40890.855000000003 6072.9750000000013 4918.630000000001 3797.0600000000004 5257.420000000001 40531.828281690083 7159.5237640573732 22130.252500000002
decision_type=2 2 2 2 2 2 2 2 2 2 2 2 2 2 2 2 2 2 2 2 2 2 2 2 2 2 2 2 2 2
left_child=2 3 5 6 -3 7 14 23 9 13 19 -12 -11 -5 16 -16 -2 18 -8 -10 29 -6 -4 28 25 27 -27 -7 -1 -9
right_child=1 4 22 8 21 24 17 20 10 12 11 -13 -14 -15 15 -17 -18 -19 -20 -21 -22 -23 -24 -25 -26 26 -28 -29 -30 -31
leaf_value=-423.49802633025359 -63.684899685684726 381.69759734216416 -213.10331577679847 -2.6975367508851793 468.73630154378458 -25.771085086316678 -114.26960730634325 566.46112284038588 18.888936045123657 38.976240636330566 122.98750388400298 24.035953072963085 418.51585070072827 27.833979179795783 63.629968745912187 -9.0932439737524096 61.118815697956741 1181.7533753111036 425.97077315609204 -5.9512395028824683 625.27244539848311 510.44061783250032 -38.691405947641826 261.94447215991437 -156.06058449664982 -397.17740620835809 1440.615773772299 1346.0900245045643 -226.29721855716539 -931.85693791790504
leaf_weight=1769 4228 32 5325 586 23 584 599 20 70 47 49 292 23 466 52 677 304 26 162 2374 28 23 334 38 365 21 24 24 1517 20
leaf_count=1769 4228 32 5325 586 23 584 599 20 70 47 49 292 23 466 52 677 304 26 162 2374 28 23 334 38 365 21 24 24 1517 20
internal_value=-0.00134196 -0.000431477 -0.00224918 -0.000501759 0.00853846 -0.00139456 -0.000941469 -0.00172642 0.000178909 0.000983957 -0.000145423 0.00166276 0.00557143 0.000678707 -0.00111253 -0.000160495 -0.00126567 0.000202032 3.54789e-05 -0.000397709 0.00229412 0.0133043 -0.00291518 -0.00180866 -0.000288802 0.000215926 0.00366667 -3.94744e-05 -0.00184967 -7.15256e-10
internal_weight=20102 10033 10069 9955 78 4410 6048 3392 3907 1122 2785 341 70 1052 5261 729 4532 787 761 2444 68 46 5659 3324 1018 653 45 608 3286 40
internal_count=20102 10033 10069 9955 78 4410 6048 3392 3907 1122 2785 341 70 1052 5261 729 4532 787 761 2444 68 46 5659 3324 1018 653 45 608 3286 40
is_linear=0
shrinkage=0.03


Tree=87
num_leaves=31
num_cat=0
split_feature=27 24 26 7 31 28 28 28 27 27 3 18 5 2 9 21 18 19 18 24 3 18 18 28 7 3 7 28 28 19
split_gain=18.2688 7.01845 6.45022 3.44748 2.82975 2.21607 1.67161 3.83915 2.33002 1.32839 1.25996 0.926801 0.896418 1.4942 0.832869 0.905398 0.726868 0.682153 0.667204 0.659246 0.893052 0.635333 0.683779 0.619418 0.584946 0.724336 0.56311 1.60876 1.74158 0.875758
threshold=5081.4511111111115 220479.9016666667 5.5000000000000009 50751.247100664274 12.500000000000002 6.5000000000000009 8.5000000000000018 11.500000000000002 7107.0494444444457 27761.336250000004 31719.315000000006 0.27165594585547548 72848.753217363599 33417.55000000001 78081.070000000022 38744.966666666667 0.66971347285263561 0.40036446371929063 2833.1126343760939 6579.5466666666671 1054.5350000000001 0.22237001244179902 0.18838242487355683 8.5000000000000018 43595.17617053126 52707.715000000011 40839.988325718987 8.5000000000000018 9.5000000000000018 0.21555212569260432
decision_type=2 2 2 2 2 2 2 2 2 2 2 2 2 2 2 2 2 2 2 2 2 2 2 2 2 2 2 2 2 2
left_child=2 3 10 9 -3 -6 12 8 -8 21 11 -1 16 -14 18 -16 -5 24 -11 -13 -21 22 -2 -23 25 -12 -4 -28 29 -29
right_child=1 4 26 6 5 -7 7 -9 -10 14 17 19 13 -15 15 -17 -18 -19 -20 20 -22 23 -24 -25 -26 -27 27 28 -30 -31
leaf_value=-160.45584669049433 -173.73206970798526 370.24666942189918 -232.71914248877161 -23.191143271928397 358.46612997238748 599.5141213949812 32.332699750672546 -21.100320375163967 25.675215523647143 -374.07922055766062 13.470908926322338 -431.84236405943045 2249.7416640196584 3.1083702409819889 897.93234653073273 739.39806429399493 -0.028345761777453952 412.92082053381307 330.38116825129964 41.805672230932025 -249.9711816729544 -68.039464753768456 420.59440795092581 -24.722499362448207 1081.2304640577272 -460.82043823811216 -56.841762932425738 13.160047677959419 -11.821125835627001 32.651224397048466
leaf_weight=1183 459 32 5193 942 22 24 227 393 907 492 237 1149 26 1354 23 162 606 21 190 176 1541 2560 138 1476 30 73 351 24 71 20
leaf_count=1183 459 32 5193 942 22 24 227 393 907 492 237 1149 26 1354 23 162 606 21 190 176 1541 2560 138 1476 30 73 351 24 71 20
internal_value=-0.00133151 -0.000425497 -0.00223428 -0.000495732 0.00853846 0.0133043 0.000124578 0.000929272 0.00181481 -0.000998183 -0.00137415 -0.00152556 -0.000295083 0.000260869 7.95841e-05 0.00186486 -0.000790698 0.000324099 -0.000404693 -0.00181717 -0.00144496 -0.00119987 -0.000286433 -0.00133499 -7.15256e-10 -0.000387097 -0.00290458 -0.00190558 0.00117391 0.00586364
internal_weight=20102 10033 10069 9955 78 46 4455 1527 1134 5500 4410 4049 2928 1380 867 185 1548 361 682 2866 1717 4633 597 4036 340 310 5659 466 115 44
internal_count=20102 10033 10069 9955 78 46 4455 1527 1134 5500 4410 4049 2928 1380 867 185 1548 361 682 2866 1717 4633 597 4036 340 310 5659 466 115 44
is_linear=0
shrinkage=0.03


Tree=88
num_leaves=31
num_cat=0
split_feature=27 26 25 7 31 10 28 28 27 27 3 15 27 15 20 10 20 9 9 18 18 26 3 17 3 10 18 15 13 7
split_gain=18.1497 6.85786 5.78432 3.31489 2.28378 1.68309 1.62688 3.18183 2.24039 1.41983 1.15039 1.0524 1.31564 1.00473 0.886742 0.875557 0.856944 0.789926 0.76955 0.82958 0.680013 0.664532 0.635742 1.09676 0.679407 0.593935 0.59172 0.586446 0.580223 0.56311
threshold=5081.4511111111115 5.5000000000000009 226832.15250000005 50751.247100664274 14.500000000000002 16052.372500000001 8.5000000000000018 11.500000000000002 7107.0494444444457 27761.336250000004 33831.185000000005 1.0019859911053559 9367.0244444444452 1.0017447267537605 0.99912062516713107 285748.64000000007 0.4049906126244382 19494.755000000001 78081.070000000022 0.33765340913363567 6329.1100000000006 8.5000000000000018 1054.5350000000001 2.6506655016706215 960.81000000000006 30823.727500000005 2833.1126343760939 1.0176949111083613 5184.8650000000007 40839.988325718987
decision_type=2 2 2 2 2 2 2 2 2 2 2 2 2 2 2 2 2 2 2 2 2 2 2 2 2 2 2 2 2 2
left_child=1 5 3 9 -4 10 11 8 -8 16 14 13 -13 -5 20 -9 21 -12 26 -20 -1 -2 23 24 -7 -24 -11 -16 -18 -3
right_child=2 29 4 6 -6 22 7 15 -10 18 17 12 -14 -15 27 -17 28 -19 19 -21 -22 -23 25 -25 -26 -27 -28 -29 -30 -31
leaf_value=-420.16600898087057 -86.589373998876979 -225.73756821410845 350.69218715308 1.8927842879867722 467.18339945849152 -104.59379967220963 31.362718758152422 -22.848342574744024 24.904959057937752 -362.8568439409309 265.0173145259152 -23.081335200046333 3.010847464971087 29.776855649521302 455.15249521633149 1722.6488784427329 373.04299375533753 -233.8450495547192 1442.6339072676406 73.087755392098103 -145.44042643146193 -1.5250162586358309 -245.8572054910133 389.18044321598109 156.66718100888448 -46.587166409765125 320.46973320376048 -313.35017058049527 -244.00158616550149 -33.831677666857246
leaf_weight=1782 3908 5193 37 1774 37 205 227 367 907 492 46 645 491 22 20 26 214 61 68 117 568 434 754 20 22 905 190 27 77 466
leaf_count=1782 3908 5193 37 1774 37 205 227 367 907 492 46 645 491 22 20 26 214 61 68 117 568 434 754 20 22 905 190 27 77 466
internal_value=-0.0013136 -0.00221343 -0.000410546 -0.000472639 0.00794595 -0.00132653 0.000135231 0.000929272 0.00173545 -0.000965455 -0.00183786 -0.000278309 -0.000992958 0.000173719 -0.00197372 -0.00139695 -0.00117397 0.00120561 0.000148788 0.00186486 -0.00205532 -0.0012796 -0.000654775 0.000765181 0.000171805 -0.000866185 -0.000316716 0.00210638 0.000402061 -0.00290458
internal_weight=20102 10069 10033 9959 74 4410 4459 1527 1134 5500 2504 2932 1136 1796 2397 393 4633 107 867 185 2350 4342 1906 247 227 1659 682 47 291 5659
internal_count=20102 10069 10033 9959 74 4410 4459 1527 1134 5500 2504 2932 1136 1796 2397 393 4633 107 867 185 2350 4342 1906 247 227 1659 682 47 291 5659
is_linear=0
shrinkage=0.03


Tree=89
num_leaves=31
num_cat=0
split_feature=27 24 26 0 31 28 10 23 15 15 31 27 18 9 28 6 27 31 12 17 3 18 10 15 6 28 28 10 6 1
split_gain=18.1504 6.98104 6.93023 2.9748 2.82975 2.21607 1.77385 1.35677 1.20949 1.14585 1.43749 1.18876 1.12491 1.0019 0.966489 0.944576 0.847526 0.963603 0.703736 0.673382 0.650107 0.66363 0.688923 0.618635 0.527984 1.41177 2.2254 0.689954 0.513354 1.64371
threshold=5081.4511111111115 220479.9016666667 5.5000000000000009 52698.375739172108 12.500000000000002 6.5000000000000009 16052.372500000001 11814.328642920451 0.84482466141442969 0.99399553101226801 32.500000000000007 10131.600444444446 0.66971347285263561 51288.340000000011 9.5000000000000018 53108.517727259496 38119.025000000009 20.500000000000004 6216.6200000000008 0.99994520624625149 259.46000000000009 0.14708910060627753 43391.365000000013 0.83561307019371112 40833.904092632707 8.5000000000000018 9.5000000000000018 61400.81500000001 13516.705960609672 17162.788147355346
decision_type=2 2 2 2 2 2 2 2 2 2 2 2 2 2 2 2 2 2 2 2 2 2 2 2 2 2 2 2 2 2
left_child=2 3 6 8 -3 -6 7 18 28 10 12 15 -5 -13 -12 -11 17 -10 -1 -18 21 22 -8 -9 -4 -26 27 -27 -2 -30
right_child=1 4 24 9 5 -7 20 23 16 11 14 13 -14 -15 -16 -17 19 -19 -20 -21 -22 -23 -24 -25 25 26 -28 -29 29 -31
leaf_value=-366.66555542873516 -183.32251455367401 348.61850372464926 -222.69812406538992 -4.5751475466616656 333.95759282518384 567.51319576937669 287.46195763834078 -97.297203621478033 -68.391255907786856 18.92794894406568 123.74046344079721 60.845073283139854 22.247021323013755 8.6679501420170677 20.889563502297904 -8.1763967753564675 487.71891437010544 -1.2215098555635742 286.39576402208888 -102.85353859835084 -137.30095934365156 -280.44245325657715 -46.982918373064216 89.861570194088699 -55.333563527803051 6.8585010540797953 -17.672594541593991 32.620927658433523 1069.113093475941 44.120155203221245
leaf_weight=2092 343 32 5170 632 22 24 21 349 3894 32 37 78 497 931 44 1915 83 636 26 179 1821 41 23 37 361 21 87 20 20 634
leaf_count=2092 343 32 5170 632 22 24 21 349 3894 32 37 78 497 931 44 1915 83 636 26 179 1821 41 23 37 361 21 87 20 20 634
internal_value=-0.00130465 -0.000401576 -0.00220449 -0.000471623 0.00853846 0.0133043 -0.00131293 -0.00183786 -0.000911557 0.000139702 0.000917355 -0.00017862 0.000640389 0.000657086 0.00477778 -0.000611711 -0.00110935 -0.0012053 -0.00213598 0.000549618 -0.000623296 0.00194118 0.0045 -0.000202073 -0.00289928 -0.00195706 0.000749999 0.00651219 3.91166e-05 0.000532109
internal_weight=20102 10033 10069 9955 78 46 4410 2504 5789 4166 1210 2956 1129 1009 81 1947 4792 4530 2118 262 1906 85 44 386 5659 489 128 41 997 654
internal_count=20102 10033 10069 9955 78 46 4410 2504 5789 4166 1210 2956 1129 1009 81 1947 4792 4530 2118 262 1906 85 44 386 5659 489 128 41 997 654
is_linear=0
shrinkage=0.03


Tree=90
num_leaves=31
num_cat=0
split_feature=7 26 24 31 28 28 16 17 10 28 8 28 28 13 18 0 13 3 24 10 18 25 18 20 2 13 18 10 21 21
split_gain=16.4022 10.8243 6.17278 2.82975 2.46987 4.19216 3.19982 3.13766 2.25145 2.21607 2.0502 3.65226 4.37631 3.03647 1.67648 1.30721 1.13907 1.12304 1.22119 1.1147 1.1064 1.00219 0.894537 0.76808 0.716732 0.709391 0.582759 0.574333 1.38776 1.4026
threshold=47517.123992679386 5.5000000000000009 220479.9016666667 12.500000000000002 8.5000000000000018 11.500000000000002 776.61114511310745 0.65441861821884562 36727.805000000008 6.5000000000000009 39351.130000000012 8.5000000000000018 9.5000000000000018 12355.825000000003 5612.4730187829291 72929.076461658828 30224.580000000005 778.79500000000007 17106.486666666671 14604.227500000003 0.69734342060191146 45205.350000000006 0.71732234919868632 0.96441116884472167 268.79000000000002 14286.660000000002 0.43377942803085245 77379.014999999999 4261.8533333333344 3202.3433333333337
decision_type=2 2 2 2 2 2 2 2 2 2 2 2 2 2 2 2 2 2 2 2 2 2 2 2 2 2 2 2 2 2
left_child=1 8 4 -4 15 6 7 -6 14 -5 -3 -12 13 -13 19 20 -8 18 -16 23 21 -2 -22 -1 -19 -14 -7 -10 29 -29
right_child=2 10 3 9 5 26 16 -9 27 -11 11 12 25 -15 17 -17 -18 24 -20 -21 22 -23 -24 -25 -26 -27 -28 28 -30 -31
leaf_value=-419.90713168664331 610.33970116202306 -235.05363759839707 338.15994861290943 323.93886504042871 53.171084649250609 1214.3705165987205 -2.5632055257450541 17.58273457898424 -142.3078316836866 550.48779989629566 -57.886381524544973 13.333952358749547 -26.467727409083928 51.666554330814826 -11.881345756033172 5.0914062064130858 96.249806527638867 323.47005678576875 1111.1661762802955 -235.55969781048563 14.422250186696726 -26.740179416916263 -2.5515140114904469 8.9393840646474274 -135.44528414424664 7.5984932088061505 -26.187598559559241 24.296973668707071 -21.528046468751473 1834.875172286783
leaf_weight=2103 101 5183 32 22 395 35 542 258 1427 24 879 78 181 30 88 1395 101 70 42 2091 59 1246 592 82 1502 114 406 42 960 22
leaf_count=2103 101 5183 32 22 395 35 542 258 1427 24 879 78 181 30 88 1395 101 70 42 2091 59 1246 592 82 1502 114 406 42 960 22
internal_value=-0.00128674 -0.00179347 0.000162442 0.00853846 3.5087e-05 0.000955094 0.00181481 0.00329403 -0.00108518 0.0133043 -0.00271694 -0.00164275 0.000722084 0.00588889 -0.00139913 -0.000435898 0.000312596 -0.000602821 0.00207692 -0.00171609 -0.000927929 -0.00141871 8.75569e-05 -0.00218993 -0.000824428 -0.00116949 -0.00157143 -0.000319462 0.000222656 0.0045
internal_weight=20102 14894 5208 78 5130 1737 1296 653 8429 46 6465 1282 403 108 5978 3393 643 1702 130 4276 1998 1347 651 2185 1572 295 441 2451 1024 64
internal_count=20102 14894 5208 78 5130 1737 1296 653 8429 46 6465 1282 403 108 5978 3393 643 1702 130 4276 1998 1347 651 2185 1572 295 441 2451 1024 64
is_linear=0
shrinkage=0.03


Tree=91
num_leaves=31
num_cat=0
split_feature=27 26 24 7 31 28 10 27 3 15 31 16 26 17 20 20 3 17 27 27 11 9 17 24 3 15 10 31 5 28
split_gain=18.0915 7.18337 6.37097 2.58728 2.52094 1.78129 1.65303 1.17778 1.16323 1.11876 1.44915 1.36281 0.993335 1.5908 0.944871 0.873711 0.831961 1.07494 0.826919 0.792055 1.06246 0.758764 0.698927 0.652257 0.634267 0.586446 0.585128 0.579845 0.536146 1.1853
threshold=5081.4511111111115 5.5000000000000009 220479.9016666667 54162.484964718598 12.500000000000002 6.5000000000000009 14604.227500000003 31146.690000000006 33831.185000000005 0.99399553101226801 32.500000000000007 -1053.2480222018676 8.5000000000000018 0.65608552113714613 0.4049906126244382 0.99912062516713107 1054.5350000000001 2.5076109343812916 6240.4785416666673 10131.600444444446 50204.42500000001 19494.755000000001 3.800838894378781 8063.8333333333348 960.81000000000006 1.0176949111083613 30823.727500000005 20.500000000000004 41293.952467731244 8.5000000000000018
decision_type=2 2 2 2 2 2 2 2 2 2 2 2 2 2 2 2 2 2 2 2 2 2 2 2 2 2 2 2 2 2
left_child=1 6 3 7 -4 -6 8 12 15 10 18 -12 14 -14 -2 23 17 24 -5 27 -21 -10 -9 -1 -8 -17 -18 -11 -3 -30
right_child=2 28 4 9 5 -7 16 22 21 19 11 -13 13 -15 -16 25 26 -19 -20 20 -22 -23 -24 -25 -26 -27 -28 -29 29 -31
leaf_value=-407.17877063834698 -68.829670366138714 -199.07085377864772 328.01515015452208 12.0378630948434 314.22069908921583 533.97316589940647 -130.21145800428462 10.070073196793734 261.43229124901114 -12.149653646050428 228.27814718628679 14.369012972924134 7.4441485820817368 -26.872577346133149 54.668446397138972 438.49542900438814 -224.05537306587257 364.46436686186996 9.1168432127159953 95.38620984452713 4.3937269052030041 -295.06108874050648 1078.5144632450308 -200.20718237367919 163.15298529324221 -293.21788032215767 -41.274863033159804 -0.2731673832452523 -48.54025543590955 2.3834921557194271
leaf_weight=1489 4283 5235 32 71 22 24 212 761 46 901 34 47 456 218 304 20 816 24 1071 85 856 59 26 790 22 27 905 842 298 126
leaf_count=1489 4283 5235 32 71 22 24 212 761 46 901 34 47 456 218 304 20 816 24 1071 85 856 59 26 790 22 27 905 842 298 126
internal_value=-0.00128823 -0.00218661 -0.000386625 -0.000453542 0.00815385 0.0126522 -0.00127891 -0.000842263 -0.00180296 0.000148195 0.000900245 0.00477778 -0.00100418 7.12159e-05 -0.0011622 -0.00194239 -0.00063517 0.000953488 0.000625218 -0.000194487 0.000506907 0.00128571 0.000240152 -0.00202589 0.000333333 0.00210638 -0.00087333 -0.00057315 -0.00289397 -0.00186793
internal_weight=20102 10069 10033 9955 78 46 4410 6048 2431 3907 1223 81 5261 674 4587 2326 1979 258 1142 2684 941 105 787 2279 234 47 1721 1743 5659 424
internal_count=20102 10069 10033 9955 78 46 4410 6048 2431 3907 1223 81 5261 674 4587 2326 1979 258 1142 2684 941 105 787 2279 234 47 1721 1743 5659 424
is_linear=0
shrinkage=0.03


Tree=92
num_leaves=31
num_cat=0
split_feature=27 26 24 18 1 10 28 28 27 18 27 15 28 7 3 18 3 7 8 31 0 18 7 7 28 28 10 1 4 16
split_gain=18.1527 7.37959 5.78453 2.70674 2.5563 1.66903 1.43196 3.57274 3.10357 1.30389 1.18324 1.13609 1.09394 0.95784 0.92443 0.826848 0.718543 0.695534 0.684343 0.653972 0.620806 0.789321 0.566494 0.545324 1.60876 1.74158 0.875758 0.522711 0.539955 0.496017
threshold=5081.4511111111115 5.5000000000000009 220479.9016666667 0.77314429419792485 49648.538732026958 14604.227500000003 11.500000000000002 8.5000000000000018 7051.4061805555566 6967.7005750000008 51278.097500000011 1.0019859911053559 6.5000000000000009 28794.89960817471 1054.5350000000001 0.22237001244179902 960.81000000000006 10414.697286852252 8784.5750000000025 20.500000000000004 15299.333358652897 0.73683270746196405 10837.33518949368 40839.988325718987 8.5000000000000018 9.5000000000000018 62459.69000000001 44215.007664152785 23680.420000000002 -7837.4388312499987
decision_type=2 2 2 2 2 2 2 2 2 2 2 2 2 2 2 2 2 2 2 2 2 2 2 2 2 2 2 2 2 2
left_child=1 5 4 12 10 9 7 11 -9 -1 15 -6 -4 22 16 17 18 -2 -7 -17 -16 -22 -11 -3 -25 26 -26 28 -12 -8
right_child=2 23 3 -5 6 14 29 8 -10 13 27 -13 -14 -15 20 19 -18 -19 -20 -21 21 -23 -24 24 25 -27 -28 -29 -30 -31
leaf_value=-376.62543278743203 -257.53476826314909 -199.67914811874442 434.2808101673308 99.04309739499152 2.0704287010420441 101.39029260433831 705.51578583337152 30.447033697960237 20.385678387261152 7.2657057038060087 13.39849717236387 -16.421939925298386 555.75657929614431 572.62309194636998 -192.03660903178337 -77.633464172855994 333.59525616167315 389.05079999152406 -324.69045838417281 -1.2062743538700877 91.226352977046886 -217.13514612422338 -185.28558696295028 -49.268753699799532 7.8116592847355246 -9.198836836703677 31.170776493246397 -979.80113357765811 729.59593747662132 -24.259125570693772
leaf_weight=1844 299 5193 24 34 1922 195 29 263 902 226 280 1135 20 32 1373 3694 23 431 40 469 278 70 329 351 24 71 20 33 117 381
leaf_count=1844 299 5193 24 34 1922 195 29 263 902 226 280 1135 20 32 1373 3694 23 431 40 469 278 70 329 351 24 71 20 33 117 381
internal_value=-0.00127181 -0.00217172 -0.000368684 0.00776923 -0.000432447 -0.0012517 8.29008e-05 0.000247275 0.00166094 -0.00177828 -0.000880895 -0.000291463 0.0126818 -0.000546849 -0.000604852 -0.00101349 0.00106977 -8.21925e-05 0.000574467 -0.0011768 -0.000855898 0.000275861 -0.000837839 -0.00288867 -0.00190558 0.00117391 0.00586364 0.000627906 0.00092947 -0.00160976
internal_weight=20102 10069 10033 78 9955 4410 4632 4222 1165 2431 5323 3057 44 587 1979 4893 258 730 235 4163 1721 348 555 5659 466 115 44 430 397 410
internal_count=20102 10069 10033 78 9955 4410 4632 4222 1165 2431 5323 3057 44 587 1979 4893 258 730 235 4163 1721 348 555 5659 466 115 44 430 397 410
is_linear=0
shrinkage=0.03


Tree=93
num_leaves=31
num_cat=0
split_feature=27 26 25 18 0 26 17 10 27 15 21 18 29 20 3 15 12 11 11 1 3 17 23 13 10 7 7 29 17 27
split_gain=18.3946 7.44105 5.16213 2.62516 2.48632 1.63024 2.96789 1.48296 1.41455 1.4673 1.33069 1.22667 1.225 0.997893 0.832113 0.75369 0.717879 1.11547 0.993428 0.716384 0.71463 1.11668 0.699301 0.63638 0.620669 0.599667 0.545324 0.620404 0.660344 0.529472
threshold=5081.4511111111115 5.5000000000000009 226832.15250000005 0.77314429419792485 77508.283149250565 8.5000000000000018 0.65441861821884562 14604.227500000003 11834.388125000003 0.9999506725847489 70055.961666666684 6967.7005750000008 2.5000000000000004 0.96441116884472167 778.79500000000007 1.3709697863374275 28104.580000000005 83222.755000000019 49307.275000000001 33362.533832819012 1054.5350000000001 2.5076109343812916 2654.0336280098804 24845.950000000004 30823.727500000005 10837.33518949368 40839.988325718987 2.5000000000000004 0.59019268728680341 7725.6238888888902
decision_type=2 2 2 2 2 2 2 2 2 2 2 2 2 2 2 2 2 2 2 2 2 2 2 2 2 2 2 2 2 2
left_child=1 7 4 12 5 8 10 11 9 -2 -7 13 -4 -1 -13 -10 18 -18 22 -20 21 -9 -6 -19 -22 -16 -3 -28 -29 -8
right_child=2 26 3 -5 16 6 29 20 15 -11 -12 14 -14 -15 25 -17 17 23 19 -21 24 -23 -24 -25 -26 -27 27 28 -30 -31
leaf_value=-376.1851325856972 -20.826577422287109 -193.68877367518201 513.37341554844932 96.071804473141995 69.417071793118708 11.991786260653363 -23.058302555784405 7.7614121492874677 1.5309419498060703 -64.380822494732499 -12.991055775164071 199.57971137141755 434.92615442982594 58.267778669953458 12.320375829783933 -192.13613492735303 -94.290284040560522 603.95088635552167 1292.3437519538181 0.31835796709181285 -211.57261360294291 345.61242666315627 36.568956293778236 88.00569983674194 -36.701529658161505 -180.84094747089551 -50.002076272030607 20.623826773773828 -9.7856172076539991 -1.6742449415611644
leaf_weight=1765 1523 5193 20 34 64 947 506 234 1671 2236 175 28 20 79 219 845 26 39 26 1435 816 24 143 79 905 340 259 20 187 244
leaf_count=1765 1523 5193 20 34 64 947 506 234 1671 2236 175 28 20 79 219 845 26 39 26 1435 816 24 143 79 905 340 259 20 187 244
internal_value=-0.00126286 -0.00216874 -0.000353733 0.00754054 -0.000412392 -0.00063594 0.000141025 -0.0012449 -0.00086773 -0.00123623 0.00111765 -0.00174126 0.01275 -0.00212148 -0.000546849 -0.000317171 0.000592715 0.002625 0.000417265 0.000141683 -0.00063517 0.000837209 0.00236232 0.00386441 -0.000855898 -0.000799643 -0.00288867 -0.00190558 -0.00068116 -0.00132
internal_weight=20102 10069 10033 74 9959 8147 1872 4410 6275 3759 1122 2431 40 1844 587 2516 1812 144 1668 1461 1979 258 207 118 1721 559 5659 466 207 750
internal_count=20102 10069 10033 74 9959 8147 1872 4410 6275 3759 1122 2431 40 1844 587 2516 1812 144 1668 1461 1979 258 207 118 1721 559 5659 466 207 750
is_linear=0
shrinkage=0.03


Tree=94
num_leaves=31
num_cat=0
split_feature=27 26 24 1 18 10 28 28 9 28 12 27 15 3 18 15 28 18 24 3 3 17 18 10 3 24 28 28 13 17
split_gain=18.1547 7.82911 5.21428 2.51452 2.38914 1.54696 1.52296 3.40587 3.53292 1.65633 1.27251 1.13079 1.08647 1.11397 0.980125 0.845944 0.825 0.762815 0.734861 0.674972 0.656981 1.11668 0.624193 0.612827 0.554399 0.536581 1.5957 1.85068 1.30625 0.534266
threshold=5081.4511111111115 5.5000000000000009 220479.9016666667 49648.538732026958 0.77314429419792485 14604.227500000003 8.5000000000000018 9.5000000000000018 29472.650000000005 11.500000000000002 6072.9750000000013 51278.097500000011 1.0019859911053559 75014.795000000013 74.90000000000002 1.0017447267537605 6.5000000000000009 0.22237001244179902 22355.994999999999 37111.085000000006 1054.5350000000001 2.5076109343812916 10148.017696692326 30823.727500000005 29435.865000000002 38665.936666666668 8.5000000000000018 9.5000000000000018 9512.9549999999999 3.1170386222406048
decision_type=2 2 2 2 2 2 2 2 2 2 2 2 2 2 2 2 2 2 2 2 2 2 2 2 2 2 2 2 2 2
left_child=1 5 3 11 16 10 12 8 -8 -9 14 17 15 -14 -1 -5 -4 19 -16 -2 21 -7 -19 -22 -25 -3 -27 28 -28 -13
right_child=2 25 4 6 -6 20 7 9 -10 -11 -12 29 13 -15 18 -17 -18 22 -20 -21 23 -23 -24 24 -26 26 27 -29 -30 -31
leaf_value=-400.98758856238567 25.843155748691149 -234.64323562916718 405.85118339585728 0.70702636825503418 93.189650338947573 7.5285697848088287 84.096483860162678 11.21880310598819 41.973310851697661 -20.763654165783322 424.18394429966821 56.435311769020274 -28.728203262770233 0.61271138818820492 -196.33113822486337 28.814889923489748 525.52902538561079 -51.706528735759434 256.87208943040082 -1155.2138368801832 -205.22543519485467 335.24405386326151 -76.489765821196542 -95.585551317182635 90.415731752553683 -53.906902209705216 15.890310482461102 -14.462976123975308 34.33424247891049 749.35166727631099
leaf_weight=1241 665 4881 24 1898 34 234 35 787 343 410 34 408 659 476 1106 24 20 3361 50 65 816 24 802 720 185 579 43 133 23 22
leaf_count=1241 665 4881 24 1898 34 234 35 787 343 410 34 408 659 476 1106 24 20 3361 50 65 816 24 802 720 185 579 43 133 23 22
internal_value=-0.00124495 -0.0021449 -0.000341773 -0.000402311 0.00738461 -0.00119728 0.000108808 0.000866666 0.00334921 8.27061e-05 -0.00170424 -0.000847079 -0.000281649 -0.00101762 -0.00178598 0.000152965 0.012 -0.000976702 -0.00115744 -8.21925e-05 -0.000574533 0.000837209 -0.00113356 -0.000786172 -0.000248619 -0.00288337 -0.00215167 0.000165828 0.00427273 0.000627906
internal_weight=20102 10069 10033 9955 78 4410 4632 1575 378 1197 2431 5323 3057 1135 2397 1922 44 4893 1156 730 1979 258 4163 1721 905 5659 778 199 66 430
internal_count=20102 10069 10033 9955 78 4410 4632 1575 378 1197 2431 5323 3057 1135 2397 1922 44 4893 1156 730 1979 258 4163 1721 905 5659 778 199 66 430
is_linear=0
shrinkage=0.03


Tree=95
num_leaves=31
num_cat=0
split_feature=27 26 0 31 31 10 16 17 11 19 10 27 15 28 28 18 15 26 9 12 31 17 20 7 28 13 17 6 28 28
split_gain=18.2147 7.87842 4.44229 2.07588 4.40091 2.02823 1.90575 4.30186 1.65128 1.75698 1.54696 1.5201 1.45644 1.37145 2.13701 1.26603 0.954318 0.943941 0.89649 0.807281 0.782609 0.762818 0.72251 0.662987 0.658476 0.656328 0.621488 0.486732 1.36016 1.61244
threshold=5081.4511111111115 5.5000000000000009 136085.18528154734 20.500000000000004 22.500000000000004 265664.27500000008 616.61838075251774 0.59300950070589631 161753.01500000004 0.17730309206583508 14604.227500000003 9249.9855555555569 1.0023001400978797 11.500000000000002 8.5000000000000018 74.90000000000002 1.3709697863374275 8.5000000000000018 80566.710000000021 6072.9750000000013 24.500000000000004 0.66199764146913231 0.99990730815975726 28794.89960817471 8.5000000000000018 39019.520000000011 0.60270058796603743 38750.389629556703 8.5000000000000018 9.5000000000000018
decision_type=2 2 2 2 2 2 2 2 2 2 2 2 2 2 2 2 2 2 2 2 2 2 2 2 2 2 2 2 2 2
left_child=1 10 3 11 6 25 7 -5 9 24 15 12 17 14 -6 -1 22 -2 -18 23 -10 -8 -13 -17 -7 -4 -11 -3 -29 -30
right_child=2 27 5 4 13 8 21 -9 20 26 -12 16 -14 -15 -16 19 18 -19 -20 -21 -22 -23 -24 -25 -26 -27 -28 28 29 -31
leaf_value=-389.52609696458177 -41.494390310338297 -228.51116706020846 -58.941432053408512 141.76585162177247 -7.9591224564498084 277.3891789873519 17.66265047937835 32.47735072714152 1125.9651588490767 132.544782729433 -99.1572030117255 -4.1367595825068717 -38.088712882287858 -34.69774536818398 20.426635528789909 -179.79973520801033 -275.47717911845831 3.1762236765628424 413.33556755137812 439.73177051304918 487.3994363429382 -41.395432754277621 2870.2386460378748 657.3974546750394 455.70702165001796 85.929654330273195 -45.525897906043646 -52.011546690928171 27.005590810171171 -15.020319320041315
leaf_weight=1244 1135 4878 93 41 1124 54 124 88 23 20 1979 2691 1779 304 597 1128 901 672 208 31 23 27 32 28 24 24 49 573 67 141
leaf_count=1244 1135 4878 93 41 1124 54 124 88 23 20 1979 2691 1779 304 597 1128 901 672 208 31 23 27 32 28 24 24 49 573 67 141
internal_value=-0.00124644 -0.00214788 -0.000341773 -0.00045449 0.000331886 0.00319355 0.00385714 0.00653488 0.0050829 0.00353061 -0.00119728 -0.000698841 -0.00114278 -0.000155556 0.000172573 -0.00170424 -0.000283404 -0.000542889 -0.00102525 -0.00100337 0.0100435 0.00156954 1.87286e-05 -0.00113149 0.00661538 7.69224e-05 4.34775e-05 -0.00288867 -0.00219334 -0.000115385
internal_weight=20102 10069 10033 9723 2305 310 280 129 193 147 4410 7418 3586 2025 1721 2431 3832 1807 1109 1187 46 151 2723 1156 78 117 69 5659 781 208
internal_count=20102 10069 10033 9723 2305 310 280 129 193 147 4410 7418 3586 2025 1721 2431 3832 1807 1109 1187 46 151 2723 1156 78 117 69 5659 781 208
is_linear=0
shrinkage=0.03


Tree=96
num_leaves=31
num_cat=0
split_feature=27 26 25 18 1 10 15 18 6 3 13 8 18 27 28 20 28 18 20 13 9 3 17 10 10 17 3 1 6 28
split_gain=17.9745 8.05554 4.15268 2.6868 2.43843 1.63111 1.36583 1.55095 1.10499 1.09006 1.03228 1.02234 1.01851 1.01813 1.00549 0.946767 0.9 0.84394 0.800974 0.797605 0.758764 0.739424 1.07494 0.705583 0.649188 0.550762 0.529591 0.468439 0.44148 1.22516
threshold=5081.4511111111115 5.5000000000000009 226832.15250000005 0.77314429419792485 49648.538732026958 14604.227500000003 0.9943434785140367 0.66971347285263561 47407.666769079682 33831.185000000005 30224.580000000005 107222.05250000001 0.68149743756242087 51278.097500000011 11.500000000000002 0.37058961787160294 6.5000000000000009 74.90000000000002 0.99912062516713107 8197.6200000000008 19494.755000000001 1054.5350000000001 2.5076109343812916 194114.91 30823.727500000005 3.1170386222406048 29435.865000000002 36320.606148601939 38750.389629556703 8.5000000000000018
decision_type=2 2 2 2 2 2 2 2 2 2 2 2 2 2 2 2 2 2 2 2 2 2 2 2 2 2 2 2 2 2
left_child=1 5 4 16 13 9 7 11 -9 17 14 -6 -12 15 -8 23 -4 -1 -19 -17 -11 22 -7 -2 -23 27 -26 -15 -3 -30
right_child=2 28 3 -5 6 21 10 8 -10 20 12 -13 -14 25 -16 19 -18 18 -20 -21 -22 24 -24 -25 26 -27 -28 -29 29 -31
leaf_value=-382.71783207082285 -54.767625708976851 -221.65583204840229 469.25900600033185 88.853494452013123 -4.7680813596920588 10.277428781616296 -3.8120010329760188 1322.1127898235379 21.151735080771633 282.08732603246875 -2.7891147192134897 139.81373519728561 87.015649726272599 337.1626533802247 -29.421659725917419 419.94223550765554 392.34621157247892 -186.34298591383734 333.86254291157923 -555.93203118232543 -273.19865262673142 -196.09395604865728 328.16144833771546 1325.8811687807256 -89.743268687315378 726.99522004549715 90.67797589032881 -710.38323160562345 -50.451200290200376 -0.85744526573758462
leaf_weight=1218 4438 4878 20 34 795 234 2455 24 633 46 213 110 139 332 267 302 20 1075 33 78 59 816 24 75 720 22 185 76 573 208
leaf_count=1218 4438 4878 20 34 795 234 2455 24 633 46 213 110 139 332 267 302 20 1075 33 78 59 816 24 75 720 22 185 76 573 208
internal_value=-0.00124943 -0.0021449 -0.000350743 0.00672973 -0.000403354 -0.00118367 9.96542e-05 0.000822022 0.00193151 -0.00170424 -0.000267405 1.65739e-05 0.00126136 -0.000841444 -0.0004651 -0.00096444 0.012 -0.00183921 -0.00124007 0.000473683 0.00128571 -0.000544215 0.000953488 -0.00108553 -0.00076874 0.000558139 -0.00021547 0.000308823 -0.00289397 -0.00223175
internal_weight=20102 10069 10033 74 9959 4410 4636 1562 657 2431 3074 905 352 5323 2722 4893 40 2326 1108 380 105 1979 258 4513 1721 430 905 408 5659 781
internal_count=20102 10069 10033 74 9959 4410 4636 1562 657 2431 3074 905 352 5323 2722 4893 40 2326 1108 380 105 1979 258 4513 1721 430 905 408 5659 781
is_linear=0
shrinkage=0.03


Tree=97
num_leaves=31
num_cat=0
split_feature=27 26 24 18 7 28 28 27 10 27 18 15 7 28 27 17 15 22 12 27 27 3 10 18 24 28 28 15 31 3
split_gain=17.3221 8.24893 4.75036 2.80392 2.22424 2.2527 4.05565 3.33835 1.53543 1.34876 1.24188 1.07405 0.977976 0.825 0.746822 0.733229 0.710737 0.706164 0.604828 0.581046 0.564667 0.703247 0.543414 0.495397 0.443455 1.30166 1.3436 0.754216 0.37337 0.359815
threshold=5081.4511111111115 5.5000000000000009 220479.9016666667 0.77314429419792485 46173.702924518286 8.5000000000000018 11.500000000000002 7001.4241666666667 30823.727500000005 8116.7622222222235 0.55671953277786224 0.84482466141442969 35642.947231654623 6.5000000000000009 9077.1750000000029 3.800838894378781 1.0095901135374867 10265.505000000001 1010.0600000000001 5168.6406250000009 5498.2316666666675 18955.830000000005 285748.64000000007 5612.4730187829291 38665.936666666668 8.5000000000000018 9.5000000000000018 1.0026423806426552 11.500000000000002 31719.315000000006
decision_type=2 2 2 2 2 2 2 2 2 2 2 2 2 2 2 2 2 2 2 2 2 2 2 2 2 2 2 2 2 2
left_child=1 8 4 13 11 9 7 -7 12 10 -6 20 15 -4 19 18 -11 -16 -1 -13 21 -2 -8 -22 -3 -26 27 -27 -28 -10
right_child=2 24 3 -5 5 6 22 -9 29 16 -12 14 -14 -15 17 -17 -18 -19 -20 -21 23 -23 -24 -25 25 26 28 -29 -30 -31
leaf_value=-283.94520720632772 636.79213153602575 -214.17241761152391 364.97589462368347 86.187889618452488 -69.655035795482206 28.980088169939272 -25.376995485388811 16.022863318287023 -77.625387259769283 13.315041527958444 -6.5805150396351895 5.5095469410832489 655.40332329977718 484.48436357157431 -284.96593143309428 30.959452845099417 -16.718223612945863 -60.469486586431231 -149.40633515935127 -84.583974667482167 -126.2862247986597 -78.216747317817507 1445.982286348843 234.08379480682089 -49.215812733980414 27.678779935590388 4.5407544268304907 -10.037853521646438 -24.384711283906988 97.4269569417893
leaf_weight=2283 20 4881 24 34 367 383 436 963 851 1256 1406 125 38 20 639 37 452 1488 1034 1533 654 22 27 184 579 46 29 20 104 167
leaf_count=2283 20 4881 24 34 367 383 436 963 851 1256 1406 125 38 20 639 37 452 1488 1034 1533 654 22 27 184 579 46 29 20 104 167
internal_value=-0.00125689 -0.00213596 -0.000374664 0.007 -0.000432447 -1.13429e-05 0.000847429 0.00168053 -0.00116327 -0.000457628 -0.00103723 -0.000909969 -0.00146993 0.012 -0.00112946 -0.00152415 0.000144027 -0.000757406 -0.001571 -0.00160676 3.40902e-05 0.00342857 -0.00157451 -0.000136039 -0.00289397 -0.00222879 -0.000135679 0.00336364 -0.00187218 -0.000141455
internal_weight=20102 10069 10033 78 9955 5290 1809 1346 4410 3481 1773 4665 3392 44 3785 3354 1708 2127 3317 1658 880 42 463 838 5659 778 199 66 133 1018
internal_count=20102 10069 10033 78 9955 5290 1809 1346 4410 3481 1773 4665 3392 44 3785 3354 1708 2127 3317 1658 880 42 463 838 5659 778 199 66 133 1018
is_linear=0
shrinkage=0.03


Tree=98
num_leaves=31
num_cat=0
split_feature=27 26 24 8 9 31 10 28 10 16 26 17 27 27 23 7 3 28 23 20 27 24 28 28 19 2 9 22 12 17
split_gain=16.5674 8.59095 4.7735 2.23204 2.04245 1.70154 1.53377 1.3638 1.08632 1.07205 1.16651 1.98903 1.04113 0.907885 0.888915 0.811221 1.74675 0.667262 0.58932 0.708539 0.512642 0.488909 1.44494 1.23032 0.757576 0.435814 0.512074 1.70226 0.870783 0.401698
threshold=5081.4511111111115 5.5000000000000009 220479.9016666667 54538.115000000013 28511.800000000003 12.500000000000002 30096.090000000004 6.5000000000000009 205779.04000000001 -6951.0217743000103 8.5000000000000018 0.65608552113714613 6186.3306250000005 57180.67500000001 1324.2660671588253 17968.87498628255 1363.7450000000001 9.5000000000000018 11814.328642920451 0.75163614004136414 2391.0420833333337 38665.936666666668 8.5000000000000018 9.5000000000000018 0.21931961763978988 4918.630000000001 3400.6200000000003 6742.9050000000016 3885.5100000000007 0.15532321216347586
decision_type=2 2 2 2 2 2 2 2 2 2 2 2 2 2 2 2 2 2 2 2 2 2 2 2 2 2 2 2 2 2
left_child=1 6 3 9 -5 -4 15 -7 12 -2 13 -12 -6 -11 -10 18 -17 -18 19 -1 -20 -3 -23 24 -24 26 27 -8 -28 -27
right_child=2 21 5 4 8 7 25 -9 14 10 11 -13 -14 -15 -16 16 17 -19 20 -21 -22 22 23 -25 -26 29 28 -29 -30 -31
leaf_value=-288.74445651666514 205.55535378883053 -207.7472450831782 244.22081098819507 70.798618358126745 10.999209596714763 255.19507827209469 46.356128170730898 431.82595005807246 742.85438676329511 -57.442905858184574 8.3970846369763201 -22.725916587944887 -1.2221048672856294 272.90391311933035 65.70996706744144 858.47763092099672 -133.89730422546137 161.38655271209103 -228.41244566225933 2.0373272235460038 61.297924337520847 -47.739338351961045 12.883707933427459 -13.367333563582305 32.236627390268268 -327.64179024570535 -143.81168273298042 282.05842208559375 1698.4490357530854 -86.458922820859726
leaf_weight=2505 528 4881 32 39 44 22 253 24 23 4950 532 247 2988 305 299 21 211 48 266 146 146 579 44 133 22 70 379 34 21 310
leaf_count=2505 528 4881 32 39 44 22 253 24 23 4950 532 247 2988 305 299 21 211 48 266 146 146 579 44 133 22 70 379 34 21 310
internal_value=-0.0012554 -0.00211511 -0.000392605 -0.000450528 0.000174181 0.007 -0.00112245 0.0106957 9.48114e-05 -0.000773545 -0.000886975 0.000196405 -8.11353e-05 -0.00104757 0.00175155 -0.00143853 0.000107142 -0.000567568 -0.00157982 -0.00174387 -0.000524273 -0.00288867 -0.00219023 1.50747e-05 0.00336364 -0.000132147 0.000318777 0.00128571 -0.000375001 -0.000947369
internal_weight=20102 10069 10033 9955 3393 78 4410 46 3354 6562 6034 779 3032 5255 322 3343 280 259 3063 2651 412 5659 778 199 66 1067 687 287 400 380
internal_count=20102 10069 10033 9955 3393 78 4410 46 3354 6562 6034 779 3032 5255 322 3343 280 259 3063 2651 412 5659 778 199 66 1067 687 287 400 380
is_linear=0
shrinkage=0.03


Tree=99
num_leaves=31
num_cat=0
split_feature=7 26 24 28 28 19 15 10 8 28 28 31 28 16 14 21 7 28 5 2 15 10 10 20 23 26 2 4 23 17
split_gain=14.9193 12.0167 4.18383 2.67119 3.95448 3.90576 3.7475 1.91801 1.73386 3.65716 2.95439 1.70154 1.68198 1.67745 1.65718 1.40346 1.39717 1.3638 1.22354 1.22234 1.16299 1.03056 1.08838 0.950495 0.692004 0.552814 0.525653 0.627681 0.513167 0.497211
threshold=46173.702924518286 5.5000000000000009 220479.9016666667 8.5000000000000018 9.5000000000000018 0.22301924239638302 0.99399553101226801 34920.010000000002 39351.130000000012 8.5000000000000018 10.500000000000002 12.500000000000002 11.500000000000002 776.61114511310745 18612.220000000005 116567.38333333335 42689.873289666466 6.5000000000000009 72848.753217363599 33417.55000000001 1.0019859911053559 1.0000000180025095e-35 14604.227500000003 0.99912062516713107 3640.1726225845164 3.5000000000000004 17842.480000000007 99272.275000000009 72063.95481125357 1.18358613563019
decision_type=2 2 2 2 2 2 2 2 2 2 2 2 2 2 2 2 2 2 2 2 2 2 2 2 2 2 2 2 2 2
left_child=1 7 3 18 5 15 -7 16 -3 -10 14 -4 13 -6 -11 -5 21 -13 20 -20 -2 23 -23 -1 -21 -22 27 29 -14 -9
right_child=2 8 11 4 12 6 -8 26 9 10 -12 17 28 -15 -16 -17 -18 -19 19 24 25 22 -24 -25 -26 -27 -28 -29 -30 -31
leaf_value=-129.50626658847494 -5.5769211088293345 -181.4488997430347 236.89418665854936 -7.228655016582489 27.96153276887981 135.14482095244824 40.430218914466415 18.592208379710559 -50.74889087107951 6.3464477048178747 -26.62360999541194 247.53922592393224 -24.280248116448245 -0.98123208760505698 31.588585068300844 910.05693206874037 531.27090842673704 418.87117155633064 1838.708641744292 9.4373167744849411 521.14211071624686 -348.98872720148694 -206.55485925967554 1102.6818609288191 -16.113505673153956 -29.7724071033638 -277.21777879341255 952.90732815148635 1824.2841954637834 -141.62241715890346
leaf_weight=2190 1389 5183 32 198 333 59 153 975 748 97 155 22 440 577 79 36 29 24 29 878 39 1613 1983 54 483 727 930 34 26 587
leaf_count=2190 1389 5183 32 198 333 59 153 975 748 97 155 22 440 577 79 36 29 24 29 878 39 1613 1983 54 483 727 930 34 26 587
internal_value=-0.00123898 -0.00173712 0.000101928 1.6762e-06 0.000935235 0.00339013 0.00633962 -0.000995236 -0.00273172 -0.00163763 0.000987915 0.007 0.000139534 0.000890109 0.00364773 0.000717948 -0.00129273 0.0106957 -0.000478139 0.000215827 -0.000925755 -0.00132534 -0.00164016 -0.000820856 8.59655e-05 -0.00186423 -0.000304039 2.63151e-05 -0.00132618 -6.14604e-05
internal_weight=20102 14657 5445 5367 1822 446 212 8395 6262 1079 331 78 1376 910 176 234 5869 46 3545 1390 2155 5840 3596 2244 1361 766 2526 1596 466 1562
internal_count=20102 14657 5445 5367 1822 446 212 8395 6262 1079 331 78 1376 910 176 234 5869 46 3545 1390 2155 5840 3596 2244 1361 766 2526 1596 466 1562
is_linear=0
shrinkage=0.03


Tree=100
num_leaves=31
num_cat=0
split_feature=27 26 24 18 10 28 28 19 27 21 18 10 28 24 27 28 7 24 23 12 27 16 12 17 22 20 22 4 17 12
split_gain=17.0308 8.59095 4.74265 2.80392 2.22539 1.89586 3.65201 4.26302 2.09249 1.6894 1.41064 1.40457 1.30933 1.28492 1.2406 0.825 0.695813 0.996937 0.785753 0.638633 0.597167 0.571702 0.55575 0.820579 0.514753 0.466843 0.45591 0.439669 0.433706 0.514051
threshold=5081.4511111111115 5.5000000000000009 220479.9016666667 0.77314429419792485 50711.480000000003 8.5000000000000018 9.5000000000000018 0.22301924239638302 7948.7863888888887 6483.3900000000003 5612.4730187829291 14604.227500000003 11.500000000000002 9713.2141666666685 18713.832500000004 6.5000000000000009 10627.702134412501 22355.994999999999 11814.328642920451 5727.5900000000011 71992.866666666683 30050.327036711929 2990.9900000000002 0.48500218280461288 361.40000000000003 0.96441116884472167 37092.720000000008 50243.945000000007 0.68596008065232128 1333.9550000000002
decision_type=2 2 2 2 2 2 2 2 2 2 2 2 2 2 2 2 2 2 2 2 2 2 2 2 2 2 2 2 2 2
left_child=1 11 4 15 10 8 7 -7 9 -6 20 13 -8 22 19 -4 18 -18 -15 -12 27 -16 25 -24 -13 -1 -10 -2 -26 -30
right_child=2 -3 3 -5 5 6 12 -9 26 -11 14 24 -14 16 21 -17 17 -19 -20 -21 -22 -23 23 -25 28 -27 -28 -29 29 -31
leaf_value=-323.35316641785334 -319.62342658039933 -108.78336134948238 338.94458865909172 68.520223804018187 751.46109538131736 6.2940413807900972 6.2233486712674315 65.940366809668532 259.27828684263937 -18.982969996737882 -256.39070026948315 109.28466467086328 -25.510003673471722 -30.457785040009895 213.08441100519957 444.42891901599575 -238.26271992846335 241.15394859291604 126.39350215896252 82.87667064334299 108.77210032281798 1948.7774719008391 -226.54766786444662 502.30185235483106 -9.88608948270784 101.50465863457443 -2.3884775106404539 260.72777579836287 -230.57108721994715 -41.997743912481319
leaf_weight=1637 1772 5659 24 34 20 302 1229 273 693 2104 652 21 624 139 387 20 384 70 75 99 43 20 44 21 886 61 1673 64 675 397
leaf_count=1637 1772 5659 24 34 20 302 1229 273 693 2104 652 21 624 139 387 20 384 70 75 99 43 20 44 21 886 61 1673 64 675 397
internal_value=-0.00124346 -0.00211511 -0.000368684 0.007 -0.00042642 -0.000129229 0.000546128 0.00263478 -0.000494433 -0.00117797 -0.00110339 -0.00112245 -0.000101997 -0.00160551 -0.000279793 0.012 -0.000485031 -0.00114978 0.000925233 -0.00100266 -0.00161096 0.00105405 -0.00203006 0.000692307 -0.000529056 -0.00213428 0.000119188 -0.00169281 -0.000579163 -0.000985075
internal_weight=20102 10069 10033 78 9955 6918 2428 575 4490 2124 3037 4410 1853 2431 1158 44 668 454 214 751 1879 407 1763 65 1979 1698 2366 1836 1958 1072
internal_count=20102 10069 10033 78 9955 6918 2428 575 4490 2124 3037 4410 1853 2431 1158 44 668 454 214 751 1879 407 1763 65 1979 1698 2366 1836 1958 1072
is_linear=0
shrinkage=0.03


Tree=101
num_leaves=31
num_cat=0
split_feature=7 23 11 24 18 28 28 17 12 3 1 10 8 28 28 15 5 17 20 13 28 21 4 20 18 25 23 9 9 15
split_gain=14.8223 7.30775 4.39291 4.1638 2.80392 2.05081 2.93311 2.48591 4.56496 1.74912 1.72572 1.3653 1.32317 2.71888 3.26048 1.27524 1.07938 1.04142 0.904062 0.852023 0.825 0.821191 0.783382 0.765012 0.957747 0.762133 0.751792 0.744638 1.04314 0.876383
threshold=46173.702924518286 3093.1254895569832 5900.0850000000009 220479.9016666667 0.77314429419792485 8.5000000000000018 10.500000000000002 0.62366224473463983 7168.4750000000013 139706.13000000003 15769.560366519434 80264.672500000015 39351.130000000012 8.5000000000000018 9.5000000000000018 1.0019859911053559 77186.536556396502 0.57104690692057591 0.19740256246508023 1.0000000180025095e-35 6.5000000000000009 4261.8533333333344 10906.830000000004 0.13822646203100025 0.11882901120779703 4168.4700000000003 3190.9824946343729 7320.6600000000008 6787.380000000001 1.0606683261712231
decision_type=2 2 2 2 2 2 2 2 2 2 2 2 2 2 2 2 2 2 2 2 2 2 2 2 2 2 2 2 2 2
left_child=1 2 11 5 20 15 7 8 -7 -9 22 -1 19 -14 -15 17 -17 18 -2 -4 -5 -13 -3 24 -24 -25 -8 28 29 -12
right_child=3 10 12 4 -6 6 26 9 -10 -11 27 21 13 14 -16 16 -18 -19 -20 -21 -22 -23 23 25 -26 -27 -28 -29 -30 -31
leaf_value=-224.96742635944048 -29.544042464495053 -278.41955831893586 -217.72214057647878 328.77625099931879 66.46461708989753 72.749576620840358 -19.693509222525588 -1.3213924835637507 37.912394353608953 1038.9755507572127 -3.4590869724150366 1130.9067613993025 -46.030346701911213 29.210131115848135 -10.581387832978724 -26.042486644506319 -2.1913451862803641 4.4442158377549745 5.6463187667724792 -172.99343621354129 431.09605144551557 124.94063638927112 502.37881228754839 -388.66541078939775 -177.44341613470195 117.31394649128518 6.4931570757057573 -65.000391292348127 1035.2708514195108 858.24448564580041
leaf_weight=1749 353 2706 184 24 34 52 443 411 395 37 355 49 733 87 199 841 518 1683 150 5071 20 87 52 66 945 315 484 1989 20 50
leaf_count=1749 353 2706 184 24 34 52 443 411 395 37 355 49 733 87 199 841 518 1683 150 5071 20 87 52 66 945 315 484 1989 20 50
internal_value=-0.00121809 -0.00171461 -0.00231242 0.000118457 0.007 1.84453e-05 0.000836443 0.00206145 0.00364429 0.000482142 -0.00096399 -0.00104244 -0.00269398 -0.00170461 0.000776223 -0.000401975 -0.00112362 4.66599e-05 -0.00115109 -0.00288582 0.012 0.00185294 -0.00133986 -0.00075762 -0.00119458 0.000385826 -0.000346279 -0.000328087 0.000811764 0.000481481
internal_weight=20102 14657 8159 5445 78 5367 1822 895 447 448 6498 1885 6274 1019 286 3545 1359 2186 503 5255 44 136 4084 1378 997 381 927 2414 425 405
internal_count=20102 14657 8159 5445 78 5367 1822 895 447 448 6498 1885 6274 1019 286 3545 1359 2186 503 5255 44 136 4084 1378 997 381 927 2414 425 405
is_linear=0
shrinkage=0.03


Tree=102
num_leaves=31
num_cat=0
split_feature=27 26 24 18 7 15 31 18 10 18 12 27 20 2 28 27 12 11 31 28 28 20 3 17 31 7 3 10 31 3
split_gain=16.0121 8.62475 4.26664 2.93162 2.25032 1.29958 1.66112 1.28126 1.27967 1.38712 1.26119 0.931406 0.877225 0.864268 0.859091 0.811138 1.66808 1.14057 0.786281 0.74718 0.98081 0.730394 0.710486 1.0699 0.663306 0.659985 0.630811 0.558513 0.533568 0.434951
threshold=5009.6872222222237 5.5000000000000009 220479.9016666667 0.76957965683045615 50751.247100664274 0.99399553101226801 32.500000000000007 0.66971347285263561 14604.227500000003 1.3925511991128483 8487.6150000000034 51278.097500000011 0.37058961787160294 40392.015000000007 6.5000000000000009 10131.600444444446 6028.4300000000012 50204.42500000001 20.500000000000004 8.5000000000000018 9.5000000000000018 0.46390317813391785 1054.5350000000001 2.5076109343812916 11.500000000000002 36571.424493772378 960.81000000000006 30823.727500000005 2.5000000000000004 29435.865000000002
decision_type=2 2 2 2 2 2 2 2 2 2 2 2 2 2 2 2 2 2 2 2 2 2 2 2 2 2 2 2 2 2
left_child=1 8 4 14 11 6 7 -6 9 -1 -8 12 18 -3 -4 16 -7 -17 -2 -15 -21 -14 23 26 -22 28 -10 -24 -11 -29
right_child=2 13 3 -5 5 15 10 -9 22 25 -12 -13 21 19 -16 17 -18 -19 -20 20 24 -23 27 -25 -26 -27 -28 29 -30 -31
leaf_value=-348.36340250433318 -56.180267034955847 -161.80939651932741 332.74014054658471 47.176733759304774 -5.0038117872253682 70.127502603995822 60.678223868852548 18.040527965720198 -98.740660388299034 7.3749177568720512 62.752310181244262 169.4390787771836 590.8606268793452 -40.90920790372509 418.16316990214989 86.74970557301549 -8.3024031854842075 2.6468007755413261 -0.52897115062171585 12.86383141270443 16.86785599814614 -23.996102496575627 -155.96692380601957 341.92444590847458 -11.068007060809279 1015.5412677369784 178.25112664169384 -71.411808877110772 -159.76548999989507 80.468171922287056
leaf_weight=1036 4286 5094 22 36 749 23 24 560 211 272 59 383 101 307 20 90 2077 875 605 36 25 281 809 24 78 20 22 708 1086 183
leaf_count=1036 4286 5094 22 36 749 23 24 560 211 272 59 383 101 307 20 90 2077 875 605 36 25 281 809 24 78 20 22 708 1086 183
internal_value=-0.00120913 -0.0020677 -0.000374154 0.00661538 -0.000428064 7.60594e-05 0.000836206 0.000575248 -0.00107138 -0.00153355 0.00495181 -0.000825319 -0.000929073 -0.00285379 0.012 -0.000269169 -0.000600001 0.000450776 -0.00103721 -0.00158744 0.000237409 0.000455497 -0.000501278 0.000968871 -0.00125243 -0.000910015 0.000347639 -0.00072353 -0.000989691 -0.000205388
internal_weight=20102 9911 10191 78 10113 4457 1392 1309 4371 2414 83 5656 5273 5540 42 3065 2100 965 4891 446 139 382 1957 257 103 1378 233 1700 1358 891
internal_count=20102 9911 10191 78 10113 4457 1392 1309 4371 2414 83 5656 5273 5540 42 3065 2100 965 4891 446 139 382 1957 257 103 1378 233 1700 1358 891
is_linear=0
shrinkage=0.03


Tree=103
num_leaves=31
num_cat=0
split_feature=27 2 24 18 7 10 28 28 17 28 18 5 3 18 27 28 18 0 16 27 28 28 7 16 20 20 23 10 3 28
split_gain=15.8393 7.83352 4.26305 2.93162 2.09202 1.33343 1.33097 2.49812 2.48665 1.15799 1.1295 1.09122 0.9384 0.996621 0.893285 0.859091 0.850276 1.06059 0.841965 0.799168 0.830228 0.955575 0.788945 0.720256 0.692639 0.982264 0.689713 0.664732 1.42844 0.643932
threshold=5009.6872222222237 14086.350000000002 220479.9016666667 0.76957965683045615 47517.123992679386 30096.090000000004 8.5000000000000018 9.5000000000000018 0.61034630956153391 11.500000000000002 7474.0288135039455 7768.3573437500008 73994.820000000022 0.66971347285263561 11834.388125000003 6.5000000000000009 13422.637082515985 15782.89286853008 -6951.0217743000103 4475.4719444444454 8.5000000000000018 9.5000000000000018 32675.552548452757 -93.277565195443444 0.4049906126244382 0.44320830561537577 2689.0505963732298 14604.227500000003 1271.6250000000002 8.5000000000000018
decision_type=2 2 2 2 2 2 2 2 2 2 2 2 2 2 2 2 2 2 2 2 2 2 2 2 2 2 2 2 2 2
left_child=1 5 4 15 14 10 12 8 -8 -9 27 -12 13 -6 24 -4 18 -18 -16 -3 -21 23 -13 -22 29 -26 -23 -1 -29 -2
right_child=2 19 3 -5 6 -7 7 9 -10 -11 11 22 -14 -15 16 -17 17 -19 -20 20 21 26 -24 -25 25 -27 -28 28 -30 -31
leaf_value=-283.50954116096403 -59.554573128953152 -184.58158645412593 322.75793633018736 45.761431746525197 -21.077711106892064 -25.216463875130366 65.774181808415861 7.4476816863435662 16.873861474152548 -18.599006171595772 101.08238636525205 -111.2307518428112 5.2254340400252239 0.34484100457980282 598.2239504148107 405.61827480508578 465.76528880749186 44.139884744328576 -174.59265962931934 -45.599900523389806 32.133853426654127 -22.097944664366079 703.06236049948166 -3.4937353225919461 554.29753339504487 -25.760500567584611 19.116391498545184 78.442520164470949 -186.81571017783241 -24.023815590775243
leaf_weight=1852 1689 4769 22 36 1239 1018 155 867 267 439 99 366 1328 788 175 20 49 368 1618 582 25 165 24 39 22 152 44 154 774 957
leaf_count=1852 1689 4769 22 36 1239 1018 155 867 267 439 99 366 1328 788 175 20 49 368 1618 582 25 165 24 39 22 152 44 154 774 957
internal_value=-0.00120167 -0.0020556 -0.000371211 0.00661538 -0.000425097 -0.00108957 4.1307e-06 0.000680555 0.0026872 3.21585e-05 -0.00138483 -5.52154e-05 -0.000344263 -0.000750371 -0.000858848 0.012 -0.000407241 0.000812949 -0.000691021 -0.00279196 -0.00194737 -0.000582418 -0.000769231 0.002625 -0.00121277 0.000620689 -0.00156459 -0.00161871 -0.000963363 -0.00133333
internal_weight=20102 9911 10191 78 10113 4287 5083 1728 422 1306 3269 489 3355 2027 5030 42 2210 417 1793 5624 855 273 390 64 2820 174 209 2780 928 2646
internal_count=20102 9911 10191 78 10113 4287 5083 1728 422 1306 3269 489 3355 2027 5030 42 2210 417 1793 5624 855 273 390 64 2820 174 209 2780 928 2646
is_linear=0
shrinkage=0.03


Tree=104
num_leaves=31
num_cat=0
split_feature=9 26 24 24 28 28 18 10 18 6 19 17 18 28 26 28 9 3 1 19 21 1 28 31 3 8 28 12 18 24
split_gain=13.4646 9.62467 4.00255 3.19701 3.79998 4.03159 2.93162 1.71958 1.60995 1.37022 1.27486 1.00894 2.75004 1.68333 1.23998 0.859091 0.837843 0.900845 0.827263 0.797285 1.01026 1.12103 0.809636 1.05144 0.791203 0.775207 0.720975 0.70482 0.650326 0.604467
threshold=26713.640000000003 5.5000000000000009 220479.9016666667 38665.936666666668 8.5000000000000018 9.5000000000000018 0.76957965683045615 34225.420000000006 6967.7005750000008 87597.866550675099 0.24467710285933233 0.65441861821884562 0.54800049814699492 8.5000000000000018 3.5000000000000004 6.5000000000000009 12196.860000000002 33535.895000000011 66285.201194779525 0.14328760720265651 90941.823333333348 88622.916160998357 7.5000000000000009 21.500000000000004 75014.795000000013 9161.0700000000015 11.500000000000002 1233.6300000000003 0.38595083721627327 22355.994999999999
decision_type=2 2 2 2 2 2 2 2 2 2 2 2 2 2 2 2 2 2 2 2 2 2 2 2 2 2 2 2 2 2
left_child=1 7 9 -3 -5 10 15 8 27 11 -6 12 24 -14 25 -4 17 -10 -16 22 21 -21 28 -24 -2 -13 -7 -1 -11 -18
right_child=2 3 6 4 5 26 -8 -9 16 19 -12 14 13 -15 18 -17 29 -19 -20 20 -22 -23 23 -25 -26 -27 -28 -29 -30 -31
leaf_value=-268.76857389135336 -69.990401535146304 -179.97099761986792 313.07519824028157 -41.23975596432836 24.187473292661505 4.0053244443461784 44.388588794129177 -27.834484784412286 4.5337318114192007 -740.94970822545633 61.739627275432106 -296.41986061151425 -0.54099124685268896 16.252579074070383 -27.712688901540243 393.44972656093341 -251.83375684665518 432.00120667407964 -2.696767783693796 5.9130495300018682 -2.1369182150798047 59.377315527817743 423.42338114781717 260.93042393137097 12.787632694831885 59.624370406297153 -76.447856103978495 -100.40179584426826 203.62125793706389 321.68318133835544
leaf_weight=3180 443 4937 22 711 26 185 36 1768 665 33 57 312 1328 730 1225 20 403 44 536 61 793 43 88 27 65 1213 102 845 134 70
leaf_count=3180 443 4937 22 711 26 185 36 1768 665 33 57 312 1328 730 1225 20 403 44 536 61 793 43 88 27 65 1213 102 845 134 70
internal_value=-0.00119272 -0.00176703 -0.000143059 -0.00264606 -0.00116836 0.0012973 0.00661538 -0.0010086 -0.00128308 -0.000218035 0.00712048 -0.000406016 3.97499e-05 0.000527696 -0.000754109 0.012 -0.000309645 0.000342736 -0.00129642 0.000715012 0.000277591 0.00305769 0.00210638 0.00404348 -0.00193701 -0.00012787 -0.00038676 -0.00156894 0.000772454 -0.00128753
internal_weight=20102 12993 7109 6018 1081 370 78 6975 5207 7031 83 5852 2566 2058 3286 42 1182 709 1761 1179 897 104 282 115 508 1525 287 4025 167 473
internal_count=20102 12993 7109 6018 1081 370 78 6975 5207 7031 83 5852 2566 2058 3286 42 1182 709 1761 1179 897 104 282 115 508 1525 287 4025 167 473
is_linear=0
shrinkage=0.03


Tree=105
num_leaves=31
num_cat=0
split_feature=9 26 24 2 18 28 28 10 18 6 9 16 28 4 4 12 15 10 3 28 28 28 15 9 13 26 23 7 21 15
split_gain=12.9403 9.90594 4.00755 3.30603 2.93162 2.45167 3.689 1.55884 1.46632 1.09878 1.04836 0.906036 0.859091 0.801461 0.783432 0.781411 0.858163 0.682967 0.679548 0.648034 2.08452 0.623364 0.613062 0.609662 0.898695 0.625046 0.606234 0.944712 0.885186 0.542724
threshold=26713.640000000003 5.5000000000000009 220479.9016666667 39695.250000000007 0.76957965683045615 8.5000000000000018 9.5000000000000018 34225.420000000006 5612.4730187829291 87597.866550675099 22714.575000000001 -102.47940883215414 6.5000000000000009 53940.140000000014 9934.5800000000017 5727.5900000000011 0.97892194675848543 16052.372500000001 17087.015000000003 8.5000000000000018 9.5000000000000018 11.500000000000002 0.99764031669640885 78081.070000000022 11200.970000000003 3.5000000000000004 2535.4293382309456 139820.66657500001 90941.823333333348 0.77778785159869057
decision_type=2 2 2 2 2 2 2 2 2 2 2 2 2 2 2 2 2 2 2 2 2 2 2 2 2 2 2 2 2 2
left_child=1 7 9 -3 12 13 10 8 17 11 -7 19 -4 -5 -11 29 -17 -1 -19 22 -21 -8 -2 24 -13 -25 27 -16 -28 -10
right_child=2 3 4 5 -6 6 21 -9 15 14 -12 23 -14 -15 26 16 -18 18 -20 20 -22 -23 -24 25 -26 -27 28 -29 -30 -31
leaf_value=-270.54647286309518 -3.575320178410847 -161.14575691548751 303.68294229307298 -45.250748318503163 43.056931130305315 51.311462995370704 1.9461520925893636 -26.999450240879902 12.957816296380766 1016.8328637187474 35.149193916039657 -33.307828814197535 381.64623476410526 28.865740121869308 31.256841929894094 354.38054464462493 110.81510316003511 -115.24592884767951 -308.41982334358778 40.185973571857964 -12.97122809782898 -72.950663893825634 29.430907700290337 384.11662049709849 -4.4813051318979422 -153.35858450147788 20.882785054500381 178.63904889187262 -4.7704779940487576 -155.75748370356345
leaf_weight=2248 1729 5012 22 583 36 24 216 1768 373 28 49 1120 20 25 312 28 70 1272 350 256 452 109 24 163 2041 67 86 23 730 866
leaf_count=2248 1729 5012 22 583 36 24 216 1768 373 28 49 1120 20 25 312 28 70 1272 350 256 452 109 24 163 2041 67 86 23 730 866
internal_value=-0.0011763 -0.00173932 -0.000147279 -0.00263111 0.00661538 -0.00106163 0.000768844 -0.000969893 -0.00123123 -0.000222302 0.00686301 -0.000390636 0.012 -0.00225987 0.000613231 -0.00037472 0.00220408 -0.00152713 -0.00105795 4.75409e-05 0.000813559 -0.000600001 -0.000261838 -0.000708641 -0.000817147 0.000782608 0.000492614 0.00156716 5.14699e-05 -0.000578693
internal_weight=20102 12993 7109 6018 78 1006 398 6975 5207 7031 73 5852 42 608 1179 1337 98 3870 1622 2461 708 325 1753 3391 3161 230 1151 335 816 1239
internal_count=20102 12993 7109 6018 78 1006 398 6975 5207 7031 73 5852 42 608 1179 1337 98 3870 1622 2461 708 325 1753 3391 3161 230 1151 335 816 1239
is_linear=0
shrinkage=0.03


Tree=106
num_leaves=31
num_cat=0
split_feature=6 26 24 25 28 28 17 28 28 2 17 31 7 16 24 20 17 28 28 19 13 28 31 17 11 28 17 7 15 10
split_gain=12.336 13.1683 3.41016 1.93459 3.30233 2.73861 2.46094 1.66855 3.06046 3.04109 2.84022 1.55522 1.46685 1.32354 1.27623 1.27121 1.16861 1.03712 0.847517 0.833141 0.82408 0.808853 0.798233 0.764662 0.701068 0.694379 0.660669 0.646089 0.626743 0.614138
threshold=44489.961284700003 5.5000000000000009 220479.9016666667 37849.227500000008 8.5000000000000018 9.5000000000000018 0.58579843413570332 8.5000000000000018 10.500000000000002 55982.195000000007 0.65441861821884562 14.500000000000002 7338.6932881157809 -133.30290412304745 56509.270833333336 0.37058961787160294 3.800838894378781 6.5000000000000009 7.5000000000000009 0.41591313610276165 1.0000000180025095e-35 6.5000000000000009 6.5000000000000009 0.56762010775815397 91644.540000000023 11.500000000000002 0.64914372339511417 53640.664747961753 1.0019859911053559 194114.91
decision_type=2 2 2 2 2 2 2 2 2 2 2 2 2 2 2 2 2 2 2 2 2 2 2 2 2 2 2 2 2 2
left_child=1 12 7 -3 -5 6 -6 14 9 10 -9 -4 22 -11 23 16 26 -13 -18 27 21 -17 -1 -2 25 -10 -14 -16 -25 -26
right_child=2 3 11 4 5 -7 -8 8 24 13 -12 17 15 -15 19 20 18 -19 -20 -21 -22 -23 -24 28 29 -27 -28 -29 -30 -31
leaf_value=-193.76432489800936 -33.83830161752887 -180.39371758063535 149.55192365660642 -43.83867912436105 56.054962382560213 -4.0527542644740917 8.0827772187080864 42.669876795960043 0.54892643372289718 88.786408479233828 -5.7851652402243081 232.61186949518412 -52.832114274176647 -0.21666830914783647 1154.7609215658929 -9.4085764782010877 -113.80038697989217 332.07296511482718 394.26078197549487 1173.0762100667559 -78.692401842040255 592.70052416817975 -340.91709535155189 -0.4427074959878729 -69.793901083695033 -23.221142449506615 -186.93233478964638 -2.5858678291291959 -24.267323796431832 574.57601173063608
leaf_weight=1920 466 4885 34 712 23 224 65 211 468 132 98 20 1740 529 47 135 33 24 35 36 149 204 857 556 34 476 3280 2290 387 32
leaf_count=1920 466 4885 34 712 23 224 65 211 468 132 98 20 1740 529 47 135 33 24 35 36 149 204 857 556 34 476 3280 2290 387 32
internal_value=-0.00116138 -0.00163694 -7.15256e-10 -0.00272077 -0.00153516 0.00103846 0.00552273 -8.43464e-05 0.000621211 0.00182474 0.00428155 0.00623077 -0.000870227 0.000676247 -0.000453729 -0.000589671 -0.000729954 0.00995454 0.00317647 -2.90778e-05 0.00087295 0.00169026 -0.00143356 -0.00116891 -0.000534654 -0.000743645 -0.000782869 -9.88454e-05 -0.000677625 0.00245454
internal_weight=20102 14262 5840 5909 1024 312 88 5762 1980 970 309 78 8353 661 3782 5576 5088 44 68 2373 488 339 2777 1409 1010 944 5020 2337 943 66
internal_count=20102 14262 5840 5909 1024 312 88 5762 1980 970 309 78 8353 661 3782 5576 5088 44 68 2373 488 339 2777 1409 1010 944 5020 2337 943 66
is_linear=0
shrinkage=0.03


Tree=107
num_leaves=31
num_cat=0
split_feature=27 26 24 18 10 7 10 18 18 8 18 22 17 14 18 24 27 3 15 29 20 24 3 17 3 27 1 6 9 3
split_gain=14.6026 9.21525 3.35684 2.25763 1.64655 1.45881 1.31384 1.51505 1.20151 1.4351 1.57941 1.36286 1.25143 1.77664 1.11143 1.10229 1.05359 0.909367 0.833922 0.746302 0.638054 0.696374 0.583392 1.0699 0.630811 0.535718 0.464107 0.661019 0.658677 0.419767
threshold=5009.6872222222237 5.5000000000000009 220479.9016666667 0.76957965683045615 50711.480000000003 37775.041800830666 14604.227500000003 1.3925511991128483 0.63878499178291437 113219.25500000002 0.54322435951044168 37092.720000000008 0.65441861821884562 18419.810000000001 5612.4730187829291 72410.595000000016 18713.832500000004 531.61500000000012 3.1508698363319403 2.5000000000000004 0.99912062516713107 9713.2141666666685 1054.5350000000001 2.5076109343812916 960.81000000000006 71992.866666666683 16145.279197798764 12919.467027797347 3788.6950000000002 76131.510000000024
decision_type=2 2 2 2 2 2 2 2 2 2 2 2 2 2 2 2 2 2 2 2 2 2 2 2 2 2 2 2 2 2
left_child=1 6 4 -4 14 -3 7 -1 9 11 -11 -6 13 -10 25 -14 17 -16 -18 -7 21 -9 23 24 -8 29 28 -28 -24 -2
right_child=2 5 3 -5 8 19 22 20 12 10 -12 -13 15 -15 16 -17 18 -19 -20 -21 -22 -23 26 -25 -26 -27 27 -29 -30 -31
leaf_value=-306.57217622689097 -280.72206212698649 -173.10518790265274 348.95356525346011 36.032768378438142 32.887229366815468 -36.525613887354218 -85.774185424801331 -196.90532310392217 17.787656295324972 290.33869013796237 -18.366750760785365 -15.929295406454735 -16.721309201702464 7.0236319186248917 145.07226308547234 5.286437464249917 152.67547740707982 -237.6777262143105 1813.3617214072967 -2.790002818996598 317.7942820236982 -3.9736018946946783 -13.198807644221402 329.679801737753 187.88368206662045 100.46620126682322 371.55993426265752 -32.672319881003069 -254.37177639200888 396.84884129473568
leaf_weight=1036 1843 4797 42 36 1261 407 211 799 113 122 84 2557 531 1740 50 630 376 711 31 336 33 546 575 24 22 43 39 502 584 21
leaf_count=1036 1843 4797 42 36 1261 407 211 799 113 122 84 2557 531 1740 50 630 376 711 31 336 33 546 575 24 22 43 39 502 584 21
internal_value=-0.00115093 -0.00197084 -0.000353548 0.00584615 -0.000401365 -0.00278339 -0.000940975 -0.00140928 -0.000148338 -0.000487575 0.00195146 -0.000619173 0.000304578 0.00078845 -0.000980489 -0.000467701 -0.000251713 -0.000910645 0.000980343 -0.00154643 -0.00075762 -0.000858737 -0.000363312 0.000968871 0.000347639 -0.00142685 -0.000564707 0.000160813 -0.000903366 -0.00150322
internal_weight=20102 9911 10191 78 10113 5540 4371 2414 7038 4024 206 3818 3014 1853 3075 1161 1168 761 407 743 1378 1345 1957 257 233 1907 1700 541 1159 1864
internal_count=20102 9911 10191 78 10113 5540 4371 2414 7038 4024 206 3818 3014 1853 3075 1161 1168 761 407 743 1378 1345 1957 257 233 1907 1700 541 1159 1864
is_linear=0
shrinkage=0.03


Tree=108
num_leaves=31
num_cat=0
split_feature=27 26 24 18 8 7 7 15 9 29 17 15 15 15 16 29 25 31 13 12 18 13 20 31 24 24 18 20 15 31
split_gain=14.7046 9.17561 3.34092 2.25763 1.68585 1.59669 1.27785 1.08087 1.5305 1.52266 1.05001 0.894527 0.839437 0.826926 0.762705 0.760047 0.730702 0.720981 0.708108 0.730085 0.693076 0.732545 0.690304 0.536125 0.677144 0.521406 0.517857 0.456342 0.400282 0.540699
threshold=5009.6872222222237 5.5000000000000009 220479.9016666667 0.76957965683045615 51612.380000000005 37226.357114824321 7338.6932881157809 1.0019859911053559 28511.800000000003 2.5000000000000004 3.800838894378781 0.84482466141442969 1.0017447267537605 0.83561307019371112 30050.327036711929 2.5000000000000004 36422.125000000007 20.500000000000004 30224.580000000005 11004.725000000002 0.27165594585547548 1.0000000180025095e-35 0.23954638947520812 2.5000000000000004 7046.9333333333343 11068.1425 2833.1126343760939 0.1443887524688208 1.0029728839037608 20.500000000000004
decision_type=2 2 2 2 2 2 2 2 2 2 2 2 2 2 2 2 2 2 2 2 2 2 2 2 2 2 2 2 2 2
left_child=1 6 4 -4 11 -3 22 8 9 -6 20 13 -10 -2 17 -7 -16 -13 27 -20 21 -8 -1 26 -25 -22 -24 -9 29 -17
right_child=2 5 3 -5 7 15 10 18 12 -11 -12 14 -14 -15 16 28 -18 -19 19 -21 25 -23 23 24 -26 -27 -28 -29 -30 -31
leaf_value=-265.52214033513377 -12.039031536241787 -174.26296622950889 338.48495829585607 34.951785327084892 16.696754253938703 -35.642518944618423 179.17187315419415 0.087332050928557392 4.5628749316725461 155.44433862039239 161.74492439864574 -45.434911561889628 29.380285771210868 1106.4335458610517 707.27495234719572 -9.4838262490632967 -771.98037869582697 -0.34914562703616786 92.073214435879706 3.6443015535110548 -173.0576876496126 -103.76969685426612 -2.4354937039542683 -235.45772523372929 71.497460691839692 -27.05214823005721 167.08311935560567 -10.959266619746158 -10.139316601785209 5.0739687862208589
leaf_weight=1425 1048 4745 42 36 39 433 291 572 1913 23 35 4249 33 30 79 106 23 743 33 245 735 191 203 350 89 1023 29 1083 169 87
leaf_count=1425 1048 4745 42 36 39 433 291 572 1913 23 35 4249 33 30 79 106 23 743 33 245 735 191 203 350 89 1023 29 1083 169 87
internal_value=-0.00113899 -0.00196176 -0.000338829 0.00584615 -0.000386533 -0.00277256 -0.000934112 9.81977e-05 0.000585657 0.00522581 -0.000441759 -0.000696047 0.00043782 8.90531e-05 -0.000862192 -0.0015283 0.00170588 -0.000914664 -0.000408175 0.000992805 -0.000522322 0.000485476 -0.00146851 -0.000675112 -0.00129157 -0.000798636 0.000491379 -0.000643505 -0.000513813 0.000419688
internal_weight=20102 9911 10191 78 10113 5540 4371 3941 2008 62 2275 6172 1946 1078 5094 795 102 4992 1933 278 2240 482 2096 671 439 1758 232 1655 362 193
internal_count=20102 9911 10191 78 10113 5540 4371 3941 2008 62 2275 6172 1946 1078 5094 795 102 4992 1933 278 2240 482 2096 671 439 1758 232 1655 362 193
is_linear=0
shrinkage=0.03


Tree=109
num_leaves=31
num_cat=0
split_feature=27 26 24 18 8 8 28 28 7 16 17 9 8 0 27 28 8 18 10 7 18 14 20 18 10 27 24 14 2 24
split_gain=14.2353 9.45458 2.94684 1.9536 1.6008 1.41837 2.73448 1.24915 1.24631 1.19043 1.09787 0.900676 1.223 0.859524 0.789901 1.61732 2.54404 1.05902 0.751313 0.700884 0.676973 1.46895 0.66163 0.656536 1.0748 0.651965 0.873662 0.785117 0.643335 0.614661
threshold=4926.6580555555565 5.5000000000000009 220479.9016666667 0.76957965683045615 51612.380000000005 36171.740000000013 8.5000000000000018 11.500000000000002 7338.6932881157809 125.81510285961669 3.800838894378781 28511.800000000003 54538.115000000013 53614.23790375 11551.375000000002 8.5000000000000018 40304.025000000001 0.21484443530308486 15369.357500000002 5345.1697256148082 0.27165594585547548 235.45500000000001 0.63106098838974078 5612.4730187829291 44861.792500000003 6136.6050000000005 67477.875833333339 17450.105000000007 13336.045000000002 7046.9333333333343
decision_type=2 2 2 2 2 2 2 2 2 2 2 2 2 2 2 2 2 2 2 2 2 2 2 2 2 2 2 2 2 2
left_child=1 8 4 -4 14 -3 -7 9 18 -8 20 12 13 -6 15 17 -17 -2 22 29 21 -10 28 24 -16 27 -27 -13 -1 -20
right_child=2 5 3 -5 11 6 7 -9 10 -11 -12 25 -14 -15 23 16 -18 -19 19 -21 -22 -23 -24 -25 -26 26 -28 -29 -30 -31
leaf_value=-287.1952172759195 138.13859211072136 -177.09481865005159 328.33040954698038 33.903231767272466 78.209093190250513 -39.426185509290974 17.035977186159027 -53.166627848709417 514.08104279100462 0.10540622377246624 171.04406319708966 -12.312964560376917 63.059999118986532 -28.324655846477189 -235.20738909864315 -73.544401827303304 12.554196543507063 -36.957918494423147 -29.245348137190344 -278.97456006103295 -95.651181392445068 -2.5697011212410406 2.6257671175230319 92.716253306723459 -4.1776909307852437 -9.0035555300237462 3.3809820389226917 12.46705301935155 85.572051874107558 112.66021450423304
leaf_weight=1235 230 4669 42 36 20 565 69 43 45 81 34 63 39 64 722 778 555 2233 372 258 1733 434 131 602 1210 1190 2429 136 37 47
leaf_count=1235 230 4669 42 36 20 565 69 43 45 81 34 63 39 64 722 778 555 2233 372 258 1733 434 131 602 1210 1190 2429 136 37 47
internal_value=-0.00112258 -0.00194494 -0.000347571 0.00546154 -0.000391686 -0.00277888 -0.0015752 0.00150777 -0.000898752 0.0028 -0.000408727 8.29731e-05 0.00260976 0.000571428 -0.000687205 -0.000961012 -0.000119281 -0.00141657 -0.00142789 -0.000607091 -0.000490959 0.000507306 -0.00182395 -0.000277033 -0.000546585 1.57079e-06 -9.03572e-05 0.00167337 -0.00203302 0.000150357
internal_weight=20102 9753 10349 78 10271 5427 758 193 4326 150 2246 3941 123 84 6330 3796 1333 2463 2080 677 2212 479 1403 2534 1932 3818 3619 199 1272 419
internal_count=20102 9753 10349 78 10271 5427 758 193 4326 150 2246 3941 123 84 6330 3796 1333 2463 2080 677 2212 479 1403 2534 1932 3818 3619 199 1272 419
is_linear=0
shrinkage=0.03


Tree=110
num_leaves=31
num_cat=0
split_feature=27 26 24 18 8 28 26 17 27 18 28 28 16 7 16 28 12 8 23 10 7 23 20 24 3 3 18 9 7 7
split_gain=14.48 9.23353 2.92641 1.9536 1.66078 2.02855 1.61867 2.04548 1.54606 1.23259 1.25458 1.14163 1.17705 1.13932 1.1351 1.05056 0.990644 0.754877 1.79268 0.690423 0.70142 0.642733 0.639098 0.622649 0.610692 1.03046 0.873034 1.57162 0.797627 0.723906
threshold=5009.6872222222237 5.5000000000000009 220479.9016666667 0.76957965683045615 36171.740000000013 8.5000000000000018 8.5000000000000018 0.65441861821884562 11551.375000000002 0.83472066941802903 8.5000000000000018 11.500000000000002 -57.281174913310672 7338.6932881157809 225.14587273741566 8.5000000000000018 9904.9200000000019 68567.342500000013 1564.241835609396 15369.357500000002 5345.1697256148082 1887.0989425598159 0.63106098838974078 7046.9333333333343 24026.635000000006 19918.005000000005 0.23017903166866785 37637.000000000007 7502.7621702542228 43595.17617053126
decision_type=2 2 2 2 2 2 2 2 2 2 2 2 2 2 2 2 2 2 2 2 2 2 2 2 2 2 2 2 2 2
left_child=1 13 6 -4 -3 -6 8 9 14 10 -8 12 -7 19 15 -2 -10 -9 -19 22 23 -18 -1 -21 25 28 27 -26 -15 -28
right_child=2 4 3 -5 5 11 7 17 16 -11 -12 -13 -14 24 -16 -17 21 18 -20 20 -22 -23 -24 -25 26 -27 29 -29 -30 -31
leaf_value=-271.39248107004886 -29.450414364194849 -170.60899734726911 318.48049726057059 32.886134814254419 -37.239181210810969 24.076563010274771 4.005351483054997 -16.271251886275778 -53.218096100429676 -27.381174896233095 26.1454912709189 -48.293506930374377 0.27432056038162383 234.11017170358323 -52.167828313628 12.03074426503931 368.53768461912011 15.377495807343147 -14.280506210784521 -29.79281644492259 -271.19029789601899 62.272709200504046 2.5469941039973527 109.280408069106 604.32945035589773 -413.37514177209232 -29.173035980278343 -58.311673726769122 -70.323629231023986 833.31836934370585
leaf_weight=1282 1430 4675 42 36 644 55 1050 528 2478 158 580 51 115 34 2005 475 73 237 530 375 261 569 131 47 36 162 473 26 1517 27
leaf_count=1282 1430 4675 42 36 644 55 1050 528 2478 158 580 51 115 34 2005 475 73 237 530 375 261 569 131 47 36 162 473 26 1517 27
internal_value=-0.00112108 -0.00193754 -0.000327054 0.00546154 -0.0027509 -0.00154335 -0.000371701 0.000201426 -0.000623045 0.00085906 0.00110429 0.000936651 0.00211765 -0.000906658 -0.00102046 -0.000496064 -0.000125001 -0.000706564 -0.000105607 -0.00141126 -0.000628112 0.000925233 -0.00178981 0.000127961 -0.000441759 -0.000723293 0.000416369 0.00377419 -0.000485494 -7.15256e-10
internal_weight=20102 9911 10191 78 5540 865 10113 3083 7030 1788 1630 221 170 4371 3910 1905 3120 1295 767 2096 683 642 1413 422 2275 1713 562 62 1551 500
internal_count=20102 9911 10191 78 5540 865 10113 3083 7030 1788 1630 221 170 4371 3910 1905 3120 1295 767 2096 683 642 1413 422 2275 1713 562 62 1551 500
is_linear=0
shrinkage=0.03


Tree=111
num_leaves=31
num_cat=0
split_feature=27 26 8 26 17 14 17 31 27 7 28 18 28 15 7 22 2 7 23 2 13 20 16 28 21 8 28 27 2 28
split_gain=14.2321 9.39906 2.4623 1.73151 1.95506 1.75897 1.94617 1.60585 1.52733 1.34224 2.00503 1.24042 1.19185 1.10417 1.05082 0.914784 0.912367 0.781911 0.750769 1.67004 0.740523 0.707285 0.650777 0.694653 0.773541 0.632222 0.62331 0.62276 0.541316 0.50759
threshold=4926.6580555555565 5.5000000000000009 234519.15500000006 8.5000000000000018 0.65441861821884562 18419.810000000001 0.62851238891905148 14.500000000000002 11834.388125000003 36886.689912643415 8.5000000000000018 0.83472066941802903 11.500000000000002 1.0019859911053559 7338.6932881157809 9789.1100000000024 41108.000000000007 121145.51993235452 1564.241835609396 66299.110000000015 15368.250000000002 0.23954638947520812 451.98105651272277 5.5000000000000009 3942.1250000000005 15356.6075 8.5000000000000018 57180.67500000001 88219.710000000006 2.5000000000000004
decision_type=2 2 2 2 2 2 2 2 2 2 2 2 2 2 2 2 2 2 2 2 2 2 2 2 2 2 2 2 2 2
left_child=1 14 3 8 5 6 -5 -4 13 -3 -11 -7 16 20 21 27 -12 -17 19 -6 -2 -1 23 24 -16 -25 -15 -10 -20 -23
right_child=2 9 7 4 18 11 -8 -9 15 10 12 -13 -14 26 22 17 -18 -19 28 -21 -22 29 -24 25 -26 -27 -28 -29 -30 -31
leaf_value=-244.22678635709542 -30.514353018696248 -165.26377121072153 -69.315571695664602 31.474923226084471 -15.315666176229827 10.997026630924006 11.556370299425797 220.15111546161611 -228.53951666759139 -37.005067612788444 11.378567263868689 -30.350624703349062 -52.516969541163839 -68.882884173299104 184.66956876269353 3.2012409230363246 0.2974347271279365 535.18498000524846 -16.889209441584658 12.799378675974006 6.7271714870196098 96.148542626688709 -312.60713768264236 -9.4364160423864725 -143.19396896393064 156.7513872763557 -20.151074278692313 139.13480960436479 -15.727836091309351 -177.29078515078476
leaf_weight=1410 1432 4682 31 37 318 1528 103 43 621 552 68 152 49 1250 40 2117 76 155 517 254 444 194 164 1141 685 216 942 166 239 476
leaf_count=1410 1432 4682 31 37 318 1528 103 43 621 552 68 152 49 1250 40 2117 76 155 517 254 444 194 164 1141 685 216 942 166 239 476
internal_value=-0.00111959 -0.00194186 -0.000344672 -0.000383942 0.000202032 0.000840659 0.00407143 0.00510811 -0.000642768 -0.00277336 -0.0015906 0.000571428 0.00104145 -0.0010236 -0.000898752 -0.00013632 0.00241667 0.000169013 -0.000673193 0.000146852 -0.00048934 -0.00138462 -0.000448799 -0.000305476 -0.00105517 9.50619e-05 -0.00148084 -0.00101779 -0.00129365 -0.00058209
internal_weight=20102 9753 10349 10275 3148 1820 140 74 7127 5427 745 1680 193 4068 4326 3059 144 2272 1328 572 1876 2080 2246 2082 725 1357 2192 787 756 670
internal_count=20102 9753 10349 10275 3148 1820 140 74 7127 5427 745 1680 193 4068 4326 3059 144 2272 1328 572 1876 2080 2246 2082 725 1357 2192 787 756 670
is_linear=0
shrinkage=0.03


Tree=112
num_leaves=31
num_cat=0
split_feature=27 26 24 31 31 11 16 28 7 28 28 27 7 28 31 16 31 15 20 15 10 2 28 23 28 12 25 28 16 16
split_gain=14.4363 9.59458 2.92922 1.64322 3.06446 1.442 2.05953 1.36842 1.26454 1.8334 1.18599 1.1851 1.11167 1.10194 1.09835 0.975347 0.898338 0.801548 0.707285 0.644694 0.64436 0.579101 0.560619 0.513353 0.50759 0.810507 0.601238 0.50698 0.494278 0.939374
threshold=4926.6580555555565 5.5000000000000009 220479.9016666667 20.500000000000004 22.500000000000004 40662.905000000006 616.61838075251774 11.500000000000002 36886.689912643415 8.5000000000000018 8.5000000000000018 8027.625694444444 7338.6932881157809 11.500000000000002 14.500000000000002 125.81510285961669 8.5000000000000018 1.0017447267537605 0.23954638947520812 0.99178938876404166 145734.27500000005 76364.735000000015 4.5000000000000009 2950.703474506035 2.5000000000000004 1622.5500000000002 4082.1875000000005 9.5000000000000018 451.98105651272277 -321.51375189907043
decision_type=2 2 2 2 2 2 2 2 2 2 2 2 2 2 2 2 2 2 2 2 2 2 2 2 2 2 2 2 2 2
left_child=1 12 3 11 5 6 -5 10 -3 -10 -6 16 18 15 -4 -11 17 -2 -1 -18 27 -7 -14 -22 25 -20 -26 -13 29 -24
right_child=2 8 14 4 7 21 -8 -9 9 13 -12 20 22 -15 -16 -17 19 -19 24 -21 23 -23 28 -25 26 -27 -28 -29 -30 -31
leaf_value=-236.89998276638252 -21.608280985602423 -160.30585807439979 105.99200900423453 53.357853575218769 -4.6409301051072882 -17.446728992044108 5.4901257111188375 -30.882130952553133 -35.894915584404842 19.633438757691003 12.22106087366384 -11.947998755566177 -181.08734855606369 -50.941460454929022 211.69451182339017 -0.21866256867239178 5.2328905287282561 -59.7154611406296 211.42392573502616 -14.254386337299749 39.29712469639685 77.411795049481825 -6.270890777189968 -2.5350021557984017 -283.23914432035997 -53.321885560027276 38.43375963294006 -51.521183334052871 -250.40284989916086 163.71395126190396
leaf_weight=1410 893 4682 34 82 1216 30 98 325 552 64 649 2789 563 49 44 80 368 755 103 1018 234 94 1484 758 317 91 159 962 135 64
leaf_count=1410 893 4682 34 82 1216 30 98 325 552 64 649 2789 563 49 44 80 368 755 103 1018 234 94 1484 758 317 91 159 962 135 64
internal_value=-0.00111064 -0.00193879 -0.000330178 -0.000374161 0.000295909 0.00311842 0.00483333 -9.58911e-05 -0.00277888 -0.00163087 0.000217157 -0.000589045 -0.000884883 0.00088601 0.00546154 0.00220833 -0.00105208 -0.00152549 -0.00138462 -0.000489178 -0.000292853 0.000629032 -0.000422084 0.000387096 -0.00058209 0.000711339 -0.00110924 -0.000472675 -0.000147951 3.87525e-06
internal_weight=20102 9753 10349 10271 2494 304 180 2190 5427 745 1865 7777 4326 193 78 144 3034 1648 2080 1386 4743 124 2246 992 670 194 476 3751 1683 1548
internal_count=20102 9753 10349 10271 2494 304 180 2190 5427 745 1865 7777 4326 193 78 144 3034 1648 2080 1386 4743 124 2246 992 670 194 476 3751 1683 1548
is_linear=0
shrinkage=0.03


Tree=113
num_leaves=31
num_cat=0
split_feature=9 26 7 28 28 25 9 18 12 17 12 28 28 18 25 19 9 16 18 18 28 4 20 4 15 15 19 7 13 4
split_gain=12.5461 10.5359 3.44495 3.05995 3.13706 2.17687 1.7362 1.67521 1.39246 0.975412 1.96106 1.84873 3.22165 1.66278 1.3652 1.11292 1.08854 1.04103 0.975256 1.0984 0.970931 0.968821 0.891828 0.787789 0.749553 0.712647 0.691227 0.64964 0.637271 0.63375
threshold=26713.640000000003 5.5000000000000009 37226.357114824321 8.5000000000000018 9.5000000000000018 226832.15250000005 22714.575000000001 0.76957965683045615 1569.1650000000002 0.65441861821884562 7276.9050000000007 8.5000000000000018 10.500000000000002 0.62862128941590956 56962.317500000005 0.23403802783772035 80566.710000000021 116.18361276592806 0.11882901120779703 5612.4730187829291 11.500000000000002 10906.830000000004 0.99990730815975726 53940.140000000014 0.9925547640686796 0.63998411355000417 1.3384887022941345 8147.2253753328278 15128.115000000003 10906.830000000004
decision_type=2 2 2 2 2 2 2 2 2 2 2 2 2 2 2 2 2 2 2 2 2 2 2 2 2 2 2 2 2 2
left_child=1 8 -3 23 6 9 -5 -7 18 10 11 17 -13 14 -12 -15 24 -2 29 -20 -6 -10 26 -4 28 -21 -23 -26 -11 -1
right_child=5 2 3 4 20 7 -8 -9 21 16 13 12 -14 15 -16 -17 -18 -19 19 25 -22 22 -24 -25 27 -27 -28 -29 -30 -31
leaf_value=-16.66780535853897 9.4426673050662266 -149.8990031949948 -34.855214402100131 62.714966917918126 5.2646891960440101 263.7975576619948 34.983054748644854 24.067912317991052 -53.578288706310204 -9.0609701106755356 -36.040445916641296 45.290571594886352 7.7520380108750473 17.431869871830624 -4.3095130086000344 -0.046770693380027449 56.309438556260851 -24.993817739819058 -218.43179532960801 547.12952037222294 -67.446770663863163 24.043749246032544 2783.1172892847781 28.422465054852257 109.91595700050703 -93.193727974745499 459.70243935244167 -19.523019956742768 62.586410067526266 434.70284078033563
leaf_weight=400 221 4808 765 31 210 39 66 36 1022 962 432 81 91 520 834 985 865 93 3829 48 113 656 31 25 21 889 20 1846 83 80
leaf_count=400 221 4808 765 31 210 39 66 36 1022 962 432 81 91 520 834 985 865 93 3829 48 113 656 31 25 21 889 20 1846 83 80
internal_value=-0.0010972 -0.00165158 -0.00257129 -0.0011405 0.000928571 -8.39788e-05 0.00565979 0.005 -0.000858065 -0.000138187 0.000242247 0.002 0.0045 -6.60419e-05 -0.000867299 0.000607973 -0.000466244 0.000630573 -0.00110141 -0.00123122 -0.000492261 -0.000119723 0.000734087 -0.00224051 -0.000743819 -0.000310566 0.000505916 -0.00110391 -0.000100479 0.000187499
internal_weight=20102 12993 6018 1210 420 7109 97 75 6975 7034 3257 486 172 2771 1266 1505 3777 314 5246 4766 323 1729 707 790 2912 937 676 1867 1045 480
internal_count=20102 12993 6018 1210 420 7109 97 75 6975 7034 3257 486 172 2771 1266 1505 3777 314 5246 4766 323 1729 707 790 2912 937 676 1867 1045 480
is_linear=0
shrinkage=0.03


Tree=114
num_leaves=31
num_cat=0
split_feature=27 2 8 6 28 8 31 28 7 15 9 28 23 15 7 11 10 12 27 15 10 20 7 18 16 12 20 20 3 17
split_gain=14.0357 8.1694 2.40947 1.79798 2.0246 1.67115 1.60585 1.47974 1.12662 0.96861 1.39768 2.08349 0.933287 0.916873 0.877579 0.84087 0.755321 1.01581 0.87872 0.721406 0.64196 0.745962 0.641164 0.626047 0.605453 0.552586 0.551689 3.15838 0.531085 0.52482
threshold=5046.9274305555564 14086.350000000002 234519.15500000006 35726.795863623025 8.5000000000000018 51612.380000000005 14.500000000000002 11.500000000000002 7338.6932881157809 1.0026423806426552 28511.800000000003 7.5000000000000009 6640.8122130877273 0.84482466141442969 7502.7621702542228 4946.4250000000011 41875.830000000009 7804.5800000000008 8712.8663888888914 0.99821246516697781 15369.357500000002 0.63106098838974078 5345.1697256148082 0.2367675219283791 141.15152631999993 2692.6700000000005 0.13883259444076776 0.13705317442410223 26839.820000000003 0.65441861821884562
decision_type=2 2 2 2 2 2 2 2 2 2 2 2 2 2 2 2 2 2 2 2 2 2 2 2 2 2 2 2 2 2
left_child=1 8 5 12 -5 13 -4 19 20 10 11 -7 -3 -2 -10 23 18 -18 -15 -6 21 -1 25 -16 -12 -22 27 -11 -14 -28
right_child=2 3 6 4 7 9 -8 -9 14 26 24 -13 28 16 15 -17 17 -19 -20 -21 22 -23 -24 -25 -26 -27 29 -29 -30 -31
leaf_value=-249.69234728207937 18.34622718674779 -184.02712174130536 -75.0739812099809 -34.655213426807443 16.050710274560153 8.3525901786424459 205.03532419980658 -53.824241254220482 203.24955887042304 -1.3445347355947854 3.3676811299473659 154.46288753131461 -299.82411606356459 -375.98560550617174 113.84512802893084 -292.64145657174311 -1.5436084730600128 -23.594873279671564 -105.20599751624752 0.69596382378416832 73.040608034745006 15.616986281891915 -241.47985369570245 -64.963584126636164 15.363601997379234 -392.2190469174883 -4.4665276131001264 41.772212485705367 60.334309965696271 -18.969391812445661
leaf_weight=1263 1073 4312 31 847 68 43 43 93 38 522 1933 21 148 851 347 295 1828 982 1359 206 370 133 253 1548 67 46 995 23 23 341
leaf_count=1263 1073 4312 31 847 68 43 43 93 38 522 1933 21 148 851 347 295 1828 982 1359 206 370 133 253 1548 67 46 995 23 23 341
internal_value=-0.00107333 -0.00187087 -0.000285404 -0.00261559 -0.00159143 -0.000325165 0.00510811 0.000269754 -0.0008826 0.000155893 0.00060465 0.00496875 -0.00289293 -0.000636633 -0.000414722 -0.000493151 -0.000806774 -0.000480428 -0.00122172 0.00137956 -0.00138741 -0.00175358 -0.000623319 -0.000261214 0.000464999 0.000100961 -0.000336524 0.000467889 -0.000719299 -0.000664671
internal_weight=20102 9990 10112 5697 1214 10038 74 367 4293 3945 2064 64 4483 6093 2228 2190 5020 2810 2210 274 2065 1396 669 1895 2000 416 1881 545 171 1336
internal_count=20102 9990 10112 5697 1214 10038 74 367 4293 3945 2064 64 4483 6093 2228 2190 5020 2810 2210 274 2065 1396 669 1895 2000 416 1881 545 171 1336
is_linear=0
shrinkage=0.03


Tree=115
num_leaves=31
num_cat=0
split_feature=27 26 24 18 0 28 31 31 17 14 28 28 12 27 7 11 26 17 14 0 28 13 11 23 28 10 7 12 28 21
split_gain=14.1322 9.36548 2.89395 1.9536 1.87084 1.9719 1.694 2.5557 2.32572 2.33239 1.42883 1.30985 1.46017 1.25062 1.00427 0.967954 0.92089 0.870497 0.823317 0.669617 0.662046 0.934763 0.650941 0.679596 0.616006 0.57669 0.699901 0.598685 0.572677 0.915708
threshold=4963.8600000000015 5.5000000000000009 220479.9016666667 0.76957965683045615 35661.528087304345 8.5000000000000018 20.500000000000004 22.500000000000004 0.58030656267322034 23060.710000000003 11.500000000000002 11.500000000000002 6855.6150000000007 8027.625694444444 7338.6932881157809 40662.905000000006 8.5000000000000018 0.65441861821884562 18419.810000000001 44866.001997402062 2.5000000000000004 5752.6600000000008 83222.755000000019 2950.703474506035 8.5000000000000018 16423.990000000002 5194.1056547862509 3074.1550000000002 5.5000000000000009 3942.1250000000005
decision_type=2 2 2 2 2 2 2 2 2 2 2 2 2 2 2 2 2 2 2 2 2 2 2 2 2 2 2 2 2 2
left_child=1 14 6 -4 -3 19 13 8 9 -8 18 12 -9 16 20 -10 24 -18 -7 -6 21 -1 -15 -24 -2 27 -27 -22 29 -16
right_child=2 4 3 -5 5 10 7 11 15 -11 -12 -13 -14 22 28 -17 17 -19 -20 -21 25 -23 23 -25 -26 26 -28 -29 -30 -31
leaf_value=-72.007958100660971 -43.79430011040489 -180.63475756898055 281.90572706834951 20.554891570364376 -38.086021574419277 2.2250988206429816 63.557961550396826 10.22267717830294 18.995341614371309 56.013086120478107 -52.209513533339361 -29.153673374712078 -0.76369896522090497 -15.255586500696616 134.16470058462576 -9.5983552529857032 2.8125523863899446 -13.999800602119851 27.838079549351654 7.1472205929517632 -238.01298969918201 157.77724509060619 145.62001872812425 25.743673232695496 -17.325149576968744 64.020844056999792 -260.57032529406303 207.55935000764904 -1.8246001179965192 -175.90818699128585
leaf_weight=467 1459 4395 42 36 753 207 21 263 95 78 83 321 1578 4325 44 110 570 359 29 20 1114 20 62 356 595 237 223 28 1480 732
leaf_count=467 1459 4395 42 36 753 207 21 263 95 78 83 321 1578 4325 44 110 570 359 29 20 1114 20 62 356 595 237 223 28 1480 732
internal_value=-0.00107333 -0.00188629 -0.000295035 0.00546154 -0.00271022 -0.0015989 -0.00033909 0.000345498 0.00292105 0.00669697 0.000385579 -1.6652e-05 0.000291689 -0.000557598 -0.0008458 0.00109756 -0.00103889 -0.000255114 0.00157627 -0.00241785 -0.00131977 -0.00035113 -0.000254903 0.000875597 -0.00139338 -0.00161423 -0.000717392 -0.00197548 -0.000406916 -0.00106701
internal_weight=20102 9832 10270 78 5487 1092 10192 2466 304 99 319 2162 1841 7726 4345 205 2983 929 236 773 2089 487 4743 418 2054 1602 460 1142 2256 776
internal_count=20102 9832 10270 78 5487 1092 10192 2466 304 99 319 2162 1841 7726 4345 205 2983 929 236 773 2089 487 4743 418 2054 1602 460 1142 2256 776
is_linear=0
shrinkage=0.03


Tree=116
num_leaves=31
num_cat=0
split_feature=9 26 0 28 28 24 18 9 17 28 15 31 19 12 12 16 15 21 22 28 21 5 31 14 18 8 17 18 24 20
split_gain=11.8351 10.7171 3.88395 3.26814 3.02792 2.68252 1.9536 1.60338 1.28039 1.05909 1.04239 1.03379 1.53266 1.49129 0.775222 0.770778 0.763067 0.627741 0.947579 0.920615 0.734759 1.20168 0.612486 0.574883 0.573792 0.569634 0.951284 1.06509 0.563022 0.562987
threshold=26713.640000000003 5.5000000000000009 35661.528087304345 8.5000000000000018 9.5000000000000018 220479.9016666667 0.76957965683045615 21961.625000000004 0.68596008065232128 11.500000000000002 1.0023001400978797 29.500000000000004 0.26124597081576661 7115.0900000000011 14882.160000000002 141.15152631999993 0.98161157554033973 45181.505000000012 45971.635000000002 6.5000000000000009 37013.080000000002 48088.934318122869 28.500000000000004 20023.585000000003 0.60661854244632119 5136.5050000000001 2.3270158875362754 0.42415576095854207 5489.3308333333343 0.1588745942417881
decision_type=2 2 2 2 2 2 2 2 2 2 2 2 2 2 2 2 2 2 2 2 2 2 2 2 2 2 2 2 2 2
left_child=1 8 -3 -4 7 10 29 -5 14 -6 11 15 16 -14 28 22 -13 20 19 -19 21 -12 -2 -16 -20 -10 -27 -28 -1 -7
right_child=5 2 3 4 9 6 -8 -9 25 -11 17 12 13 -15 23 -17 -18 18 24 -21 -22 -23 -24 -25 -26 26 27 -29 -30 -31
leaf_value=-153.89207960382601 0.55682330190807727 -175.92525569551398 -34.847652807011805 51.179584443996923 1.3491779540801616 343.16824209314706 19.938244823253729 26.18865286905454 -231.81220882649686 -65.492124867091391 -130.60648331701563 43.25724801294249 73.169510046258111 22.863237716927358 2903.9454074732894 28.579712048426327 -1.5311495559557078 -26.090814331247408 -24.911741177802995 443.8083905781246 -39.36198180460228 893.59991923982 -32.141709348650863 578.42086779158592 -1.832426033825761 -181.28441446641955 -251.9889593429821 395.82742244524496 -30.889971148601163 164.00103072406245
leaf_weight=1006 3163 4454 1007 37 282 20 36 87 1225 151 483 41 29 86 31 31 267 51 712 98 285 23 79 51 1683 2128 32 31 2471 22
leaf_count=1006 3163 4454 1007 37 282 20 36 87 1225 151 483 41 29 86 31 31 267 51 712 98 285 23 79 51 1683 2128 32 31 2471 22
internal_value=-0.00105542 -0.00159386 -0.00252144 -0.00123529 0.000608617 -7.13188e-05 0.00546154 0.00474193 -0.000793549 -0.000575058 -0.000132699 0.000214285 0.00160993 0.00456522 -0.000395336 3.39131e-05 0.000506493 -0.000517242 -0.000287737 0.00203356 -0.00125537 -0.000569171 -1.1105e-05 0.0024878 -0.000432151 -0.00120843 -0.000918759 0.00271428 -0.000463331 0.00985714
internal_weight=20102 12993 6018 1564 557 7109 78 124 6975 433 7031 3696 423 115 3559 3273 308 3335 2544 149 791 506 3242 82 2395 3416 2191 63 3477 42
internal_count=20102 12993 6018 1564 557 7109 78 124 6975 433 7031 3696 423 115 3559 3273 308 3335 2544 149 791 506 3242 82 2395 3416 2191 63 3477 42
is_linear=0
shrinkage=0.03


Tree=117
num_leaves=31
num_cat=0
split_feature=9 26 7 28 28 24 18 9 17 15 16 0 28 17 4 4 20 5 24 9 28 28 11 4 17 19 20 19 0 22
split_gain=11.1233 11.1939 3.86075 3.11316 3.21783 2.70302 1.9536 1.35373 1.3295 1.02434 0.919134 1.11364 0.87957 0.804643 0.765164 0.729704 0.929399 0.673692 0.692642 0.686628 0.685981 0.92952 0.591212 0.576127 0.753039 0.56658 0.562987 0.554583 0.552273 0.542587
threshold=26713.640000000003 5.5000000000000009 36180.229633507042 8.5000000000000018 9.5000000000000018 220479.9016666667 0.76957965683045615 21961.625000000004 0.68596008065232128 1.0023001400978797 141.15152631999993 92292.46944002065 11.500000000000002 0.47576362003119826 53940.140000000014 13899.51 0.99990730815975726 78455.268546478168 64479.465833333343 49457.095000000008 11.500000000000002 8.5000000000000018 87798.540000000023 14780.915000000001 2.0387283287005551 0.46705536598653125 0.1588745942417881 0.50284943021868167 71988.767230218757 23807.280000000006
decision_type=2 2 2 2 2 2 2 2 2 2 2 2 2 2 2 2 2 2 2 2 2 2 2 2 2 2 2 2 2 2
left_child=1 8 -3 14 7 9 26 -5 15 10 13 -12 -6 -2 -4 29 25 20 28 -20 21 -11 -15 -10 -25 -17 -7 -26 -19 -1
right_child=5 2 3 4 12 6 -8 -9 23 17 11 -13 -14 22 -16 16 -18 18 19 -21 -22 -23 -24 24 27 -27 -28 -29 -30 -31
leaf_value=-97.675943402810546 45.979971577395681 -150.49421945188539 -33.316711249449732 49.706510064619273 2.2631282141626721 332.87319483035265 19.340097478556231 26.410333141158745 -211.34318130144666 -24.079019236368978 26.12795983429552 -50.083196952011242 -61.314790438912162 0.23892543558995938 29.678471985370017 126.64484704713475 2759.7966753538594 400.21289218710405 29.9862031789668 -4.7647148134261297 -45.667146213649744 0.70292747583749438 191.79029421310361 -165.70927274255908 210.31789260868769 -200.63933277585627 159.08099980234067 -354.97043796648342 1663.8821365049589 262.37507188998876
leaf_weight=2654 41 4617 885 34 248 20 36 79 2447 1342 22 22 130 3481 25 484 27 24 66 835 232 816 130 819 128 360 22 22 20 34
leaf_count=2654 41 4617 885 34 248 20 36 79 2447 1342 22 22 130 3481 25 484 27 24 66 835 232 816 130 819 128 360 22 22 20 34
internal_value=-0.00104646 -0.00156846 -0.00251645 -0.00113705 0.000788187 -9.24188e-05 0.00546154 0.00523009 -0.000750538 -0.000154033 0.000189934 0.0045 -0.000539683 0.000138006 -0.00217582 -0.00034476 0.000409873 -0.000535233 0.000142856 -3.66267e-05 -0.000803348 -0.000636701 9.05559e-05 -0.0011733 -0.00055418 0.000234596 0.00985714 0.0014 0.00381818 -0.000589286
internal_weight=20102 12993 6018 1401 491 7109 78 113 6975 7031 3696 44 378 3652 910 3559 871 3335 945 901 2390 2158 3611 3416 969 844 42 150 44 2688
internal_count=20102 12993 6018 1401 491 7109 78 113 6975 7031 3696 44 378 3652 910 3559 871 3335 945 901 2390 2158 3611 3416 969 844 42 150 44 2688
is_linear=0
shrinkage=0.03


Tree=118
num_leaves=31
num_cat=0
split_feature=27 26 24 0 28 7 28 31 7 15 15 14 28 23 28 28 10 11 20 7 20 31 19 12 7 27 20 0 15 26
split_gain=12.7058 10.518 2.91165 1.98264 2.25424 1.69126 1.24404 1.09835 1.01992 0.998998 0.958229 0.910164 0.85704 0.860415 0.803148 1.15556 0.763169 0.725905 0.724524 0.905357 0.720132 0.704152 0.916608 0.701795 0.680353 0.647638 0.598497 0.511266 0.485116 1.42066
threshold=4926.6580555555565 5.5000000000000009 220479.9016666667 35661.528087304345 8.5000000000000018 46173.702924518286 11.500000000000002 14.500000000000002 7338.6932881157809 1.0023001400978797 0.84482466141442969 18419.810000000001 2.5000000000000004 5304.6830005906086 8.5000000000000018 11.500000000000002 15369.357500000002 33939.560000000005 0.99912062516713107 5807.7628577095311 0.27969576500786292 30.500000000000004 0.26124597081576661 3074.1550000000002 5345.1697256148082 8116.7622222222235 0.17902012557479999 50318.71458682356 0.81437231517758901 1.5000000000000002
decision_type=2 2 2 2 2 2 2 2 2 2 2 2 2 2 2 2 2 2 2 2 2 2 2 2 2 2 2 2 2 2
left_child=1 8 5 -3 -5 10 11 -4 12 21 28 -6 13 20 17 -16 23 -11 25 -20 -1 26 -23 -14 -18 -12 -7 -10 -2 -30
right_child=2 3 7 4 6 9 -8 -9 27 14 18 -13 16 -15 15 -17 24 -19 19 -21 -22 22 -24 -25 -26 -27 -28 -29 29 -31
leaf_value=-219.91599118922545 -37.330146812899827 -165.71539196136953 69.941496451776104 -34.133750218564181 3.8280876293284183 4.571605360241219 -49.916495839022211 187.15436335212803 -41.915751068430062 -25.564893707588972 -33.526311085155491 29.977104595278657 -227.26970947778344 397.57957498865841 10.64930491339183 -31.604568849805485 52.863889610817374 -7.482359030653094 -516.00491384657164 2436.0522758794227 137.14287436647191 6.9834486862995799 37.359172638776798 217.81882242933412 -226.95923099908035 -107.88926400304075 -17.598876069000553 1396.0357922425721 975.03582057248525 -17.93156124278763
leaf_weight=293 801 4394 34 729 203 1850 78 44 2226 409 1704 23 1081 20 918 272 268 932 24 56 172 211 113 25 221 2273 608 20 32 68
leaf_count=293 801 4394 34 729 203 1850 78 44 2226 409 1704 23 1081 20 918 272 268 932 24 56 172 211 113 25 221 2273 608 20 32 68
internal_value=-0.00104497 -0.0018219 -0.000312785 -0.00270149 -0.00151888 -0.000356636 0.000651315 0.00546154 -0.000718447 1.52449e-05 -0.000755144 0.00177876 -0.00119712 -9.27842e-05 -0.000416042 0.00015126 -0.00153292 -0.000919464 -0.000951689 0.001875 -0.000354839 0.00040762 0.00172222 -0.00196926 -0.000546013 -0.00100855 0.000234336 -0.000275157 0.000129855 0.0021
internal_weight=20102 9753 10349 5427 1033 10271 304 78 4326 5313 4958 226 2080 485 2531 1190 1595 1341 4057 80 465 2782 324 1106 489 3977 2458 2246 901 100
internal_count=20102 9753 10349 5427 1033 10271 304 78 4326 5313 4958 226 2080 485 2531 1190 1595 1341 4057 80 465 2782 324 1106 489 3977 2458 2246 901 100
is_linear=0
shrinkage=0.03


Tree=119
num_leaves=31
num_cat=0
split_feature=9 26 0 28 28 24 18 17 17 28 15 16 0 17 7 4 13 18 17 18 28 26 5 8 12 26 24 11 18 18
split_gain=10.659 11.3956 3.90952 2.83378 2.83447 2.01675 1.41148 1.33014 1.21807 0.98795 0.954306 0.926071 1.11364 0.810982 0.793673 0.760146 0.740507 0.787407 0.650234 1.66535 0.838262 0.772201 0.885473 0.674956 0.627562 0.658038 0.809714 0.601144 0.578237 0.710339
threshold=26713.640000000003 5.5000000000000009 35661.528087304345 8.5000000000000018 9.5000000000000018 220479.9016666667 0.76957965683045615 0.50335694384299134 0.68596008065232128 11.500000000000002 1.0023001400978797 141.15152631999993 92292.46944002065 0.47576362003119826 7338.6932881157809 53940.140000000014 14642.060000000001 12466.354541875002 0.65608552113714613 0.60833717930894615 8.5000000000000018 3.5000000000000004 57018.406606265984 76065.205000000016 1442.0800000000002 1.5000000000000002 13598.123333333335 87798.540000000023 0.11882901120779703 5612.4730187829291
decision_type=2 2 2 2 2 2 2 2 2 2 2 2 2 2 2 2 2 2 2 2 2 2 2 2 2 2 2 2 2 2
left_child=1 8 -3 15 7 10 -7 -5 14 -6 11 13 -13 -2 -1 -4 17 -16 19 23 -21 22 -20 -12 28 26 -26 -15 -10 -30
right_child=5 2 3 4 9 6 -8 -9 24 -11 18 12 -14 27 16 -17 -18 -19 21 20 -22 -23 -24 -25 25 -27 -28 -29 29 -31
leaf_value=-132.76045194336831 44.463423331206769 -161.16120968225093 -34.586554443106117 57.941282304854397 3.726540450661052 247.55268124803044 14.903459591442026 23.389364291614623 19.678400941870791 -60.190412964825725 -32.723312388919958 25.206972878459542 -48.71784920425857 -0.2620679785703196 3.986017601893574 29.316084107879032 -143.25515491576019 467.6460360963008 -111.33333236410294 -4.7822081121587869 14.635233773514264 -25.893180055371708 371.34649386686527 1.0343515462413611 6.333510825514014 -148.39862248247374 794.97304954691185 185.83431723356378 -218.58880547738195 -78.175123284016124
leaf_weight=1396 41 4454 982 30 282 42 36 94 146 151 425 22 22 3481 1431 25 583 149 428 505 549 1042 207 179 72 640 25 130 2029 504
leaf_count=1396 41 4454 982 30 282 42 36 94 146 151 425 22 22 3481 1431 25 583 149 428 505 549 1042 207 179 72 640 25 130 2029 504
internal_value=-0.001039 -0.00154999 -0.00250648 -0.00121611 0.000500897 -0.000105079 0.00469231 0.0045 -0.000724732 -0.000644343 -0.0001583 0.000173701 0.0045 0.000121577 -0.000336331 -0.00216584 2.35776e-05 0.000360759 -0.000526238 -0.000104946 0.0006148 -0.000942756 -0.000118111 -0.00136093 -0.00112939 -0.000354139 0.00194845 7.394e-05 -0.00134267 -0.00144848
internal_weight=20102 12993 6018 1564 557 7109 78 124 6975 433 7031 3696 44 3652 3559 1007 2163 1580 3335 1658 1054 1677 635 604 3416 737 97 3611 2679 2533
internal_count=20102 12993 6018 1564 557 7109 78 124 6975 433 7031 3696 44 3652 3559 1007 2163 1580 3335 1658 1054 1677 635 604 3416 737 97 3611 2679 2533
is_linear=0
shrinkage=0.03


Tree=120
num_leaves=31
num_cat=0
split_feature=27 26 0 8 9 28 24 18 28 24 28 18 16 4 31 16 27 26 17 17 22 10 20 12 27 16 27 0 8 25
split_gain=11.852 10.8153 1.98735 1.91302 2.0028 1.80842 1.50184 1.17338 1.09826 0.919936 0.885791 0.858113 0.83584 0.777719 0.89892 0.748923 0.778948 1.07972 1.02188 0.862882 0.817127 0.699271 0.691671 0.742283 0.582468 0.55968 0.514527 0.504938 0.462831 0.453153
threshold=4926.6580555555565 5.5000000000000009 35661.528087304345 54538.115000000013 27871.650000000005 8.5000000000000018 220479.9016666667 0.76957965683045615 11.500000000000002 5489.3308333333343 2.5000000000000004 0.068368370540381654 -67.373477644834551 54852.695000000007 20.500000000000004 -272.10494625286805 11551.375000000002 8.5000000000000018 0.21894475180777526 0.65170477705120244 9529.9550000000017 12740.612500000001 0.27969576500786292 1622.5500000000002 688.4725000000002 245.85567046169402 2251.7962500000008 50318.71458682356 43130.607500000006 54814.740000000005
decision_type=2 2 2 2 2 2 2 2 2 2 2 2 2 2 2 2 2 2 2 2 2 2 2 2 2 2 2 2 2 2
left_child=1 9 -3 15 -5 -4 13 -8 12 10 22 -11 -7 14 -6 29 17 -17 20 -19 -18 -12 26 -24 -13 -15 -1 -26 -20 -2
right_child=3 2 5 4 6 8 7 -9 -10 11 21 24 -14 25 -16 16 18 19 28 -21 -22 -23 23 -25 27 -27 -28 -29 -30 -31
leaf_value=-286.82513004992484 -1.599504533769017 -155.90909391206091 -32.731782192937274 296.04898159126981 248.25241947322723 14.543729452780926 240.12610081058969 14.456355803698772 -47.33353235491483 437.64903126221054 -255.14626492247208 -197.68195757612528 2.0608502824521571 3.6482998542309124 30.879526965184183 -44.431548375192449 -42.527744170047001 7.6459373753468363 -84.455820158835067 -15.436593316730274 751.4069958384174 -168.78092675807784 298.277020674749 -168.89399267426938 -32.835765082230118 -5.786683445582506 69.611855111753371 1354.1625805146521 -1077.6167157464101 -13.814629789264318
leaf_weight=178 2034 4394 729 22 106 65 42 36 78 26 707 307 161 1764 22 2366 173 442 1228 267 193 341 92 71 2498 1479 86 20 74 101
leaf_count=178 2034 4394 729 22 106 65 42 36 78 26 707 307 161 1764 22 2366 173 442 1228 267 193 341 92 71 2498 1479 86 20 74 101
internal_value=-0.00103154 -0.00178191 -0.00267385 -0.00032438 0.000249783 -0.00148984 0.000192229 0.00430769 0.000453947 -0.000662969 -0.00127119 -0.0003483 0.00151327 9.70031e-05 0.00239062 -0.000614133 -0.000824163 -0.00110732 -0.000302159 -8.03956e-05 0.00109836 -0.00174046 -0.000119439 0.00141718 -0.000398231 6.47477e-06 -0.00106818 -0.000247816 -0.000695853 -0.000147542
internal_weight=20102 9753 5427 10349 3471 1033 3449 78 304 4326 1475 2851 226 3371 128 6878 4743 3075 1668 709 366 1048 427 163 2825 3243 264 2518 1302 2135
internal_count=20102 9753 5427 10349 3471 1033 3449 78 304 4326 1475 2851 226 3371 128 6878 4743 3075 1668 709 366 1048 427 163 2825 3243 264 2518 1302 2135
is_linear=0
shrinkage=0.03


Tree=121
num_leaves=31
num_cat=0
split_feature=27 26 0 24 15 18 27 31 31 17 27 24 22 9 31 9 10 20 10 15 27 25 18 31 19 18 18 0 3 1
split_gain=12.1337 10.756 1.96883 1.85727 1.57174 1.17338 1.11939 1.06766 2.71362 2.80839 1.07968 0.919936 0.871738 1.61933 0.758277 0.892091 0.695757 0.8438 0.652593 0.964704 0.643256 0.611402 0.592453 0.578406 0.719782 0.590123 0.539753 0.502407 0.449964 0.497726
threshold=4926.6580555555565 5.5000000000000009 35661.528087304345 220479.9016666667 1.0095901135374867 0.76957965683045615 9077.1750000000029 20.500000000000004 23.500000000000004 0.58455860464804843 18713.832500000004 5489.3308333333343 14527.045000000004 5831.7050000000008 32.500000000000007 22151.420000000002 15369.357500000002 0.99912062516713107 157805.09500000003 1.0038769762062321 688.4725000000002 7390.2725 0.068368370540381654 8.5000000000000018 0.24467710285933233 0.10159511118578814 0.67427160687180498 50318.71458682356 1.0000000180025095e-35 4781.5427311960857
decision_type=2 2 2 2 2 2 2 2 2 2 2 2 2 2 2 2 2 2 2 2 2 2 2 2 2 2 2 2 2 2
left_child=1 11 -3 4 7 -5 23 18 9 -9 -10 16 21 -14 -4 -16 17 -1 26 -20 -13 -8 -22 25 -25 -6 -2 -24 -18 -30
right_child=3 2 14 5 6 -7 12 8 10 -11 -12 20 13 -15 15 -17 28 -19 19 -21 22 -23 27 24 -26 -27 -28 -29 29 -31
leaf_value=-233.00710725321062 -16.322545663191587 -151.23182109469917 -23.610447433169238 232.92231778627186 19.529564862686868 14.022665129587642 -39.716836224397795 65.195927743097997 0.43360486359878397 15.022938763664389 332.12408537171802 -192.55342264573591 652.75944458421907 -7.0853758445007315 28.786192482974201 -4.6939901447924033 144.54766115684831 100.18367986460079 13.352991385770304 70.902422948113539 433.97600355125326 -240.5105921784612 -31.850692129763246 -29.837737716425153 -5.3385025926720289 -75.451501485389258 -0.45466808300439687 1313.5377030992126 12.903769972821298 -308.60887651089735
leaf_weight=1005 1947 4394 925 42 28 36 317 61 1291 138 31 309 109 1511 23 85 28 45 571 46 24 434 2498 331 974 749 1733 20 270 127
leaf_count=1005 1947 4394 925 42 28 36 317 61 1291 138 31 309 109 1511 23 85 28 45 571 46 24 434 2498 331 974 749 1733 20 270 127
internal_value=-0.0010196 -0.00177884 -0.00266833 -0.000304088 -0.000339111 0.00430769 -0.000763306 -1.44387e-05 0.000668638 0.00393467 0.000177004 -0.000662969 -0.000317588 7.40734e-05 -0.00148984 0.000888888 -0.00127119 -0.00168572 -0.000256226 0.000646677 -0.0003483 -0.00116245 -0.000191189 -0.00127089 -0.000885058 -0.00191892 -0.000407609 -0.000235902 -0.00024706 -0.000506298
internal_weight=20102 9753 5427 10349 10271 78 4453 5818 1521 199 1322 4326 2371 1620 1033 108 1475 1050 4297 617 2851 751 2542 2082 1305 777 3680 2518 425 397
internal_count=20102 9753 5427 10349 10271 78 4453 5818 1521 199 1322 4326 2371 1620 1033 108 1475 1050 4297 617 2851 751 2542 2082 1305 777 3680 2518 425 397
is_linear=0
shrinkage=0.03


Tree=122
num_leaves=31
num_cat=0
split_feature=27 26 0 28 24 1 28 28 17 27 26 18 28 28 24 15 28 0 3 10 20 12 18 11 27 14 27 0 21 23
split_gain=12.0239 10.5938 2.23183 2.15503 1.85027 1.41631 1.36047 2.29215 3.87836 1.26572 1.53002 1.17338 1.04338 0.909629 0.879835 0.871415 0.751919 0.715703 0.634144 0.629354 0.593023 0.628453 0.558288 0.846886 0.550246 0.515472 0.514527 0.495411 0.54678 0.493601
threshold=4926.6580555555565 5.5000000000000009 35305.411087128225 8.5000000000000018 220479.9016666667 13590.322441594284 8.5000000000000018 9.5000000000000018 0.61034630956153391 8116.7622222222235 8.5000000000000018 0.76957965683045615 11.500000000000002 11.500000000000002 5489.3308333333343 0.99764031669640885 2.5000000000000004 16153.505776273898 1.0000000180025095e-35 12740.612500000001 0.27969576500786292 1622.5500000000002 10863.649485601563 1605.6100000000004 688.4725000000002 235.45500000000001 2251.7962500000008 50318.71458682356 33128.148333333338 2769.3634936471158
decision_type=2 2 2 2 2 2 2 2 2 2 2 2 2 2 2 2 2 2 2 2 2 2 2 2 2 2 2 2 2 2
left_child=1 14 -3 -4 5 18 9 8 -8 10 -7 -6 15 -9 16 -5 20 -11 22 -18 26 -22 23 -2 -16 -21 -1 28 -26 -20
right_child=4 2 3 12 11 6 7 13 -10 17 -12 -13 -14 -15 24 -17 19 -19 29 25 21 -23 -24 -25 27 -27 -28 -29 -30 -31
leaf_value=-271.29776339617865 275.57545375966055 -153.18429295668108 -31.548563087876165 14.387005607888783 225.9346482526841 -29.990405574926072 55.578426685193989 4.3288980282736755 7.5143803982010366 903.8560836011801 -1.1292132049460126 13.601985175699758 -46.222953593481051 -20.529901671917923 -186.77681996636386 0.84765052143539155 -240.50166375720161 -1.5647595163790979 -3.9958731595022488 126.24863419807937 288.94159695532181 -166.83266660781592 727.55071149005482 -431.08903286487595 -12.439413148374319 -246.86181893322515 74.513712675997098 1274.131572006236 -425.74005021930424 -223.14680371462632
leaf_weight=178 91 4335 769 68 42 1341 236 1475 436 149 1158 36 83 722 309 172 707 2570 305 53 92 71 22 65 2459 288 86 20 63 1701
leaf_count=178 91 4335 769 68 42 1341 236 1475 436 149 1158 36 83 722 309 172 707 2570 305 53 92 71 22 65 2459 288 86 20 63 1701
internal_value=-0.00100766 -0.00176346 -0.00264621 -0.00143407 -0.000295392 -0.000330348 -0.000147274 0.000377483 0.00191071 -0.0004358 -0.00092317 0.00430769 0.00062229 -9.14891e-05 -0.000656034 0.001625 -0.00125085 1.21361e-05 -0.00100824 -0.00168321 -0.000189696 0.00123313 0.000707864 7.69224e-05 -0.0003483 -0.000624634 -0.00106818 -0.00020299 -0.000240286 -0.00116052
internal_weight=20102 9753 5427 1092 10349 10271 8087 2869 672 5218 2499 78 323 2197 4326 240 1475 2719 2184 1048 427 163 178 156 2851 341 264 2542 2522 2006
internal_count=20102 9753 5427 1092 10349 10271 8087 2869 672 5218 2499 78 323 2197 4326 240 1475 2719 2184 1048 427 163 178 156 2851 341 264 2542 2522 2006
is_linear=0
shrinkage=0.03


Tree=123
num_leaves=31
num_cat=0
split_feature=27 26 0 24 7 27 18 18 8 18 15 19 7 17 15 31 25 17 29 27 23 7 21 14 10 25 0 23 8 23
split_gain=11.7178 10.9215 2.2927 1.84561 1.55592 1.22537 1.17338 0.958571 1.40234 1.35763 1.09921 1.31852 0.912999 1.01191 0.774195 0.768464 0.713283 0.69611 0.60342 0.59538 0.581543 0.581008 0.613529 0.576768 0.819272 0.569237 0.511081 0.678036 0.449591 0.438312
threshold=4926.6580555555565 5.5000000000000009 35305.411087128225 220479.9016666667 46173.702924518286 9077.1750000000029 0.76957965683045615 0.5800932029486684 113219.25500000002 0.54322435951044168 0.9943434785140367 0.19543103287098856 7338.6932881157809 3.800838894378781 0.89747342586623224 32.500000000000007 44428.027500000004 0.57544771209363887 3.5000000000000004 101108.73500000002 5899.1620861699703 6814.947043455807 12889.851666666667 21298.765000000003 570497.60750000004 6146.4050000000007 46493.965041279276 29393.979254745205 36530.092500000006 21598.544229347452
decision_type=2 2 2 2 2 2 2 2 2 2 2 2 2 2 2 2 2 2 2 2 2 2 2 2 2 2 2 2 2 2
left_child=1 12 -3 4 5 21 29 8 16 -10 11 -9 14 26 -1 -4 -6 -17 20 -12 -16 -2 -23 24 -7 -25 27 -14 -19 -5
right_child=3 2 15 6 7 23 -8 10 9 -11 19 -13 13 -15 18 17 -18 28 -20 -21 -22 22 -24 25 -26 -27 -28 -29 -30 -31
leaf_value=-204.61923144400484 -401.82401172711133 -148.58876416798054 -22.316455250706895 160.85505587192381 456.05548147151342 -9.7445500064943626 13.193925620429164 -0.9751307359633713 245.86738986502351 -56.718541745107814 -0.8068176666832988 18.122375965703132 -26.694029649229794 174.80801574635063 -90.530737537268834 30.009605729251419 -27.901530396311035 -19.847168573335484 -233.00035628520536 574.14378291295588 111.62726474872994 -7.2876930069512458 -26.717377947953935 185.34290965269901 3735.7408785173157 -237.76728763873078 1235.9076248460487 -312.21038441090582 3.9054078912479366 258.83902155927422
leaf_weight=1041 291 4335 977 22 191 2080 36 466 122 47 2692 610 2090 34 798 20 1156 45 137 29 104 439 1464 85 20 579 20 102 50 20
leaf_count=1041 291 4335 977 22 191 2080 36 466 122 47 2692 610 2090 34 798 20 1156 45 137 29 104 439 1464 85 20 579 20 102 50 20
internal_value=-0.000992738 -0.00173885 -0.00263516 -0.000289594 -0.000324507 -0.000706737 0.00430769 3.21845e-05 -0.000605542 0.00197041 0.000286805 0.00109851 -0.000614425 -0.000195014 -0.00106731 -0.00140659 -0.000928731 0.000913043 -0.00048797 -3.41793e-05 -0.000206209 -0.0012361 -0.00104519 -0.000286542 -4.28579e-05 -0.00105723 -0.000273961 -0.000317519 -0.000157895 0.00771428
internal_weight=20102 9753 5427 10349 10271 4958 78 5313 1516 169 3797 1076 4326 2246 2080 1092 1347 115 1039 2721 902 2194 1903 2764 2100 664 2212 2192 95 42
internal_count=20102 9753 5427 10349 10271 4958 78 5313 1516 169 3797 1076 4326 2246 2080 1092 1347 115 1039 2721 902 2194 1903 2764 2100 664 2212 2192 95 42
is_linear=0
shrinkage=0.03


Tree=124
num_leaves=31
num_cat=0
split_feature=27 26 7 24 13 28 27 28 23 27 18 14 2 28 28 17 15 6 7 17 20 17 11 27 4 18 24 28 18 9
split_gain=11.6356 11.6899 2.05614 1.56883 1.29974 1.47844 1.33025 1.32231 2.18706 1.30198 1.17338 1.04329 1.01676 1.00774 2.02133 2.33402 1.02533 0.810285 0.763321 1.08836 0.691195 0.690122 0.9723 0.62986 0.608197 0.599959 0.5827 0.514739 0.824043 0.625
threshold=4433.1917361111127 5.5000000000000009 46173.702924518286 220479.9016666667 5937.6600000000008 8.5000000000000018 8430.3566666666684 9.5000000000000018 1733.5465701085848 4475.4719444444454 0.76957965683045615 3757.4850000000006 96326.590000000011 11.500000000000002 8.5000000000000018 0.6115098052950253 1.0095901135374867 35995.102230169221 7338.6932881157809 3.800838894378781 0.23954638947520812 0.8751299483407966 2505.8750000000005 38119.025000000009 22839.685000000001 0.1098281696819499 14866.775833333335 8.5000000000000018 0.75086348229378197 23987.490000000002
decision_type=2 2 2 2 2 2 2 2 2 2 2 2 2 2 2 2 2 2 2 2 2 2 2 2 2 2 2 2 2 2
left_child=1 18 4 13 9 6 25 8 -7 -2 -5 26 -13 14 16 -16 -4 -3 20 -20 -1 22 -22 -9 -8 -6 -11 -19 -29 -30
right_child=2 17 3 10 5 7 24 23 -10 11 -12 12 -14 -15 15 -17 -18 27 19 -21 21 -23 -24 -25 -26 -27 -28 28 29 -31
leaf_value=-184.70542900883581 131.62060573096693 -138.7121261696185 0.16853700405544986 211.68539292881488 124.10189395122946 24.767497360075527 -28.077755488842925 -20.123865160993542 -3.3385631399821558 -219.28813771484039 12.798107851816114 35.48585089270945 2080.134991291241 -15.019147522329416 31.203640852129169 -1.7086634343752636 -21.238268240717961 -37.996193469818557 -38.063435505056276 181.89217694678121 3.2285665042998275 -190.67515877366665 491.42987091437163 658.83855541203627 -397.07073901793814 -34.196889569398159 -12.396027462984668 -11.8141782420906 6.1169635502302118 -4.1302694811050671
leaf_weight=1355 25 4365 2730 42 20 78 580 948 164 944 36 731 25 463 631 718 779 242 2063 33 438 192 22 20 226 1333 804 55 20 20
leaf_count=1355 25 4365 2730 42 20 78 580 948 164 944 36 731 25 463 631 718 779 242 2063 33 438 192 22 20 226 1333 804 55 20 20
internal_value=-0.000976321 -0.00179387 -0.000339117 8.39037e-05 -0.000726349 -0.0011122 -0.00158268 -0.000272728 0.00171074 -0.000212338 0.00430769 -0.000280352 0.000650793 2.19876e-05 0.000149444 0.0011364 -0.000229981 -0.00281497 -0.000623691 -0.000223283 -0.00104185 -0.000239265 0.000391304 -0.000768596 -0.000617867 -0.00215743 -0.000683067 -0.00139763 0.000473683 0.00375
internal_weight=20102 8805 11297 5399 5898 3369 2159 1210 242 2529 78 2504 756 5321 4858 1349 3509 4702 4103 2096 2007 652 460 968 806 1353 1748 337 95 40
internal_count=20102 8805 11297 5399 5898 3369 2159 1210 242 2529 78 2504 756 5321 4858 1349 3509 4702 4103 2096 2007 652 460 968 806 1353 1748 337 95 40
is_linear=0
shrinkage=0.03


Tree=125
num_leaves=31
num_cat=0
split_feature=27 26 7 13 28 27 8 28 18 27 20 10 15 28 28 12 27 22 20 20 31 14 0 14 27 17 17 18 27 18
split_gain=11.5388 11.4767 1.97475 1.21543 1.41638 1.25472 1.15792 2.00716 1.05699 1.38868 1.39022 1.15433 1.00147 1.66129 1.70087 0.959851 0.957898 0.937462 0.917053 0.970769 0.966843 0.935934 0.899825 0.776307 0.718875 0.702264 0.666018 1.15546 0.627018 0.589686
threshold=4433.1917361111127 5.5000000000000009 46173.702924518286 5937.6600000000008 8.5000000000000018 8430.3566666666684 35545.842500000006 10.500000000000002 0.5800932029486684 10131.600444444446 0.13416677402601612 97768.152500000011 0.9943434785140367 8.5000000000000018 11.500000000000002 963.18500000000006 38119.025000000009 32551.830000000005 0.37058961787160294 0.44320830561537577 5.5000000000000009 6869.7100000000009 35892.166771884738 36493.370000000003 4475.4719444444454 0.50858252836239826 1.2494292246084824 0.48356104842065162 1816.2893750000003 0.1098281696819499
decision_type=2 2 2 2 2 2 2 2 2 2 2 2 2 2 2 2 2 2 2 2 2 2 2 2 2 2 2 2 2 2
left_child=1 15 3 18 5 29 16 -8 9 10 11 -4 13 23 -15 17 -6 28 24 20 -20 -21 -3 -10 -2 -12 27 -11 -1 -5
right_child=2 22 8 4 6 -7 7 -9 12 26 25 -13 -14 14 -16 -17 -18 -19 19 21 -22 -23 -24 -25 -26 -27 -28 -29 -30 -31
leaf_value=-202.35007056901719 130.53295503634533 -134.55076238453003 23.483618398878818 120.3788371326926 -69.552751175911723 -83.493135210646528 18.729251560262135 -17.211925883338179 7.9226547725507155 542.65006533189728 -1.627717812878285 -27.752981589866582 0.17502040011866626 56.92253748288644 -5.6794109479133414 -2.2460734034108527 510.68802615021798 1014.4721551847524 -41.147845716569265 -306.92941441596491 1347.8041414635084 598.12992069334973 -18.809340220725861 -56.796249968880183 -94.692333049771008 -45.678577244471057 -248.61671823528147 -5.5957978287157077 -78.245496786686303 -33.170982882316139
leaf_weight=1360 23 4365 20 20 738 806 221 229 798 176 238 32 2771 160 65 1528 22 22 26 80 32 203 337 82 2165 557 209 291 1193 1333
leaf_count=1360 23 4365 20 20 738 806 221 229 798 176 238 32 2771 160 65 1528 22 22 26 80 32 203 337 82 2165 557 209 291 1193 1333
internal_value=-0.000976321 -0.00179046 -0.000341773 -0.000721262 -0.00109439 -0.00155489 -0.000272728 0.000933333 7.27905e-05 -0.000596849 -0.00140614 0.00334615 0.000335913 0.00109955 0.0034 -0.000631002 -0.000986843 -0.000984467 -0.0002242 0.00122287 0.00475862 0.000498233 -0.00280221 0.000511363 -0.000449726 -0.00171698 0.000417159 0.00104711 -0.0010376 -0.00211308
internal_weight=20102 8805 11297 5898 3369 2159 1210 450 5399 1523 847 52 3876 1105 225 4103 760 2575 2529 341 58 283 4702 880 2188 795 676 467 2553 1353
internal_count=20102 8805 11297 5898 3369 2159 1210 450 5399 1523 847 52 3876 1105 225 4103 760 2575 2529 341 58 283 4702 880 2188 795 676 467 2553 1353
is_linear=0
shrinkage=0.03


Tree=126
num_leaves=31
num_cat=0
split_feature=27 26 7 13 28 23 15 24 31 27 12 15 14 0 21 28 28 16 10 10 9 9 5 27 25 25 12 5 28 16
split_gain=11.372 12.2315 1.801 1.36473 1.75024 1.6289 3.11222 1.32367 1.29271 1.28806 0.888284 0.871733 0.86394 0.977404 1.03374 0.715208 2.04385 0.767217 0.665411 1.25096 1.17642 1.04528 0.733762 0.647522 0.64466 1.15777 0.963321 0.630942 0.605325 0.786555
threshold=4216.9456250000012 5.5000000000000009 46173.702924518286 5937.6600000000008 8.5000000000000018 1096.0815636973359 1.0029728839037608 220479.9016666667 26.500000000000004 8430.3566666666684 1511.7850000000003 1.0095901135374867 3757.4850000000006 49514.279454544878 24421.82166666667 8.5000000000000018 11.500000000000002 634.39337696675659 15369.357500000002 1.0000000180025095e-35 3978.8700000000003 3006.5050000000006 14573.172421875002 38119.025000000009 4082.1875000000005 4321.1625000000013 1622.5500000000002 14981.127766716481 8.5000000000000018 776.61114511310745
decision_type=2 2 2 2 2 2 2 2 2 2 2 2 2 2 2 2 2 2 2 2 2 2 2 2 2 2 2 2 2 2
left_child=1 10 3 12 9 6 -6 11 -9 -5 18 15 -2 14 -14 17 -17 -4 19 -1 21 -20 -22 -7 -12 -26 -27 -11 -13 -30
right_child=2 -3 7 4 5 23 -8 8 -10 27 24 28 13 -15 -16 16 -18 -19 20 -21 22 -23 -24 -25 25 26 -28 -29 29 -31
leaf_value=-44.274033284695619 -146.28238631421158 -123.75376042790829 -0.40272852998317354 -32.367486186056325 23.642179201235763 -10.317847251294795 -8.1231026309213927 68.669256836755679 218.12176301825741 151.81542403310465 -154.1604508244352 -21.502886290201012 126.66281188726374 2310.5479014652601 -32.697608492485919 29.325806597000994 -10.858374773563309 52.94775694001256 7.1204749331678512 -217.07210663617235 -206.24915842812891 204.76559678034485 34.949049995334008 451.51886891095978 561.35571138079717 227.45936985197844 2.396872996884484 -158.31821339858229 21.09041416237141 -4.9207925109261561
leaf_weight=793 1802 4365 2658 1585 51 1151 101 58 20 161 258 779 560 21 267 628 268 75 409 1055 470 89 124 25 33 32 703 645 84 832
leaf_count=793 1802 4365 2658 1585 51 1151 101 58 20 161 258 779 560 21 267 628 268 75 409 1055 470 89 124 25 33 32 703 645 84 832
internal_value=-0.000959905 -0.00180807 -0.000359613 -0.000701367 -0.00107206 -0.000198796 0.00272368 4.33166e-05 0.00392308 -0.00155709 -0.000602119 -1.35244e-05 -0.000181133 0.00060849 0.00044619 0.000248828 0.000984374 7.68315e-06 -0.000867348 -0.00121429 -0.00028022 0.00079518 -0.00118182 -0.000576531 0.000157894 0.000593749 0.000346938 -0.000580646 -0.000575222 -5.24025e-05
internal_weight=20102 8331 11771 6369 3719 1328 152 5402 78 2391 3966 5324 2650 848 827 3629 896 2733 2940 1848 1092 498 594 1176 1026 768 735 806 1695 916
internal_count=20102 8331 11771 6369 3719 1328 152 5402 78 2391 3966 5324 2650 848 827 3629 896 2733 2940 1848 1092 498 594 1176 1026 768 735 806 1695 916
is_linear=0
shrinkage=0.03


Tree=127
num_leaves=31
num_cat=0
split_feature=27 26 7 13 31 29 18 20 1 18 17 17 18 24 12 27 20 20 27 19 12 3 3 17 29 20 9 27 16 12
split_gain=11.0842 12.1659 1.72131 1.24852 1.14828 1.47441 1.01017 1.11608 1.44428 1.39361 1.20157 0.960602 0.875906 0.989978 0.87069 0.860791 0.823469 1.19525 1.16469 0.81542 0.776714 0.968524 1.32375 0.748155 1.4057 1.27856 0.981579 1.0912 1.06732 0.883448
threshold=4216.9456250000012 5.5000000000000009 46173.702924518286 5937.6600000000008 32.500000000000007 3.5000000000000004 0.60833717930894615 0.13480636764691412 75026.188250196443 0.44913564337858308 0.99994520624625149 0.55710522667885598 0.11882901120779703 15737.175000000003 1511.7850000000003 10466.587777777779 0.37058961787160294 0.46390317813391785 6776.8472222222235 0.23403802783772035 1790.4450000000004 3896.6050000000005 9661.4600000000009 0.6115098052950253 2.5000000000000004 0.11745643083246164 148525.80000000002 33499.861000000004 552.54957655864985 8690.0550000000021
decision_type=2 2 2 2 2 2 2 2 2 2 2 2 2 2 2 2 2 2 2 2 2 2 2 2 2 2 2 2 2 2
left_child=1 14 3 16 12 19 7 10 -9 -10 11 -4 13 -5 -1 -14 -2 18 -18 -6 21 -16 -23 24 29 -26 28 -28 -25 -8
right_child=2 -3 6 4 5 -7 23 8 9 -11 -12 -13 15 -15 20 -17 17 -19 -20 -21 -22 22 -24 26 25 -27 27 -29 -30 -31
leaf_value=-107.07192924222159 -52.273023874766345 -120.04114761507113 1.4890605704652002 1495.2973079493079 6.8890920027478959 -7.9310117155974194 -18.852317293441899 -27.076004282730249 1182.8386718747918 -4.3805925385713635 -116.24045223578922 28.282129539142417 -26.48499024549335 -1245.7788100403568 -192.72086100256635 -70.818837900960375 742.52605697538536 12.971389982683272 637.30942925845068 24.208694248495064 -17.902121353074804 471.65107919380296 64.756348904329982 1.9634233289243417 31.445883793208843 21.694022444962343 379.71069495967805 -38.836661940819219 -10.628661472982182 4.7578598365513907
leaf_weight=2940 2295 4365 85 53 23 160 172 1073 51 367 190 109 2485 35 67 943 23 273 59 20 859 33 67 1575 68 532 93 72 719 296
leaf_count=2940 2295 4365 85 53 23 160 172 1073 51 367 190 109 2485 35 67 943 23 273 59 20 859 33 67 1575 68 532 93 72 719 296
internal_value=-0.000959905 -0.00179726 -0.000367259 -0.000701367 -0.00105593 0.00113793 2.66561e-05 -0.000536001 -0.000907445 0.000588516 0.000906249 0.00256701 -0.00118259 0.00177273 -0.000594554 -0.00125846 -0.000203774 0.00114084 0.00431707 0.00606977 0.000157894 0.00202994 0.0039 0.000325772 0.000988763 0.00195 3.78195e-05 0.00227273 -0.00012293 -0.00024359
internal_weight=20102 8331 11771 6369 3719 203 5402 1875 1491 418 384 194 3516 88 3966 3428 2650 355 82 43 1026 167 100 3527 1068 600 2459 165 2294 468
internal_count=20102 8331 11771 6369 3719 203 5402 1875 1491 418 384 194 3516 88 3966 3428 2650 355 82 43 1026 167 100 3527 1068 600 2459 165 2294 468
is_linear=0
shrinkage=0.03


Tree=128
num_leaves=31
num_cat=0
split_feature=27 26 28 27 8 28 16 17 8 18 18 18 5 0 7 27 25 25 17 19 18 13 10 28 27 18 16 17 7 8
split_gain=11.4261 11.9411 1.67353 3.08163 2.45553 3.68867 3.29763 3.28046 1.56135 1.93162 0.952049 1.28929 0.923751 1.3069 0.851868 0.826425 1.35641 1.11154 0.786821 0.772408 0.74735 0.71077 0.623464 0.579293 0.635417 0.606897 0.563899 0.54225 0.922624 0.801486
threshold=4216.9456250000012 5.5000000000000009 8.5000000000000018 8116.7622222222235 16898.162500000002 11.500000000000002 776.61114511310745 0.65441861821884562 45108.645000000011 0.55671953277786224 0.30278836557514205 0.18125001395532855 13010.832343750002 11106.900891761095 7338.6932881157809 5498.2316666666675 10024.107500000002 15435.480000000001 3.800838894378781 0.33363881020828157 0.63878499178291437 21296.350000000002 329083.84000000008 9.5000000000000018 1736.1893750000002 1633.5215057543717 3863.7760344444619 0.68395975720522972 43595.17617053126 5365.0600000000004
decision_type=2 2 2 2 2 2 2 2 2 2 2 2 2 2 2 2 2 2 2 2 2 2 2 2 2 2 2 2 2 2
left_child=1 14 3 8 15 6 7 -6 12 -10 11 -7 13 -2 23 16 -4 -18 27 -11 -8 -5 -23 24 -1 -26 -12 29 -29 -16
right_child=2 -3 4 21 5 10 20 -9 9 19 26 -13 -14 -15 18 -17 17 -19 -20 -21 -22 22 -24 -25 25 -27 -28 28 -30 -31
leaf_value=-188.04824338933292 -206.58163062795808 -116.43991318661905 -97.130120057388837 5.8292123262778039 28.967087910450481 -424.54928616009448 -11.066723550532716 5.6636735061550239 -49.327790807611819 0.98878981192444515 -25.25907248908878 1349.2913020874914 -34.380486777554992 306.96090847396425 123.88898274734785 -243.85547492621424 606.49476305579992 -377.32239352703567 195.01603198082893 -47.580459493044188 8.8912395233627652 -25.229457049610229 159.30636328052404 -216.30285172421594 -92.05187841979297 67.144376942971036 62.846470148321842 -94.836759895935543 993.53426781191945 -42.703824009164435
leaf_weight=878 466 4365 130 2735 663 24 431 434 381 1365 620 21 1576 91 221 1063 45 20 32 111 560 951 40 391 510 186 44 1100 33 615
leaf_count=878 466 4365 130 2735 663 24 431 434 381 1365 620 21 1576 91 221 1063 45 20 32 111 560 951 40 391 510 186 44 1100 33 615
internal_value=-0.000943489 -0.00179366 -0.000341773 -0.000601089 0.000151664 0.000646764 0.00128161 0.00241477 -0.00118045 -0.000544427 -0.00122285 0.003 -0.00173418 -0.000684022 -0.000602119 -0.000949126 0.000846153 0.00438461 -0.000166418 -5.28462e-05 2.72445e-05 1.9323e-05 -0.000669022 -0.0010458 -0.000789073 -0.00011207 -0.00150904 -0.000242256 -0.000669904 0.00033732
internal_weight=20102 8331 11771 7716 4055 2797 2088 1097 3990 1857 709 45 2133 557 3966 1258 195 65 2001 1476 991 3726 991 1965 1574 696 664 1969 1133 836
internal_count=20102 8331 11771 7716 4055 2797 2088 1097 3990 1857 709 45 2133 557 3966 1258 195 65 2001 1476 991 3726 991 1965 1574 696 664 1969 1133 836
is_linear=0
shrinkage=0.03


Tree=129
num_leaves=31
num_cat=0
split_feature=27 26 7 13 28 28 23 27 12 4 14 25 15 27 14 0 23 10 7 17 10 25 10 10 10 24 31 3 28 17
split_gain=10.7197 12.3489 1.58261 1.32556 1.65457 1.60863 2.82883 1.38698 0.919155 0.869903 0.838841 0.783414 0.830032 0.77623 0.764775 0.988254 0.918837 0.684431 0.875552 0.640756 0.604979 0.768987 0.734885 0.83019 0.630087 0.603173 0.553157 0.535165 0.531862 0.567383
threshold=4216.9456250000012 5.5000000000000009 46173.702924518286 5937.6600000000008 8.5000000000000018 10.500000000000002 1064.9031878085923 8430.3566666666684 1511.7850000000003 10906.830000000004 1786.3200000000004 226832.15250000005 1.0095901135374867 26701.980833333335 3757.4850000000006 49514.279454544878 20445.032338461835 84035.195000000022 54162.484964718598 0.65608552113714613 34225.420000000006 3163.0900000000006 1.0000000180025095e-35 11879.495000000001 57833.040000000008 6717.1014999999998 3.5000000000000004 41639.19000000001 8.5000000000000018 1.9000649903037086
decision_type=2 2 2 2 2 2 2 2 2 2 2 2 2 2 2 2 2 2 2 2 2 2 2 2 2 2 2 2 2 2
left_child=1 8 3 14 7 6 -6 -5 20 -10 -11 12 17 -13 -2 16 -16 19 -19 -4 22 24 25 -24 -22 -1 -12 -23 -14 -30
right_child=2 -3 11 4 5 -7 -8 -9 9 10 26 13 28 -15 15 -17 -18 18 -20 -21 21 27 23 -25 -26 -27 -28 -29 29 -31
leaf_value=-133.42687003096034 -140.50060037833052 -112.94671579102058 12.750666057371516 -29.570497289783148 21.080788038637039 -27.138615757175845 0.94284418510550083 -82.920690170730865 -73.476331210535093 398.50560361572474 -48.256886917496985 -36.852731345854494 -19.982585186349063 186.3464800745341 93.67126802543531 2242.6247787677571 -276.83628115759871 -18.514879245823082 2.0241229357678336 -3.2150211042673336 249.56999484028174 -158.30089192242585 -223.11195642334894 -89.275481018873748 -26.203093086176494 19.74579754131274 88.58186613201471 345.6799979619974 -3.1122754777235517 1315.0014245803363
leaf_weight=412 1802 4365 590 1585 73 697 558 806 630 34 94 28 779 46 637 21 190 380 2365 298 43 271 850 902 32 381 268 49 873 43
leaf_count=412 1802 4365 590 1585 73 697 558 806 630 34 94 28 779 46 637 21 190 380 2365 298 43 271 850 902 32 381 268 49 873 43
internal_value=-0.000944981 -0.00176846 -0.000362162 -0.000682525 -0.00104786 -0.000198796 0.000898573 -0.00151945 -0.000556733 0.000216374 0.00131818 1.55491e-05 -2.70277e-05 0.00308108 -0.000169812 0.000573112 0.000409915 0.000228736 -5.4652e-06 0.000952702 -0.000826531 0.000265822 -0.000996071 -0.00133904 0.003 -0.000238336 0.000895027 -0.000375001 -0.000575222 -8.51536e-05
internal_weight=20102 8331 11771 6369 3719 1328 631 2391 3966 1026 396 5402 5328 74 2650 848 827 3633 2745 888 2940 395 2545 1752 75 793 362 320 1695 916
internal_count=20102 8331 11771 6369 3719 1328 631 2391 3966 1026 396 5402 5328 74 2650 848 827 3633 2745 888 2940 395 2545 1752 75 793 362 320 1695 916
is_linear=0
shrinkage=0.03


Tree=130
num_leaves=31
num_cat=0
split_feature=27 26 6 27 31 29 4 24 17 10 13 4 20 25 20 27 27 6 29 10 2 14 2 15 1 17 23 2 3 8
split_gain=10.5893 12.3757 1.42783 1.21236 0.805983 1.40852 0.966376 0.786454 0.823698 0.765089 0.752355 0.747623 1.41484 0.908917 0.718127 0.684861 0.680217 0.677124 1.6182 0.663159 0.652572 0.963058 0.650241 0.610144 0.862195 0.806613 0.911893 0.606556 0.556075 0.545924
threshold=4176.088333333334 5.5000000000000009 44896.471853546296 9077.1750000000029 32.500000000000007 3.5000000000000004 39743.560000000005 5489.3308333333343 1.115804668575906 15369.357500000002 5937.6600000000008 13899.51 0.99990730815975726 17631.892500000005 0.51964416531572521 746.66500000000008 5350.9725000000008 5041.5708148034018 2.5000000000000004 639156.78500000003 17424.280000000002 15831.205000000002 6248.8650000000007 1.0095901135374867 225114.7936049508 0.46969897629020102 2769.3634936471158 35429.670000000006 6069.0100000000011 113219.25500000002
decision_type=2 2 2 2 2 2 2 2 2 2 2 2 2 2 2 2 2 2 2 2 2 2 2 2 2 2 2 2 2 2
left_child=1 7 3 4 10 6 -6 8 9 14 16 20 13 -13 -1 -9 -2 18 -17 23 21 -5 -19 25 -25 26 -4 -3 -11 -27
right_child=2 27 19 11 5 -7 -8 15 -10 28 -12 12 -14 -15 -16 17 -18 22 -20 -21 -22 -23 -24 24 -26 29 -28 -29 -30 -31
leaf_value=-174.00149648589272 10.954647931895471 -144.92242453003402 -4.0024749544686609 -30.239261809055112 34.427347677618883 -8.7382824366931864 5.3110913758285516 -158.02507904959919 -251.28422290033438 8.8661041032768644 -25.209130693686586 153.94805167546491 2555.4999112542691 -115.73909638016396 22.552173017588913 208.23579371363121 -213.49995215262209 8.0907042354853953 -88.723904627828787 2136.828786880692 -212.0337988652486 623.18522430500207 -129.31090247438613 -7.9509397302968017 185.67446295098358 -0.15510157164029639 94.077162532921022 -23.736061567883983 390.42248513878582 56.088859430070869
leaf_weight=576 454 4062 64 605 20 145 21 350 403 276 2157 475 22 668 124 25 633 1404 47 22 895 23 704 1891 21 3279 74 248 33 381
leaf_count=576 454 4062 64 605 20 145 21 350 403 276 2157 475 22 668 124 25 633 1404 47 22 895 23 704 1891 21 3279 74 248 33 381
internal_value=-0.00093155 -0.00175667 -0.000356963 -0.000675712 -0.00104956 0.000870967 0.00578049 -0.000541858 -0.00110907 -0.00065114 -0.00115968 -0.000198661 0.00037339 0.000228346 -0.0012 -0.000225297 -0.0005161 -2.75237e-05 0.00283333 -1.67488e-05 -0.000636245 0.000105095 -0.000125238 -3.67783e-05 -0.00047385 0.000183254 0.00243478 -0.00286775 0.000592232 9.83599e-05
internal_weight=20102 8252 11850 6118 3430 186 41 3942 1412 1009 3244 2688 1165 1143 700 2530 1087 2180 72 5732 1523 628 2108 5710 1912 3798 138 4310 309 3660
internal_count=20102 8252 11850 6118 3430 186 41 3942 1412 1009 3244 2688 1165 1143 700 2530 1087 2180 72 5732 1523 628 2108 5710 1912 3798 138 4310 309 3660
is_linear=0
shrinkage=0.03


Tree=131
num_leaves=31
num_cat=0
split_feature=27 26 28 27 4 28 17 16 16 24 16 24 14 12 16 12 4 20 12 23 13 12 13 31 12 7 4 17 2 28
split_gain=10.4249 12.6199 1.51384 2.7662 2.23256 3.60485 2.3419 2.28404 1.56648 1.2139 0.973972 0.923173 0.826082 1.54649 0.791326 0.756629 0.857373 0.805625 0.784314 0.720588 0.706782 0.693118 0.741943 0.688444 0.686131 0.676199 0.650677 0.63649 0.606556 0.856957
threshold=4176.088333333334 5.5000000000000009 8.5000000000000018 8116.7622222222235 14993.555000000002 11.500000000000002 0.61034630956153391 776.61114511310745 30050.327036711929 47800.533333333347 2198.0872357469539 150997.61400000003 13269.065000000001 7019.9150000000018 3647.3936758878167 1511.7850000000003 10906.830000000004 0.96441116884472167 1736.4150000000002 23735.818958352491 21296.350000000002 7740.335 18402.480000000003 10.500000000000002 963.18500000000006 7338.6932881157809 64163.985000000008 3.5011814696576349 35429.670000000006 8.5000000000000018
decision_type=2 2 2 2 2 2 2 2 2 2 2 2 2 2 2 2 2 2 2 2 2 2 2 2 2 2 2 2 2 2
left_child=1 15 3 9 8 6 7 -6 10 12 23 -8 13 -2 -7 17 -17 25 -18 -16 -5 22 -11 -4 -19 -1 -23 -27 -3 -30
right_child=2 28 4 20 5 14 11 -9 -10 21 -12 -13 -14 -15 19 16 18 24 -20 -21 -22 26 -24 -25 -26 27 -28 -29 29 -31
leaf_value=-157.49237861752587 -44.868842762492022 -140.57475179413296 -187.72763658304677 7.6794811670661387 39.199341888046696 -25.373304159534946 2.7712878896370454 8.345927305812145 894.15927154288363 3.7181772114628004 -359.52951630165444 228.52166603582393 -24.967023514162054 765.76140345339354 85.795979039813858 -72.522559737226729 283.72475928840396 -17.647487182319672 41.614386334748978 -74.691096008090454 -18.148121967317056 -14.875589817988924 -25.467601661647844 270.39545484712733 626.49724988933406 -58.901718486676835 1.6919247383755607 154.6608233982364 -50.130032542858594 2.6481249445660069
leaf_weight=1540 938 4062 381 2735 467 716 1267 508 21 419 498 38 1411 37 34 625 35 44 357 34 991 878 50 115 21 1296 312 24 154 94
leaf_count=1540 938 4062 381 2735 467 716 1267 508 21 419 498 38 1411 37 34 625 35 44 357 34 991 878 50 115 21 1296 312 24 154 94
internal_value=-0.000927073 -0.00174576 -0.000356963 -0.000602626 0.000111056 0.000515012 0.00111842 0.00223077 -0.00110838 -0.00114586 -0.00127968 0.000287356 -0.00157921 -0.000907693 -0.0012398 -0.000519027 0.00018584 -0.000764103 0.00128571 0.00185294 -1.28832e-05 -0.000522605 0.000454157 -0.00033871 0.00253846 -0.000839162 -0.000907564 -0.00034091 -0.00286775 -0.00142742
internal_weight=20102 8252 11850 7771 4079 3064 2280 975 1015 4045 994 1305 2386 975 784 3942 1017 2925 392 68 3726 1659 469 496 65 2860 1190 1320 4310 248
internal_count=20102 8252 11850 7771 4079 3064 2280 975 1015 4045 994 1305 2386 975 784 3942 1017 2925 392 68 3726 1659 469 496 65 2860 1190 1320 4310 248
is_linear=0
shrinkage=0.03


Tree=132
num_leaves=31
num_cat=0
split_feature=27 26 0 28 28 9 7 13 28 8 28 27 27 20 7 21 18 8 18 23 19 20 12 17 28 28 16 13 12 15
split_gain=10.4735 11.7411 1.5522 1.85522 1.52029 1.56418 1.37334 1.07845 1.33628 1.27389 2.01191 1.06451 0.945678 0.857898 0.897887 0.989373 0.807445 0.987429 1.25713 0.914491 0.81872 1.59108 0.756394 0.719054 1.64952 2.41804 0.969405 0.680597 0.679681 0.659524
threshold=4433.1917361111127 5.5000000000000009 34824.878037546347 8.5000000000000018 10.500000000000002 23801.795000000002 46173.702924518286 5937.6600000000008 8.5000000000000018 35545.842500000006 10.500000000000002 8430.3566666666684 38119.025000000009 0.37058961787160294 4559.5387126680516 4868.6366666666672 0.62862128941590956 113219.25500000002 0.54322435951044168 6015.0779042636459 0.28175938699082997 0.13416677402601612 1010.0600000000001 0.6115098052950253 8.5000000000000018 10.500000000000002 552.54957655864985 18753.780000000002 8690.0550000000021 0.97800762500506888
decision_type=2 2 2 2 2 2 2 2 2 2 2 2 2 2 2 2 2 2 2 2 2 2 2 2 2 2 2 2 2 2
left_child=1 22 -3 29 5 -5 7 13 11 12 -11 -9 -10 -2 -15 -16 17 20 19 -19 -8 -22 -1 24 28 -26 27 -25 -18 -4
right_child=6 2 3 4 -6 -7 16 8 9 10 -12 -13 -14 14 15 -17 23 18 -20 -21 21 -23 -24 26 25 -27 -28 -29 -30 -31
leaf_value=-99.907575131503549 -67.324724074843928 -134.69647660803182 12.679938758013906 21.514982716260857 -19.605068643469295 1.0465285309682595 -23.531456665203009 -26.268779602560393 -63.283284776101794 17.954445418166468 -15.068314763174168 -76.642063488346935 493.66321693688889 -428.81453443055938 521.61115259720373 410.77555817677228 -18.070324514488835 691.95474043364777 -36.591176846600476 133.82880241437252 19.896832158109422 -5.1904251771709822 0.32285919667918617 7.2956084582513032 53.644580055726529 6.1335140955443492 -8.4042524872885789 -5.9412102276221379 6.2180527651402562 -35.693340585438058
leaf_weight=2615 2188 4164 20 38 68 43 1233 1353 738 221 229 806 22 40 22 279 163 34 68 93 153 631 1488 1237 148 259 751 301 328 369
leaf_count=2615 2188 4164 20 38 68 43 1233 1353 738 221 229 806 22 40 22 279 163 34 68 93 153 631 1488 1237 148 259 751 301 328 369
internal_value=-0.000933042 -0.00170869 -0.00273203 -0.00121561 0.00163087 0.00440741 -0.000328495 -0.000644965 -0.000996439 -0.000198348 0.00106667 -0.00144372 -0.000947369 -0.00017675 0.00122287 0.00178405 1.72247e-05 -0.000423147 0.00161538 0.00337795 -0.000620229 0.000137754 -0.00053595 0.000322873 0.00104232 0.00245454 4.06284e-05 0.000472041 -0.00012831 -0.00230591
internal_weight=20102 8805 4702 538 149 81 11297 5898 3369 1210 450 2159 760 2529 341 301 5399 2212 195 127 2017 784 4103 3187 898 407 2289 1538 491 389
internal_count=20102 8805 4702 538 149 81 11297 5898 3369 1210 450 2159 760 2529 341 301 5399 2212 195 127 2017 784 4103 3187 898 407 2289 1538 491 389
is_linear=0
shrinkage=0.03


Tree=133
num_leaves=31
num_cat=0
split_feature=23 3 26 24 26 28 16 11 1 4 22 24 8 28 28 16 28 7 28 17 13 18 19 4 18 17 9 18 18 17
split_gain=8.37382 5.29642 6.15012 2.09024 3.02185 1.44529 1.30816 1.46429 1.29273 1.24247 0.888795 1.76939 2.60999 0.97542 1.83513 1.66514 0.999881 0.877005 1.53643 1.7059 0.813538 1.1197 0.870002 0.769145 0.745857 0.693674 0.671089 1.14043 0.856015 0.659122
threshold=1455.4515912298887 39181.555000000008 5.5000000000000009 35668.786666666674 5.5000000000000009 8.5000000000000018 -133.30290412304745 25408.030000000002 75026.188250196443 14780.915000000001 34873.605000000003 37325.519166666672 23973.580000000005 11.500000000000002 8.5000000000000018 776.61114511310745 7.5000000000000009 33286.14170494218 8.5000000000000018 0.65608552113714613 15264.905000000001 0.65774149012758032 0.17172062927215875 40491.62000000001 0.61032984517189071 0.60657349686072803 3978.8700000000003 0.49420449183144588 4948.0296415546882 2.0819558126735029
decision_type=2 2 2 2 2 2 2 2 2 2 2 2 2 2 2 2 2 2 2 2 2 2 2 2 2 2 2 2 2 2
left_child=1 2 -1 4 9 8 7 -7 -3 26 11 12 -5 14 16 -16 -12 -4 -19 -20 22 -22 -10 -11 -8 -26 27 -2 -28 -25
right_child=3 5 17 10 -6 6 24 -9 20 23 13 -13 -14 -15 15 -17 -18 18 19 -21 21 -23 -24 29 25 -27 28 -29 -30 -31
leaf_value=-72.044671284952216 41.68734109133748 -13.371735174851443 -167.19833771147452 -283.52540233954079 -79.881161876643674 47.001521333558728 -24.290617606847022 25.921852134860625 14.9929115070659 16.400957627260137 -1.7317878983151145 376.47572826196802 2204.9026056145585 -20.224811227604558 21.450156744327249 -0.15933259737274044 -27.893932579369114 -41.248520791444598 11.838931772919473 -24.741097822602285 32.860566600490053 -18.993869674586467 29.041827265141727 -281.64617194960744 17.555645646393273 0.0086378725285403794 -204.5253050057878 -127.81896214172778 -51.40822694959197 96.277990865374051
leaf_weight=1343 826 1335 3397 21 761 21 81 64 96 1758 2486 390 20 444 605 795 369 508 104 70 61 109 21 245 80 213 2228 818 647 186
leaf_count=1343 826 1335 3397 21 761 21 81 64 96 1758 2486 390 20 444 605 795 369 508 104 70 61 109 21 245 80 213 2228 818 647 186
internal_value=-0.000927073 -0.00172051 -0.00221431 -0.000454561 -0.000774803 -0.000433927 0.00105229 0.00441176 -0.000854501 -0.000571557 1.16952e-05 0.00131554 0.0072439 -0.000107896 3.17267e-05 0.000921428 -0.000404554 -0.00279407 -0.00181232 0.000620689 0.000972125 -0.000352942 0.00289744 1.50747e-05 0.000288769 0.000993173 -0.000855721 -0.000372263 -0.00113217 -0.00112065
internal_weight=20102 7503 5422 12599 7469 2081 459 85 1622 6708 5130 431 41 4699 4255 1400 2855 4079 682 174 287 170 117 2189 374 293 4519 1644 2875 431
internal_count=20102 7503 5422 12599 7469 2081 459 85 1622 6708 5130 431 41 4699 4255 1400 2855 4079 682 174 287 170 117 2189 374 293 4519 1644 2875 431
is_linear=0
shrinkage=0.03


Tree=134
num_leaves=31
num_cat=0
split_feature=27 26 6 27 28 16 21 27 18 10 19 17 28 28 14 8 28 22 12 12 14 20 14 27 18 27 23 17 16 17
split_gain=9.95094 12.6409 1.42497 1.17313 1.61566 1.44345 0.996872 1.27 0.995035 1.06839 0.989497 0.923724 1.65293 3.05407 0.859832 0.784556 1.38677 0.77097 1.50914 0.736669 1.19431 0.709768 1.07125 0.69794 0.748095 1.0651 0.769408 0.669604 0.66544 0.580689
threshold=4176.088333333334 5.5000000000000009 44896.471853546296 8985.0116666666672 8.5000000000000018 634.39337696675659 12889.851666666667 4253.1316666666671 0.60833717930894615 205779.04000000001 0.6792596221855236 0.6115098052950253 8.5000000000000018 9.5000000000000018 18419.810000000001 35310.132500000014 8.5000000000000018 45199.855000000003 5469.1900000000014 16659.02 20023.585000000003 0.13480636764691412 21102.300000000007 688.4725000000002 0.068368370540381654 2335.8691666666673 6640.8122130877273 0.99994520624625149 552.54957655864985 0.45600095371181321
decision_type=2 2 2 2 2 2 2 2 2 2 2 2 2 2 2 2 2 2 2 2 2 2 2 2 2 2 2 2 2 2
left_child=1 23 3 4 6 10 7 -2 9 21 -6 12 14 -14 -10 -3 -17 18 -13 -5 -21 22 -4 -1 25 -25 27 -26 -19 -23
right_child=2 15 8 19 5 -7 -8 -9 11 -11 -12 17 13 -15 -16 16 -18 28 -20 20 -22 29 -24 24 26 -27 -28 -29 -30 -31
leaf_value=-180.71115458870878 751.01639906384389 -120.50561707802449 -35.133022796072616 -51.298151964810202 8.3584143921188243 -26.814499447923755 -30.475134572818668 -134.57057292990547 14.118767124648747 133.47625872567184 -533.00012373285688 -78.276193939769229 44.509058856571251 11.325561925670273 -2.1360551936582537 -36.350655550732476 20.202308780684916 1.5182161998715353 171.68499768778753 3614.6361446926767 -17.934576282483331 8.6371510594717513 22.562753207079808 -8.2735300259732689 -59.6578095040406 420.26723031874656 6.6070647126902129 -197.21279638870652 -8.2257451497556495 -23.423967663011474
leaf_weight=639 22 4145 146 2635 582 545 1581 624 25 411 56 68 63 446 606 128 37 1663 58 20 53 86 109 77 1324 35 1336 531 805 1246
leaf_count=639 22 4145 146 2635 582 545 1581 624 25 411 56 68 63 446 606 128 37 1663 58 20 53 86 109 77 1324 35 1336 531 805 1246
internal_value=-0.000924088 -0.00172395 -0.000367089 -0.000685519 -0.00105572 -0.000159764 -0.00153166 -0.0005387 -2.72163e-05 -0.000567568 0.000808777 0.000261917 0.000973683 0.00224558 -5.22987e-05 -0.00284687 -0.000818183 -5.08874e-05 0.00223809 -0.000219351 0.00275342 -0.000920606 0.000529411 -0.000496196 -0.000320618 0.00208928 -0.000405203 -0.00080054 -0.000167748 -0.0011982
internal_weight=20102 8252 11850 6118 3410 1183 2227 646 5732 1998 638 3734 1140 509 631 4310 165 2594 126 2708 73 1587 255 3942 3303 112 3191 1855 2468 1332
internal_count=20102 8252 11850 6118 3410 1183 2227 646 5732 1998 638 3734 1140 509 631 4310 165 2594 126 2708 73 1587 255 3942 3303 112 3191 1855 2468 1332
is_linear=0
shrinkage=0.03


Tree=135
num_leaves=31
num_cat=0
split_feature=27 26 8 27 28 1 28 18 16 22 13 19 25 8 28 10 4 17 27 20 19 27 18 24 21 23 17 24 13 27
split_gain=9.73409 12.4916 1.45259 1.26127 1.98764 1.82767 2.25487 1.05153 0.859499 0.791983 0.961129 1.08175 0.930868 0.773825 1.38677 0.705745 1.55869 0.798773 0.69794 0.660038 0.829211 0.612827 0.591037 0.830704 1.18162 0.743278 0.610946 0.546733 0.520585 0.482662
threshold=4176.088333333334 5.5000000000000009 51612.380000000005 11834.388125000003 8.5000000000000018 14498.366539524688 11.500000000000002 0.21484443530308486 -717.80809907905484 9789.1100000000024 21047.600000000006 0.99994949128581001 6958.7875000000013 35310.132500000014 8.5000000000000018 329083.84000000008 181719.62000000002 0.42772691855759654 688.4725000000002 0.17841801574704194 0.2184178981046333 101108.73500000002 0.068368370540381654 2621.084166666667 4537.8333333333339 6640.8122130877273 0.99994520624625149 5660.8787500000008 18753.780000000002 5308.123125000001
decision_type=2 2 2 2 2 2 2 2 2 2 2 2 2 2 2 2 2 2 2 2 2 2 2 2 2 2 2 2 2 2
left_child=1 18 3 4 7 29 -7 -2 -9 12 11 -11 21 -3 -15 17 -17 -4 -1 28 -21 -5 23 -20 -25 26 -24 -27 -19 -6
right_child=2 13 15 9 5 6 -8 8 -10 10 -12 -13 -14 14 -16 16 -18 19 22 20 -22 -23 25 24 -26 27 -28 -29 -30 -31
leaf_value=-175.28981995104752 98.532565106783608 -116.8904485656838 357.5589819736656 -113.61604650732241 -11.936878659660472 13.122198018039633 -37.933788744936102 -7.5962657807049876 -25.206510744231299 52.853468052520242 -117.33802279457541 587.76820868122161 -212.9471829671983 -35.260135884210463 19.596239517264269 136.23702086340501 611.93013504670819 4.0939135094008376 -26.142928870651637 -29.968187412659127 -0.21809902497334899 333.15920451610339 -57.86807521891933 305.94051152832463 -19.711184980721093 -411.89027118643133 -191.29641249704531 11.468495580492631 -2.8414940108551212 -360.44205407402148
leaf_weight=639 287 4145 20 385 131 982 340 622 2601 1251 390 64 354 128 37 84 33 1742 61 401 626 41 1324 28 23 48 531 1288 1115 381
leaf_count=639 287 4145 20 385 131 982 340 622 2601 1251 390 64 354 128 37 84 33 1742 61 401 626 41 1324 28 23 48 531 1288 1115 381
internal_value=-0.00092558 -0.00171668 -0.000374684 -0.000612723 -0.000872381 -7.19745e-05 0.000517397 -0.0012906 -0.00144555 -5.43267e-05 0.000307917 0.000695817 -0.000846155 -0.00283295 -0.000818183 8.87832e-05 0.00238461 1.99788e-05 -0.000496196 -1.08143e-05 -0.000663097 9.85908e-05 -0.000320618 0.00182143 0.00464706 -0.000395801 -0.000784367 0.000143712 0.00022366 -0.00159375
internal_weight=20102 8252 11850 7829 5344 1834 1322 3510 3223 2485 1705 1315 780 4310 165 4021 117 3904 3942 3884 1027 426 3303 112 51 3191 1855 1336 2857 512
internal_count=20102 8252 11850 7829 5344 1834 1322 3510 3223 2485 1705 1315 780 4310 165 4021 117 3904 3942 3884 1027 426 3303 112 51 3191 1855 1336 2857 512
is_linear=0
shrinkage=0.03


Tree=136
num_leaves=31
num_cat=0
split_feature=27 26 7 27 28 18 27 16 18 7 28 17 15 19 13 18 8 22 13 12 13 19 28 24 10 17 0 28 12 0
split_gain=9.56063 12.3501 1.65385 1.25472 1.33725 1.32693 1.30404 1.98864 0.962662 0.842101 1.0236 1.79519 0.837611 0.807311 1.5081 1.34981 1.17172 0.770463 0.758462 0.754606 0.741949 1.04611 0.724028 0.69627 0.669474 0.708935 0.630981 0.586693 0.778862 1.17405
threshold=4176.088333333334 5.5000000000000009 46173.702924518286 11551.375000000002 8.5000000000000018 0.21484443530308486 5548.8115972222231 -75.212585105113234 10148.017696692326 34796.433019578493 8.5000000000000018 0.65911561968615595 1.0095901135374867 0.28291282556676989 14064.76 0.62862128941590956 113219.25500000002 15028.855000000003 4664.6550000000007 1511.7850000000003 17105.600000000002 0.40541118790078051 8.5000000000000018 220479.9016666667 570497.60750000004 3.5011814696576349 11106.900891761095 11.500000000000002 1622.5500000000002 7447.9624781133234
decision_type=2 2 2 2 2 2 2 2 2 2 2 2 2 2 2 2 2 2 2 2 2 2 2 2 2 2 2 2 2 2
left_child=1 19 3 4 5 26 7 -6 24 -3 -11 -12 13 15 -15 16 -4 -8 -7 -1 21 -10 -16 -14 25 -5 -2 28 29 -21
right_child=2 9 12 8 6 18 17 -9 20 10 11 -13 23 14 22 -17 -18 -19 -20 27 -22 -23 -24 -25 -26 -27 -28 -29 -30 -31
leaf_value=-86.111657910714882 -55.871358012016827 -129.01423211740371 -25.077581462925654 -131.36945088487727 39.988683835883371 -101.53698354020574 -365.07050930352887 -2.3470174242258581 157.53854731085843 -36.869824069030301 19.56264992231721 -9.7520042314638431 -7.3607398252645746 62.774719654116367 0.8130525001609773 5.8364528361982915 218.8200387221261 -5.2550608635767375 -27.790732111433552 -9.008770961515479 -100.67194989692163 1015.7955578193175 15.947119536145385 194.28880883346719 2447.6697037169974 227.2175670140135 701.94784428478204 -248.00981633794885 4.7788012531051773 482.47246223402226
leaf_weight=2925 163 4017 957 1680 228 609 347 565 275 217 33 43 1695 31 460 1915 87 306 1886 35 144 51 228 30 30 50 113 94 866 22
leaf_count=2925 163 4017 957 1680 228 609 347 565 275 217 33 43 1695 31 460 1915 87 306 1886 35 144 51 228 30 30 50 113 94 866 22
internal_value=-0.000918118 -0.00170213 -0.000372153 -0.000696604 -0.00100095 -0.00138686 -0.000261412 0.000556115 -0.000121077 -0.00281207 -0.00125939 0.00173684 1.4991e-05 0.000270799 0.00117246 5.17059e-05 -0.000816093 -0.00125421 -0.00160521 -0.000488585 0.00108511 0.0018773 0.000880813 -0.000530435 -0.000443183 -0.000520232 0.000586956 0.000215339 0.000445286 0.0038421
internal_weight=20102 8252 11850 6447 4217 2771 1446 793 2230 4310 293 76 5403 3678 719 2959 1044 653 2495 3942 470 326 688 1725 1760 1730 276 1017 923 57
internal_count=20102 8252 11850 6447 4217 2771 1446 793 2230 4310 293 76 5403 3678 719 2959 1044 653 2495 3942 470 326 688 1725 1760 1730 276 1017 923 57
is_linear=0
shrinkage=0.03


Tree=137
num_leaves=31
num_cat=0
split_feature=27 26 1 28 28 17 8 27 28 1 28 24 28 15 9 10 4 13 22 25 27 6 20 2 27 20 10 10 5 14
split_gain=9.43228 12.1939 2.48047 2.26951 1.87921 1.80379 1.18719 0.910327 0.881494 1.72846 1.34421 0.834878 0.85322 0.823553 0.776041 0.782977 1.49522 0.751824 0.90752 0.984697 0.707863 0.705672 0.685188 0.668044 0.642917 0.641715 0.793897 0.616398 0.721463 0.590153
threshold=4705.6643750000012 5.5000000000000009 32908.456916970121 8.5000000000000018 11.500000000000002 0.66199764146913231 51612.380000000005 11834.388125000003 8.5000000000000018 14498.366539524688 11.500000000000002 5489.3308333333343 2.5000000000000004 1.0017447267537605 25946.265000000003 329083.84000000008 181719.62000000002 17525.340000000004 10876.885 24525.935000000005 746.66500000000008 8432.296490442719 0.27969576500786292 6248.8650000000007 2251.7962500000008 0.17841801574704194 94727.292500000025 12740.612500000001 2089.3591992187507 4476.4600000000009
decision_type=2 2 2 2 2 2 2 2 2 2 2 2 2 2 2 2 2 2 2 2 2 2 2 2 2 2 2 2 2 2
left_child=1 11 -3 -4 5 -5 7 8 13 -10 -11 12 22 -2 -8 25 -17 18 21 -20 -13 -9 24 -22 -1 -16 -27 -14 -29 -24
right_child=6 2 3 4 -6 -7 14 17 9 10 -12 20 27 -15 15 16 -18 -19 19 -21 23 -23 29 -25 -26 26 -28 28 -30 -31
leaf_value=-210.50143363579883 -10.058158340864084 -155.79283759182979 -28.202725738383823 12.931320246327674 -43.251581116068088 -7.5151643101997037 347.50686840830366 34.04347582228489 -280.66908832721515 13.979802043913379 -36.050810411150813 -129.56373885374899 -172.06484626391099 -38.530739146185255 1.7621334767862891 204.28806916490856 592.58315128272045 -132.84392779508977 330.43034340065014 -104.04420142176677 22.450430910919458 -200.72297528313698 207.36505871638249 -111.96030479075912 144.54977269069866 11.508994847921162 -19.236417718177091 157.61877833589085 -203.60916845789222 -378.28449252567498
leaf_weight=178 1431 3816 930 193 101 83 20 269 445 772 263 350 698 1329 2856 81 33 592 697 483 1539 444 139 893 82 151 878 51 284 21
leaf_count=178 1431 3816 930 193 101 83 20 269 445 772 263 350 698 1329 2856 81 33 592 697 483 1539 444 139 893 82 151 878 51 284 21
internal_value=-0.000909164 -0.00160547 -0.00259008 -0.00146213 0.000501326 0.00178261 -0.000302681 -0.000546469 -0.00081368 -0.000222974 0.000449275 -0.000414404 -0.000997248 -0.00113044 0.000105249 7.57682e-05 0.00252632 -9.0544e-05 0.000201267 0.000711864 -0.000109994 -0.000643759 0.000142856 7.15453e-05 -0.000807693 3.86029e-06 -0.000638485 -0.00146079 -0.000402986 0.0016875
internal_weight=20102 9358 5123 1307 377 276 10744 6725 4240 1480 1035 4235 1453 2760 4019 3999 114 2485 1893 1180 2782 713 420 2432 260 3885 1029 1033 335 160
internal_count=20102 9358 5123 1307 377 276 10744 6725 4240 1480 1035 4235 1453 2760 4019 3999 114 2485 1893 1180 2782 713 420 2432 260 3885 1029 1033 335 160
is_linear=0
shrinkage=0.03


Tree=138
num_leaves=31
num_cat=0
split_feature=27 26 1 28 28 17 7 27 28 1 6 13 18 17 19 28 28 17 27 12 27 17 12 4 4 31 16 4 10 20
split_gain=9.30086 12.459 1.66552 1.30622 1.34992 1.72969 1.27802 1.12975 1.13759 1.3615 1.09015 1.04576 0.920193 0.836912 0.942412 0.826876 1.18377 1.65434 2.53676 1.05186 0.697582 0.67794 0.663204 0.999934 0.927857 1.06704 0.617463 0.58312 0.559878 0.551734
threshold=4329.7236805555558 5.5000000000000009 32908.456916970121 8.5000000000000018 10.500000000000002 0.68754579736531529 46173.702924518286 11551.375000000002 8.5000000000000018 14498.366539524688 18034.318472017261 1.0000000180025095e-35 10148.017696692326 0.12625030520164429 0.7270490128585102 11.500000000000002 8.5000000000000018 0.6115098052950253 5749.045000000001 28104.580000000005 14982.431000000002 0.56940659596661414 1511.7850000000003 10906.830000000004 44807.680000000008 3.5000000000000004 451.98105651272277 4995.0700000000006 285748.64000000007 0.96441116884472167
decision_type=2 2 2 2 2 2 2 2 2 2 2 2 2 2 2 2 2 2 2 2 2 2 2 2 2 2 2 2 2 2
left_child=1 22 -3 -4 5 -5 7 8 11 -10 -11 -2 -9 20 -15 16 21 18 -18 -19 -14 -8 29 27 25 -25 -23 -24 -17 -1
right_child=6 2 3 4 -6 -7 15 12 9 10 -12 -13 13 14 -16 28 17 19 -20 -21 -22 26 23 24 -26 -27 -28 -29 -30 -31
leaf_value=-90.283076644575942 -29.590555121210958 -152.05821599747992 -31.8396702340298 26.235614282465239 -20.546229799926184 -13.795654799135153 -14.943153858473815 -92.724006868940108 -234.05428519844861 394.71146369690041 0.85357189291606383 -26.396292675839376 2184.7979487909315 147.59695623691286 -258.95878999227131 -18.307950075480335 46.142918786061713 -3.6718025356196997 20.277730989492227 281.58565093387853 880.74205016913913 1.820986532442731 6.1957731691879427 -92.651106250180661 -313.05068403545545 168.40753669298118 -10.110003848433639 -203.43543719045934 460.83611186821116 270.13143712678141
leaf_weight=2931 533 3788 532 81 95 33 825 1760 483 85 777 2026 28 296 96 436 22 696 609 39 50 1991 407 93 61 249 750 233 32 65
leaf_count=2931 533 3788 532 81 95 33 825 1760 483 85 777 2026 28 296 96 436 22 696 609 39 50 1991 407 93 61 249 750 233 32 65
internal_value=-0.000892748 -0.00164146 -0.00272179 -0.00142105 0.000588516 0.00278947 -0.000336571 -0.000632867 -0.000940574 -0.000234201 0.000480278 -0.00131184 -9.41711e-05 0.00108511 0.000520407 -7.15256e-10 0.000114355 0.000865299 0.00199208 -0.000102042 0.00392308 -0.000173304 -0.000430058 0.000221476 0.00139206 0.002 5.36293e-05 -0.000515626 -0.00120513 -0.000656877
internal_weight=20102 8568 4529 741 209 114 11534 6134 3904 1345 862 2559 2230 470 392 5400 4932 1366 631 735 78 3566 4039 1043 403 342 2741 640 468 2996
internal_count=20102 8568 4529 741 209 114 11534 6134 3904 1345 862 2559 2230 470 392 5400 4932 1366 631 735 78 3566 4039 1043 403 342 2741 640 468 2996
is_linear=0
shrinkage=0.03


Tree=139
num_leaves=31
num_cat=0
split_feature=27 26 1 6 28 28 17 19 28 23 15 27 16 22 3 12 28 28 17 20 27 17 6 11 27 17 27 23 2 10
split_gain=9.46415 12.2893 1.57993 1.23579 1.17568 1.20718 1.57602 1.1412 0.959272 1.21614 1.65 1.09978 1.04888 0.869253 1.24424 1.24956 0.733718 1.08698 1.75557 3.01943 0.832113 0.743672 0.710043 0.69277 0.689985 0.670038 0.616934 0.605512 0.914138 0.877917
threshold=4329.7236805555558 5.5000000000000009 32908.456916970121 44896.471853546296 8.5000000000000018 10.500000000000002 0.68754579736531529 1.0000000180025095e-35 8.5000000000000018 1064.9031878085923 1.0029728839037608 10466.587777777779 -2724.0295581086639 13731.855000000001 19158.795000000002 14882.160000000002 11.500000000000002 8.5000000000000018 0.6115098052950253 0.11745643083246164 5548.8115972222231 0.56940659596661414 7797.1690500000013 12499.165000000001 688.4725000000002 2.6506655016706215 5308.123125000001 5899.1620861699703 627.74000000000012 96689.10000000002
decision_type=2 2 2 2 2 2 2 2 2 2 2 2 2 2 2 2 2 2 2 2 2 2 2 2 2 2 2 2 2 2
left_child=1 24 -3 7 -4 6 -6 13 11 10 -10 -9 -11 23 15 -15 17 21 19 -19 -20 -5 -13 26 -1 -16 -2 29 -29 -26
right_child=3 2 4 16 5 -7 -8 8 9 12 -12 22 -14 14 25 -17 -18 18 20 -21 -22 -23 -24 -25 27 -27 -28 28 -30 -31
leaf_value=-159.83232517773624 60.16141986103581 -147.49646951755551 -30.884480127008828 -15.934489029712205 25.448545853991298 -19.929842905928414 -13.381785155161124 -28.650004106545055 15.613416685863928 370.32705986224522 -6.0181193506634241 211.13364708395713 -11.950790076408722 183.63390352257869 -157.99159498221613 2427.0340428054924 -16.12411581708141 96.62132809245179 18.663365214381578 17.063366635105254 -4.1942186575270455 0.26917860796680737 -93.80810873070439 -225.06466624112682 -77.258830372127008 1178.856569547343 -88.71993313948316 238.27815211623906 2.3172128410099124 140.17638711491477
leaf_weight=639 117 3788 532 868 81 95 33 1773 44 125 66 63 1107 282 436 38 509 50 57 616 740 2891 703 288 1821 36 725 39 1500 40
leaf_count=639 117 3788 532 868 81 95 33 1773 44 125 66 63 1107 282 436 38 509 50 57 616 740 2891 703 288 1821 36 725 39 1500 40
internal_value=-0.00090021 -0.00165546 -0.00272842 -0.000339172 -0.00146154 0.000444975 0.00252632 -0.000647769 -0.00094383 -0.000295083 0.00272727 -0.00128673 -0.000564936 -4.99487e-05 0.00071212 0.00215625 -2.66976e-05 7.92793e-05 0.000773068 0.00190991 -0.000176914 -0.000190743 -0.000336815 -0.000584072 -0.00045234 -0.00026695 -0.000149644 -0.000282354 0.000157894 -0.000646427
internal_weight=20102 8568 4529 11534 741 209 114 5803 3881 1342 110 2539 1232 1922 792 320 5731 5222 1463 666 797 3759 766 1130 4039 472 842 3400 1539 1861
internal_count=20102 8568 4529 11534 741 209 114 5803 3881 1342 110 2539 1232 1922 792 320 5731 5222 1463 666 797 3759 766 1130 4039 472 842 3400 1539 1861
is_linear=0
shrinkage=0.03


Tree=140
num_leaves=31
num_cat=0
split_feature=27 26 1 7 15 28 28 17 27 28 23 28 28 27 11 15 15 15 4 3 10 23 8 0 17 2 4 4 2 14
split_gain=9.18996 12.6123 1.57993 1.25314 1.09843 1.00531 1.07241 1.4295 0.888208 0.798605 1.33321 0.766466 1.26425 1.80474 2.82857 1.17937 0.775174 0.749854 0.683181 0.941711 0.61706 0.592643 0.915105 0.923446 0.699282 0.673515 0.55909 0.652453 0.535219 0.495237
threshold=4329.7236805555558 5.5000000000000009 32908.456916970121 44909.060377702481 0.84482466141442969 8.5000000000000018 10.500000000000002 0.68754579736531529 8985.0116666666672 8.5000000000000018 1048.052154367512 11.500000000000002 8.5000000000000018 5749.045000000001 28624.005000000001 1.0210639751283812 1.0095901135374867 0.83561307019371112 13528.200000000003 15556.295 329083.84000000008 5899.1620861699703 2348.9800000000005 4452.0418786850787 0.99994520624625149 268.79000000000002 99272.275000000009 40161.100000000006 108107.06000000001 11283.51
decision_type=2 2 2 2 2 2 2 2 2 2 2 2 2 2 2 2 2 2 2 2 2 2 2 2 2 2 2 2 2 2
left_child=1 21 -3 4 17 -4 7 -7 9 29 -11 12 16 14 -14 -15 20 26 28 -20 -5 24 -23 -24 -1 -25 27 -2 -10 -6
right_child=3 2 5 11 8 6 -8 -9 18 10 -12 -13 13 15 -16 -17 -18 -19 19 -21 -22 22 23 25 -26 -27 -28 -29 -30 -31
leaf_value=-44.261855994082062 38.482653079178078 -143.07157543202877 -29.957945723198534 -0.36294713733025141 -111.81052267293808 24.685089478371509 -19.331947618750597 -12.980331600506396 -125.18551388460261 6.0659103911474759 -8.593810231990398 -15.64038976608798 67.716746311752303 17.878199012647439 12.71763380624059 -5.5948557730669108 -16.992852329438655 709.69867444182694 371.11533685048738 -252.09330056785808 664.24586996557105 -316.1785586578971 436.34300680637614 173.64306353444093 -193.31422602507595 -5.2407700542456137 871.73927010387297 -448.07211775055009 364.57789172253854 -24.744903606780703
leaf_weight=1658 761 3788 532 2804 599 81 95 33 1224 113 854 489 35 861 77 447 843 25 446 435 80 123 28 64 592 1574 35 151 29 1226
leaf_count=1658 761 3788 532 2804 599 81 95 33 1224 113 854 489 35 861 77 447 843 25 446 435 80 123 28 64 592 1574 35 151 29 1226
internal_value=-0.000897225 -0.00164146 -0.00272842 -0.000344374 -0.000650052 -0.00146154 0.000301435 0.00226316 -0.000831913 -0.0011841 -0.000487074 -2.44862e-05 8.33488e-05 0.00084507 0.0045 0.000532109 -0.00020687 0.000271604 -0.000371135 0.000269012 2.70451e-05 -0.00042263 -1.50929e-05 0.000169267 -0.000746667 7.69224e-05 0.000136219 -6.57966e-06 -0.00082123 -0.00155343
internal_weight=20102 8568 4529 11534 5898 741 209 114 4926 2792 967 5636 5147 1420 112 1308 3727 972 2134 881 2884 4039 1789 1666 2250 1638 947 912 1253 1825
internal_count=20102 8568 4529 11534 5898 741 209 114 4926 2792 967 5636 5147 1420 112 1308 3727 972 2134 881 2884 4039 1789 1666 2250 1638 947 912 1253 1825
is_linear=0
shrinkage=0.03


Tree=141
num_leaves=31
num_cat=0
split_feature=27 26 1 7 28 28 9 15 27 28 20 28 28 27 11 9 15 24 17 16 10 17 17 4 20 2 27 27 5 10
split_gain=8.9198 12.7841 1.66552 1.25219 1.12628 1.20718 1.11304 1.03784 0.78312 0.820601 1.18598 0.759294 1.28367 1.80474 2.82857 1.16233 0.759658 0.619256 0.633025 0.847509 0.603693 0.682828 0.573522 0.534284 1.27999 0.528875 0.496015 0.494744 0.676998 1.12418
threshold=4329.7236805555558 5.5000000000000009 32908.456916970121 44909.060377702481 8.5000000000000018 10.500000000000002 23058.840000000004 0.84482466141442969 8985.0116666666672 8.5000000000000018 0.10870914713778776 11.500000000000002 8.5000000000000018 5749.045000000001 28624.005000000001 22293.805000000004 1.0095901135374867 5489.3308333333343 0.067106059352946071 -1927.6560154513925 20923.257500000003 1.115804668575906 0.56940659596661414 13528.200000000003 0.99990730815975726 108107.06000000001 4475.4719444444454 688.4725000000002 8305.2162500000013 91628.585000000006
decision_type=2 2 2 2 2 2 2 2 2 2 2 2 2 2 2 2 2 2 2 2 2 2 2 2 2 2 2 2 2 2
left_child=1 17 -3 7 -4 6 -6 26 9 -9 -11 12 16 14 -14 -15 22 18 19 -1 -20 -22 -5 25 -25 -10 -2 -19 29 -29
right_child=3 2 4 11 5 -7 -8 8 23 10 -12 -13 13 15 -16 -17 -18 27 20 -21 21 -23 -24 24 -26 -27 -28 28 -30 -31
leaf_value=306.58841852956573 582.00321838706179 -138.77942816906798 -29.059207351502661 -12.208842181632537 41.658758935670782 -18.751989190187995 -0.964319691795686 -27.104800075230507 -121.42994846806458 -92.421972929083253 1.3127561980689266 -15.171178073105191 65.685243922399764 329.1242504156009 12.336104792053337 4.4704783944418072 -16.483066759555555 -117.21069504647964 -189.36038340616926 -39.31752772271966 158.584361339293 -235.07237940410099 1.4620568723634826 -4.9229318820556625 2394.2212663484806 353.64055497086281 24.44144088571527 34.294781841522912 -53.83392480734009 930.63644463837352
leaf_weight=20 24 3788 532 635 46 95 68 1825 1224 331 636 489 35 33 77 1275 843 309 756 489 99 66 2249 857 24 29 948 1040 1236 24
leaf_count=20 24 3788 532 635 46 95 68 1825 1224 331 636 489 35 33 77 1275 843 309 756 489 99 66 2249 857 24 29 948 1040 1236 24
internal_value=-0.00089424 -0.00162745 -0.00272179 -0.000349576 -0.00142105 0.000444975 0.00252632 -0.000655138 -0.000831913 -0.00116261 -0.00045605 -2.98091e-05 7.75202e-05 0.00084507 0.0045 0.000532109 -0.000214919 -0.000400347 -0.000902099 -5.30459e-05 -0.00137134 0.000272727 1.66428e-05 -0.000399251 0.000166855 -0.000797287 0.00024074 -0.000125336 2.60862e-05 0.000580826
internal_weight=20102 8568 4529 11534 741 209 114 5898 4926 2792 967 5636 5147 1420 112 1308 3727 4039 1430 509 921 165 2884 2134 881 1253 972 2609 2300 1064
internal_count=20102 8568 4529 11534 741 209 114 5898 4926 2792 967 5636 5147 1420 112 1308 3727 4039 1430 509 921 165 2884 2134 881 1253 972 2609 2300 1064
is_linear=0
shrinkage=0.03


Tree=142
num_leaves=31
num_cat=0
split_feature=27 11 27 7 18 27 8 18 17 28 27 16 17 28 18 20 18 13 12 14 23 13 8 20 24 23 1 24 17 16
split_gain=9.01642 11.303 1.60516 1.17806 1.03628 1.01632 1.00431 1.24694 1.0016 0.947516 1.18571 1.23899 0.899868 1.16355 0.864565 0.861922 1.28829 0.860121 0.830263 1.13757 0.668886 0.651128 0.629491 0.612783 0.777637 0.601336 0.598323 0.581499 0.626741 0.84906
threshold=4329.7236805555558 6270.3450000000003 3794.0385416666672 44109.518420328539 0.60661854244632119 8985.0116666666672 113219.25500000002 0.54322435951044168 2.5076109343812916 8.5000000000000018 5498.2316666666675 -142.15333700554399 0.6115098052950253 8.5000000000000018 0.96293747480455993 0.13480636764691412 0.5607736387900496 18753.780000000002 16659.02 20023.585000000003 7253.9813937853751 4664.6550000000007 20603.720000000005 0.10144945197678666 17683.904166666671 86.717666998993494 69336.877243070936 5489.3308333333343 0.067106059352946071 -1927.6560154513925
decision_type=2 2 2 2 2 2 2 2 2 2 2 2 2 2 2 2 2 2 2 2 2 2 2 2 2 2 2 2 2 2
left_child=1 27 14 5 6 9 15 20 12 21 11 -11 13 -6 -3 16 -5 -14 -7 -20 -8 -2 -12 24 -4 -23 -17 28 29 -1
right_child=3 2 23 4 8 18 7 -9 -10 10 22 -13 17 -15 -16 26 -18 -19 19 -21 -22 25 -24 -25 -26 -27 -28 -29 -30 -31
leaf_value=297.39076597367875 -100.99793362507576 -144.68246496384882 -140.19649154463605 -37.386171888203407 0.3686179969862835 -52.77481826649926 615.12147057294248 -49.427523098185596 1082.9103988531049 75.441903772194436 -359.84495647534499 -0.70078496240062682 1.1836763085262505 17.591772364319745 -72.739408698036698 -24.650835938190269 22.806069315739446 -9.2144027275765055 3480.7118772017625 361.71638312082865 83.669759999334488 -0.036817273777143382 17.063027190489684 -22.944671527077325 94.473121414647281 -29.564851952310121 -5.1141459477010116 -11.497128155122478 -171.63290522284274 -40.127062228134832
leaf_weight=20 552 3652 48 258 677 2671 38 51 42 146 379 472 1952 522 89 1061 91 638 20 57 89 134 74 932 25 1237 373 2424 888 490
leaf_count=20 552 3652 48 258 677 2671 38 51 42 146 379 472 1952 522 89 1061 91 638 20 57 89 134 74 932 25 1237 373 2424 888 490
internal_value=-0.000886778 -0.00162395 -0.00260177 -0.000339172 -3.72935e-05 -0.000643679 -0.000598165 0.00155056 0.000249804 -0.00102605 -0.000310925 0.000543689 0.000198732 0.000878231 -0.00288773 -0.000812676 0.000524355 -0.000115831 -0.000227075 0.00284416 0.00314173 -0.00142434 -0.00147682 -0.00153731 0.00110959 -0.00177462 -0.00113808 -0.000409734 -0.000896996 -5.88242e-05
internal_weight=20102 8568 4746 11534 5792 5742 1961 178 3831 2994 1071 618 3789 1199 3741 1783 349 2590 2748 77 127 1923 453 1005 73 1371 1434 3822 1398 510
internal_count=20102 8568 4746 11534 5792 5742 1961 178 3831 2994 1071 618 3789 1199 3741 1783 349 2590 2748 77 127 1923 453 1005 73 1371 1434 3822 1398 510
is_linear=0
shrinkage=0.03


Tree=143
num_leaves=31
num_cat=0
split_feature=27 26 1 7 27 28 28 18 8 18 28 8 18 12 14 20 18 13 17 28 28 17 13 27 15 12 4 27 24 18
split_gain=8.82133 12.8896 1.31225 1.23511 1.05967 0.987947 1.10695 0.930794 0.978093 1.24694 0.920176 0.964608 0.871143 0.824371 1.13757 0.802585 1.30258 0.766766 0.745096 1.09368 3.05218 0.833301 0.775612 0.669775 0.614224 0.613078 0.781281 1.19224 1.13724 0.589258
threshold=4176.088333333334 5.5000000000000009 32908.456916970121 44109.518420328539 8985.0116666666672 8.5000000000000018 10.500000000000002 0.60661854244632119 113219.25500000002 0.54322435951044168 8.5000000000000018 6059.7300000000005 0.75086348229378197 16659.02 20023.585000000003 0.13480636764691412 0.5607736387900496 4664.6550000000007 0.6115098052950253 8.5000000000000018 9.5000000000000018 2.5076109343812916 18753.780000000002 5168.6406250000009 1.0038769762062321 1511.7850000000003 11976.490000000002 1180.9000000000003 8063.8333333333348 0.61032984517189071
decision_type=2 2 2 2 2 2 2 2 2 2 2 2 2 2 2 2 2 2 2 2 2 2 2 2 2 2 2 2 2 2
left_child=1 25 -3 4 10 -4 12 8 15 -10 17 -12 -7 -6 -15 16 -5 -2 19 29 -21 22 -20 -13 -19 -1 -27 -28 -29 -9
right_child=3 2 5 7 13 6 -8 18 9 -11 11 23 -14 14 -16 -17 -18 24 21 20 -22 -23 -24 -25 -26 26 27 28 -30 -31
leaf_value=-75.553415257832668 -61.986374962584378 -136.19425749504808 -32.341827009721136 -36.508254831715959 -51.191573718504202 2.4818173710045031 -17.713574505494979 8.5536351577190182 183.90081029415512 -47.944697405239971 -309.55187872251389 4.7233886385153374 15.924229870004739 3376.2905208857096 350.86489162720369 -19.913103257058218 22.121887236267291 -11.118716193820491 1.1379622423819002 38.485051847841113 9.4096034912408619 1050.423086887512 -8.9379706457491341 -39.138803095818098 -40.983059900889465 -40.071259365664218 140.01553491725068 546.51237195817873 7.600600639241395 -1.2010950709350541
leaf_weight=2925 592 3739 412 260 2671 57 72 29 127 51 214 542 30 20 57 1434 91 798 1953 70 452 42 638 416 745 652 34 33 298 648
leaf_count=2925 592 3739 412 260 2671 57 72 29 127 51 214 542 30 20 57 1434 91 798 1953 70 452 42 638 416 745 652 34 33 298 648
internal_value=-0.000876331 -0.00162942 -0.00276334 -0.000351899 -0.000651528 -0.00142382 0.000584905 -3.88273e-05 -0.000570047 0.00155056 -0.00101331 -0.000337885 0.00286207 -0.000216158 0.00284416 -0.000781513 0.000504273 -0.00138408 0.000233298 0.00085321 0.00188506 -4.89943e-05 -0.000116944 6.88928e-05 -0.00173623 -0.000389651 0.000244837 0.00135616 0.000806646 5.76064e-05
internal_weight=20102 8252 4310 11850 6055 571 159 5795 1963 178 3307 1172 87 2748 77 1785 351 2135 3832 1199 522 2633 2591 958 1543 3942 1017 365 331 677
internal_count=20102 8252 4310 11850 6055 571 159 5795 1963 178 3307 1172 87 2748 77 1785 351 2135 3832 1199 522 2633 2591 958 1543 3942 1017 365 331 677
is_linear=0
shrinkage=0.03


Tree=144
num_leaves=31
num_cat=0
split_feature=27 26 6 6 27 28 15 28 28 28 18 21 27 18 10 18 20 3 10 6 9 12 12 18 10 9 15 27 8 12
split_gain=8.68023 13.3134 1.40798 1.14199 0.923023 1.02694 1.12749 1.1414 0.882104 1.18856 1.225 0.789692 1.23692 0.764906 1.042 0.825076 1.31098 0.732358 1.20728 1.05144 0.704091 1.01826 0.639119 0.606947 0.739726 1.27166 0.632159 0.831534 0.566848 0.547261
threshold=4176.088333333334 5.5000000000000009 32849.946806395521 44896.471853546296 8985.0116666666672 8.5000000000000018 1.0405336907880001 11.500000000000002 8.5000000000000018 10.500000000000002 0.75086348229378197 12889.851666666667 4253.1316666666671 0.60413786322077001 145734.27500000005 0.5519758399339707 0.12810516507260039 45793.730000000003 63840.865000000013 45630.549338078417 45258.375000000007 15226.725000000002 1511.7850000000003 4235.7401738791059 15369.357500000002 3978.8700000000003 0.99992214127206169 2756.0462500000003 113219.25500000002 1790.4450000000004
decision_type=2 2 2 2 2 2 2 2 2 2 2 2 2 2 2 2 2 2 2 2 2 2 2 2 2 2 2 2 2 2
left_child=1 22 -3 4 5 11 7 -7 -4 10 -10 12 -2 14 15 -5 -17 18 -15 -20 21 -16 23 24 -1 -26 27 -25 -22 -24
right_child=3 2 8 13 -6 6 -8 -9 9 -11 -12 -13 -14 17 20 16 -18 -19 19 -21 28 -23 29 26 25 -27 -28 -29 -30 -31
leaf_value=-147.0687291960412 719.72362408008075 -140.48777539870861 -31.946825900174936 -39.070085768338046 -40.126203694619093 7.0437616973514166 -102.29754790386828 -35.633707340782145 -0.60718153078532555 -18.563077299089773 15.676112275972899 -22.523774289772007 -120.80630410263302 -3.1456203390652879 1830.1362872763959 21.505408930976174 -8.9232408220408761 0.8970487358621323 17.275178189243213 46.361874528121831 -15.508262976981088 -227.76119256560784 124.21474795094286 0.78078894128568466 77.254884405972092 -115.93781510373471 -298.20464734543094 132.67219323997546 94.188905817461006 -0.56188435508271661
leaf_weight=1343 22 3704 427 674 2708 620 368 195 60 83 36 1581 624 136 38 60 483 3547 27 88 479 22 166 340 495 591 60 96 178 851
leaf_count=1343 22 3704 427 674 2708 620 368 195 60 83 36 1581 624 136 38 60 483 3547 27 88 479 22 166 340 495 591 60 96 178 851
internal_value=-0.00085693 -0.00160398 -0.00275638 -0.00033671 -0.000621773 -0.000950147 -0.000235842 0.000386502 -0.00141584 0.000351955 0.002625 -0.00132959 -0.000445821 -3.24501e-05 -0.000518098 -0.00105259 -0.000182321 0.000214849 0.00178088 0.00404348 0.000389121 0.0035 -0.000343989 -0.000569231 -0.000764513 -0.000182321 0.000387096 0.000784403 0.000105022 0.000303834
internal_weight=20102 8252 4310 11850 6118 3410 1183 815 606 179 96 2227 646 5732 1934 1217 543 3798 251 115 717 60 3942 2925 2429 1086 496 436 657 1017
internal_count=20102 8252 4310 11850 6118 3410 1183 815 606 179 96 2227 646 5732 1934 1217 543 3798 251 115 717 60 3942 2925 2429 1086 496 436 657 1017
is_linear=0
shrinkage=0.03


Tree=145
num_leaves=31
num_cat=0
split_feature=27 26 1 28 28 16 31 11 24 11 23 8 27 13 10 19 5 28 27 13 8 23 10 22 15 11 18 12 27 15
split_gain=8.8668 12.8284 2.01175 1.10418 1.34992 1.05016 1.06315 0.919104 0.874068 1.05269 1.11429 1.20192 0.833878 0.675842 0.989938 0.733145 0.626839 0.700154 0.613339 0.602033 0.505363 0.499416 0.71283 0.930757 0.683325 0.683476 0.60791 0.464675 0.441506 0.855263
threshold=4329.7236805555558 5.5000000000000009 32908.456916970121 8.5000000000000018 10.500000000000002 -677.71997642875783 13.500000000000002 23717.510000000006 77984.90833333334 49307.275000000001 2654.0336280098804 81072.407500000016 63211.695000000007 10153.705 76747.265000000014 0.23403802783772035 75942.379814453147 8.5000000000000018 688.4725000000002 11756.340000000002 36951.732500000006 5899.1620861699703 80264.672500000015 4495.6050000000005 2.4167985750538885 1105.4200000000003 11562.540342796541 5424.545000000001 9077.1750000000029 0.99764031669640885
decision_type=2 2 2 2 2 2 2 2 2 2 2 2 2 2 2 2 2 2 2 2 2 2 2 2 2 2 2 2 2 2
left_child=1 18 -3 20 7 6 -2 -5 12 10 11 -10 16 -8 19 -16 17 -7 -1 -15 -4 22 26 -24 25 -23 -20 -22 29 -11
right_child=5 2 3 4 -6 8 13 -9 9 28 -12 -13 -14 14 15 -17 -18 -19 21 -21 27 24 23 -25 -26 -27 -28 -29 -30 -31
leaf_value=-145.6592708713128 -5.4935089788673919 -124.78676956996235 -30.576081191780577 22.069602593085929 -16.939187561556889 -14.095206152232226 -4.6831367019696231 -4.8415464389846425 18.050184567263774 -6.9343022443273163 -0.029349517000430012 91.764675606530645 373.7195428231654 30.059587014473927 26.606953958807917 -1.4354123512280992 -26.953545247141896 -1.7308480746878117 -74.593772546481404 3.8198983031384515 -17.977828902227184 23.156965384374118 486.62030386675082 -573.31667654020748 205.25738795200624 -106.7436702218679 41.715662776976473 10.830405009297943 -2.8674092703634089 58.479418418721437
leaf_weight=639 2062 3788 475 73 95 4604 123 41 32 38 57 20 167 29 281 225 168 2514 1785 33 20 1017 23 27 21 501 26 37 1129 52
leaf_count=639 2062 3788 475 73 95 4604 123 41 32 38 57 20 167 29 281 225 168 2514 1785 33 20 1017 23 27 21 501 26 37 1129 52
internal_value=-0.000861408 -0.00159244 -0.00268867 -0.00125911 0.000588516 -0.000318364 0.00019288 0.00278947 -0.000478648 0.000230421 0.00305505 0.00623077 -0.000604992 0.00121129 0.00164789 0.00120949 -0.000653034 -0.000610285 -0.000363209 0.00522581 -0.00198496 -0.000202942 -0.000533585 0.003 0.00019688 0.000122529 -0.000631144 0.00068421 -2.215e-05 0.002
internal_weight=20102 8568 4529 741 209 11534 2753 114 8781 1328 109 52 7453 691 568 506 7286 7118 4039 62 532 3400 1861 50 1539 1518 1811 57 1219 90
internal_count=20102 8568 4529 741 209 11534 2753 114 8781 1328 109 52 7453 691 568 506 7286 7118 4039 62 532 3400 1861 50 1539 1518 1811 57 1219 90
is_linear=0
shrinkage=0.03


Tree=146
num_leaves=31
num_cat=0
split_feature=23 8 26 24 26 7 14 12 28 2 15 15 17 17 6 7 28 3 17 8 25 24 12 22 10 23 13 13 14 28
split_gain=8.17159 4.95669 6.48465 1.59525 3.63075 0.959217 1.27111 1.67224 1.22739 1.57342 0.958634 0.948067 0.879199 1.13682 0.876342 1.14237 0.877839 0.841558 0.678292 0.833768 0.689925 0.677811 0.666677 0.623126 0.629248 0.585624 0.482151 0.467208 0.59382 1.34205
threshold=1377.584065901367 34534.575000000004 5.5000000000000009 35668.786666666674 5.5000000000000009 70724.841862967718 21662.375000000004 7935.1950000000006 8.5000000000000018 35988.43 0.99764031669640885 1.0095901135374867 0.55019914285508931 0.54545369624730988 31979.333294823406 37226.357114824321 11.500000000000002 31990.180000000004 3.800838894378781 2348.9800000000005 4082.1875000000005 220479.9016666667 17799.500000000004 37092.720000000008 47904.850000000013 86.717666998993494 13826.190000000001 14286.660000000002 2471.8150000000005 4.5000000000000009
decision_type=2 2 2 2 2 2 2 2 2 2 2 2 2 2 2 2 2 2 2 2 2 2 2 2 2 2 2 2 2 2
left_child=1 2 27 4 12 8 7 -7 25 -10 -11 14 13 22 17 -16 -17 -5 20 -20 -14 23 -2 24 -13 26 -3 28 -1 -30
right_child=3 5 -4 11 -6 6 -8 -9 9 10 -12 21 18 -15 15 16 -18 -19 19 -21 -22 -23 -24 -25 -26 -27 -28 -29 29 -31
leaf_value=-113.3958491805017 -6.9662548704089522 10.10552075115503 -96.084474948201162 492.63394074445915 -60.457919691441859 -11.466556438183614 0.73824950918531485 137.63040474632385 16.474941448140754 13.558222152784268 -1.7807551550009242 417.51640540863542 -172.37434946669771 557.31790085368732 -40.174997025528754 6.4121375880471101 -9.5517653732328114 1062.3888314263256 -325.099847879847 232.24813380889151 -79.886377632438482 189.28130146506882 2288.2127917406278 -7.1206175335400133 -1.358799155599747 -13.842973726760285 -23.007350612052516 -711.75379969299183 -8.7005675675250806 196.50370057082645
leaf_weight=780 2138 151 3543 35 860 26 367 20 29 72 333 46 813 21 156 2649 259 20 25 76 3648 30 22 1966 135 1303 74 79 364 62
leaf_count=780 2138 151 3543 35 860 26 367 20 29 72 333 46 813 21 156 2649 259 20 25 76 3648 30 22 1966 135 1303 74 79 364 62
internal_value=-0.000849468 -0.00165889 -0.00221085 -0.000397473 -0.000675918 -0.000536843 0.000777239 0.00547826 -0.000813456 0.000594469 0.00011111 2.26515e-06 -0.000441792 5.36444e-05 0.000337607 0.000270234 0.000404401 0.00409091 -0.00067865 0.00175247 -0.000733693 -0.000478182 -1.38896e-05 -0.000540755 0.00114365 -0.00121335 0.000199999 -0.000385215 -0.000238807 0.000661971
internal_weight=20102 7203 4828 12899 7603 2375 413 46 1962 434 405 5296 6743 2181 3119 3064 2908 55 4562 101 4461 2177 2160 2147 181 1528 225 1285 1206 426
internal_count=20102 7203 4828 12899 7603 2375 413 46 1962 434 405 5296 6743 2181 3119 3064 2908 55 4562 101 4461 2177 2160 2147 181 1528 225 1285 1206 426
is_linear=0
shrinkage=0.03


Tree=147
num_leaves=31
num_cat=0
split_feature=27 2 7 28 28 23 7 20 13 20 27 18 8 18 27 28 11 7 17 19 17 17 27 23 23 8 25 25 24 18
split_gain=8.5768 11.7285 2.00646 1.20171 1.3967 1.05547 0.94736 1.06244 1.05113 1.45893 1.298 0.994796 1.17717 1.15446 0.905592 0.831773 0.788957 0.785922 0.768595 1.26342 0.910122 0.893946 0.874743 0.754634 0.668886 0.633654 0.627666 0.579275 0.826034 0.732035
threshold=4329.7236805555558 12588.185000000001 32475.130322205921 8.5000000000000018 10.500000000000002 6640.8122130877273 44109.518420328539 0.37058961787160294 8602.9100000000017 0.44320830561537577 6878.3450000000012 0.5800932029486684 113219.25500000002 0.54322435951044168 8027.625694444444 8.5000000000000018 23717.510000000006 5990.1090050386347 0.65315279860421616 0.23403802783772035 0.61278122633289922 2.5076109343812916 5350.9725000000008 878.61753563845753 7253.9813937853751 7462.8425000000007 36814.760000000009 44803.665000000008 38233.148333333338 0.54026921430181496
decision_type=2 2 2 2 2 2 2 2 2 2 2 2 2 2 2 2 2 2 2 2 2 2 2 2 2 2 2 2 2 2
left_child=1 -1 5 26 16 -3 7 14 9 10 -9 12 27 24 15 -2 -5 -11 19 22 -21 -20 -13 -17 -14 -7 -4 28 -8 -29
right_child=6 2 3 4 -6 25 11 8 -10 17 -12 18 13 -15 -16 23 -18 -19 21 20 -22 -23 -24 -25 -26 -27 -28 29 -30 -31
leaf_value=-40.316803829488087 -27.050690805785791 -130.58927335991541 -30.395791327669421 15.508317690958458 -14.205528592251971 -350.65811928713265 -585.7248262505708 1389.8499927786438 -298.24800067503031 -384.66080076188251 807.50404577875008 25.165372579609606 588.50298133856609 -49.733354471141809 -48.906052018309552 8.1156263534541786 -5.4873091827117406 179.29962845309703 -3.4847933854295481 3.7660578228092962 -4.6115966756563118 1000.5521846131213 11.648482969570328 -7.8123480733713784 72.084442972730031 94.936173421114574 -0.9109457960404872 -41.556775763828185 739.72169862336614 -4.3212866589233192
leaf_weight=3928 1670 3709 480 93 101 51 62 20 81 58 42 64 38 47 2702 77 42 238 1653 1280 502 43 623 854 89 58 106 824 165 402
leaf_count=3928 1670 3709 480 93 101 51 62 20 81 58 42 64 38 47 2702 77 42 238 1653 1280 502 43 623 854 89 58 106 824 165 402
internal_value=-0.000852453 -0.00157143 -0.00259267 -0.00124818 0.000559321 -0.00288214 -0.000318364 -0.000591432 0.000826879 0.00152514 0.00570968 -4.76526e-05 -0.000676706 0.00165517 -0.000708845 -0.00110842 0.00255555 0.000648648 0.000198079 0.000535844 0.000114477 -0.000293633 0.00162882 -0.000389904 0.00314173 2.75222e-05 -0.00197611 -0.000955954 0.000436123 -0.0012137
internal_weight=20102 8568 4640 822 236 3818 11534 5742 439 358 62 5792 1627 174 5303 2601 135 296 4165 2469 1782 1696 687 931 127 109 586 1453 227 1226
internal_count=20102 8568 4640 822 236 3818 11534 5742 439 358 62 5792 1627 174 5303 2601 135 296 4165 2469 1782 1696 687 931 127 109 586 1453 227 1226
is_linear=0
shrinkage=0.03


Tree=148
num_leaves=31
num_cat=0
split_feature=27 26 6 31 29 24 27 9 8 21 17 15 31 18 12 27 2 15 26 20 22 8 12 24 15 22 3 24 27 27
split_gain=8.48655 13.3349 1.47867 1.22556 2.28948 1.04338 0.962084 0.811435 0.930786 0.839636 0.722427 0.690351 0.806789 0.941927 0.681198 0.719113 0.972302 0.659398 0.628547 0.587778 0.552636 0.535434 0.511293 0.508921 0.492137 0.921866 1.79029 0.58888 0.790487 0.627661
threshold=4176.088333333334 5.5000000000000009 32355.09177695918 32.500000000000007 3.5000000000000004 77984.90833333334 101108.73500000002 49457.095000000008 81072.407500000016 79735.950000000012 2.8397691286277449 0.9943434785140367 8.5000000000000018 0.53163262086621821 647.2650000000001 1777.6838194444447 6986.8900000000003 0.63401542634875385 3.5000000000000004 0.1643422424129071 75321.155000000013 2072.9925000000007 12089.025000000001 17296.33666666667 0.70237513773866722 6959.5700000000006 13257.76 1927.8540000000003 1127.1200000000001 3794.0385416666672
decision_type=2 2 2 2 2 2 2 2 2 2 2 2 2 2 2 2 2 2 2 2 2 2 2 2 2 2 2 2 2 2
left_child=1 14 -3 -4 -5 6 11 8 9 19 18 12 22 -14 15 -1 17 -17 -8 -7 21 -13 -2 -18 25 -16 -27 28 -26 -29
right_child=5 2 3 4 -6 7 10 -9 -10 -11 -12 20 13 -15 24 16 23 -19 -20 -21 -22 -23 -24 -25 27 26 -28 29 -30 -31
leaf_value=-136.8245406053716 -19.840088563814984 -141.82348337140766 -20.92302127559751 54.944849590054702 -10.041214975714066 305.82970733492266 121.57896544522745 1.8437920584899126 69.431996299436236 -16.9762761234397 1446.9827740925064 -360.27153972828427 -32.000965208715257 8.3904856744744016 -103.48989375751366 190.28032389257487 -168.22490799535461 29.264064349641384 1175.0345347327598 -0.68676014237151606 -25.035063504146862 -9.0636259984012817 60.250551952414035 142.48791689391859 -10.189407519148515 450.61129835610808 75.689452157367185 -56.038871682141881 670.99011803214296 42.316908525073622
leaf_weight=1121 1490 3595 648 23 44 20 128 1752 42 41 21 107 412 1036 195 31 261 715 20 25 176 6471 109 20 49 29 160 1237 29 95
leaf_count=1121 1490 3595 648 23 44 20 128 1752 42 41 21 107 412 1036 195 31 261 715 20 25 176 6471 109 20 49 29 160 1237 29 95
internal_value=-0.000843499 -0.00158216 -0.0027355 -0.00148951 0.00237313 -0.000329115 -0.000451355 0.000319148 0.002625 0.000837209 0.0017929 -0.000490053 -0.000115196 0.000397789 -0.000321157 -0.000681565 -0.000108083 0.000458444 0.00105405 0.00366667 -0.000659166 -0.000614777 -0.000579738 -0.0016121 0.000110367 0.0010625 0.00255555 -0.000148937 0.00238461 -0.000297298
internal_weight=20102 8252 4310 715 67 11850 9970 1880 128 86 169 9801 3047 1448 3942 2148 1027 746 148 45 6754 6578 1599 281 1794 384 189 1410 78 1332
internal_count=20102 8252 4310 715 67 11850 9970 1880 128 86 169 9801 3047 1448 3942 2148 1027 746 148 45 6754 6578 1599 281 1794 384 189 1410 78 1332
is_linear=0
shrinkage=0.03


Tree=149
num_leaves=31
num_cat=0
split_feature=27 26 21 28 28 11 7 18 20 13 17 20 17 17 31 14 20 10 20 18 6 16 18 0 12 25 8 14 18 10
split_gain=8.44175 13.2653 1.56815 1.16452 1.81926 1.30128 0.941432 0.889205 0.779764 1.2996 0.867585 0.600325 1.04112 1.44297 1.30339 0.909062 0.944851 0.716749 1.32297 0.970682 1.39313 0.850509 0.823656 0.599229 0.580465 0.653985 1.35766 1.03033 0.555989 0.754655
threshold=4176.088333333334 5.5000000000000009 32274.670833333337 8.5000000000000018 10.500000000000002 23546.335000000003 46173.702924518286 0.12506627447007659 0.37058961787160294 5120.0150000000012 2.2125995775136187 0.13883259444076776 0.61278122633289922 0.56121662867642652 30.500000000000004 36493.370000000003 0.13705317442410223 318332.92000000004 0.31771355807744311 0.60661854244632119 48698.582974591111 -1720.8916619602337 0.44913564337858308 37316.330496537681 1511.7850000000003 4082.1875000000005 4139.2400000000007 5352.3450000000003 4235.7401738791059 15369.357500000002
decision_type=2 2 2 2 2 2 2 2 2 2 2 2 2 2 2 2 2 2 2 2 2 2 2 2 2 2 2 2 2 2
left_child=1 24 -3 23 5 -5 7 -2 -9 10 -10 12 13 -8 -15 16 -14 19 22 21 -21 -13 -19 -4 28 -26 -27 -28 29 -1
right_child=6 2 3 4 -6 -7 11 8 9 -11 -12 17 15 14 -16 -17 -18 18 -20 20 -22 -23 -24 -25 25 26 27 -29 -30 -31
leaf_value=-132.77443136802285 114.97780617793259 -141.30246523025392 -30.564646513305206 13.916246617472527 -16.996146154462565 -5.3945047711040939 -2.6566870805322638 -15.16046915600579 533.54083084868569 -340.83203594674495 -599.86437408064728 44.029283673857016 0.1399562479402065 10.812450083997941 68.690534429757406 -21.482038947889428 16.242278229813582 2612.1615641523808 -669.46617935197855 13.609455265149029 -1.7500973502794688 -19.831250190182363 78.264890645172898 5.9713551285909263 -136.6399587674168 222.98818932895222 64.957456375040053 -106.14718386103984 22.932924261692278 -7.8022269316477635
leaf_weight=1343 452 3565 499 83 109 33 208 5658 208 101 28 103 1278 172 55 119 55 37 31 148 1911 1250 36 21 256 30 501 230 496 1086
leaf_count=1343 452 3565 499 83 109 33 208 5658 208 101 28 103 1278 172 55 119 55 37 31 148 1911 1250 36 21 256 30 501 230 496 1086
internal_value=-0.000834545 -0.00157126 -0.00272158 -0.0014698 0.000333333 0.00294828 -0.00032152 -0.000566311 -0.000663053 0.000738872 0.00195763 -2.94288e-05 0.000402225 0.00168965 0.00334361 1.65282e-05 0.000240809 -0.000261093 0.00219231 -0.000335874 7.43072e-05 -0.000960089 0.00439726 -0.00225 -0.000313547 0.000303834 0.000745072 0.000488371 -0.000528206 -0.00071511
internal_weight=20102 8252 4310 745 225 116 11850 6447 5995 337 236 5403 1887 435 227 1452 1333 3516 104 3412 2059 1353 73 520 3942 1017 761 731 2925 2429
internal_count=20102 8252 4310 745 225 116 11850 6447 5995 337 236 5403 1887 435 227 1452 1333 3516 104 3412 2059 1353 73 520 3942 1017 761 731 2925 2429
is_linear=0
shrinkage=0.03


Tree=150
num_leaves=31
num_cat=0
split_feature=27 2 21 28 28 11 23 7 1 15 7 13 4 28 28 28 19 18 18 27 0 18 5 10 24 7 15 22 2 18
split_gain=8.49533 12.1516 1.37192 1.1568 1.48875 1.17114 1.10124 0.945522 0.747801 0.641008 0.84694 0.752877 0.915213 0.812711 0.628014 1.45043 2.38782 0.729327 0.762983 0.605302 0.599529 0.579757 1.1217 0.845495 0.753668 0.94291 0.674419 0.674352 0.578828 0.555581
threshold=4176.088333333334 12588.185000000001 32274.670833333337 8.5000000000000018 10.500000000000002 23546.335000000003 6249.4671934364924 77128.815264525663 12447.379953915939 1.0077711237284206 1433.3689505636719 4123.0100000000011 11271.715000000002 5.5000000000000009 8.5000000000000018 9.5000000000000018 0.18042413085098405 0.13974035710326033 0.52308235812895509 5498.2316666666675 37316.330496537681 7474.0288135039455 7768.3573437500008 11879.495000000001 22355.994999999999 10008.551670353349 0.71369264001413002 361.40000000000003 21999.070000000003 74.90000000000002
decision_type=2 2 2 2 2 2 2 2 2 2 2 2 2 2 2 2 2 2 2 2 2 2 2 2 2 2 2 2 2 2
left_child=1 21 6 20 5 -5 -3 9 -8 14 -11 12 -12 -13 17 16 -16 28 -19 -17 -4 23 26 29 25 -24 -23 -25 -2 -1
right_child=7 2 3 4 -6 -7 8 -9 -10 10 11 13 -14 -15 15 19 -18 18 -20 -21 -22 22 24 27 -26 -27 -28 -29 -30 -31
leaf_value=-166.59802808791355 502.67790116687007 -136.67955806738667 -29.671803291246583 13.498759218948283 -16.548376677786081 -5.2326696279710267 -139.76584815252139 4.6464472634218641 79.752491219918284 386.48636176926192 -100.56963031701362 -34.850189913730674 231.19365533832027 -9.8032877824814211 -10.454582256654016 11.60252867864803 25.153353053060535 -41.522561098361528 -2.3241251245705943 -19.867192229858983 5.7922144747332416 192.84889889975989 81.975016106648496 218.39237727797007 243.10319081009357 -184.07095791190099 112.5867483418089 -4.1019804429167417 -1439.3518069120889 -33.877643971087075
leaf_weight=929 269 3546 500 83 110 33 76 1880 29 22 713 1039 450 2374 170 232 279 890 2782 721 21 25 67 22 47 210 71 1863 29 620
leaf_count=929 269 3546 500 83 110 33 76 1880 29 22 713 1039 450 2374 170 232 279 890 2782 721 21 25 67 22 47 210 71 1863 29 620
internal_value=-0.000828575 -0.00156762 -0.00264529 -0.0014739 0.000318583 0.00268965 -0.00288496 -0.000313925 0.000142856 -0.000430292 -0.000690301 -0.000718532 -5.933e-05 -0.000943159 -0.000207745 0.000338088 0.00174387 -0.000400504 -0.000516341 -0.00032424 -0.00225144 -0.000337832 0.000714285 -0.000466512 -0.00012963 -0.000725632 0.0035625 -3.97885e-05 0.00102684 -0.000985798
internal_weight=20102 8252 4398 747 226 116 3651 11850 105 9970 4598 4576 1163 3413 5372 1402 449 3970 3672 953 521 3854 420 3434 324 277 96 1885 298 1549
internal_count=20102 8252 4398 747 226 116 3651 11850 105 9970 4598 4576 1163 3413 5372 1402 449 3970 3672 953 521 3854 420 3434 324 277 96 1885 298 1549
is_linear=0
shrinkage=0.03


Tree=151
num_leaves=31
num_cat=0
split_feature=27 26 5 28 28 18 8 9 0 27 13 14 24 27 11 28 27 1 28 1 27 3 16 15 5 24 10 24 15 18
split_gain=8.57911 13.1052 1.46827 1.15421 1.14267 1.22119 1.04294 0.782352 0.612954 0.598792 1.24412 1.00744 0.775953 1.29741 0.644045 0.549976 1.37403 1.19121 1.45723 1.76204 1.50363 0.761218 1.13511 0.855602 0.555683 0.984818 0.807245 0.538178 0.607573 0.559632
threshold=4176.088333333334 5.5000000000000009 31876.499254339938 8.5000000000000018 10.500000000000002 0.75086348229378197 51612.380000000005 25946.265000000003 37316.330496537681 6721.4134027777791 14989.465000000002 25254.000000000004 67477.875833333339 7502.4643750000005 27858.640000000003 8.5000000000000018 8116.7622222222235 14498.366539524688 11.500000000000002 29144.237578508142 5749.045000000001 1.0000000180025095e-35 3061.713833409151 1.0069552711598024 7139.5134521484388 6065.5658333333331 50711.480000000003 5489.3308333333343 0.62689801559788128 0.068368370540381654
decision_type=2 2 2 2 2 2 2 2 2 2 2 2 2 2 2 2 2 2 2 2 2 2 2 2 2 2 2 2 2 2
left_child=1 27 -3 8 5 -5 15 -8 -4 10 -9 -12 14 -14 -11 16 21 -17 20 -20 -19 22 -2 -23 25 -18 -26 28 -1 -29
right_child=6 2 3 4 -6 -7 7 9 -10 12 11 -13 13 -15 -16 17 24 18 19 -21 -22 23 -24 -25 26 -27 -28 29 -30 -31
leaf_value=254.9586463339426 -302.8326025134761 -145.37334119938131 -30.369062783449664 0.13198599511767017 -14.888677801036717 13.106438701849198 306.70857806420088 0.83215645831558183 5.6184480404911801 26.321185079380058 29.200204161438123 -3.6740811342767121 27.910931917420687 0.45437607093058147 -16.327296181291885 -162.81094035173842 -7.7565105244873189 11.122363994270939 90.952151259176347 -39.161636617363357 -2.0941878095459319 -7.9438425111401108 310.23052543892743 -33.973748159055184 -80.437312098872383 563.04837057262728 225.62814844183731 378.89574944198654 -105.76263962291355 -4.6664200073657671
leaf_weight=27 25 3491 549 88 119 42 20 462 21 111 56 25 38 2469 840 843 156 582 142 350 853 1837 23 1038 1162 59 759 24 1385 2506
leaf_count=27 25 3491 549 88 119 42 20 462 21 111 56 25 38 2469 840 843 156 582 142 350 853 1837 23 1038 1162 59 759 24 1385 2506
internal_value=-0.000828575 -0.00157126 -0.00271462 -0.00157143 0.000132529 0.00207692 -0.000311393 8.13223e-05 -0.00231579 5.17364e-05 0.0009779 0.00440741 -9.36965e-05 0.000183087 -0.000823345 -0.000513093 -0.000699151 -0.000173286 0.000238193 -0.00117073 0.000721254 -0.00112179 0.002625 -0.00118435 -0.000120787 0.00132558 -0.000282666 -0.000321157 -0.000790369 -5.92893e-05
internal_weight=20102 8252 4310 819 249 130 11850 4021 570 4001 543 81 3458 2507 951 7829 5059 2770 1927 492 1435 2923 48 2875 2136 215 1921 3942 1412 2530
internal_count=20102 8252 4310 819 249 130 11850 4021 570 4001 543 81 3458 2507 951 7829 5059 2770 1927 492 1435 2923 48 2875 2136 215 1921 3942 1412 2530
is_linear=0
shrinkage=0.03


Tree=152
num_leaves=31
num_cat=0
split_feature=27 11 27 7 1 28 28 16 17 6 27 19 28 17 12 14 22 4 12 0 25 3 4 25 16 12 27 16 24 27
split_gain=8.363 12.0073 1.52343 0.971428 0.824565 0.677023 1.03914 1.48997 2.24416 0.699286 0.620322 0.96958 0.984991 1.2229 0.75146 1.06563 0.657325 0.565321 0.552776 0.704743 0.605141 1.83283 0.534075 0.529147 0.670214 0.491794 0.865193 0.775654 0.495691 1.15436
threshold=4176.088333333334 5900.0850000000009 3794.0385416666672 44909.060377702481 3823.768396705856 11.500000000000002 8.5000000000000018 776.61114511310745 0.6115098052950253 87597.866550675099 8985.0116666666672 0.6607524952218079 8.5000000000000018 0.55907914599915509 16659.02 20023.585000000003 10876.885 1.0000000180025095e-35 4214.4650000000011 37316.330496537681 10246.700000000003 31990.180000000004 21056.205000000002 19840.992500000004 -6951.0217743000103 682.32500000000016 2127.0409027777782 1160.7058806144198 1927.8540000000003 1127.1200000000001
decision_type=2 2 2 2 2 2 2 2 2 2 2 2 2 2 2 2 2 2 2 2 2 2 2 2 2 2 2 2 2 2
left_child=1 17 4 10 -3 6 -5 8 -8 -9 11 12 16 -14 23 -16 -2 -1 20 -20 -4 -22 -17 24 -12 26 -19 -28 29 -27
right_child=3 2 18 5 -6 -7 7 9 -10 -11 14 -13 13 -15 15 22 -18 25 19 -21 21 -23 -24 -25 -26 28 27 -29 -30 -31
leaf_value=-205.09335449999838 25.1950096386526 71.304094985526604 -160.89606250961236 -2.1178218511361808 -109.40637844253861 -13.162314203827485 38.364330365785399 -4.8948500185305166 4.0791203571166381 43.162238736394478 522.16479852079362 -301.20103818430982 18.213521303235662 -5.190250071128732 2956.5370232333689 2403.0100841730405 -15.243961676536012 -113.61100597803799 -18.073463079424606 5.3210981196207658 101.3792913930008 -13.496264768856422 -394.22161686873994 -224.6056076426587 -27.901670251288785 -44.116256902267736 48.785091484135698 -245.76245762750216 2.4415938315438352 831.81224347072998
leaf_weight=107 353 41 53 3730 3733 489 288 516 430 186 124 699 278 706 21 27 1414 1291 596 24 36 71 32 799 1758 44 624 74 1533 25
leaf_count=107 353 41 53 3730 3733 489 288 516 430 186 124 699 278 706 21 27 1414 1291 596 24 36 71 32 799 1758 44 624 74 1533 25
internal_value=-0.000827083 -0.00156035 -0.00259157 -0.000316456 -0.00284102 -3.13893e-05 6.99022e-05 0.000760563 0.00172145 -0.000222223 -0.00057527 -0.000843479 -0.000589968 0.000170731 -0.000240131 0.002625 -0.00101358 -0.000290428 -0.00138462 -0.00179032 0.000187499 0.00148598 0.000559321 -0.000325625 -5.10103e-05 -0.0002264 -0.000541479 0.000309455 0.000164793 0.00265217
internal_weight=20102 8252 4554 11850 3774 5639 5150 1420 718 702 6211 3450 2751 984 2761 80 1767 3698 780 620 160 107 59 2681 1882 3591 1989 698 1602 69
internal_count=20102 8252 4554 11850 3774 5639 5150 1420 718 702 6211 3450 2751 984 2761 80 1767 3698 780 620 160 107 59 2681 1882 3591 1989 698 1602 69
is_linear=0
shrinkage=0.03


Tree=153
num_leaves=31
num_cat=0
split_feature=27 26 5 28 28 18 24 27 17 18 18 13 21 22 7 4 12 14 4 25 0 21 28 13 27 15 18 27 10 17
split_gain=8.04313 13.0646 1.85391 1.59446 1.40332 1.23397 0.93778 0.79701 0.859552 1.24532 1.78997 0.86851 0.774336 1.14286 0.690881 0.617641 0.642257 0.680062 1.06727 0.617721 0.600194 0.550934 0.762259 0.531303 0.725563 0.70519 0.496209 0.740907 0.627019 0.474565
threshold=4176.088333333334 5.5000000000000009 31876.499254339938 8.5000000000000018 10.500000000000002 0.75086348229378197 77984.90833333334 101108.73500000002 0.67718490215146432 0.53819049598252489 0.29506606131498375 18753.780000000002 44768.520000000011 43816.465000000011 7809.3047094687508 1.0000000180025095e-35 1511.7850000000003 1786.3200000000004 12422.280000000001 4082.1875000000005 37316.330496537681 80950.775000000009 2.5000000000000004 4123.0100000000011 5350.9725000000008 0.90774265681530741 0.077335155176398426 1127.1200000000001 120763.78500000002 0.61034630956153391
decision_type=2 2 2 2 2 2 2 2 2 2 2 2 2 2 2 2 2 2 2 2 2 2 2 2 2 2 2 2 2 2
left_child=1 15 -3 20 5 -5 7 8 9 10 -2 -11 14 -14 -9 -1 26 18 -18 -19 -4 22 -8 24 -10 -25 27 -17 -28 -24
right_child=6 2 3 4 -6 -7 21 12 23 11 -12 -13 13 -15 -16 16 17 19 -20 -21 -22 -23 29 25 -26 -27 28 -29 -30 -31
leaf_value=-182.58474810402106 19.518636029854036 -138.80812216853985 -28.001119766369317 3.3433015321768726 -12.204736790080174 13.128927222672809 37.434137322214674 317.31010905175759 118.54886556565262 1.6302615061192125 -30.804621023516955 -7.426032901076157 1566.0688008973482 -66.819077666068026 -292.5784646678477 -63.193279052489736 36.569722418282112 -147.29403274306239 428.78952711919686 14.839788056966475 5.2902616556876962 2.2510426222340625 63.022540018904472 43.91326123647103 -98.214608797526736 -18.956947536536767 -65.737475874053189 263.11834640646077 940.03048702174385 1.1346606992293649
leaf_weight=113 605 3491 549 88 119 42 34 23 224 3271 1152 824 28 28 90 66 66 195 32 682 21 1649 39 289 1745 1691 2707 56 25 158
leaf_count=113 605 3491 549 88 119 42 34 23 224 3271 1152 824 28 28 90 66 66 195 32 682 21 1649 39 289 1745 1691 2707 56 25 158
internal_value=-0.000812159 -0.00153127 -0.00267285 -0.00138828 0.000614457 0.00276923 -0.000311393 -0.000427283 -0.000462505 -0.000231716 -0.00089983 5.49443e-05 0.00161538 0.0045 0.00018584 -0.000283106 -0.000218596 0.000446153 0.00281633 0.000181299 -0.00226316 0.000303191 0.00167532 -0.000804508 -0.000455562 -0.00115152 -0.000445691 0.00142623 -0.000529283 0.00095939
internal_weight=20102 8252 4310 819 249 130 11850 9970 9801 5852 1757 4095 169 56 113 3942 3829 975 98 877 570 1880 231 3949 1969 1980 2854 122 2732 197
internal_count=20102 8252 4310 819 249 130 11850 9970 9801 5852 1757 4095 169 56 113 3942 3829 975 98 877 570 1880 231 3949 1969 1980 2854 122 2732 197
is_linear=0
shrinkage=0.03


Tree=154
num_leaves=31
num_cat=0
split_feature=27 26 5 28 28 18 10 18 22 10 27 6 6 22 3 19 23 27 18 6 10 13 4 0 18 19 9 12 12 3
split_gain=8.21523 13.2316 1.85391 1.59446 1.40332 1.23397 0.864539 0.935092 0.899059 1.69587 1.19008 0.741211 1.89104 1.11564 0.735234 0.966555 0.666509 0.661907 0.642557 0.732793 0.96218 0.933651 0.626273 0.600194 0.57646 0.72293 0.565951 0.555655 0.608051 1.11033
threshold=4176.088333333334 5.5000000000000009 31876.499254339938 8.5000000000000018 10.500000000000002 0.75086348229378197 60369.725000000006 0.68149743756242087 47460.000000000007 63840.865000000013 5168.6406250000009 15312.843603013855 12678.94958688264 10543.540000000003 5156.0800000000008 0.13940715227315417 2769.3634936471158 11551.375000000002 10148.017696692326 7797.1690500000013 44861.792500000003 2586.3000000000006 1.0000000180025095e-35 37316.330496537681 0.82907381415902737 0.13208536256101266 29113.920000000002 1511.7850000000003 1622.5500000000002 3896.6050000000005
decision_type=2 2 2 2 2 2 2 2 2 2 2 2 2 2 2 2 2 2 2 2 2 2 2 2 2 2 2 2 2 2
left_child=1 22 -3 23 5 -5 17 11 9 26 -11 12 16 -14 -13 -16 -8 -2 19 21 -21 -19 -1 -4 25 -10 -9 -24 29 -29
right_child=6 2 3 4 -6 -7 7 8 24 10 -12 14 13 -15 15 -17 -18 18 -20 20 -22 -23 27 -25 -26 -27 -28 28 -30 -31
leaf_value=-177.10720566090041 -18.531839103918063 -134.64387850348356 -27.161086173378223 3.2430024862115059 -11.838594686377734 12.73505940599267 146.89820312276606 8.8925784007126172 -19.227882477946071 3.9713754309799421 391.47030856037327 -399.89992569186393 950.00540457927582 1048.7260833292935 158.53398909735279 -5.7804021519059354 -454.08523303618881 -5.7750411149345018 98.952533237405277 -193.20456572105698 31.137060530571052 395.58007424529484 -52.175157562191437 5.1315538060170143 -11.17020947132616 5.6553456810083507 -9.8046513226630907 -77.417634424969691 4.9162546747787905 292.65111834915206
leaf_weight=113 2887 3491 549 88 119 42 86 39 148 23 41 210 31 46 736 3844 152 144 581 637 214 46 2854 21 241 1672 72 34 913 28
leaf_count=113 2887 3491 549 88 119 42 86 39 148 23 41 210 31 46 736 3844 152 144 581 637 214 46 2854 21 241 1672 72 34 913 28
internal_value=-0.000797235 -0.00152399 -0.00267285 -0.00138828 0.000614457 0.00276923 -0.00029114 -9.03154e-05 0.000421287 0.00248571 0.006375 -0.000314398 0.00109524 0.00518182 -0.000407099 -0.000327512 -0.000226891 -0.000618098 -0.00013317 -0.000579251 -0.000955347 0.00110526 -0.000267885 -0.00226316 0.000245996 0.000428571 0.000243243 -0.000202926 0.000415384 0.00329032
internal_weight=20102 8252 4310 819 249 130 11850 7341 2236 175 64 5105 315 77 4790 4580 238 4509 1622 1041 851 190 3942 570 2061 1820 111 3829 975 62
internal_count=20102 8252 4310 819 249 130 11850 7341 2236 175 64 5105 315 77 4790 4580 238 4509 1622 1041 851 190 3942 570 2061 1820 111 3829 975 62
is_linear=0
shrinkage=0.03


Tree=155
num_leaves=31
num_cat=0
split_feature=27 26 7 28 5 8 9 15 28 28 4 8 18 3 10 3 4 31 15 4 4 12 20 12 0 25 18 20 8 27
split_gain=7.69804 13.2727 1.17726 1.64459 1.62591 0.923002 0.937776 0.686667 0.709061 1.37915 2.74077 0.981983 0.925323 0.703504 0.656579 0.977418 0.656044 0.928084 0.643924 0.613131 0.559853 0.501548 0.589476 0.587306 0.965748 0.542622 0.496768 0.418152 0.408333 0.40216
threshold=3925.2561111111113 5.5000000000000009 31587.051403989954 8.5000000000000018 33491.982082142764 54538.115000000013 28511.800000000003 0.84482466141442969 11.500000000000002 8.5000000000000018 14993.555000000002 27070.317500000005 0.33765340913363567 15120.760000000002 329083.84000000008 107816.60500000003 55412.910000000011 20.500000000000004 0.83561307019371112 181719.62000000002 1.0000000180025095e-35 1511.7850000000003 0.96441116884472167 1622.5500000000002 7447.9624781133234 4082.1875000000005 4235.7401738791059 0.17841801574704194 868.92000000000019 4048.7833333333338
decision_type=2 2 2 2 2 2 2 2 2 2 2 2 2 2 2 2 2 2 2 2 2 2 2 2 2 2 2 2 2 2
left_child=1 20 -3 -4 -5 7 -7 18 9 12 -11 13 -9 -10 16 -16 17 -8 29 -17 -1 22 26 24 -23 -25 -22 -18 -24 -2
right_child=5 2 3 4 -6 6 14 8 11 10 -12 -13 -14 -15 15 19 27 -19 -20 -21 21 23 28 25 -26 -27 -28 -29 -30 -31
leaf_value=-160.41424730906107 258.25899142738984 -136.35478160853313 -23.915810980077946 8.5127425014311484 -9.5298848614091369 54.183445674628764 86.164256334980564 11.768172840229331 -163.17178047999278 -186.69783217545179 5.7512201649570622 -31.489013828092059 -14.409378946528967 71.770185240921066 -860.31128278587073 418.08278404858373 0.57838431427453829 27.657123295197497 814.73052738395552 576.69725989830556 -86.534856083538486 -16.51568749133914 68.428758922156305 -136.99930068604664 450.44029330450962 20.99098981196801 23.832839260453305 -16.723193623376549 578.7524067908688 -3.4370401817545475
leaf_weight=107 21 3436 294 40 61 39 97 743 234 622 1362 368 4316 92 32 47 2373 27 33 28 2235 36 40 211 21 659 460 830 20 1218
leaf_count=107 21 3436 294 40 61 39 97 743 234 622 1362 368 4316 92 32 47 2373 27 33 28 2235 36 40 211 21 659 460 830 20 1218
internal_value=-0.000807682 -0.00155906 -0.00280423 -0.00125317 0.0020495 -0.000348983 6.65124e-05 -0.000509158 -0.000615356 -0.000525203 0.000145161 -0.00153026 -0.000788101 -0.000331289 1.39772e-05 0.0023271 -6.04155e-05 0.00208064 0.000136792 0.0042 -0.00030008 -0.000237915 -0.000441017 0.000365695 0.00331579 0.000172413 -0.000506494 -0.000143304 0.0025 2.66337e-05
internal_weight=20102 7620 3831 395 101 12482 3473 9009 7737 7043 1984 694 5059 326 3434 107 3327 124 1272 75 3789 3682 2755 927 57 870 2695 3203 60 1239
internal_count=20102 7620 3831 395 101 12482 3473 9009 7737 7043 1984 694 5059 326 3434 107 3327 124 1272 75 3789 3682 2755 927 57 870 2695 3203 60 1239
is_linear=0
shrinkage=0.03


Tree=156
num_leaves=31
num_cat=0
split_feature=27 26 7 31 10 15 1 24 19 20 19 19 19 19 12 12 5 27 13 23 21 8 5 17 17 14 27 23 13 10
split_gain=7.91625 13.1908 1.39315 1.4909 0.899481 0.772167 1.14505 0.76285 0.578023 0.801022 1.29979 0.638822 0.627724 1.45931 0.623614 0.57526 0.948355 0.534311 0.526942 0.456426 0.787351 0.819011 0.670946 0.506907 0.590562 0.667972 0.579424 0.639944 0.46793 0.445602
threshold=3925.2561111111113 5.5000000000000009 31587.051403989954 32.500000000000007 63222.955000000009 1.0095901135374867 225114.7936049508 7380.7658333333338 0.28291282556676989 0.13186150941487448 0.34904174465284116 0.28923283929024884 0.23403802783772035 0.22032091401205581 3374.0200000000004 12089.025000000001 24084.389277343751 127530.13166666667 9735.7800000000025 6015.0779042636459 4713.168333333334 2348.9800000000005 8472.4276562500017 0.56940659596661414 0.45125774855945083 3757.4850000000006 1736.1893750000002 1776.5951558711638 2586.3000000000006 106155.145
decision_type=2 2 2 2 2 2 2 2 2 2 2 2 2 2 2 2 2 2 2 2 2 2 2 2 2 2 2 2 2 2
left_child=1 19 -3 -4 15 8 7 -7 12 10 -10 -11 13 -6 -14 17 -17 -2 -18 23 -21 -22 -23 24 -1 -26 28 -28 -25 -9
right_child=4 2 3 -5 5 6 -8 29 9 11 -12 -13 14 -15 -16 16 18 -19 -20 20 21 22 -24 26 25 -27 27 -29 -30 -31
leaf_value=-26.523203823599587 -14.258548504216545 -132.2641381602771 -16.780727558894519 5.9539077954074013 -0.56312521036005969 702.3094076072515 334.95622042556295 -12.7967951468174 23.228560679148092 25.908989140366295 10.533054857992665 -2.7578203924817832 354.98195757898776 18.707251056173416 -7.8760413339551576 2646.7202336341588 -317.03102824313862 366.700738292143 692.95281797472637 382.12263183131523 -290.9513127603995 52.138153578571938 -31.565102046422023 -213.89141991520682 204.22675419679945 -273.99531673152347 116.20620082780259 -91.734002282984832 134.42377750645116 -3.5139578612612477
leaf_weight=1026 5218 3436 367 28 2452 29 23 1345 185 59 192 604 20 289 882 20 48 42 28 20 112 551 961 461 89 20 156 371 22 1046
leaf_count=1026 5218 3436 367 28 2452 29 23 1345 185 59 192 604 20 289 882 20 48 42 28 20 112 551 961 461 89 20 156 371 22 1046
internal_value=-0.000785296 -0.00154724 -0.00278857 -0.00110127 -0.000320142 -9.93552e-05 -0.000531724 -0.000595042 0.0001262 0.000749999 0.00185411 0.000122171 -5.1881e-05 0.000174023 -0.00073836 -0.000613892 0.0016875 -0.000655894 0.000157894 -0.000292162 8.39409e-05 1.1083e-05 0.000194444 -0.00058042 -0.000145375 0.00195413 -0.00106931 -0.000381405 -0.00181988 -0.000653702
internal_weight=20102 7620 3831 395 12482 7126 2443 2420 4683 1040 377 663 3643 2741 902 5356 96 5260 76 3789 1644 1624 1512 2145 1135 109 1010 527 483 2391
internal_count=20102 7620 3831 395 12482 7126 2443 2420 4683 1040 377 663 3643 2741 902 5356 96 5260 76 3789 1644 1624 1512 2145 1135 109 1010 527 483 2391
is_linear=0
shrinkage=0.03


Tree=157
num_leaves=31
num_cat=0
split_feature=27 26 7 31 7 28 28 10 17 6 26 27 16 14 28 11 23 18 26 2 18 27 19 28 22 23 12 23 17 17
split_gain=7.857 12.616 1.72217 1.39082 0.892727 1.12314 1.82944 1.61195 1.12369 1.10078 0.984777 1.0373 0.783516 1.00511 0.658877 0.881782 1.13845 0.630022 0.55311 0.546286 0.527514 2.00098 0.898339 0.523815 0.515604 0.506203 0.472428 0.462826 0.600794 0.623506
threshold=3925.2561111111113 5.5000000000000009 31587.051403989954 32.500000000000007 37226.357114824321 11.500000000000002 8.5000000000000018 75017.312500000015 0.65608552113714613 99089.902525988451 4.5000000000000009 3988.7661111111115 3863.7760344444619 24451.840000000004 8.5000000000000018 23546.335000000003 1016.9557416894396 0.12506627447007659 5.5000000000000009 42255.970000000008 0.52308235812895509 14649.400000000001 0.33618626034641047 9.5000000000000018 1.0000000180025095e-35 13746.128206450419 6275.8650000000007 6640.8122130877273 0.56940659596661414 0.45125774855945083
decision_type=2 2 2 2 2 2 2 2 2 2 2 2 2 2 2 2 2 2 2 2 2 2 2 2 2 2 2 2 2 2
left_child=1 27 -3 23 10 6 20 8 -8 -9 11 -2 -7 -14 18 16 -16 25 19 -12 21 -6 -22 26 -19 -13 -4 28 29 -1
right_child=4 2 3 -5 5 12 7 9 -10 -11 14 17 13 -15 15 -17 -18 24 -20 -21 22 -23 -24 -25 -26 -27 -28 -29 -30 -31
leaf_value=-24.669725721157814 225.10483696445712 -128.29621401546868 -18.877147461442487 5.775290561545086 -45.248556286084018 -17.275891649170251 17.003849101747758 -1.3178765656664897 5.0797267230742307 87.455094876996299 -305.04103393780559 5.5286185776002643 -1288.4020249358005 266.38152757648629 12.544512404756128 -25.060158953659997 -8.5860791491377775 1071.2781609241806 -29.219622154108333 553.48104117300159 -0.1040397627351039 179.16261485275302 -33.842293543671182 2.8159513502941946 -79.271110771050246 1836.4927789685303 11.366718736005316 5.5273784073957914 -106.93885106375068 151.14281878107056
leaf_weight=1069 29 3436 300 28 505 565 340 1047 180 212 101 344 23 20 87 98 299 21 640 51 3584 262 303 45 3681 90 22 1510 1096 114
leaf_count=1069 29 3436 300 28 505 565 340 1047 180 212 101 344 23 20 87 98 299 21 640 51 3584 262 303 45 3681 90 22 1510 1096 114
internal_value=-0.000776341 -0.00153543 -0.00274941 -0.000873418 -0.000312931 -8.99027e-05 2.6581e-05 0.000844856 0.00225 0.000264495 -0.000601545 -0.000378152 -0.00132237 0.00258139 -0.00133072 -0.000458678 0.000186528 -0.000417796 -0.00186364 -0.000236843 -0.000286206 -0.00100522 -0.000144328 -0.00136512 -0.000544571 0.000663594 -0.00178882 -0.000307998 -0.000577886 -0.000109046
internal_weight=20102 7620 3831 395 12482 7041 6433 1779 520 1259 5441 4165 608 43 1276 484 386 4136 792 152 4654 767 3887 367 3702 434 322 3789 2279 1183
internal_count=20102 7620 3831 395 12482 7041 6433 1779 520 1259 5441 4165 608 43 1276 484 386 4136 792 152 4654 767 3887 367 3702 434 322 3789 2279 1183
is_linear=0
shrinkage=0.03


Tree=158
num_leaves=31
num_cat=0
split_feature=27 26 6 28 22 7 12 27 10 20 18 19 8 28 17 27 28 19 28 3 16 17 4 15 4 12 14 24 4 7
split_gain=7.63644 12.3753 1.70745 1.4459 1.65662 0.869591 0.706262 0.996466 0.985556 1.37778 0.948971 0.882694 1.3363 1.17124 0.768076 0.677883 1.04267 1.28137 1.701 0.881283 0.800476 0.628684 0.61164 0.570753 0.559853 0.543409 1.20384 0.500209 0.635039 0.493515
threshold=3925.2561111111113 5.5000000000000009 31726.801362414801 8.5000000000000018 32869.500000000007 46614.496506232717 7740.335 6721.4134027777791 318332.92000000004 0.31771355807744311 0.62862128941590956 0.28291282556676989 52914.385000000002 1.5000000000000002 0.6115098052950253 8985.0116666666672 8.5000000000000018 0.6792596221855236 11.500000000000002 1.0000000180025095e-35 3061.713833409151 0.50629947488269345 181719.62000000002 1.0017447267537605 1.0000000180025095e-35 16659.02 20023.585000000003 34822.943333333336 35942.865000000005 35642.947231654623
decision_type=2 2 2 2 2 2 2 2 2 2 2 2 2 2 2 2 2 2 2 2 2 2 2 2 2 2 2 2 2 2
left_child=1 24 -3 27 -5 15 7 11 10 22 21 13 -13 -7 -12 16 19 18 -18 20 -2 -8 -10 -21 -1 -17 -27 -4 -29 -26
right_child=5 2 3 4 -6 6 8 -9 9 -11 14 12 -14 -15 -16 25 17 -19 -20 23 -22 -23 -24 -25 29 26 -28 28 -30 -31
leaf_value=-152.74427340607073 -226.01564873554096 -126.13768812642172 -40.014584883389098 6.7338214432056098 -6.9544287563886042 6.7093073853794225 2.436350664718129 -3.9056038788609007 504.83000158293368 -650.49576958263333 10.598233814040045 12.330147276658206 25.808608050584649 0.20497546561897542 -2.1528312601676247 -39.973179012776086 4.5343640265903167 -310.48823766413102 -26.162847106380699 -9.7311255060220514 565.13777341496905 -20.235871864604317 560.83556444064118 -30.685833620325738 -28.227892382614598 2862.6588791685676 113.06150473748575 12.992592897428292 -17.416106640036475 700.70278942354219
leaf_weight=107 35 3417 234 34 71 33 386 672 63 31 705 175 20 358 1668 2703 969 241 302 1497 25 1188 27 1297 3614 21 66 43 32 68
leaf_count=107 35 3417 234 34 71 33 386 672 63 31 705 175 20 358 1668 2703 969 241 302 1497 25 1188 27 1297 3614 21 66 43 32 68
internal_value=-0.000767387 -0.00151575 -0.00271809 -0.000898551 0.00214286 -0.000310528 -2.02786e-05 0.000600953 -0.00021239 0.00245454 -0.000294148 0.00150512 0.00315385 0.000682864 8.47022e-05 -0.000526552 -0.000759964 -0.000123017 0.000257277 -0.00109741 0.0025 -0.000865312 0.00433333 -0.00117466 -0.00030008 -0.000161291 0.00217241 -0.00193204 0.000199999 -0.000237915
internal_weight=20102 7620 3831 414 105 12482 5326 1258 4068 121 3947 586 195 391 2373 7156 4366 1512 1271 2854 60 1574 90 2794 3789 2790 87 309 75 3682
internal_count=20102 7620 3831 414 105 12482 5326 1258 4068 121 3947 586 195 391 2373 7156 4366 1512 1271 2854 60 1574 90 2794 3789 2790 87 309 75 3682
is_linear=0
shrinkage=0.03


Tree=159
num_leaves=31
num_cat=0
split_feature=27 26 2 28 14 7 14 28 28 17 16 27 1 3 8 8 25 22 4 9 23 13 19 10 12 4 8 13 7 14
split_gain=7.51405 12.9109 1.17919 1.31228 1.04033 0.966677 0.917397 0.715136 1.38545 2.48286 1.96358 1.04178 1.00674 2.01585 0.898644 0.574533 1.03052 0.572486 0.543092 0.533016 0.751729 1.1006 0.696352 0.621277 1.22208 0.808387 0.53049 0.515522 0.495463 0.543478
threshold=3759.6622222222227 5.5000000000000009 31194.560000000005 8.5000000000000018 12129.92 77128.815264525663 10873.435000000001 11.500000000000002 8.5000000000000018 0.66199764146913231 1381.4256781650768 8985.0116666666672 29144.237578508142 36440.320000000007 44082.615000000013 54538.115000000013 59030.890000000007 15235.920000000002 1.0000000180025095e-35 49457.095000000008 2654.0336280098804 21818.375000000004 0.33618626034641047 329083.84000000008 3846.1850000000004 181719.62000000002 6059.7300000000005 21818.375000000004 40531.828281690083 2471.8150000000005
decision_type=2 2 2 2 2 2 2 2 2 2 2 2 2 2 2 2 2 2 2 2 2 2 2 2 2 2 2 2 2 2
left_child=1 18 -3 -4 6 7 -5 8 11 10 -10 14 13 17 -2 -14 -17 -9 -1 20 21 -7 -22 -21 -25 -26 -11 -13 -20 -30
right_child=5 2 3 4 -6 19 -8 12 9 26 -12 27 15 -15 -16 16 -18 -19 28 23 22 -23 -24 24 25 -27 -28 -29 29 -31
leaf_value=-144.76930861946238 -19.20512835808281 -152.76183557353099 -39.633117525982122 0.50263744449904646 -10.814796746327945 16.885371292797338 9.6668402841793597 -259.98947043788456 10.746365449765307 -282.62177846933923 -7.8951612296839482 9.8787257376032329 -33.441391697340293 632.72917819386862 -2.7664760119408567 13.658919134662241 -6.8253891074351545 50.14746271792567 -27.563126202576701 -0.10928388199859261 -7.2688110815037446 84.511439293155988 3007.7964934011457 -851.8813664501788 372.9255083587492 550.74573699332336 -16.246181606983516 -91.929209210365954 1811.1707642631666 -189.87060332959126
leaf_weight=104 2924 3248 217 22 47 28 21 240 1116 194 441 1711 444 28 2184 20 112 128 3520 1625 72 20 22 29 58 26 1065 390 23 23
leaf_count=104 2924 3248 217 22 47 28 21 240 1116 194 441 1711 444 28 2184 20 112 128 3520 1625 72 20 22 29 58 26 1065 390 23 23
internal_value=-0.000759925 -0.00153426 -0.00282279 -0.0010456 0.002 -0.000325465 0.00537209 -0.000432937 -0.000357607 0.000206675 0.00100771 -0.000578028 -0.00120988 -4.54553e-05 -0.000809319 -0.00201042 -0.000272728 -0.00063587 -0.000286104 0.000303191 0.00207042 0.005125 0.000510638 0.000158803 0.00230973 0.00414286 -0.000783956 -1.57075e-05 -0.000223781 0.00286956
internal_weight=20102 7225 3555 307 90 12877 43 10997 10025 2816 1557 7209 972 396 5108 576 132 368 3670 1880 142 48 94 1738 113 84 1259 2101 3566 46
internal_count=20102 7225 3555 307 90 12877 43 10997 10025 2816 1557 7209 972 396 5108 576 132 368 3670 1880 142 48 94 1738 113 84 1259 2101 3566 46
is_linear=0
shrinkage=0.03


Tree=160
num_leaves=31
num_cat=0
split_feature=23 1 26 24 26 0 28 28 28 1 8 31 28 17 16 28 17 18 19 18 10 4 14 18 23 22 7 11 18 16
split_gain=6.9698 5.08953 6.17332 1.15803 2.46252 1.14367 1.49161 1.10863 1.05233 1.2316 0.993358 1.07593 1.24654 0.934659 0.872053 1.4996 1.45264 0.815519 1.57723 0.900403 0.689774 0.664464 0.791526 0.658042 0.656307 0.63815 0.604457 0.630747 0.594907 0.60411
threshold=1377.584065901367 34314.704499189727 5.5000000000000009 35668.786666666674 5.5000000000000009 30344.885118315306 8.5000000000000018 10.500000000000002 11.500000000000002 33975.077087414254 30278.245000000003 32.500000000000007 10.500000000000002 0.55019914285508931 648.93433221977841 8.5000000000000018 0.64765020249903149 12466.354541875002 0.5176442584822416 0.48032769192903763 173907.41500000001 10906.830000000004 6956.9450000000006 0.54026921430181496 1583.6802633071281 34541.965000000004 56490.23866774726 27504.745000000006 0.52308235812895509 -133.30290412304745
decision_type=2 2 2 2 2 2 2 2 2 2 2 2 2 2 2 2 2 2 2 2 2 2 2 2 2 2 2 2 2 2
left_child=1 2 -1 4 13 -4 -7 -8 14 -10 -6 -12 -13 17 15 23 -17 19 -19 -2 25 24 -23 -5 -15 -3 -11 -28 -27 -30
right_child=3 20 5 8 10 6 7 -9 9 26 11 12 -14 21 -16 16 -18 18 -20 -21 -22 22 -24 -25 -26 28 27 -29 29 -31
leaf_value=-40.70982584528717 42.685040284972864 15.468196438950164 -164.02001355168409 -25.011223124268689 -107.03979827049494 -38.363146795034545 5.9831283544050047 -27.60589966954052 214.80968300942044 -35.253943264749346 -14.909717867694134 43.172073421952717 -7.3511159576690321 210.2213775851134 -4.3173162853834439 31.074644174232333 3.4663258887689157 711.07515998251802 -28.430941414889997 -75.457754893285681 80.12270642760744 8.4279755005519768 -199.34576852521008 2.1697944328154142 -112.92957310080669 -23.083001309566583 1090.1229091714642 -8.8400045962325784 1.0153988237906697 -5.3293648808742375
leaf_weight=1282 1064 31 2839 517 560 431 96 79 20 226 254 24 22 34 1881 373 304 70 100 947 86 1484 589 1710 2455 253 20 245 587 1519
leaf_count=1282 1064 31 2839 517 560 431 96 79 20 226 254 24 22 34 1881 373 304 70 100 947 86 1484 589 1710 2455 253 20 245 587 1519
internal_value=-0.000761417 -0.00150896 -0.0020861 -0.000343981 -0.000581219 -0.00274746 -0.00156436 0.000771428 -3.39951e-06 -0.00129746 -0.00209302 -0.000700001 0.00352174 -0.000388404 0.000134796 0.000460743 0.00169719 0.00012242 0.00211765 -4.62464e-05 -0.000407109 -0.000632618 -0.000235891 8.48668e-05 -0.000963038 -0.000502093 -0.00159471 -0.000622642 -0.000558288 -0.000393163
internal_weight=20102 7203 4727 12899 7603 3445 606 175 5296 511 860 300 46 6743 4785 2904 677 2181 170 2011 2476 4562 2073 2227 2489 2390 491 265 2359 2106
internal_count=20102 7203 4727 12899 7603 3445 606 175 5296 511 860 300 46 6743 4785 2904 677 2181 170 2011 2476 4562 2073 2227 2489 2390 491 265 2359 2106
is_linear=0
shrinkage=0.03


Tree=161
num_leaves=31
num_cat=0
split_feature=23 1 26 0 28 28 10 26 6 17 17 28 3 12 16 19 31 23 9 19 8 15 23 28 7 12 13 20 23 28
split_gain=7.03727 5.12457 6.12931 1.2239 1.6514 1.10996 1.03503 1.33327 1.8277 0.922498 0.869524 0.865465 0.8631 0.76242 0.747635 1.01675 1.24247 0.731018 0.654845 0.626289 0.607343 0.590161 1.13605 0.710396 0.694521 0.563759 0.544502 0.538543 1.451 0.507728
threshold=1377.584065901367 34314.704499189727 5.5000000000000009 30344.885118315306 8.5000000000000018 11.500000000000002 64338.420000000006 5.5000000000000009 31420.324286504725 0.55019914285508931 2.5771771505189895 11.500000000000002 34446.985000000008 13470.145000000002 752.73280871506734 0.29182590887114407 32.500000000000007 1519.497447787988 80566.710000000021 0.4303678448794076 5638.3150000000014 0.9943434785140367 439.8569025423937 8.5000000000000018 90112.911013170975 39988.350000000013 2690.8750000000005 0.11745643083246164 4154.96259279068 11.500000000000002
decision_type=2 2 2 2 2 2 2 2 2 2 2 2 2 2 2 2 2 2 2 2 2 2 2 2 2 2 2 2 2 2
left_child=1 2 -1 -4 -5 -6 7 9 -9 13 -11 14 -3 -2 15 17 -17 -8 27 29 -12 22 -14 -24 -23 -16 -26 28 -13 -10
right_child=6 12 3 4 5 -7 11 8 19 10 20 18 21 -15 25 16 -18 -19 -20 -21 -22 24 23 -25 26 -27 -28 -29 -30 -31
leaf_value=-39.488531069928491 2.2456870041977486 6.2035423370390763 -159.0994131451335 -37.212252391183561 4.8413826919027825 -47.635040322353426 18.360001864541797 -96.202270306975123 -1.7325766179578825 -85.752890342092499 -49.72677987331442 10.187435802311922 24.698510342542153 2565.682969959099 -6.4600042033081921 12.173844014518465 42.39034348602604 -0.14756603573168084 151.8618482884138 54.571820292915319 180.88390675508526 -6.5800765659333598 -3.6298741048271519 28.254352995559788 932.82909223655304 141.82225675012626 13.039090130683482 -24.174983844820819 -62.103607250745895 -27.824906512951614
leaf_weight=1282 1861 32 2839 431 128 47 152 537 624 3788 237 45 20 20 1780 575 50 2401 75 25 230 1854 385 57 20 32 108 324 70 73
leaf_count=1282 1861 32 2839 431 128 47 152 537 624 3788 237 45 20 20 1780 575 50 2401 75 25 230 1854 385 57 20 32 108 324 70 73
internal_value=-0.000749478 -0.00150063 -0.00207976 -0.00273875 -0.00151485 0.000942856 -0.000330026 -0.000561867 -0.00145115 -0.000379401 -0.000623973 -1.85327e-05 -0.000394993 0.000173843 0.000102204 0.000379483 0.001464 0.000113983 -0.00119066 -0.000465375 0.00059743 -0.000459084 0.000506493 0.000190045 -0.000684158 -0.000384107 0.00145312 -0.00163326 0.000130434 -0.000632712
internal_weight=20102 7203 4727 3445 606 175 12899 7395 1259 6136 4255 5504 2476 1881 4990 3178 625 2553 514 722 467 2444 462 442 1982 1812 128 439 115 697
internal_count=20102 7203 4727 3445 606 175 12899 7395 1259 6136 4255 5504 2476 1881 4990 3178 625 2553 514 722 467 2444 462 442 1982 1812 128 439 115 697
is_linear=0
shrinkage=0.03


Tree=162
num_leaves=31
num_cat=0
split_feature=27 26 5 28 15 27 7 28 28 23 3 13 9 23 9 22 11 22 25 14 3 12 1 16 18 23 16 18 10 18
split_gain=7.3438 13.159 1.16101 1.62486 0.892254 0.959913 0.919812 0.956047 1.19378 0.888154 0.998132 0.867061 0.728802 0.711345 0.686556 1.64091 0.680291 0.742208 0.659601 0.645545 0.568182 0.539451 1.17989 0.683609 0.58256 0.550431 0.523694 0.484738 0.433899 1.10275
threshold=3759.6622222222227 5.5000000000000009 32153.860395431522 8.5000000000000018 0.9949356956274521 8893.6377777777798 37226.357114824321 11.500000000000002 8.5000000000000018 405.69366137179082 33041.625000000007 4664.6550000000007 5831.7050000000008 132.18886244444403 3209.1400000000003 12010.842500000001 806.4100000000002 14795.305000000002 3291.2525000000001 17319.550000000003 33041.625000000007 5424.545000000001 16756.095180603694 -2288.8438479177967 0.53358113006334162 3291.9058183959328 9064.9671589361969 0.22237001244179902 11879.495000000001 1.2960313400333152
decision_type=2 2 2 2 2 2 2 2 2 2 2 2 2 2 2 2 2 2 2 2 2 2 2 2 2 2 2 2 2 2
left_child=1 28 -3 -4 9 6 11 8 -8 10 -2 18 14 -13 26 -16 19 -18 -6 -14 -5 23 -23 25 -24 -11 -7 -25 29 -1
right_child=4 2 3 20 5 12 7 -9 -10 21 -12 13 16 -15 15 -17 17 -19 -20 -21 -22 22 24 27 -26 -27 -28 -29 -30 -31
leaf_value=-144.78758667308236 53.384351375185076 -115.45201183363707 -35.369663532594338 3.393588720936997 141.48278992214645 150.37050371171043 -6.9199355412164936 -19.337389781385983 3.8980170092622166 467.01560171522294 23.957555032265965 9.8297808843666949 553.91129548802962 -23.093648405184684 -179.27363832029582 615.43563849563122 -134.99051527764362 1.137852544492209 -42.087561819919586 -380.75062552541129 1.5349526479545952 652.49983953656044 -22.598560607371009 91.812490815599133 3.9397807651433294 -8.9740721554090861 -240.81458521100333 -17.904081538601751 1.9734310213578286 -0.43087489993684203
leaf_weight=718 57 3356 155 22 71 376 1858 303 931 42 20 137 28 1494 36 30 498 2184 511 189 22 29 565 138 1625 1126 49 580 1781 1171
leaf_count=718 57 3356 155 22 71 376 1858 303 931 42 20 137 28 1494 36 30 498 2184 511 189 22 29 565 138 1625 1126 49 580 1781 1171
internal_value=-0.000747986 -0.0015135 -0.00281435 -0.00058794 -0.000318476 -0.000491663 -0.000743639 -0.000409444 -0.000235569 4.16062e-05 0.00323377 -0.00121057 -9.73458e-05 -0.0015653 0.000971486 0.00381818 -0.000278373 -0.000147652 -0.000216496 -0.00189401 0.0045 -1.82711e-05 0.000298783 -0.000391305 0.000219177 5.65061e-05 0.000529411 -0.00111978 -0.000253407 -0.000570144
internal_weight=20102 7225 3555 199 12877 8695 5305 3092 2789 4182 77 2213 3390 1631 491 66 2899 2682 582 217 44 4105 2219 1886 2190 1168 425 718 3670 1889
internal_count=20102 7225 3555 199 12877 8695 5305 3092 2789 4182 77 2213 3390 1631 491 66 2899 2682 582 217 44 4105 2219 1886 2190 1168 425 718 3670 1889
is_linear=0
shrinkage=0.03


Tree=163
num_leaves=31
num_cat=0
split_feature=27 2 5 28 7 28 28 9 16 6 13 14 23 7 27 5 7 28 28 23 19 11 15 19 18 27 18 5 1 21
split_gain=7.27055 13.1716 1.23454 1.53577 0.809764 1.02473 1.26183 1.43043 1.56491 1.15709 0.882436 0.824103 0.820717 1.03254 0.78422 1.72012 2.12691 0.918093 1.75621 0.961985 0.781704 0.683459 0.679172 0.610883 0.812963 0.584947 0.578262 0.473533 0.516404 0.754898
threshold=3759.6622222222227 10039.540000000001 32153.860395431522 8.5000000000000018 37226.357114824321 11.500000000000002 8.5000000000000018 28688.200000000004 2016.5016751925361 99089.902525988451 4123.0100000000011 3757.4850000000006 21021.558788500053 6462.9879379375006 8712.8663888888914 14758.417109374999 12733.997909851563 8.5000000000000018 10.500000000000002 132.18886244444403 0.7270490128585102 91644.540000000023 2.6244982862947115 0.33819223815949562 0.54026921430181496 38119.025000000009 0.48955572051367119 3641.7785351562502 2875.0293231434698 2871.9275000000002
decision_type=2 2 2 2 2 2 2 2 2 2 2 2 2 2 2 2 2 2 2 2 2 2 2 2 2 2 2 2 2 2
left_child=1 27 20 -4 10 6 23 8 -8 -9 11 -2 13 -13 17 16 -16 19 -19 -12 -3 -7 -14 24 -6 -17 -25 28 29 -1
right_child=4 2 3 -5 5 21 7 9 -10 -11 14 12 22 -15 15 25 -18 18 -20 -21 -22 -23 -24 26 -26 -27 -28 -29 -30 -31
leaf_value=-71.97485459702979 -73.108627668279169 -114.93434590884949 -34.320345548220914 3.1670265247143381 -25.75902400735859 -14.773977471814447 17.586279183960503 -1.4851215011573176 -44.783995241697042 83.528203244892723 9.3367938875064986 -366.88904981821776 -341.20246105493652 421.60495547479269 13.891514873456789 -134.34984896584993 684.80335653901363 3.9667673836729653 -33.067019999799363 -27.462492504692399 9.7629362771162977 232.53823113875035 530.57808618891147 48.09590534308829 0.33480391763252726 532.6023976805518 -38.491669575418555 0.91750473863989945 -145.78791025198848 117.82337920899087
leaf_weight=473 1830 3459 156 44 798 572 435 1082 49 214 138 64 133 386 191 882 66 375 411 1275 77 37 22 53 3467 60 337 2451 520 45
leaf_count=473 1830 3459 156 44 798 572 435 1082 49 214 138 64 133 386 191 882 66 375 411 1275 77 37 22 53 3467 60 337 2451 520 45
internal_value=-0.000743509 -0.00150519 -0.00274304 -0.000450001 -0.000316146 -9.966e-05 1.16543e-05 0.000691011 0.00208264 0.000171296 -0.000577577 -0.000141684 0.000818181 0.00146667 -0.000889936 -0.000272728 0.00190272 -0.00122647 -0.000404581 -0.00168365 -0.00287274 -0.00127586 -0.00106452 -0.000248121 -0.000144198 -0.000866243 -0.00138462 -0.000179708 -0.000716764 -4.63328e-05
internal_weight=20102 7225 3736 200 12877 7044 6435 1780 484 1296 5833 2435 605 450 3398 1199 257 2199 786 1413 3536 609 155 4655 4265 942 390 3489 1038 518
internal_count=20102 7225 3736 200 12877 7044 6435 1780 484 1296 5833 2435 605 450 3398 1199 257 2199 786 1413 3536 609 155 4655 4265 942 390 3489 1038 518
is_linear=0
shrinkage=0.03


Tree=164
num_leaves=31
num_cat=0
split_feature=23 4 26 28 15 17 12 13 10 26 18 22 18 23 18 17 8 23 2 0 0 12 17 2 17 18 18 4 17 4
split_gain=6.45355 5.07841 7.19317 1.78611 1.72461 1.38165 1.24432 1.29431 1.07108 1.25193 0.977048 1.05765 1.52658 0.944643 0.926722 1.41242 1.10394 0.922754 0.845755 1.10855 0.956163 0.840289 1.44417 0.810541 0.778276 0.910661 0.823769 0.750978 0.683932 0.742649
threshold=1377.584065901367 31167.810000000001 5.5000000000000009 8.5000000000000018 0.99764031669640885 0.65441861821884562 6216.6200000000008 4664.6550000000007 64338.420000000006 3.5000000000000004 0.5800932029486684 48682.310000000005 0.70000014771372754 958.91753958468109 0.48356104842065162 0.52297826335263775 113219.25500000002 391.72544377056983 36647.915000000008 17329.908592595188 16961.515652032711 6216.6200000000008 0.59019268728680341 32380.000000000004 0.55019914285508931 12466.354541875002 0.48032769192903763 46477.915000000001 2.0387283287005551 11976.490000000002
decision_type=2 2 2 2 2 2 2 2 2 2 2 2 2 2 2 2 2 2 2 2 2 2 2 2 2 2 2 2 2 2
left_child=1 2 -1 6 5 13 -3 -8 9 24 14 12 27 -5 16 -16 -10 -9 19 20 -11 22 -13 -6 25 26 -2 -12 -26 -30
right_child=8 3 -4 4 23 -7 7 17 10 18 11 21 -14 -15 15 -17 -18 -19 -20 -21 -22 -23 -24 -25 28 -27 -28 -29 29 -31
leaf_value=-32.638463955969257 48.559318577951849 -17.720456366232554 -127.16029896758504 27.467537047112256 18.557003775428761 -3.8564222331512128 494.80767663360984 6.3358758865732572 -6.1201577997822483 -130.36236762673329 0.6808735056732389 31.049067865398257 502.95900252637227 30.549288194567396 1.9775035562261245 -28.382554855884418 228.05529355906529 -7.9273740270911706 -2.2484210703692211 -46.043251566751778 449.33696182265157 0.062873825481979922 31.591340450530065 -0.85953224302800513 -81.377709589337755 284.77196192790075 -67.699343809110204 14.285224632748697 -82.216083548048601 165.65644954740813
leaf_weight=1267 647 836 2928 48 20 46 26 324 1544 722 187 33 36 42 414 669 66 1129 757 789 21 2369 105 537 2644 141 800 81 444 430
leaf_count=1267 647 836 2928 48 20 46 26 324 1544 722 187 33 36 42 414 669 66 1129 757 789 21 2369 105 537 2644 141 800 81 444 430
internal_value=-0.000747986 -0.00146731 -0.00214184 -0.000526596 0.000809523 0.00383823 -0.000926567 -0.000403652 -0.000346307 -0.000582151 -2.94339e-05 0.000361792 0.00203289 0.006 -0.000437802 -0.00111634 1.86328e-05 -0.000522368 -0.00116514 -0.0015705 -0.000738897 0.000159154 0.00243478 7.00172e-05 -0.0003208 0.000230478 6.21905e-06 0.00125373 -0.000569643 0.000157894
internal_weight=20102 7203 4195 3008 693 136 2315 1479 12899 7395 5504 2811 304 90 2693 1083 1610 1453 2289 1532 743 2507 138 557 5106 1588 1447 268 3518 874
internal_count=20102 7203 4195 3008 693 136 2315 1479 12899 7395 5504 2811 304 90 2693 1083 1610 1453 2289 1532 743 2507 138 557 5106 1588 1447 268 3518 874
is_linear=0
shrinkage=0.03


Tree=165
num_leaves=31
num_cat=0
split_feature=27 26 8 28 6 31 31 24 25 31 12 15 18 27 28 4 21 24 18 7 10 18 31 4 5 26 3 23 22 17
split_gain=7.02859 12.6465 1.34254 1.56202 0.821183 0.769306 0.7225 0.675087 0.818182 0.646031 1.26414 1.17539 0.673139 0.632583 0.559528 0.555629 0.438549 0.698469 1.16354 0.448129 0.843936 0.437491 0.676228 0.494621 0.481771 0.511161 0.363462 0.353791 0.312033 0.267857
threshold=3759.6622222222227 5.5000000000000009 30606.392500000005 8.5000000000000018 66583.864372804775 21.500000000000004 35.500000000000007 61932.32450000001 28133.880000000005 32.500000000000007 8765.2350000000024 1.0145317803533163 0.13974035710326033 4288.3593750000009 8.5000000000000018 1.0000000180025095e-35 69019.695000000036 67477.875833333339 0.62188634329605919 77128.815264525663 329083.84000000008 0.077335155176398426 5.5000000000000009 1382.6400000000001 3641.7785351562502 2.5000000000000004 45006.445 3914.6580587234471 75321.155000000013 0.65170477705120244
decision_type=2 2 2 2 2 2 2 2 2 2 2 2 2 2 2 2 2 2 2 2 2 2 2 2 2 2 2 2 2 2
left_child=1 15 -3 -4 6 -5 9 8 -6 12 11 -11 13 -2 -14 -1 17 29 -19 28 -21 22 23 -17 27 -26 -12 -23 -18 -9
right_child=4 2 3 5 7 -7 -8 16 -10 10 26 -13 14 -15 -16 21 19 18 -20 20 -22 24 -24 -25 25 -27 -28 -29 -30 -31
leaf_value=-131.12528656564211 369.7721234916371 -126.47075609361302 -29.28928322709978 -1.096154984045016 -166.73548218853713 5.4105824786853285 -23.208933001180618 -28.839458201450586 1482.0740813659506 13.161726241425477 3.2937874782970589 -2.5169138404233791 -10.70381305332139 28.826677752685466 -2.0593557744925692 259.50858656432922 -1.3242141603677973 -23.076945503714285 33.115429518349217 0.79745257519807888 314.37158172308625 -72.787133709831508 218.59416463081524 -156.82708606813205 11.438472902796839 -75.109728211167777 -22.220183191910849 -263.40307941194391 -19.608533508420585 5.0951263799957998
leaf_weight=104 26 3268 227 34 22 26 142 35 22 176 20 138 6187 574 2781 61 503 61 79 1700 89 765 28 70 1620 911 84 111 217 21
leaf_count=104 26 3268 227 34 22 26 142 35 22 176 20 138 6187 574 2781 61 503 61 79 1700 89 765 28 70 1620 911 84 111 217 21
internal_value=-0.000747986 -0.00149689 -0.00277215 -0.000804879 -0.000327794 0.0035 -0.000452607 0.000132047 0.00381818 -0.000422392 0.000732057 0.00168153 -0.000472827 0.000499999 -0.000537913 -0.000261581 7.2088e-05 0.00143877 0.00257143 -3.46759e-05 0.000219675 -0.000198542 0.00133962 0.000435114 -0.000270327 -6.04511e-05 -0.00213462 -0.000876713 -0.000666667 -0.00139286
internal_weight=20102 7225 3555 287 12877 60 10128 2749 44 9986 418 314 9568 600 8968 3670 2705 196 140 2509 1789 3566 159 131 3407 2531 104 876 720 56
internal_count=20102 7225 3555 287 12877 60 10128 2749 44 9986 418 314 9568 600 8968 3670 2705 196 140 2509 1789 3566 159 131 3407 2531 104 876 720 56
is_linear=0
shrinkage=0.03


Tree=166
num_leaves=31
num_cat=0
split_feature=27 26 0 28 28 21 10 15 1 18 8 3 11 17 23 27 28 6 28 22 27 18 6 24 22 24 0 15 1 23
split_gain=6.95693 12.6438 1.48529 1.67103 1.0471 1.30265 0.806762 0.767688 1.1487 0.814022 2.14759 1.60737 1.24554 0.904363 0.679212 0.656745 0.765682 1.08289 0.967875 0.707269 0.682416 0.671725 0.711652 1.1932 0.887976 0.625178 0.506303 0.532513 0.476197 0.443835
threshold=3759.6622222222227 5.5000000000000009 30344.885118315306 8.5000000000000018 11.500000000000002 32274.670833333337 60763.905000000006 1.0095901135374867 225114.7936049508 0.53819049598252489 113219.25500000002 37111.085000000006 20798.800000000003 0.69894967357551063 2081.2054082591758 11551.375000000002 8.5000000000000018 16200.954140649999 10.500000000000002 12727.255000000001 4253.1316666666671 10148.017696692326 7797.1690500000013 6065.5658333333331 13731.855000000001 7234.3081666666685 11708.887054714931 3.1508698363319403 37493.824723557387 1604.1572376034351
decision_type=2 2 2 2 2 2 2 2 2 2 2 2 2 2 2 2 2 2 2 2 2 2 2 2 2 2 2 2 2 2
left_child=1 -1 -3 -4 5 -5 15 9 25 10 11 -8 14 -14 -11 16 19 -18 -19 20 -2 22 23 -17 -24 -9 -23 -28 -21 -27
right_child=6 2 3 4 -6 -7 7 8 -10 12 -12 -13 13 -15 -16 21 17 18 -20 28 -22 26 24 -25 -26 29 27 -29 -30 -31
leaf_value=-24.476065726776323 63.392533742493455 -138.5452318295755 -28.797418400667354 2.9172251358739962 -38.899920874888771 7.1483357660016891 7.4386105586521358 435.44894787157375 316.68532263180674 1.7557189379890448 221.21419812513525 -30.364137079239772 3.2906017901294766 -5.4900773724995702 78.088171608362018 -120.98222626175576 -116.13932226354133 9.7230131695638402 -4.5082048893533848 -29.231654013152529 -104.53612410310113 1195.3720021350575 -178.4554441321747 392.11460306978211 -4.5768515314192788 -16.880773549668671 21.26581971281173 539.95561632353963 -5.9930163993026833 -6.6046811626437147
leaf_weight=3670 160 3188 275 43 23 26 761 32 23 73 76 879 2520 524 69 119 516 392 418 1050 739 22 401 71 452 338 520 39 511 2172
leaf_count=3670 160 3188 275 43 23 26 761 32 23 73 76 879 2520 524 69 119 516 392 418 1050 739 22 401 71 452 338 520 39 511 2172
internal_value=-0.000743509 -0.00148858 -0.00276371 -0.000956404 0.00254348 0.0043913 -0.000325465 -0.000123343 -0.00054386 9.66945e-05 -0.000430071 -0.000658537 0.000380414 0.000252299 0.00312676 -0.000604437 -0.00082092 -0.00023982 0.000444444 -0.00113415 -0.000463849 -9.97544e-05 -0.00055513 0.00110526 -0.000924971 -0.000604249 0.000717727 0.000542039 -0.00152018 -0.000657371
internal_weight=20102 7225 3555 367 92 69 12877 7467 2565 4902 1716 1640 3186 3044 142 5410 3786 1326 810 2460 899 1624 1043 190 853 2542 581 559 1561 2510
internal_count=20102 7225 3555 367 92 69 12877 7467 2565 4902 1716 1640 3186 3044 142 5410 3786 1326 810 2460 899 1624 1043 190 853 2542 581 559 1561 2510
is_linear=0
shrinkage=0.03


Tree=167
num_leaves=31
num_cat=0
split_feature=27 2 2 28 28 19 2 7 15 15 1 10 7 16 11 31 27 10 28 4 22 15 10 15 18 8 7 3 18 15
split_gain=6.86397 12.6002 1.65449 1.84131 1.37938 1.00706 0.902668 0.871533 0.698372 0.67448 1.14541 0.666045 1.09997 0.833463 1.52872 0.654632 0.616576 0.683021 0.709844 0.671944 0.665855 1.01936 0.964376 0.817595 0.649984 0.612602 1.25518 0.585527 0.554227 0.550072
threshold=3759.6622222222227 10039.540000000001 30836.615000000002 8.5000000000000018 10.500000000000002 0.7270490128585102 32380.000000000004 46614.496506232717 0.84482466141442969 1.0095901135374867 225114.7936049508 89503.60000000002 52231.405349578425 -1188.2322050839546 25063.750000000004 30.500000000000004 1816.2893750000003 11879.495000000001 7.5000000000000009 29279.385000000006 6742.9050000000016 0.63401542634875385 113178.79000000001 0.75037399211118638 4235.7401738791059 2072.9925000000007 1955.2101278437501 45793.730000000003 7474.0288135039455 0.83561307019371112
decision_type=2 2 2 2 2 2 2 2 2 2 2 2 2 2 2 2 2 2 2 2 2 2 2 2 2 2 2 2 2 2
left_child=1 16 5 -4 6 -3 -5 8 29 11 -11 13 -13 -9 -15 -14 17 24 -19 -20 21 -18 28 -23 -1 -10 -27 -28 -22 -2
right_child=7 2 3 4 -6 -7 -8 9 25 10 -12 12 15 14 -16 -17 20 18 19 -21 22 23 -24 -25 -26 26 27 -29 -30 -31
leaf_value=-155.46735634766736 2.9934243746815659 -129.73769409849987 -31.095314571884447 12.370245540392068 -7.0696180159490591 17.200805301010437 1.7753683247790411 -7.8222755354305331 -317.21930655135321 -6.4806971535986522 307.18476295285217 -37.289585382573399 -0.58854504737764979 45.063357418384115 3.4632981745032017 22.207865512750466 212.43019819502553 -70.841072280794236 32.136523377930594 493.97554962511333 -124.89651271982366 -84.465132327034226 651.62977430854255 88.896122643425258 2.1193238788191713 375.13498536019301 -8.2169071969338923 -17.210995299903637 19.305724418921596 374.03727863946028
leaf_weight=816 1090 3323 237 25 46 77 28 193 122 1682 23 195 1980 57 867 331 29 505 345 28 394 213 32 688 326 22 5882 404 113 29
leaf_count=816 1090 3323 237 25 46 77 28 193 122 1682 23 195 1980 57 867 331 29 505 345 28 394 213 32 688 326 22 5882 404 113 29
internal_value=-0.000736047 -0.00147613 -0.00268683 -0.000678572 0.00275758 -0.00288529 0.0060566 -0.000320805 -0.00052815 -2.70277e-05 -0.000519062 0.000204526 -6.70398e-05 0.000813786 0.00118831 0.000115534 -0.000179708 -0.000519803 0.000109339 0.00110188 0.00028795 0.000774193 -0.000551021 0.000596004 -0.0010035 -0.000648523 -0.0006078 -0.000632836 -0.000869823 0.000163538
internal_weight=20102 7225 3736 336 99 3400 53 12877 7549 5328 1705 3623 2506 1117 924 2311 3489 2020 878 373 1469 930 539 901 1142 6430 6308 6286 507 1119
internal_count=20102 7225 3736 336 99 3400 53 12877 7549 5328 1705 3623 2506 1117 924 2311 3489 2020 878 373 1469 930 539 901 1142 6430 6308 6286 507 1119
is_linear=0
shrinkage=0.03


Tree=168
num_leaves=31
num_cat=0
split_feature=27 2 2 28 28 19 2 10 28 18 8 3 11 11 23 12 9 24 3 9 24 17 31 0 19 18 9 18 5 10
split_gain=6.98122 12.3536 1.62813 1.84131 1.37938 0.996605 0.902668 0.756716 0.791489 0.786114 1.58423 1.32011 1.20133 1.21469 0.627273 0.606424 0.593055 0.679501 0.584023 0.673125 1.3002 0.619979 0.840455 1.46782 0.567199 0.797325 0.509138 0.500622 1.70194 0.743512
threshold=3759.6622222222227 10039.540000000001 30836.615000000002 8.5000000000000018 10.500000000000002 0.7270490128585102 32380.000000000004 58740.06500000001 11.500000000000002 0.54026921430181496 113219.25500000002 29789.380000000001 20798.800000000003 20210.755000000005 4976.3579216337384 379.04000000000002 35403.130000000012 16079.998333333335 1.0000000180025095e-35 44476.435000000005 18960.547500000004 0.31827917855812043 7.5000000000000009 2733.6941522054135 0.33202256347914105 0.29506606131498375 6569.1650000000009 7474.0288135039455 6236.4838281250004 10702.415000000003
decision_type=2 2 2 2 2 2 2 2 2 2 2 2 2 2 2 2 2 2 2 2 2 2 2 2 2 2 2 2 2 2
left_child=1 27 5 -4 6 -3 -5 18 9 10 11 -9 13 -11 -12 -14 17 -10 21 -20 -21 22 23 -2 25 -18 -7 29 -29 -1
right_child=7 2 3 4 -6 26 -8 8 16 12 14 -13 15 -15 -16 -17 24 -19 19 20 -22 -23 -24 -25 -26 -27 -28 28 -30 -31
leaf_value=-95.45454055684408 -164.01515524199775 -125.84556327554495 -30.162455134728006 11.999138174180342 -6.8575294754705514 -89.180602162598603 1.7221072750356632 33.540459595321416 61.150968014165912 11.851023583850116 466.9289615674594 -18.497109651555078 658.08330459966862 17.649032683903553 21.518903066345022 0.22534449515093566 913.7723404884905 -26.68785851904196 -15.93817683444251 240.45207069327773 1.1274161638007485 -39.851659633260752 -176.46457477035244 763.13186529591405 -71.349266601164572 -4.6524980660746111 192.13976579651518 280.95609524458683 5.9350048705732403 5.1189953315110035
leaf_weight=1360 26 3323 237 25 46 51 28 953 27 179 27 1524 72 38 88 4191 36 305 4544 23 397 103 22 24 55 243 26 27 338 1764
leaf_count=1360 26 3323 237 25 46 51 28 953 27 179 27 1524 72 38 88 4191 36 305 4544 23 397 103 22 24 55 243 26 27 338 1764
internal_value=-0.0007256 -0.00147197 -0.00267077 -0.000678572 0.00275758 -0.00286765 0.0060566 -0.000306827 -0.000119411 -2.63016e-05 -0.00044213 -0.000601939 0.000214285 0.0023917 0.003 0.000103448 -0.00110811 -0.00200602 -0.000589026 -0.000649074 0.000499999 0.00111428 0.00325 0.0054 -0.00021557 0.000333333 0.000506493 -0.000188307 0.000863013 -0.00031114
internal_weight=20102 7225 3736 336 99 3400 53 12877 7738 7072 2592 2477 4480 217 115 4263 666 332 5139 4964 420 175 72 50 334 279 77 3489 365 3124
internal_count=20102 7225 3736 336 99 3400 53 12877 7738 7072 2592 2477 4480 217 115 4263 666 332 5139 4964 420 175 72 50 334 279 77 3489 365 3124
is_linear=0
shrinkage=0.03


Tree=169
num_leaves=31
num_cat=0
split_feature=27 26 25 31 7 2 6 6 15 25 22 29 4 15 25 3 15 17 26 14 7 0 3 17 27 15 23 29 7 22
split_gain=6.83866 12.5613 1.56526 0.987679 0.83415 0.757149 0.882504 1.23753 1.11075 0.730931 0.703806 0.598452 0.560802 0.521596 0.658725 0.610782 0.978368 0.712078 0.522104 0.716785 0.79376 0.680727 0.708042 0.519697 0.518523 0.657004 1.92311 0.624882 0.492454 0.431108
threshold=3730.7650000000008 5.5000000000000009 30094.182500000006 32.500000000000007 37226.357114824321 19990.465000000004 13934.331674913441 14559.25785354495 0.91809962350062391 17824.422500000004 18287.935000000005 3.5000000000000004 1.0000000180025095e-35 1.0137740771660926 16782.142500000005 37933.165000000008 0.75547778947032618 0.69894967357551063 2.5000000000000004 22256.445000000003 40839.988325718987 103708.86129107491 17087.015000000003 0.65170477705120244 8027.625694444444 0.99216001214587868 738.60951006535345 3.5000000000000004 1433.3689505636719 14795.305000000002
decision_type=2 2 2 2 2 2 2 2 2 2 2 2 2 2 2 2 2 2 2 2 2 2 2 2 2 2 2 2 2 2
left_child=1 12 -3 11 5 6 10 8 -8 -9 28 -4 -1 14 -6 16 -16 -17 21 -20 -21 22 -15 -13 25 26 -7 -27 -2 -26
right_child=4 2 3 -5 13 24 7 9 -10 -11 -12 23 -14 18 15 17 -18 -19 19 20 -22 -23 -24 -25 29 27 -28 -29 -30 -31
leaf_value=-125.97902492528578 233.05408353117747 -137.48130485181508 -20.53671790555666 5.9212365988134623 -631.76341889425328 27.204129483300413 1486.1269821693911 144.2629282071926 -36.671896278991611 -181.94322308726012 117.64480668903909 -4.6643046759389755 -16.466427139684416 -235.99348219750479 -616.73621237001464 0.94971167715747373 434.94001764237061 -6.1978288065425904 -16.982671873410649 390.17829718705678 -2.9356412890980348 -699.17253928631885 396.83813575185172 4.3861217250038766 -137.85429920773586 -20.354160147228981 -8.2741982081930825 -5.0716378102976645 -76.630258447786233 -13.190156731299018
leaf_weight=103 77 3125 305 28 81 24 35 555 34 339 24 20 3543 39 52 4136 152 911 429 27 1131 26 60 22 490 961 210 431 1714 1018
leaf_count=103 77 3125 305 28 81 24 35 555 34 339 24 20 3543 39 52 4136 152 911 429 27 1131 26 60 22 490 961 210 431 1714 1018
internal_value=-0.000722615 -0.00146767 -0.00275143 -0.000920001 -0.000311671 -0.000574426 -0.000213824 0.000520249 0.0043913 0.000221476 -0.000603307 -0.00135735 -0.000235327 -9.11421e-05 5.51381e-05 9.65523e-05 0.00170588 3.15031e-05 -0.00054673 -0.000693763 -0.0003057 0.00132 0.00245454 0.002 -0.000894066 -0.00126568 0.000205127 -0.00151293 -0.000671693 -0.000493369
internal_weight=20102 7146 3500 375 12956 5912 2778 963 69 894 1815 347 3646 7044 5332 5251 204 5047 1712 1587 1158 125 99 42 3134 1626 234 1392 1791 1508
internal_count=20102 7146 3500 375 12956 5912 2778 963 69 894 1815 347 3646 7044 5332 5251 204 5047 1712 1587 1158 125 99 42 3134 1626 234 1392 1791 1508
is_linear=0
shrinkage=0.03


Tree=170
num_leaves=31
num_cat=0
split_feature=27 26 10 15 18 22 31 27 23 27 28 24 28 22 27 26 21 18 31 20 17 14 7 5 22 6 22 1 3 1
split_gain=6.38521 12.8746 1.07317 0.857271 0.943324 1.06289 1.07938 0.958546 0.797003 0.734152 1.10666 1.31256 2.30495 1.11874 0.698054 0.685493 0.64754 0.63343 1.12954 0.997119 0.702139 0.906372 0.69814 0.515469 0.447044 0.983278 0.968916 0.924324 0.613909 0.419181
threshold=3417.5625000000009 5.5000000000000009 60763.905000000006 0.99216001214587868 0.67652637903821555 45199.855000000003 4.5000000000000009 3629.7861111111119 712.1885127435213 11551.375000000002 8.5000000000000018 30209.632500000003 10.500000000000002 12727.255000000001 4586.1306250000007 4.5000000000000009 38345.331666666672 0.60413786322077001 10.500000000000002 0.12810516507260039 0.69894967357551063 15230.125000000002 117734.64191757387 74893.332324371353 10876.885 7797.1690500000013 11432.875000000002 7753.6714872342791 38310.975000000013 30527.289804517426
decision_type=2 2 2 2 2 2 2 2 2 2 2 2 2 2 2 2 2 2 2 2 2 2 2 2 2 2 2 2 2 2
left_child=1 -1 9 4 7 -6 -7 -4 -9 10 13 15 -13 14 -2 -12 -15 18 22 -20 21 -19 -5 -22 25 27 -26 -11 -27 -3
right_child=2 29 3 17 5 6 -8 8 -10 24 11 12 -14 16 -16 -17 -18 20 19 -21 23 -23 -24 -25 26 28 -28 -29 -30 -31
leaf_value=-23.906526993809763 59.27749673280843 -150.54070288848442 295.69717445336204 -6.1314535779475774 306.20831017691216 -18.303680028964084 15.649162391476599 24.291906598284932 -1.8423119702952926 4.6815006793872787 -44.770879257827744 9.2863891555689708 -4.2601601349048615 -28.071075960394605 -100.26915220744101 -54.483334455701083 -5.2000944161231315 12.751363118627101 16.195486380406948 -18.783456566294117 -26.075667853969755 0.90204812131255274 481.57987297561294 -0.8667169036183382 332.44397754764867 -161.00940876218053 15.700945265624911 575.94268477264097 129.67411059596046 -8.696693092024848
leaf_weight=3425 358 2973 23 1161 30 73 401 49 1641 163 700 326 344 1469 661 193 470 23 79 1137 244 2327 39 295 27 391 997 21 25 37
leaf_count=3425 358 2973 23 1161 30 73 401 49 1641 163 700 326 344 1469 661 193 470 23 79 1137 244 2327 39 295 27 391 997 21 25 37
internal_value=-0.000719631 -0.00149884 -0.000352748 -0.000112471 0.000382949 0.00152381 0.00117721 4.72847e-05 -3.55037e-05 -0.000646868 -0.000843398 -0.000197697 0.000805969 -0.00118458 -0.000379785 -0.000950729 -0.00160753 -0.000319511 -0.000677981 -0.00132237 -1.97307e-05 0.000204255 -2.50007e-05 -0.00099629 -9.97544e-05 -0.000750001 0.000281249 0.00107609 -0.00155769 -0.00293023
internal_weight=20102 6435 13667 7522 2217 504 474 1713 1690 6145 4521 1563 670 2958 1019 893 1939 5305 2416 1216 2889 2350 1200 539 1624 600 1024 184 416 3010
internal_count=20102 6435 13667 7522 2217 504 474 1713 1690 6145 4521 1563 670 2958 1019 893 1939 5305 2416 1216 2889 2350 1200 539 1624 600 1024 184 416 3010
is_linear=0
shrinkage=0.03


Tree=171
num_leaves=31
num_cat=0
split_feature=27 26 2 28 28 6 15 15 8 7 19 31 8 27 27 17 10 17 17 3 1 15 18 18 25 17 4 17 18 27
split_gain=6.36751 12.3805 1.7831 1.51687 1.83517 0.787431 0.709554 0.61267 0.586802 1.06771 0.515224 0.475449 0.859529 0.607332 0.675794 0.651593 0.576394 0.458347 1.05279 0.939198 1.67538 0.757961 0.655376 1.6502 0.575488 0.573134 0.76504 0.858362 0.582902 0.685454
threshold=3730.7650000000008 5.5000000000000009 30222.320000000003 8.5000000000000018 10.500000000000002 66583.864372804775 1.0017447267537605 0.9949356956274521 2072.9925000000007 1955.2101278437501 1.0000000180025095e-35 8.5000000000000018 5505.5075000000006 31146.690000000006 4075.106180555556 3.800838894378781 96078.187500000015 0.55019914285508931 0.45125774855945083 3896.6050000000005 6123.2436387500011 0.78877441220206068 0.48678003196945091 0.44338132589903551 17460.785000000003 1.6062734756459467 11976.490000000002 1.7111449293671963 2833.1126343760939 1180.9000000000003
decision_type=2 2 2 2 2 2 2 2 2 2 2 2 2 2 2 2 2 2 2 2 2 2 2 2 2 2 2 2 2 2
left_child=1 17 -3 -4 6 7 -5 11 -9 -10 -11 13 -13 14 -2 -15 -14 18 22 20 -20 -21 23 -1 -24 28 -27 -28 -19 -30
right_child=5 2 3 4 -6 -7 -8 8 9 10 -12 12 16 15 -16 -17 -18 25 19 21 -22 -23 24 -25 -26 26 27 -29 29 -31
leaf_value=2.1080489983012636 29.844218959326181 -127.75580114539757 -24.067488148687104 5.0926984031806537 -7.0961412381938205 1.0127441910996275 6.3586151224079615 -316.1994155169138 346.50257154087086 0.091103935448773959 -8.1584978344767194 -260.83241164969371 7.1980326712531237 45.531975974852628 -18.362686664336881 1028.8734980288139 -18.259057829507174 -118.69398572300462 57.8558601562899 -164.77452033958639 586.11799645820929 147.10101080778256 -87.073907825456274 107.9676925248615 238.14848173144514 -118.11157244167678 344.81378363936722 39.054827633650838 -258.31814669391446 75.152645531094876
leaf_weight=697 140 3127 264 20 52 2749 37 114 24 1098 5621 69 1213 291 1332 20 285 1014 40 49 25 23 644 37 21 427 40 349 73 207
leaf_count=697 140 3127 264 20 52 2749 37 114 24 1098 5621 69 1213 291 1332 20 285 1014 40 49 25 23 644 37 21 427 40 349 73 207
internal_value=-0.000715153 -0.00143409 -0.00270857 -0.00074799 0.00222936 -0.000318618 0.00594737 -0.000439993 -0.000602451 -0.000566366 -0.000588928 -0.000107463 0.000273771 -0.000442513 -0.000697012 0.000762057 0.000424565 -0.000210643 0.000183593 0.00269343 0.00530769 0.000333333 -6.2188e-05 0.000555858 -0.000744362 -0.000497631 0.000124999 0.0010874 -0.000890263 0.000321428
internal_weight=20102 7146 3500 373 109 12956 57 10207 6857 6743 6719 3350 1567 1783 1472 311 1498 3646 1536 137 65 72 1399 734 665 2110 816 389 1294 280
internal_count=20102 7146 3500 373 109 12956 57 10207 6857 6743 6719 3350 1567 1783 1472 311 1498 3646 1536 137 65 72 1399 734 665 2110 816 389 1294 280
is_linear=0
shrinkage=0.03


Tree=172
num_leaves=31
num_cat=0
split_feature=27 2 10 20 9 9 13 27 28 22 27 31 9 3 22 6 31 18 11 0 27 0 7 22 12 20 9 12 20 4
split_gain=6.38218 12.8355 0.962045 0.809053 1.1859 0.825124 0.954812 0.790257 0.703158 1.53276 1.31577 1.26493 1.07901 1.05249 0.944355 1.25366 0.728795 0.678487 1.00308 0.669334 0.66345 0.654064 2.23144 0.725005 0.616695 0.72264 0.587124 0.527445 0.619209 0.609288
threshold=3417.5625000000009 10039.540000000001 65927.782500000016 0.13932067544633411 37637.000000000007 26899.095000000005 20506.380000000005 101108.73500000002 8.5000000000000018 15028.855000000003 11551.375000000002 34.500000000000007 23801.795000000002 24944.330000000005 12727.255000000001 39568.98526415119 10.500000000000002 0.60413786322077001 83222.755000000019 16762.187722708546 4586.1306250000007 6128.8550731645309 4559.5387126680516 10265.505000000001 7390.5800000000008 0.089454040097961526 59371.630000000005 682.32500000000016 0.013520377496754048 10906.830000000004
decision_type=2 2 2 2 2 2 2 2 2 2 2 2 2 2 2 2 2 2 2 2 2 2 2 2 2 2 2 2 2 2
left_child=1 27 8 4 5 19 -7 17 10 13 14 12 -11 -10 20 -16 -15 18 -5 -4 -2 22 -12 -23 26 -26 -6 28 -1 -29
right_child=2 -3 3 7 24 6 -8 -9 9 11 21 -13 -14 16 15 -17 -18 -19 -20 -21 -22 23 -24 -25 25 -27 -28 29 -30 -31
leaf_value=-9.9325836141081894 56.842022696498169 -134.03724081032988 397.80786794338627 -12.092623226362292 -32.08210314229057 12.400318198383239 -26.346989405465262 2176.12557267273 -129.12341700409715 9.3163701528867229 -143.98177430572949 -17.677273493245384 -0.57648857239189122 16.985704279888878 -25.711073806123888 -1.3176069252760518 408.43703941890647 0.20111868617663844 145.12015593607418 -21.338327200902643 -97.263816766602773 -160.96689995423463 588.98630617614117 38.890930388804939 521.26917562929759 1.1555398469567346 -43.11498481377631 -18.475421884768142 -140.22088688294184 47.031654729332104
leaf_weight=1190 370 3100 192 2337 245 380 58 27 821 663 86 149 634 53 1704 594 21 2005 73 277 681 276 29 711 20 836 425 970 674 501
leaf_count=1190 370 3100 192 2337 245 380 58 27 821 663 86 149 634 53 1704 594 21 2005 73 277 681 276 29 711 20 836 425 970 674 501
internal_value=-0.000715153 -0.00149417 -0.000348358 -9.81825e-05 0.000341553 0.00120066 0.00213699 -0.000339037 -0.000601591 -0.000180693 -0.000822962 0.000423236 0.000723978 -0.00115643 -0.00111884 -0.00145953 0.00227027 -0.000370329 -0.000709544 0.000326225 -0.00037393 7.62243e-05 0.00221739 -0.000173253 -0.00016907 0.000364485 -0.000850747 -0.0002024 -0.000537554 0.000222297
internal_weight=20102 6435 13667 6875 2433 907 438 4442 6792 2341 4451 1446 1297 895 3349 2298 74 4415 2410 469 1051 1102 115 987 1526 856 670 3335 1864 1471
internal_count=20102 6435 13667 6875 2433 907 438 4442 6792 2341 4451 1446 1297 895 3349 2298 74 4415 2410 469 1051 1102 115 987 1526 856 670 3335 1864 1471
is_linear=0
shrinkage=0.03


Tree=173
num_leaves=31
num_cat=0
split_feature=10 2 18 16 25 22 13 31 28 15 1 3 8 9 28 18 9 18 17 19 22 19 4 31 19 31 21 22 18 15
split_gain=4.51337 6.32196 4.52265 2.0821 1.66566 1.21728 0.886336 0.826263 1.01286 0.75343 0.755627 0.718719 1.11122 0.7787 0.709166 0.703247 0.634755 0.580607 0.950033 1.44234 1.3753 0.935449 0.855035 0.635859 0.853333 0.634915 0.625898 1.65803 1.01655 0.573442
threshold=55551.200000000004 12588.185000000001 0.76149385630289024 1063.5951820704615 28922.492500000004 33907.705000000009 12055.295000000002 32.500000000000007 10.500000000000002 1.0095901135374867 225114.7936049508 5584.6550000000007 8784.5750000000025 20775.895000000004 8.5000000000000018 0.81166274981758268 20249.690000000002 0.69446471292958012 0.66535718452384673 0.23403802783772035 45199.855000000003 0.25691001119414247 89504.780000000013 31.500000000000004 0.17915655849583104 2.5000000000000004 22019.410000000007 12727.255000000001 0.53358113006334162 0.97126026555879641
decision_type=2 2 2 2 2 2 2 2 2 2 2 2 2 2 2 2 2 2 2 2 2 2 2 2 2 2 2 2 2 2
left_child=1 5 3 4 16 6 -1 11 15 17 -11 12 -4 -13 -6 -9 -3 22 19 20 -19 -21 26 25 -25 -24 27 -2 -28 -20
right_child=9 2 7 -5 14 -7 -8 8 -10 10 -12 13 -14 -15 -16 -17 -18 18 29 21 -22 -23 23 24 -26 -27 28 -29 -30 -31
leaf_value=-25.440725234223411 -31.962438016414573 -152.22494452875361 -229.16380484523 -80.812583947460027 -17.851400842171202 336.13840952779827 381.33030694969261 12.703731064792359 -8.4881920508115876 -7.6978428573719988 297.8704910491395 -63.929651651815284 221.90305158755089 -5.3447830535805307 -0.0099085579871612331 2.7272860273505106 -24.990627662617833 45.436831485885513 259.47244627037361 -11.663812237902658 17.842931438228096 11.204820885022102 366.31266293316867 241.49084398428406 7.5715000430879886 6.2288394561674547 -21.828039745945961 1020.2975174397696 -0.42731304367835465 -5.5788310670562176
leaf_weight=4650 528 2794 240 696 539 48 20 22 52 2802 23 823 270 1026 251 20 73 21 54 206 415 310 42 20 30 404 1162 182 1798 581
leaf_count=4650 528 2794 240 696 539 48 20 22 52 2802 23 823 270 1026 251 20 73 21 54 206 415 310 42 20 30 404 1162 182 1798 581
internal_value=-0.000709184 -0.00109702 -0.00168205 -0.00226258 -0.00254881 -0.000253074 -0.000301928 -0.000651856 0.00210638 -0.000188156 -0.000589381 -0.000761764 0.000235293 -0.00103678 -0.00132911 0.00557143 -0.0028849 8.86422e-06 0.000497164 0.00109664 0.00236697 2.32551e-05 -0.000177149 0.000991935 0.0042 0.000632286 -0.000335151 0.000464788 -0.000527028 -0.000401576
internal_weight=20102 11524 6806 4353 3657 4718 4670 2453 94 8578 2825 2359 510 1849 790 42 2867 5753 1587 952 436 516 4166 496 50 446 3670 710 2960 635
internal_count=20102 11524 6806 4353 3657 4718 4670 2453 94 8578 2825 2359 510 1849 790 42 2867 5753 1587 952 436 516 4166 496 50 446 3670 710 2960 635
is_linear=0
shrinkage=0.03


Tree=174
num_leaves=31
num_cat=0
split_feature=27 2 28 28 17 27 24 16 9 23 18 9 6 2 18 20 15 28 27 6 10 17 13 1 14 10 15 6 15 17
split_gain=6.09821 13.0501 1.01626 2.3195 3.00223 1.59291 1.2664 1.42662 1.14126 1.01851 1.04004 0.907002 0.885066 1.54046 1.3614 1.05438 0.748577 1.54544 1.87406 0.910052 0.679311 0.67763 0.670126 0.64894 0.82672 0.623764 0.570543 0.458741 0.437903 0.43352
threshold=3353.8266666666668 10039.540000000001 8.5000000000000018 9.5000000000000018 0.60793044979825073 8116.7622222222235 29225.497500000005 2016.5016751925361 21365.755000000005 1144.738888029676 0.75898243867651638 55253.92500000001 39568.98526415119 19218.400000000005 0.51879238248723158 0.30518315788794953 1.0145317803533163 11.500000000000002 7001.4241666666667 99089.902525988451 172606.32000000004 0.68225393665331313 21296.350000000002 137950.42636224182 8368.5350000000017 74578.185000000012 1.0019859911053559 26256.957536547448 0.68489708468360944 0.72896486009464045
decision_type=2 2 2 2 2 2 2 2 2 2 2 2 2 2 2 2 2 2 2 2 2 2 2 2 2 2 2 2 2 2
left_child=1 29 5 4 6 12 7 -4 -8 10 -6 -11 13 15 -14 -2 17 18 -5 25 -21 -16 23 28 -25 -18 -15 -19 -7 -1
right_child=2 -3 3 16 9 22 8 -9 -10 11 -12 -13 14 26 21 -17 19 27 -20 20 -22 -23 -24 24 -26 -27 -28 -29 -30 -31
leaf_value=4.4796491534398264 -108.25461494132139 -142.20797271948501 -66.187874959349259 15.412835651987098 2.8749017066239619 253.41318272266489 61.826548586192459 225.92363703354309 26.326309201420383 -13.645236031545245 12.561433346074631 157.07744256687531 -46.82313411932072 -12.11111707069424 0.20007301256325549 76.698281627137007 -7.128258263664824 12.72591402399963 -15.794312363827306 80.345833878919422 8.5430755595227392 -6.442006023379478 -16.49042259322708 -759.28702714409656 1047.194357600473 -23.170189969250739 -30.603476673251361 -12.852068395523276 -0.15460615214106693 -55.313779732251206
leaf_weight=1650 999 2979 66 494 112 251 84 36 190 421 42 163 276 806 1855 152 1214 146 513 26 68 438 991 27 36 604 850 544 2421 1648
leaf_count=1650 999 2979 66 494 112 251 84 36 190 421 42 163 276 806 1855 152 1214 146 513 26 68 438 991 27 36 604 850 544 2421 1648
internal_value=-0.000704707 -0.00148017 -0.000352623 4.44561e-06 0.00120108 -0.000537904 0.00338298 0.000529411 0.00444525 8.94302e-05 0.00225974 -0.000482877 -0.000868304 -0.00123655 -0.000465941 -0.000393572 -0.000364922 9.3694e-05 0.000843098 -0.000771967 0.00210638 -0.000226342 -6.11923e-05 0.000180986 0.00319048 -0.000920793 -0.00182246 -0.001 0.000110029 -0.00018011
internal_weight=20102 6277 13825 4723 1114 9102 376 102 274 738 154 584 5376 2807 2569 1151 3609 1697 1007 1912 94 2293 3726 2735 63 1818 1656 690 2672 3298
internal_count=20102 6277 13825 4723 1114 9102 376 102 274 738 154 584 5376 2807 2569 1151 3609 1697 1007 1912 94 2293 3726 2735 63 1818 1656 690 2672 3298
is_linear=0
shrinkage=0.03


Tree=175
num_leaves=31
num_cat=0
split_feature=27 26 7 28 28 10 8 25 12 15 4 10 17 3 8 11 28 24 28 13 6 4 27 0 22 17 17 4 17 18
split_gain=5.93122 12.2017 1.40762 2.56595 1.25656 1.01689 0.768351 0.612031 0.583962 0.569244 0.764503 0.694502 0.974026 0.909348 0.873871 0.683982 0.552562 1.27968 1.95114 1.08856 0.897258 0.516332 0.493 0.49 0.466921 0.454282 0.631398 0.771591 0.861671 0.567823
threshold=3595.6833333333338 5.5000000000000009 28794.89960817471 8.5000000000000018 10.500000000000002 42286.05000000001 51612.380000000005 51798.477500000001 6072.9750000000013 1.0095901135374867 206206.60000000003 100690.32500000003 0.65047837707359968 51759.870000000003 68567.342500000013 49853.115000000005 8.5000000000000018 14355.050000000001 11.500000000000002 1.0000000180025095e-35 2319.8345000000004 7614.6150000000007 25818.040000000005 55030.299800574743 15028.855000000003 0.680885556717861 1.6062734756459467 11976.490000000002 1.7111449293671963 2833.1126343760939
decision_type=2 2 2 2 2 2 2 2 2 2 2 2 2 2 2 2 2 2 2 2 2 2 2 2 2 2 2 2 2 2
left_child=1 25 -3 -4 5 -5 7 16 23 11 -11 12 13 -8 22 -16 19 24 -19 21 -21 -2 -13 -9 -18 -1 29 -28 -29 -27
right_child=6 2 3 4 -6 -7 9 8 -10 10 -12 14 -14 -15 15 -17 17 18 -20 20 -22 -23 -24 -25 -26 26 27 28 -30 -31
leaf_value=4.4824645169823674 -47.167371612340951 -140.66617863518655 -26.224406056234226 15.316658494659213 -11.905497788642277 6.833488191567306 46.644903531219128 101.27233100555385 -32.042523245299236 -7.0758185110561662 337.69983718691134 -27.365078022515757 -3.5363416934576684 8.1836223737407554 25.412637421977294 -0.65420869222366285 -141.55928575550612 6.5040016235000202 -24.607503978144191 340.34053236589915 -10.972970931572783 63.776777233927504 1288.1156373569781 -1081.3555426476112 40.371110286664049 -127.80619938341856 -109.80787497334519 324.88954610268064 37.530412366048097 10.18475424077954
leaf_weight=1675 662 2963 244 20 30 29 23 20 176 1245 35 323 419 626 269 1053 672 1746 589 22 4369 841 28 25 129 843 419 40 342 225
leaf_count=1675 662 2963 244 20 30 29 23 20 176 1245 35 323 419 626 269 1053 672 1746 589 22 4369 841 28 25 129 843 419 40 342 225
internal_value=-0.000709184 -0.00142753 -0.00274437 -0.000863778 0.00383544 0.00679592 -0.000339512 -0.000490002 -0.00204977 6.71403e-06 -0.000515626 0.000250638 0.000848314 0.00157627 -0.000130903 0.00022239 -0.000451828 -0.000130103 0.000224839 -0.000623007 -0.000861536 7.38516e-05 -0.00146154 0.000999999 -0.00116479 -0.000206547 -0.000528091 0.000108614 0.00108377 -0.00100562
internal_weight=20102 6830 3286 323 79 49 13272 9251 221 4021 1280 2741 1068 649 1673 1322 9030 3136 2335 5894 4391 1503 351 45 801 3544 1869 801 382 1068
internal_count=20102 6830 3286 323 79 49 13272 9251 221 4021 1280 2741 1068 649 1673 1322 9030 3136 2335 5894 4391 1503 351 45 801 3544 1869 801 382 1068
is_linear=0
shrinkage=0.03


Tree=176
num_leaves=31
num_cat=0
split_feature=27 2 7 28 28 18 19 6 15 7 20 28 27 20 24 7 23 14 28 19 19 19 23 23 27 22 15 17 12 28
split_gain=5.94829 12.167 1.71671 1.94788 1.63661 1.21825 0.850926 0.71231 0.556453 0.660317 0.574965 0.54798 0.48606 0.919548 0.544619 0.703247 0.517819 0.721846 0.509697 0.48208 0.464982 1.08085 0.693305 0.463906 0.455303 0.865985 1.12661 0.755081 0.553582 0.62152
threshold=3698.7381250000003 10039.540000000001 28794.89960817471 8.5000000000000018 10.500000000000002 0.70991850133181889 0.7270490128585102 66583.864372804775 0.99645052892655539 1433.3689505636719 0.99990730815975726 8.5000000000000018 7575.3844444444467 0.12527732637149094 61932.32450000001 71955.662731676086 2458.1640521595223 30688.34 5.5000000000000009 0.78158504092448511 0.29907527733851719 0.30565385941563006 514.53496226457059 3190.9824946343729 2073.2310416666674 6959.5700000000006 0.63401542634875385 2.0020742991286187 682.32500000000016 10.500000000000002
decision_type=2 2 2 2 2 2 2 2 2 2 2 2 2 2 2 2 2 2 2 2 2 2 2 2 2 2 2 2 2 2
left_child=1 24 6 -4 5 -5 -3 8 19 -10 11 -11 13 -9 15 -14 17 -16 -15 20 22 -22 -2 -21 28 26 -26 -28 -1 -30
right_child=7 2 3 4 -6 -7 -8 12 9 10 -12 -13 14 18 16 -17 -18 -19 -20 23 21 -23 -24 -25 25 -27 27 -29 29 -31
leaf_value=-86.869289492156639 14.349385719433087 -135.43397066435853 -22.282540665436727 4.6970099817999147 -10.457923533372734 14.857155921500636 4.6688781497503031 -34.512939668657431 300.04237890826192 -15.339620755430689 1446.3946799161108 -1.8990970207231446 1346.9747503134245 2.3223652820556797 -1.0144260804741407 -956.94241394872665 -4.6458070102654512 21.394416879236406 27.861674307331633 352.06071242853386 22.221266372242169 6.753116597034559 -3.7041056189447121 -528.08384279864902 248.45883418057039 -39.399557353936018 35.478029928279504 185.64849787990016 24.531902215955871 -102.82249607375532
leaf_weight=1309 128 3082 342 37 48 30 71 29 31 4161 63 2466 20 30 578 22 1588 457 25 25 29 646 2627 110 27 432 625 78 811 175
leaf_count=1309 128 3082 342 37 48 30 71 29 31 4161 63 2466 20 30 578 22 1588 457 25 25 29 646 2627 110 27 432 625 78 811 175
internal_value=-0.000698737 -0.0013996 -0.00261773 -0.000899344 0.00247826 0.00550746 -0.00286679 -0.000318758 -0.000433405 -0.000594109 -0.00061435 -0.000641467 0.000110221 0.00235714 3.93989e-05 0.00342857 -1.48692e-05 0.000507246 0.00463636 -0.000130435 -6.12252e-05 0.000644444 -0.00023412 -0.00188889 -0.000127568 0.000356282 0.000986301 0.000755334 -0.00037255 0.000164299
internal_weight=20102 7067 3610 457 115 67 3153 13035 10286 6721 6690 6627 2749 84 2665 42 2623 1035 55 3565 3430 675 2755 135 3457 1162 730 703 2295 986
internal_count=20102 7067 3610 457 115 67 3153 13035 10286 6721 6690 6627 2749 84 2665 42 2623 1035 55 3565 3430 675 2755 135 3457 1162 730 703 2295 986
is_linear=0
shrinkage=0.03


Tree=177
num_leaves=31
num_cat=0
split_feature=27 2 7 2 28 28 17 23 12 9 7 2 6 10 12 6 27 27 27 8 19 16 17 10 23 20 18 15 12 27
split_gain=5.91627 12.6691 0.785573 0.918895 0.826967 1.82674 2.78675 1.04524 0.763479 1.00402 0.900443 1.00839 0.825 0.726418 0.851667 0.775451 0.665785 1.09882 0.743318 0.660777 0.641382 0.63857 0.705112 0.617691 0.60219 0.533077 0.512525 0.468441 0.459576 0.541369
threshold=3353.8266666666668 10039.540000000001 46614.496506232717 19990.465000000004 8.5000000000000018 10.500000000000002 0.67395474368577224 2081.2054082591758 7740.335 37637.000000000007 56490.23866774726 29270.515000000003 66583.864372804775 155575.15500000003 12763.240000000002 29868.684801760002 5498.2316666666675 9167.7177777777797 5125.6575000000012 34855.890000000007 0.20365527735752828 1505.3988701685473 0.71505414998369099 92726.715000000011 29393.979254745205 0.17654807214357951 0.77951141171970195 1.0192633104523179 682.32500000000016 1855.9562500000004
decision_type=2 2 2 2 2 2 2 2 2 2 2 2 2 2 2 2 2 2 2 2 2 2 2 2 2 2 2 2 2 2
left_child=1 28 3 13 7 6 -6 19 9 21 23 12 -12 16 15 -15 18 -18 -2 -5 -9 22 -4 25 -13 -10 -7 -25 29 -1
right_child=2 -3 8 4 5 26 -8 20 10 -11 11 24 -14 14 -16 -17 17 -19 -20 -21 -22 -23 -24 27 -26 -27 -28 -29 -30 -31
leaf_value=-90.183534911634851 0.99982006382400468 -129.67037762538089 6.3843595455166025 -23.872806468451103 8.9213191010737081 -21.890511888858342 -20.515315057496618 13.968618147408193 -6.1826211907695177 -12.66259405706929 34.546209790002358 0.012262580737564392 3275.144112940844 478.70994496785119 2406.8506697794319 -1635.2302821757266 -244.38745515192002 0.91457979147809987 182.32376702617071 -5.4965648833407252 -27.79547419438483 -25.701600746849412 346.58183709041504 -35.719030980193658 -119.68899853807891 1.2271481536372477 -0.32453356173245596 6.8844048597744623 10.489268052234285 6.8827782025216298
leaf_weight=1187 983 2979 619 987 554 649 374 504 348 585 20 2917 24 118 24 35 746 1081 139 1119 894 41 21 305 98 295 282 63 1454 657
leaf_count=1187 983 2979 619 987 554 649 374 504 348 585 20 2917 24 118 24 35 746 1081 139 1119 894 41 21 305 98 295 282 63 1454 657
internal_value=-0.000697245 -0.00146105 -0.000350453 -0.000529745 -0.000768041 -0.00025659 0.000685344 -0.00103938 -6.52181e-05 0.000578198 -0.000265357 -8.82713e-06 0.0045 -0.000120922 0.00174576 0.000921568 -0.000232961 -0.000586208 0.000342245 -0.00146154 -0.000403434 0.00136123 0.00159375 -0.00104154 -7.46276e-05 -0.000480561 -0.00119549 -0.00202174 -0.00018011 -0.000494578
internal_weight=20102 6277 13825 8489 5363 1859 928 3504 5336 1266 4070 3059 44 3126 177 153 2949 1827 1122 2106 1398 681 640 1011 3015 643 931 368 3298 1844
internal_count=20102 6277 13825 8489 5363 1859 928 3504 5336 1266 4070 3059 44 3126 177 153 2949 1827 1122 2106 1398 681 640 1011 3015 643 931 368 3298 1844
is_linear=0
shrinkage=0.03


Tree=178
num_leaves=31
num_cat=0
split_feature=23 24 26 28 28 19 12 12 11 23 15 12 15 13 14 22 15 20 31 13 9 17 4 5 4 17 8 4 20 24
split_gain=5.86237 5.06322 6.84832 2.17247 1.76243 2.13962 1.35269 1.27399 1.253 0.855262 0.880703 0.853569 0.677808 0.730355 1.00947 1.02797 1.00543 0.648234 0.85788 0.630637 0.777726 0.83301 0.975593 0.764113 0.589677 0.639563 0.586741 0.574361 0.512553 0.499757
threshold=1377.584065901367 29225.497500000005 5.5000000000000009 8.5000000000000018 11.500000000000002 0.28038192647645849 5935.3700000000008 6393.8000000000011 23378.275000000005 391.72544377056983 0.99178938876404166 7324.1750000000002 1.0171335317085513 16143.275000000003 26882.460000000003 77921.520000000004 1.0044062766998494 0.20063641095631565 14.500000000000002 4123.0100000000011 160177.80000000005 0.24409650401948615 18862.970000000005 30641.818330078127 11271.715000000002 0.73157798167702714 152845.02500000002 11976.490000000002 0.18295277257479739 5489.3308333333343
decision_type=2 2 2 2 2 2 2 2 2 2 2 2 2 2 2 2 2 2 2 2 2 2 2 2 2 2 2 2 2 2
left_child=1 2 -1 7 5 8 -7 -3 -5 11 -11 -9 13 26 15 16 -15 28 -19 24 21 22 -21 -23 -14 -26 29 -27 -16 -2
right_child=12 3 -4 4 -6 6 -8 9 -10 10 -12 -13 19 14 17 -17 -18 18 -20 20 -22 23 -24 -25 25 27 -28 -29 -30 -31
leaf_value=-18.247264393951689 -101.23030802718247 -15.271499641351427 -127.23758822236479 8.0087775378938435 -10.301490889601469 15.218772427679763 23.015822131000682 20.045505597822963 -0.48870188047122975 4.2661864196998991 -6.8181668151072374 2.6305770062924418 -51.70553990096176 8.8193030803264225 0.076819231650785968 40.508067827737221 17.371495582844808 -34.163184001509244 23.068631108922894 -12.652618088076764 892.02382432692457 -126.35168094906327 646.63435079888234 -7.3350455581006289 1357.4409711131152 479.69482951232851 246.48387425999633 14.168037112516693 -20.702677240747455 -2.6051048575939153
leaf_weight=1253 620 1056 2692 147 219 39 69 69 278 160 959 262 1013 200 905 21 71 75 94 457 37 1158 44 1495 20 27 37 458 138 6029
leaf_count=1253 620 1056 2692 147 219 39 69 69 278 160 959 262 1013 200 905 21 71 75 94 457 37 1158 44 1495 20 27 37 458 138 6029
internal_value=-0.00069426 -0.00137984 -0.00210266 -0.000504605 0.000909574 0.00184052 0.00561111 -0.000928971 0.000882352 -0.000351725 -0.00074799 0.000987915 -0.00031142 -0.000146521 0.000450797 0.00203425 0.00153874 6.93062e-05 0.0017929 -0.000598217 -0.000837669 -0.000888396 0.000233532 -0.00110026 -9.48624e-05 0.000742574 -0.000280886 0.000525772 -0.000209972 -0.000301851
internal_weight=20102 7203 3945 3258 752 533 108 2506 425 1450 1119 331 12899 8190 1504 292 271 1212 169 4709 3191 3154 501 2653 1518 505 6686 485 1043 6649
internal_count=20102 7203 3945 3258 752 533 108 2506 425 1450 1119 331 12899 8190 1504 292 271 1212 169 4709 3191 3154 501 2653 1518 505 6686 485 1043 6649
is_linear=0
shrinkage=0.03


Tree=179
num_leaves=31
num_cat=0
split_feature=23 24 26 28 28 19 12 11 12 23 15 12 16 15 28 10 18 4 14 13 23 20 20 15 23 17 21 9 8 21
split_gain=5.83273 5.19088 6.97101 2.08843 1.55576 1.89563 1.5262 1.253 1.12039 0.855262 0.880703 0.853569 0.778083 1.01102 0.663345 0.891306 0.865108 1.30213 1.45729 0.828444 0.765395 0.696489 1.14984 1.81797 0.627955 0.585981 1.19141 0.552909 1.16391 0.512973
threshold=1377.584065901367 29225.497500000005 5.5000000000000009 8.5000000000000018 11.500000000000002 0.28038192647645849 5935.3700000000008 23378.275000000005 6393.8000000000011 391.72544377056983 0.99178938876404166 7324.1750000000002 -1547.4273743495144 0.7427361058580515 11.500000000000002 64982.44000000001 0.5800932029486684 50243.945000000007 14250.910000000002 4071.5000000000005 1414.1106379634141 0.11745643083246164 0.10622762411224766 1.0047361582712511 3048.0902340151292 0.55019914285508931 16159.195000000002 20520.590000000004 35106.965000000011 7646.6391666666668
decision_type=2 2 2 2 2 2 2 2 2 2 2 2 2 2 2 2 2 2 2 2 2 2 2 2 2 2 2 2 2 2
left_child=1 2 12 8 5 7 -7 -5 -3 11 -11 -10 13 -1 15 19 27 18 -18 25 -19 22 -16 -24 -23 26 -2 28 -17 -21
right_child=14 3 -4 4 -6 6 -8 -9 9 10 -12 -13 -14 -15 21 16 17 20 -20 29 -22 24 23 -25 -26 -27 -28 -29 -30 -31
leaf_value=-95.430695588046149 3.8624313317414116 -14.813354652110965 -123.42046057569387 7.7685142117570694 -9.9924461629134615 14.762209254849335 22.325347467070756 -0.47404082405704145 19.444140429888254 4.1382008271089044 -6.6136218106539895 2.551659696103743 -35.753845871608249 428.01843088565857 -34.892191470384347 -0.16230737828657957 1370.7967230196605 49.60526596014126 8.8638859067613502 1.67278713474503 0.50107114509495643 -23.701127989083709 -11.433209766903374 31.732900766649763 -25.106574591419893 -34.50516731197267 420.10667597484195 -12.988616480613313 41.942601813892601 -16.132648151049157
leaf_weight=31 835 1056 2692 147 219 39 69 278 69 160 959 262 1201 21 534 567 36 25 341 363 2125 309 31 26 347 2864 82 1796 61 2557
leaf_count=31 835 1056 2692 147 219 39 69 278 69 160 959 262 1201 21 534 567 36 25 341 363 2125 309 31 26 347 2864 82 1796 61 2557
internal_value=-0.000679336 -0.00136318 -0.00209506 -0.00047698 0.000909574 0.00178424 0.00533333 0.000882352 -0.000893057 -0.000351725 -0.00074799 0.000987915 -0.000246609 0.00334615 -0.000297466 -0.000227086 7.81653e-05 0.00046656 0.00209284 -0.00045262 0.000181395 -0.000955093 -0.000208123 0.0038421 -0.00162805 -0.000159482 0.000500545 -0.000326733 0.00043949 -0.000832192
internal_weight=20102 7203 3945 3258 752 533 108 425 2506 1450 1119 331 1253 52 12899 11652 4951 2527 377 6701 2150 1247 591 57 656 3781 917 2424 628 2920
internal_count=20102 7203 3945 3258 752 533 108 425 2506 1450 1119 331 1253 52 12899 11652 4951 2527 377 6701 2150 1247 591 57 656 3781 917 2424 628 2920
is_linear=0
shrinkage=0.03


Tree=180
num_leaves=31
num_cat=0
split_feature=27 2 28 28 7 16 19 27 19 19 18 15 8 8 8 4 15 18 13 25 4 23 20 12 2 28 28 12 20 18
split_gain=6.01354 12.8313 0.817932 1.65252 2.56722 1.68328 1.91001 1.23187 0.979266 1.14167 1.225 0.978367 0.928763 1.5685 0.90106 0.847099 0.949275 0.881622 0.59548 0.549177 0.766822 0.534109 0.492559 0.531213 0.456708 0.706503 0.883339 0.444363 0.510799 0.584308
threshold=3353.8266666666668 10039.540000000001 8.5000000000000018 11.500000000000002 28794.89960817471 734.18381062499486 0.27391602833513673 8116.7622222222235 0.17039725859000596 0.097362987714892435 0.68149743756242087 1.0019859911053559 3371.8825000000002 2072.9925000000007 42616.950000000004 1835.9650000000001 0.75037399211118638 0.55433320564078314 21296.350000000002 21673.555000000004 14475.780000000001 4761.4577398320862 0.11745643083246164 5935.3700000000008 27875.970000000005 8.5000000000000018 10.500000000000002 682.32500000000016 0.013520377496754048 0.068368370540381654
decision_type=2 2 2 2 2 2 2 2 2 2 2 2 2 2 2 2 2 2 2 2 2 2 2 2 2 2 2 2 2 2
left_child=1 27 7 4 19 6 -6 11 9 -5 -11 15 13 -13 -14 16 -2 -17 -9 20 -4 -7 23 -10 -3 -26 -27 28 29 -1
right_child=2 24 3 8 5 21 -8 18 22 10 -12 12 14 -15 -16 17 -18 -19 -20 -21 -22 -23 -24 -25 25 26 -28 -29 -30 -31
leaf_value=97.277360190721183 -212.71851467304958 -146.70115229227881 -96.146365138415433 -20.857352261923143 6.0755169017253907 0.74400611388227689 26.084511485472088 3.2378984944136224 -30.966927760904483 -10.294947956253601 159.9679322965149 -278.2032170843766 -26.875681152592829 157.69680981827727 -5.7125930163188494 -19.65680788572935 335.587858922669 -1.2165871263528336 -16.635634652214833 -57.124056021548952 49.88583407352602 -22.83717315777438 -21.347965768615648 4.5411320324849616 -30.726040441670794 23.394375009856486 -42.232890047855285 10.482218478399503 -127.0700686648137 -16.901990810135718
leaf_weight=49 26 2783 671 257 934 651 379 2735 250 20 20 47 1346 51 767 916 47 2176 991 180 339 363 600 59 129 31 36 1454 671 1124
leaf_count=49 26 2783 671 257 934 651 379 2735 250 20 20 47 1346 51 767 916 47 2176 991 180 339 363 600 59 129 31 36 1454 671 1124
internal_value=-0.000671874 -0.00144193 -0.000322243 -1.90628e-06 0.000326698 0.000906316 0.00161538 -0.000488465 -0.0009602 0.000535353 0.00525 -0.000779019 -0.00126323 0.00159184 -0.00139565 -0.000440759 0.00275342 -0.000516171 -6.92439e-05 -0.000806723 -0.000534654 -1.1835e-05 -0.00144885 -0.000475729 -0.00286908 -0.00146939 0.00102985 -0.000152821 -0.00046204 -8.43997e-05
internal_weight=20102 6277 13825 4723 3517 2327 1313 9102 1206 297 40 5376 2211 98 2113 3165 73 3092 3726 1190 1010 1014 909 309 2979 196 67 3298 1844 1173
internal_count=20102 6277 13825 4723 3517 2327 1313 9102 1206 297 40 5376 2211 98 2113 3165 73 3092 3726 1190 1010 1014 909 309 2979 196 67 3298 1844 1173
is_linear=0
shrinkage=0.03


Tree=181
num_leaves=31
num_cat=0
split_feature=23 27 14 27 11 28 28 19 16 23 16 1 19 28 23 24 26 7 28 28 17 20 22 7 0 27 27 3 20 10
split_gain=5.95533 6.36503 4.96113 1.05185 1.1297 0.967442 1.10162 1.49905 1.07908 1.0297 1.46954 0.823881 0.763045 0.629334 0.829477 0.71826 1.52083 0.876525 1.24924 0.770808 1.15681 1.99072 0.952065 0.623626 0.596129 0.58895 1.15395 0.56583 0.516593 0.592275
threshold=1377.584065901367 3353.8266666666668 4476.4600000000009 2562.1027777777786 2505.8750000000005 8.5000000000000018 10.500000000000002 0.29907527733851719 -57.281174913310672 405.69366137179082 -248.22357280822322 39885.409347842935 0.32737543874356473 11.500000000000002 1776.5951558711638 34822.943333333336 5.5000000000000009 28794.89960817471 8.5000000000000018 8.5000000000000018 0.65047837707359968 0.11511086098520835 120605.23500000002 40839.988325718987 28659.786259757526 4750.8300000000008 7948.7863888888887 1.0000000180025095e-35 0.96441116884472167 6370.1175000000012
decision_type=2 2 2 2 2 2 2 2 2 2 2 2 2 2 2 2 2 2 2 2 2 2 2 2 2 2 2 2 2 2
left_child=1 2 3 28 -5 9 7 8 -7 10 -3 -11 -9 15 -15 16 25 -18 -19 24 21 -21 -22 -13 -17 27 -27 -2 -1 -30
right_child=13 5 -4 4 -6 6 -8 12 -10 11 -12 23 -14 14 -16 19 17 18 -20 20 22 -23 -24 -25 -26 26 -28 -29 29 -31
leaf_value=-79.808922417156367 174.16520817049431 53.494090289783394 -116.75485684523311 502.29982996401435 -222.0314130563662 9.5462356641095401 -5.61508518266493 24.336512291466896 -0.93634376007437126 -17.271802152092036 -3.2776302804304791 8.0144028508701943 23.044110132097128 -23.257091345113569 -20.199563688197674 854.72167797337431 -108.55984325182774 -28.445865626969894 5.8571627209996189 82.594807819707711 -19.894758389594443 5.9975235398374203 223.40648982398369 -4.2518770946776137 -2.2661260518738988 -218.64559041447038 -11.494677550138569 -2.1686856014899587 263.11901982659271 -18.003593496543022
leaf_weight=552 82 23 2620 31 20 133 373 23 250 851 1114 63 39 153 1094 24 410 191 125 98 511 931 81 1013 3224 912 2115 2948 47 51
leaf_count=552 82 23 2620 31 20 133 373 23 250 851 1114 63 39 153 1094 24 410 191 125 98 511 931 81 1013 3224 912 2115 2948 47 51
internal_value=-0.000676351 -0.00136735 -0.00233153 -8.98723e-05 0.00405882 -0.000542505 0.000374082 0.00138202 0.000681461 -0.000787207 -7.12408e-05 -0.00120965 0.00570968 -0.000290488 -0.000931035 -0.000221937 -0.000421496 -0.00171901 -0.000531646 5.60683e-05 0.000590376 0.00119825 -0.000466217 -0.000657993 -0.000210592 -0.000265974 -0.000561943 2.97023e-05 -0.000415385 0.00159184
internal_weight=20102 7203 3321 701 51 3882 818 445 383 3064 1137 1927 62 12899 1247 11652 6783 726 316 4869 1621 1029 592 1076 3248 6057 3027 3030 650 98
internal_count=20102 7203 3321 701 51 3882 818 445 383 3064 1137 1927 62 12899 1247 11652 6783 726 316 4869 1621 1029 592 1076 3248 6057 3027 3030 650 98
is_linear=0
shrinkage=0.03


Tree=182
num_leaves=31
num_cat=0
split_feature=23 27 2 27 28 28 16 20 23 16 23 2 27 11 12 15 16 23 27 9 4 9 13 20 13 0 17 28 23 3
split_gain=5.76719 6.40465 4.85509 1.08993 0.8758 1.01794 1.24899 1.08555 0.968407 1.46362 0.858901 0.835656 1.01786 0.822792 0.726959 0.71829 0.838336 0.749862 0.677004 0.620043 1.7864 2.04668 0.553906 0.54368 0.533301 0.845322 0.953035 0.792072 0.526268 0.522046
threshold=1377.584065901367 3382.0072916666672 4555.6750000000011 2562.1027777777786 8.5000000000000018 10.500000000000002 -75.212585105113234 0.13186150941487448 405.69366137179082 -248.22357280822322 712.1885127435213 3593.3750000000005 1816.2893750000003 27131.750000000004 6333.3150000000014 1.0095901135374867 369.07793865541322 1564.241835609396 8985.0116666666672 5831.7050000000008 14214.370000000001 1190.2300000000002 1.0000000180025095e-35 0.96441116884472167 4123.0100000000011 28385.082508435833 0.29276595783358189 8.5000000000000018 13466.878928702617 55051.435000000005
decision_type=2 2 2 2 2 2 2 2 2 2 2 2 2 2 2 2 2 2 2 2 2 2 2 2 2 2 2 2 2 2
left_child=1 2 3 11 8 6 7 -6 9 -3 -8 23 -13 -10 -11 16 -2 -18 24 20 28 -22 -4 -1 -17 26 -26 -27 -20 -19
right_child=15 4 22 -5 5 -7 10 -9 13 14 -12 12 -14 -15 -16 18 17 29 19 -21 21 -23 -24 -25 25 27 -28 -29 -30 -31
leaf_value=-100.13487354707034 -2.4376959473407922 51.889267581089825 420.09975092082789 378.84809041062942 -1.5195516689077726 -5.0761883852973551 -3.3841622971475105 37.033202652408583 -13.528589604578954 -18.274991612950632 6.7170143495000252 -77.155781233328085 206.4876158522527 -3.1874453497449147 10.201141181132213 -24.483821644993018 57.960027027407513 29.129825632719594 45.069062328288467 -12.576224340970803 771.88539711128169 705.5200888816413 -110.77967465642789 163.96456614259384 -40.506524174997544 -18.105049870706928 -138.3275605425433 -0.05988486685214682 -223.25932484735614 0.57122117282979257
leaf_weight=417 7087 23 42 37 38 368 108 101 1057 726 188 23 35 854 382 685 35 32 163 2077 43 20 2710 94 268 578 724 840 110 237
leaf_count=417 7087 23 42 37 38 368 108 101 1057 726 188 23 35 854 382 685 35 32 163 2077 43 20 2710 94 268 578 724 840 110 237
internal_value=-0.000674859 -0.00135485 -0.00231209 0.000118811 -0.000518856 0.00036239 0.00134483 0.00369065 -0.00075148 -5.57036e-05 0.000243243 -0.000205625 0.0032069 -0.00116327 -0.000211192 -0.00029514 -0.000101881 0.00144079 -0.000554467 -0.000177788 0.00101786 0.00557143 -0.00284738 -0.000592956 -0.000848143 -0.00105809 -0.00172984 -0.000588153 -3.29677e-05 0.000903345
internal_weight=20102 7203 3358 606 3845 803 435 139 3042 1131 296 569 58 1911 1108 12899 7391 304 5508 2413 336 63 2752 511 3095 2410 992 1418 273 269
internal_count=20102 7203 3358 606 3845 803 435 139 3042 1131 296 569 58 1911 1108 12899 7391 304 5508 2413 336 63 2752 511 3095 2410 992 1418 273 269
is_linear=0
shrinkage=0.03


Tree=183
num_leaves=31
num_cat=0
split_feature=27 2 6 31 8 31 18 31 29 6 18 23 23 4 22 31 10 24 24 18 23 16 20 18 5 7 3 7 10 27
split_gain=6.07418 12.4626 0.657253 0.726871 0.607049 0.91838 1.52715 0.545117 0.99529 1.68542 0.696733 0.600609 0.728798 0.724524 0.523809 0.589185 0.559434 0.821449 0.550977 0.496309 0.414002 0.871645 0.460996 0.392752 1.73981 0.655862 1.26984 0.605092 0.495459 0.706908
threshold=3353.8266666666668 10039.540000000001 66583.864372804775 35.500000000000007 27681.957500000004 20.500000000000004 0.70991850133181889 32.500000000000007 3.5000000000000004 35995.102230169221 0.51247004443979838 1999.8148123211097 1796.849751665299 14214.370000000001 69341.485000000015 31.500000000000004 99109.419999999998 67477.875833333339 64479.465833333343 0.82055514835133081 2689.0505963732298 -1234.101931197062 0.10004402016610127 7474.0288135039455 6236.4838281250004 10837.33518949368 8393.7300000000014 28794.89960817471 10702.415000000003 2103.061666666667
decision_type=2 2 2 2 2 2 2 2 2 2 2 2 2 2 2 2 2 2 2 2 2 2 2 2 2 2 2 2 2 2
left_child=1 23 3 7 -3 -6 -7 11 9 -9 -10 12 -2 -13 15 16 17 -4 -18 20 21 -16 -22 28 -25 26 -26 -27 29 -1
right_child=2 4 14 -5 5 6 -8 8 10 -11 -12 13 -14 -15 19 -17 18 -19 -20 -21 22 -23 -24 24 25 27 -28 -29 -30 -31
leaf_value=-112.67370192926289 -4.5890827194401584 -130.03739583502559 -18.609730486635787 -22.876144392832785 -20.240158362441399 -19.176876135786554 25.698546049049771 35.407416986288801 14.037139446297932 2.5485791936416189 -2.1153058729212919 -60.017760809640222 -21.520489438685267 0.43458599418779326 40.307450441126832 22.445713747840873 2094.6547528751726 49.885914305619664 -21.731019404942622 -9.4977414082001417 36.057478018311421 4.0995853552823656 -6.359930316753216 275.0937012260211 174.18351777216432 -139.0873221259418 10.911501700674327 704.29363761050513 2.5477873975566783 44.6948173378834
leaf_weight=1016 3996 2832 37 158 96 25 26 42 30 114 287 2833 340 3274 27 24 20 91 162 274 120 921 1075 27 20 201 70 21 1661 282
leaf_count=1016 3996 2832 37 158 96 25 26 42 30 114 287 2833 340 3274 27 24 20 91 162 274 120 921 1075 27 20 201 70 21 1661 282
internal_value=-0.000658443 -0.00143237 -0.000307053 -0.000410151 -0.00283887 -0.000959184 0.00229412 -0.000380909 0.000615221 0.00257692 -0.000350158 -0.000426028 -0.000696034 -0.000234322 0.00010796 0.00122156 0.000870967 0.00239062 -0.000197803 -4.59254e-05 0.000107792 0.000575949 -0.000263599 -0.000161917 0.000805309 0.000173076 0.00233333 -0.000702703 -0.000272728 -0.000711865
internal_weight=20102 6277 13825 11074 2979 147 51 10916 473 156 317 10443 4336 6107 2751 334 310 128 182 2417 2143 948 1195 3298 339 312 90 222 2959 1298
internal_count=20102 6277 13825 11074 2979 147 51 10916 473 156 317 10443 4336 6107 2751 334 310 128 182 2417 2143 948 1195 3298 339 312 90 222 2959 1298
is_linear=0
shrinkage=0.03


Tree=184
num_leaves=31
num_cat=0
split_feature=23 24 26 28 5 6 16 26 7 15 13 26 12 23 10 4 28 28 10 18 20 18 21 31 24 16 23 20 3 20
split_gain=5.73366 5.35141 6.92225 1.20232 1.40862 0.923997 0.90868 1.45237 0.731788 0.717562 0.783324 0.926118 0.722204 1.84911 1.14797 0.84125 0.704376 1.289 0.968092 0.796459 0.688902 0.622604 0.614695 0.606711 0.58888 0.720289 0.561023 1.01366 0.971645 0.834699
threshold=1377.584065901367 29225.497500000005 5.5000000000000009 8.5000000000000018 30641.818330078127 39568.98526415119 -133.30290412304745 8.5000000000000018 40839.988325718987 1.0171335317085513 9664.5250000000033 4.5000000000000009 1.0000000180025095e-35 2112.5995533746568 9811.8325000000023 14993.555000000002 11.500000000000002 8.5000000000000018 98540.755000000019 0.54026921430181496 0.15503933676727197 0.68149743756242087 40376.171666666669 7.5000000000000009 5489.3308333333343 -797.0351142323733 2165.2895880931756 0.11820532331898002 28772.505000000001 0.14547604486072413
decision_type=2 2 2 2 2 2 2 2 2 2 2 2 2 2 2 2 2 2 2 2 2 2 2 2 2 2 2 2 2 2
left_child=1 2 -1 5 -5 -3 7 -6 22 10 11 24 13 14 -11 -15 17 19 -19 -12 -8 -10 -7 -17 -2 -26 27 28 -14 -28
right_child=9 3 -4 4 6 8 20 -9 21 12 16 -13 26 15 -16 23 -18 18 -20 -21 -22 -23 -24 -25 25 -27 29 -29 -30 -31
leaf_value=-10.650709585228775 -91.688457578115887 -12.622375353916441 -105.95269028203771 10.207327961647824 49.688498196973939 2.624815454859132 3.6903344882289493 0.64698902547744774 -7.6819920467819278 104.53233965045028 -25.995002334254874 -12.900140445345444 -41.717797318150957 -78.963275312002892 332.21366124157112 -5.7993497720656331 -8.7915289464136368 22.74458992688432 6.214118120943386 1.7889815001967475 -2.768497123943964 0.52498936901876359 8.7404382007925943 182.36341962883498 -6.8985718335986004 145.51174086049198 -37.255870053523118 -23.434965412265498 11.87722064263515 -6.7521810146377215
leaf_weight=1253 614 1016 2692 30 45 56 312 82 734 23 428 888 22 1160 25 253 313 364 353 1763 283 659 41 177 3201 266 1071 461 20 1497
leaf_count=1253 614 1016 2692 30 45 56 312 82 734 23 428 888 22 1160 25 253 313 364 353 1763 283 659 41 177 3201 266 1071 461 20 1497
internal_value=-0.000643519 -0.00132153 -0.00206464 -0.000421732 0.000630318 -0.000737431 0.00036565 0.00266929 -0.000261746 -0.000264905 -9.52388e-05 -0.000331456 -0.000559992 -5.12828e-05 0.00575 -0.000226416 0.00026917 0.000414717 0.00151883 5.33996e-05 -0.000126051 -0.000437187 0.00225773 0.000906976 -0.000140407 1.12482e-05 -0.000831326 -0.00174752 0.00271428 -0.00065187
internal_weight=20102 7203 3945 3258 752 2506 722 127 1490 12899 8190 4969 4709 1638 48 1590 3221 2908 717 2191 595 1393 97 430 4081 3467 3071 503 42 2568
internal_count=20102 7203 3945 3258 752 2506 722 127 1490 12899 8190 4969 4709 1638 48 1590 3221 2908 717 2191 595 1393 97 430 4081 3467 3071 503 42 2568
is_linear=0
shrinkage=0.03


Tree=185
num_leaves=31
num_cat=0
split_feature=27 2 8 8 28 17 27 13 24 27 31 14 13 28 28 17 6 15 20 3 12 10 27 23 10 27 27 24 15 5
split_gain=6.15868 12.6326 0.670589 0.607049 1.56052 0.589606 0.605562 1.35122 0.792584 1.15796 0.693957 0.66328 0.587667 0.754873 1.64397 1.62535 0.806443 0.817798 0.751954 0.535808 0.468947 0.74203 0.810847 0.915719 0.810856 0.533804 0.467865 0.745759 0.971889 0.732399
threshold=3353.8266666666668 10039.540000000001 51612.380000000005 27681.957500000004 8.5000000000000018 0.42772691855759654 6721.4134027777791 14989.465000000002 67477.875833333339 7575.3844444444467 27.500000000000004 23870.745000000003 1.0000000180025095e-35 8.5000000000000018 10.500000000000002 0.65911561968615595 2319.8345000000004 0.99997887954540843 0.16535231439213469 54185.245000000003 1511.7850000000003 47295.652500000004 2999.8762500000007 4976.3579216337384 9811.8325000000023 1736.1893750000002 5350.9725000000008 14866.775833333335 0.66020439139275044 36140.722918090825
decision_type=2 2 2 2 2 2 2 2 2 2 2 2 2 2 2 2 2 2 2 2 2 2 2 2 2 2 2 2 2 2
left_child=1 20 12 -3 -5 -4 7 10 19 -10 -7 -9 26 16 15 -15 -14 -18 -16 -8 -1 22 24 -24 -22 -23 -2 28 -28 -29
right_child=2 3 5 4 -6 6 8 11 9 -11 -12 -13 13 14 18 -17 17 -19 -20 -21 21 25 23 -25 -26 -27 27 29 -30 -31
leaf_value=-24.281980129267822 38.87134253575239 -123.23579102276082 281.64943204154645 -20.487769349837713 23.003098898378358 -2.3905413275413263 13.615154420446746 29.873769705592476 23.969200245403332 0.52273501987150706 4.5846994102531076 11.402332395528269 301.113406350368 8.4892501053345075 -5.379603660922716 -13.015371909499878 -3.2406278545013802 -19.837038188971825 -28.947805844038278 -11.121399226653322 -73.831636208030233 126.50699783410447 -20.653109415543803 398.19398508952997 77.930129850867274 -173.41434382208485 152.84739272406887 121.94561529036284 -162.85277790792512 -233.20332076518554
leaf_weight=2508 461 2832 23 118 29 381 110 30 57 2445 83 55 23 759 860 486 2265 2532 421 837 266 35 20 26 296 147 137 803 672 385
leaf_count=2508 461 2832 23 118 29 381 110 30 57 2445 83 55 23 759 860 486 2265 2532 421 837 266 35 20 26 296 147 137 803 672 385
internal_value=-0.000643519 -0.00142281 -0.000289693 -0.00283887 -0.000959184 3.65574e-05 9.00379e-06 0.000934426 -0.000138302 0.000141486 0.000297413 0.00441176 -0.000423501 -0.000557855 -0.000137768 0.000638554 -0.000778009 -0.000804879 -0.000892272 -0.000877509 -0.000143724 0.00049367 0.00099671 0.00482609 0.000683273 -0.00118681 -2.19698e-05 -0.000220832 -0.000923363 0.000257575
internal_weight=20102 6277 13825 2979 147 4021 3998 549 3449 2502 464 85 9804 7346 2526 1245 4820 4797 1281 947 3298 790 608 46 562 182 2458 1997 809 1188
internal_count=20102 6277 13825 2979 147 4021 3998 549 3449 2502 464 85 9804 7346 2526 1245 4820 4797 1281 947 3298 790 608 46 562 182 2458 1997 809 1188
is_linear=0
shrinkage=0.03


Tree=186
num_leaves=31
num_cat=0
split_feature=27 2 2 28 28 24 5 25 18 8 17 19 3 1 18 28 28 7 10 7 14 23 4 9 4 4 5 3 0 18
split_gain=6.13512 12.4535 0.680474 0.848388 1.21067 0.627712 1.20732 1.03341 0.875138 1.49795 1.23401 1.05653 0.959027 0.857206 1.03903 0.826057 1.0471 1.22224 0.806612 0.796932 1.23223 0.77327 0.710917 0.869242 0.692488 0.691722 0.612652 0.608328 0.929947 0.501434
threshold=3353.8266666666668 10039.540000000001 27562.210000000003 8.5000000000000018 10.500000000000002 34822.943333333336 35574.498903263033 18479.765000000003 0.54026921430181496 113219.25500000002 0.66369133439768135 0.36571367782771685 21170.170000000002 13590.322441594284 0.13267233151289518 8.5000000000000018 10.500000000000002 27446.947960741811 51911.665000000008 47929.201867818578 4632.4150000000009 7253.9813937853751 35370.32 19655.975000000002 30816.820000000003 19833.850000000002 39276.988104895972 1.0000000180025095e-35 13676.514809849237 4235.7401738791059
decision_type=2 2 2 2 2 2 2 2 2 2 2 2 2 2 2 2 2 2 2 2 2 2 2 2 2 2 2 2 2 2
left_child=1 29 -3 -4 -5 7 18 13 9 12 11 -10 -8 27 25 -9 17 -17 19 20 -7 -11 23 -20 -16 -15 -12 28 -2 -1
right_child=5 2 3 4 -6 6 8 15 10 21 26 -13 -14 14 24 16 -18 -19 22 -21 -22 -23 -24 -25 -26 -27 -28 -29 -30 -31
leaf_value=-23.59669488366665 143.59082520160436 -127.3144693912398 -20.457345830141822 30.273248243462366 -28.337498058684158 1650.1161221425384 766.81121375396424 -26.209796791383077 1.8617266539823987 408.24610503101059 -15.517700582655513 -13.930334150658719 -19.234668082840933 758.1745723097589 58.154374504094001 -83.629434885597362 -21.224310921843724 6.9202560418083321 -9.9815590670673533 -805.02654780419402 12.996748992495814 16.246664811771215 -4.5255252294739359 213.52789623217868 -308.46128229396675 1862.619079703798 -4.041736797074976 -60.296035698854077 -365.81107859795134 18.467138416292297
leaf_weight=2723 150 2760 143 36 40 21 124 1484 3584 37 139 399 1194 59 825 108 383 228 53 21 70 88 121 74 226 33 1838 2527 39 575
leaf_count=2723 150 2760 143 36 40 21 124 1484 3584 37 139 399 1194 59 825 108 383 228 53 21 70 88 121 74 226 33 1838 2527 39 575
internal_value=-0.000645011 -0.00142281 -0.0028288 -0.00121918 0.0013421 -0.000291863 -0.00011323 -0.000520621 -0.000195732 -0.000858629 -3.52356e-05 0.000268892 -0.0011563 -0.00022467 0.000464566 -0.00103904 -0.000204451 0.00101786 0.00158333 0.00369643 0.00491209 0.00228 0.000629032 0.00219685 0.000196955 0.00352174 -0.000647952 -0.000514728 0.00112698 -0.000152821
internal_weight=20102 6277 2979 219 76 13825 7763 6062 7403 1443 5960 3983 1318 3859 1143 2203 719 336 360 112 91 125 248 127 1051 92 1977 2716 189 3298
internal_count=20102 6277 2979 219 76 13825 7763 6062 7403 1443 5960 3983 1318 3859 1143 2203 719 336 360 112 91 125 248 127 1051 92 1977 2716 189 3298
is_linear=0
shrinkage=0.03


Tree=187
num_leaves=31
num_cat=0
split_feature=27 2 2 28 28 0 27 12 23 13 19 16 26 16 17 4 25 14 28 12 20 18 23 12 28 10 4 1 1 17
split_gain=6.12559 12.6234 0.680474 0.848388 1.21067 0.650746 0.767303 0.981374 0.867594 0.579986 0.908721 1.42592 1.15379 0.95995 0.851548 0.629457 0.864009 0.756435 0.586021 0.45893 0.603967 0.584308 1.14966 0.512259 0.495037 0.465769 0.625779 0.437348 0.913273 0.418683
threshold=3353.8266666666668 10039.540000000001 27562.210000000003 8.5000000000000018 10.500000000000002 65870.087600332583 7502.4643750000005 8554.0950000000012 2326.6237185814794 1.0000000180025095e-35 0.16170750343984694 12983.951725480763 8.5000000000000018 -272.10494625286805 0.69894967357551063 7614.6150000000007 3403.1850000000004 14785.245000000003 10.500000000000002 588.72000000000014 0.013520377496754048 0.068368370540381654 269.35499721398077 1.0000000180025095e-35 11.500000000000002 47295.652500000004 11271.715000000002 25784.749472893938 23419.681249662874 1.6601864310512349
decision_type=2 2 2 2 2 2 2 2 2 2 2 2 2 2 2 2 2 2 2 2 2 2 2 2 2 2 2 2 2 2
left_child=1 19 -3 -4 -5 9 7 -7 -9 15 11 18 13 -12 -14 27 -17 -18 -11 20 21 22 -1 -23 25 26 -21 28 -2 -26
right_child=5 2 3 4 -6 6 -8 8 -10 10 12 -13 14 -15 -16 16 17 -19 -20 24 -22 23 -24 -25 29 -27 -28 -29 -30 -31
leaf_value=-145.64829696443007 -59.397562242738516 -123.4950353095026 -19.843625455237561 29.365050796158499 -27.48737311692361 -35.282206204917181 0.3138122065308816 9.697084308256942 21.830770762973824 -12.614052775750896 0.028337424416344723 338.24199518051125 0.95560849450656649 -16.480462833529472 -8.9052826919457804 324.68518909156103 5.3254979493571399 1571.4232946956213 44.407543009714587 4.8708774679494589 -131.45518354682144 -20.995825954522385 182.58845309704 96.901149902320071 -177.0958977543753 -83.728456293210883 111.92693766353389 -234.27974028145087 1100.0769980805082 206.56380767298441
leaf_weight=28 882 2760 143 36 40 30 2678 20 23 735 1429 24 2207 3996 207 38 1274 104 56 836 559 1085 21 39 104 234 358 102 20 34
leaf_count=28 882 2760 143 36 40 30 2678 20 23 735 1429 24 2207 3996 207 38 1274 104 56 836 559 1085 21 39 104 234 358 102 20 34
internal_value=-0.000636057 -0.00141326 -0.0028288 -0.00121918 0.0013421 -0.000283183 0.00012977 0.00316438 0.00606977 -0.000385769 -0.000500578 -0.00145399 -0.000401455 -0.00064424 0.000144158 2.47927e-05 0.000432203 0.000309143 -0.00167257 -0.000134628 -0.000471132 -8.43997e-05 0.00312245 -0.0002242 0.000237547 0.000403361 0.000643215 -0.000549802 -0.000339247 -0.00147826
internal_weight=20102 6277 2979 219 76 13825 2751 73 43 11074 8654 815 7839 5425 2414 2420 1416 1378 791 3298 1732 1173 49 1124 1566 1428 1194 1004 902 138
internal_count=20102 6277 2979 219 76 13825 2751 73 43 11074 8654 815 7839 5425 2414 2420 1416 1378 791 3298 1732 1173 49 1124 1566 1428 1194 1004 902 138
is_linear=0
shrinkage=0.03


Tree=188
num_leaves=31
num_cat=0
split_feature=27 2 0 28 18 8 9 22 19 23 8 13 28 28 8 19 5 13 15 18 21 25 13 27 10 28 20 22 4 27
split_gain=6.44988 12.5474 0.647506 1.2828 1.27201 0.58435 0.794231 0.663146 0.895295 0.968481 0.818928 0.605406 0.963642 1.48965 1.65047 1.04133 0.674313 0.666667 0.65141 0.501434 1.03931 1.3476 0.783332 1.17739 0.544009 0.860141 0.67305 0.599516 0.499261 0.489289
threshold=3353.8266666666668 10039.540000000001 28005.422699976367 8.5000000000000018 0.70991850133181889 51612.380000000005 25946.265000000003 55249.765000000007 0.18354885037364657 1733.5465701085848 54538.115000000013 1.0000000180025095e-35 8.5000000000000018 11.500000000000002 27999.740000000005 0.164001999897148 57018.406606265984 19234.460000000003 0.99997887954540843 4235.7401738791059 4113.088333333334 3552.1375000000003 3599.4000000000005 2756.0462500000003 10702.415000000003 2.5000000000000004 0.63106098838974078 361.40000000000003 4616.8450000000003 2103.061666666667
decision_type=2 2 2 2 2 2 2 2 2 2 2 2 2 2 2 2 2 2 2 2 2 2 2 2 2 2 2 2 2 2
left_child=1 19 -3 -4 -5 11 -7 8 -8 -10 -9 -2 16 14 -14 -15 18 -18 -13 24 21 -21 23 -22 25 26 -1 -26 -29 -27
right_child=5 2 3 4 -6 6 7 10 9 -11 -12 12 13 15 -16 -17 17 -19 -20 20 22 -23 -24 -25 27 29 -28 28 -30 -31
leaf_value=-90.807170853266911 0.78561855406126746 -115.62408787225111 -18.399896010148776 -5.561651621749645 26.307655790031834 294.4948186448845 -17.591143232505022 -13.09378247145788 16.672201327022151 0.40003647149108129 -0.11445695607305933 -3.4484353770471468 -47.956397871440373 92.602765198385697 5.1290189678591487 -30.233396991416313 1030.9498526323057 -44.272338869606614 -18.245253266095713 -58.455764470185819 -0.57250286258633154 245.05448947640119 -268.22847331120761 464.35298398432445 166.0538365278301 -148.65732570305241 278.15863998688798 38.51732613769159 -22.322095023286831 15.301364516845213
leaf_weight=171 2458 2812 126 21 20 20 122 189 129 170 3391 2255 805 36 1071 614 27 27 2511 28 393 39 61 54 23 671 60 661 977 160
leaf_count=171 2458 2812 126 21 20 20 122 189 129 170 3391 2255 805 36 1071 614 27 27 2511 28 393 39 61 54 23 671 60 661 977 160
internal_value=-0.000630087 -0.00142759 -0.00283887 -0.00102395 0.00358537 -0.000267993 3.65574e-05 6.7476e-06 0.00113302 0.00201672 -0.000125699 -0.000392902 -0.000529268 -5.46325e-05 0.0003742 -0.00129231 -0.000778009 0.00255555 -0.000815779 -0.000152821 0.000652173 0.00416418 0.000188976 0.00062416 -0.000322806 -0.000853108 0.000766233 1.62546e-05 -5.12828e-05 -0.00130325
internal_weight=20102 6277 2979 167 41 13825 4021 4001 421 299 3580 9804 7346 2526 1876 650 4820 54 4766 3298 575 67 508 447 2723 1062 231 1661 1638 831
internal_count=20102 6277 2979 167 41 13825 4021 4001 421 299 3580 9804 7346 2526 1876 650 4820 54 4766 3298 575 67 508 447 2723 1062 231 1661 1638 831
is_linear=0
shrinkage=0.03


Tree=189
num_leaves=31
num_cat=0
split_feature=27 2 2 28 16 28 0 27 13 19 16 28 28 28 18 15 15 31 15 28 31 16 22 13 13 11 25 23 18 23
split_gain=6.40657 12.1082 0.792013 1.02773 1.04404 1.75483 0.597017 0.716932 0.584404 0.928654 1.42592 0.849509 1.55685 0.586021 0.530013 0.488742 1.18317 0.426366 0.520915 0.402225 0.396179 0.832658 0.695626 0.34896 0.519741 1.49748 0.882081 0.767284 0.437154 1.63397
threshold=3353.8266666666668 10039.540000000001 27562.210000000003 8.5000000000000018 439.0530521296642 10.500000000000002 65870.087600332583 7284.8286805555572 1.0000000180025095e-35 0.16170750343984694 12983.951725480763 11.500000000000002 8.5000000000000018 10.500000000000002 0.76648444639026747 1.2491391115602453 1.2097079544911506 5.5000000000000009 1.5745404526269511 8.5000000000000018 32.500000000000007 -1188.2322050839546 69341.485000000015 3732.3750000000005 2586.3000000000006 488.88500000000005 5991.4125000000013 1324.2660671588253 7474.0288135039455 4871.0173936671044
decision_type=2 2 2 2 2 2 2 2 2 2 2 2 2 2 2 2 2 2 2 2 2 2 2 2 2 2 2 2 2 2
left_child=1 23 -3 -4 5 -5 8 -8 15 10 13 12 -11 -10 -13 16 19 18 -17 -2 -9 -22 -23 24 28 27 -27 -26 -1 -30
right_child=6 2 3 4 -6 -7 7 20 9 11 -12 14 -14 -15 -16 17 -18 -19 -20 -21 21 22 -24 -25 25 26 -28 -29 29 -31
leaf_value=-20.617466639214022 20.433849831131258 -116.32146161404998 -18.696319811276009 33.626910511724503 -20.439025065438887 -18.70987599830751 20.659450515937795 -0.26094377333847441 -12.235112086449741 -5.6471563376899994 309.71153872020255 -23.162523325481725 2.292622223058165 40.297233763471688 -7.3539114249182029 -99.85024803219855 1895.442561378424 -197.79048025506944 50.094370663164852 -37.66959839787993 240.66293026653932 18.400411836402537 0.50366976609405278 -99.96379904295631 137.1628117574416 647.98416581802201 173.5985926582137 -47.216971711513118 147.30243101222706 0.096115939699220845
leaf_weight=2486 1127 2760 143 22 27 27 26 2425 735 5068 24 513 2052 56 206 92 39 351 201 610 26 20 254 307 34 26 25 146 32 242
leaf_count=2486 1127 2760 143 22 27 27 26 2425 735 5068 24 513 2052 56 206 92 39 351 201 610 26 20 254 307 34 26 25 146 32 242
internal_value=-0.000637549 -0.00143237 -0.00281873 -0.00108219 0.00173684 0.00434694 -0.000276673 0.000118865 -0.000374933 -0.000490179 -0.00145399 -0.000389974 -0.000290731 -0.00167257 -0.00137274 3.71894e-05 0.000293918 -0.000670808 0.000174061 0.000177892 7.15589e-05 0.0011 0.000613138 -0.00018011 -8.12444e-05 0.00128571 0.00582353 -7.15256e-10 -0.000195653 0.000941605
internal_weight=20102 6277 2979 219 76 49 13825 2751 11074 8654 815 7839 7120 791 719 2420 1776 644 293 1737 2725 300 274 3298 2991 231 51 180 2760 274
internal_count=20102 6277 2979 219 76 49 13825 2751 11074 8654 815 7839 7120 791 719 2420 1776 644 293 1737 2725 300 274 3298 2991 231 51 180 2760 274
is_linear=0
shrinkage=0.03


Tree=190
num_leaves=31
num_cat=0
split_feature=23 1 26 28 4 12 23 12 15 16 19 17 20 8 23 12 17 2 13 23 28 18 8 19 14 23 2 31 3 20
split_gain=5.25623 5.30716 6.90895 1.18568 1.13048 0.918823 0.860424 1.07313 0.988661 0.725704 1.35707 0.677521 1.13082 1.03423 0.979078 0.912275 0.850349 0.796474 0.795654 0.843165 0.792939 0.729391 0.831354 0.717555 0.669707 0.874225 0.714345 0.61736 0.585624 0.571983
threshold=1377.584065901367 28773.716443069025 5.5000000000000009 8.5000000000000018 30506.410000000003 6333.3150000000014 391.72544377056983 7324.1750000000002 0.99178938876404166 -133.30290412304745 0.23303940636623249 0.65608552113714613 0.13822646203100025 46537.290000000008 1519.497447787988 7019.9150000000018 1.5792117674175088 73316.325000000026 21556.800000000007 2618.9734123309509 11.500000000000002 23029.428459060728 5928.5675000000001 0.58881474556660007 21507.385000000006 2141.4205037266647 50649.455000000009 6.5000000000000009 55723.275000000009 0.15503933676727197
decision_type=2 2 2 2 2 2 2 2 2 2 2 2 2 2 2 2 2 2 2 2 2 2 2 2 2 2 2 2 2 2
left_child=1 2 -1 5 -5 -3 7 -7 -8 10 -6 12 13 21 15 27 -16 -17 19 -15 24 22 -2 -18 25 -14 -26 -13 -25 -11
right_child=11 3 -4 4 9 6 8 -9 -10 29 -12 14 20 18 16 17 23 -19 -20 -21 -22 -23 -24 28 26 -27 -28 -29 -30 -31
leaf_value=-7.2208892855041062 69.994574960283032 -11.500079328158407 -95.006721748671893 6.3753108841930963 -0.34100956431318658 18.832325579407321 4.6791975625680982 5.551218399005271 -4.3522847057040712 3.4896976890168112 47.948750128041695 41.567916221811487 -15.116354429255697 4.0004664218171273 -22.300806297172727 25.918082511094848 2.4513492853533365 30.894258813738013 0.60865169912468353 22.488626153409758 -27.467918227909166 672.8842327942034 -9.5706959736190278 -189.75532630593707 9.9371582210192244 -0.63126985860068852 -1.7502228788935854 -7.3941826027639319 216.89184779066952 -1.6003302241965629
leaf_weight=1252 656 1059 2663 38 84 74 166 262 969 315 43 26 802 186 3712 29 2273 28 275 168 385 26 1282 205 358 910 1487 63 28 278
leaf_count=1252 656 1059 2663 38 84 74 166 262 969 315 43 26 802 186 3712 29 2273 28 275 168 385 26 1282 205 358 910 1487 63 28 278
internal_value=-0.000639042 -0.00128821 -0.00203448 -0.000399636 0.00064116 -0.000711463 -0.000226377 0.00110714 -0.000621146 0.000374999 0.00243307 -0.000276534 -6.19747e-05 0.000424604 -0.000496858 0.00193151 -0.000553877 0.00489474 0.00148331 0.00242373 -0.00038204 8.5539e-05 1.85751e-05 -0.000126896 -0.000242059 -0.000669393 0.000154471 3.37071e-05 -0.00171245 -6.5768e-05
internal_weight=20102 7203 3915 3288 758 2530 1471 336 1135 720 127 12899 6535 2593 6364 146 6218 57 629 354 3942 1964 1938 2506 3557 1712 1845 89 233 593
internal_count=20102 7203 3915 3288 758 2530 1471 336 1135 720 127 12899 6535 2593 6364 146 6218 57 629 354 3942 1964 1938 2506 3557 1712 1845 89 233 593
is_linear=0
shrinkage=0.03


Tree=191
num_leaves=31
num_cat=0
split_feature=23 7 26 28 4 12 10 18 14 17 23 20 8 31 5 20 17 28 18 8 19 2 10 26 18 28 19 16 16 16
split_gain=5.29151 5.40612 7.37461 0.832091 1.01365 0.911762 0.758201 1.18956 1.07479 0.683268 1.05797 1.02967 0.968176 0.923658 0.875704 0.909072 0.831943 0.746816 0.726475 0.749044 0.682656 0.677352 0.625749 1.16232 0.827115 0.572588 0.994768 0.568182 0.531165 0.525148
threshold=1436.2249574756586 28794.89960817471 5.5000000000000009 8.5000000000000018 30506.410000000003 6173.4500000000007 155575.15500000003 0.68399313660436201 35099.955000000009 0.65608552113714613 1519.497447787988 0.13822646203100025 46537.290000000008 17.500000000000004 49845.892578125007 0.13705317442410223 1.6062734756459467 11.500000000000002 23029.428459060728 5928.5675000000001 0.58881474556660007 30836.615000000002 58740.06500000001 5.5000000000000009 0.59200678430077158 11.500000000000002 0.28380940808887606 133.93686849400368 -3459.0952885271854 -34843.539434374979
decision_type=2 2 2 2 2 2 2 2 2 2 2 2 2 2 2 2 2 2 2 2 2 2 2 2 2 2 2 2 2 2
left_child=1 2 -1 5 21 -3 7 -7 -8 11 13 12 18 27 -14 -16 29 22 19 -2 -18 -5 23 -13 -24 26 -6 -11 -22 -12
right_child=9 3 -4 4 25 6 8 -9 -10 10 16 17 14 -15 15 -17 20 -19 -20 -21 28 -23 24 -25 -26 -27 -28 -29 -30 -31
leaf_value=-6.4354999209343324 56.295013001258781 -11.357755173761753 -89.635064688128068 7.1420384611389789 0.062844680961331001 -4.5243469513382086 409.56786812759827 3.4614191412408726 11.601049010353458 49.873763450938554 2091.802481179428 0.70686294649584192 32.308996117600202 -9.7625442726206302 7.0185184307688564 22.239533369891284 4.905715165857683 -23.231093375131525 652.69770581037744 -8.885018986464047 247.7131949115942 0.15943741717435367 -6.8316344160301163 -24.734747681196872 7.4842598908853901 -7.6528984042217978 16.731668603656452 27.930737770274956 -196.86991153498417 -22.445024477022514
leaf_weight=1279 645 1020 2719 20 431 972 21 552 66 22 22 569 28 37 571 20 2210 372 26 1267 20 21 1371 445 1061 230 97 22 205 3761
leaf_count=1279 645 1020 2719 20 431 972 21 552 66 22 22 569 28 37 571 20 2210 372 26 1267 20 21 1371 445 1061 230 97 22 205 3761
internal_value=-0.00063158 -0.00126737 -0.00201701 -0.000393587 0.000454317 -0.000651084 -0.000206705 -0.000362205 0.00251724 -0.000258956 -0.000480553 -4.00007e-05 0.000425889 0.00292593 0.0014588 0.0012132 -0.000524928 -0.000352017 9.59745e-05 2.8242e-05 -9.24032e-05 0.00504878 -0.000214162 -0.000840237 4.68743e-05 0.000205804 0.000749999 0.00586364 -0.00166667 -0.000803331
internal_weight=20102 7428 3998 3430 799 2631 1611 1524 87 12674 6299 6375 2557 81 619 591 6218 3818 1938 1912 2435 41 3446 1014 2432 758 528 44 225 3783
internal_count=20102 7428 3998 3430 799 2631 1611 1524 87 12674 6299 6375 2557 81 619 591 6218 3818 1938 1912 2435 41 3446 1014 2432 758 528 44 225 3783
is_linear=0
shrinkage=0.03


Tree=192
num_leaves=31
num_cat=0
split_feature=23 1 26 28 10 11 15 23 31 23 28 24 26 28 15 9 21 18 23 10 14 22 4 23 23 10 13 13 31 10
split_gain=5.34131 5.2219 7.12956 0.999674 1.3601 0.766724 0.690047 0.848485 0.652594 1.10389 0.620376 0.723036 1.9339 0.978955 1.66243 1.80933 0.804371 0.60067 0.579154 0.576004 0.824893 0.574398 0.775758 0.562365 0.507379 0.486428 0.459351 0.707733 0.436658 0.675565
threshold=1436.2249574756586 28773.716443069025 5.5000000000000009 8.5000000000000018 40403.542500000003 27858.640000000003 0.99764031669640885 1161.8446885868518 19.500000000000004 557.89184853740994 11.500000000000002 28098.005833333336 5.5000000000000009 8.5000000000000018 1.0338177248331348 28688.200000000004 107342.94750000001 0.68629390102223675 1776.5951558711638 69926.635000000009 38745.68 361.40000000000003 160.64500000000001 2056.4796739867015 64492.004182345881 44074.320000000007 14286.660000000002 11200.970000000003 30.500000000000004 106155.145
decision_type=2 2 2 2 2 2 2 2 2 2 2 2 2 2 2 2 2 2 2 2 2 2 2 2 2 2 2 2 2 2
left_child=1 2 26 5 -5 8 7 -6 9 -3 11 12 21 19 15 -15 -16 -10 -12 23 -21 22 -2 -13 -20 -8 27 -1 -7 -30
right_child=10 3 -4 4 6 28 25 -9 17 -11 18 13 -14 14 16 -17 -18 -19 24 20 -22 -23 -24 -25 -26 -27 -28 -29 29 -31
leaf_value=-5.9312549577743923 -115.41310561496094 -1.6161152206226985 -88.909971121182323 8.4824243314646157 16.865702125541535 -1.1467707500612063 4.038314526985979 -5.3511110819703998 -5.8577215765452006 -16.208836767882858 -18.218387158764358 -11.791673167557601 -101.85391220328287 19.108654977967717 -22.481830168903027 5.1026683539817759 748.8844363909609 4.841513285068392 -21.022661000401207 1.2998682546724949 -33.651887909181269 -20.543050259243948 476.57697472029673 -2.7050031676326669 1064.2592156573157 -0.75333563754348254 -672.75532553348626 1217.7373248253068 0.15442477154478859 48.587918898462021
leaf_weight=1183 24 383 2708 31 112 1089 33 42 329 599 132 354 351 461 374 960 40 163 1058 2247 458 5632 20 527 36 584 68 27 50 27
leaf_count=1183 24 383 2708 31 112 1089 33 42 329 599 132 354 351 461 374 960 40 163 1058 2247 458 5632 20 527 36 584 68 27 50 27
internal_value=-0.000628595 -0.00126737 -0.00200652 -0.000411389 0.000516209 -0.000693183 0.000268482 0.00206493 -0.0011479 -0.00159471 -0.000254222 -0.000185535 -0.000411648 6.58543e-05 0.000629427 0.00111682 -0.00104348 -0.000256098 -0.000895596 -0.000222533 -5.546e-06 -0.000278013 0.00313636 -0.000888763 -0.000669105 -0.000179903 -0.000159625 -2.47941e-05 -0.000118354 0.00206493
internal_weight=20102 7428 3986 3442 802 2640 771 154 1474 982 12674 11448 6027 5421 1835 1421 414 492 1226 3586 2705 5676 44 881 1094 617 1278 1210 1166 77
internal_count=20102 7428 3986 3442 802 2640 771 154 1474 982 12674 11448 6027 5421 1835 1421 414 492 1226 3586 2705 5676 44 881 1094 617 1278 1210 1166 77
is_linear=0
shrinkage=0.03


Tree=193
num_leaves=31
num_cat=0
split_feature=27 2 7 28 9 24 31 18 20 18 16 28 17 15 28 19 7 19 16 8 18 12 7 1 10 19 2 16 15 15
split_gain=6.3343 11.6505 1.05658 2.07478 1.30096 0.73498 0.601789 1.30711 1.32428 0.991594 0.938355 0.932986 0.91135 1.1104 1.00231 0.752794 0.673801 0.62952 1.64368 1.90004 0.707628 0.560588 0.728245 0.699034 0.555969 0.609447 0.498701 0.493325 0.491863 0.464415
threshold=3353.8266666666668 10039.540000000001 26623.857666527692 8.5000000000000018 16733.580000000005 28098.005833333336 20.500000000000004 0.60833717930894615 0.12810516507260039 0.59925971835174807 -1666.454134410327 11.500000000000002 0.6091977060356778 0.99792032544010756 6.5000000000000009 1.0000000180025095e-35 57237.927740441308 0.15843834196752646 12983.951725480763 36530.092500000006 57344.397984489864 6904.8700000000017 10837.33518949368 104867.27441250002 91628.585000000006 0.26652030706631985 88219.710000000006 -394.57915260407748 1.3709697863374275 1.5392235573331263
decision_type=2 2 2 2 2 2 2 2 2 2 2 2 2 2 2 2 2 2 2 2 2 2 2 2 2 2 2 2 2 2
left_child=1 -1 -3 -4 -5 -6 15 8 9 16 26 12 14 -14 -9 21 -8 18 -17 -20 27 28 -23 -24 -13 -26 -10 -19 -2 -30
right_child=6 2 3 4 5 -7 7 11 10 -11 -12 24 13 -15 -16 17 -18 20 19 -21 -22 22 23 -25 25 -27 -28 -29 29 -31
leaf_value=-8.0748510023435429 7.8451800483659486 -123.64703291280202 -18.579577273269553 35.735241920559957 -8.4924805622405959 14.94478910518967 14.426310681157979 -0.51733486275960328 -0.65079113921682663 -2.6639573459683015 -10.934146784480776 -13.326389283903531 8.4383706535446574 -0.95332955523951957 16.821536876676085 -14.985894501422051 -0.95199483396065032 0.03582695688725733 2615.6094130178672 -650.6612316150173 991.27670853724464 624.35876444087478 70.841631352500329 1745.0231718291948 -11.54137900673603 7.2366120022795446 184.65317264574495 -7.5622214913205985 -277.44983799316719 -118.90131903454066
leaf_weight=3298 1721 2654 246 22 34 23 47 217 20 20 1128 203 491 924 404 886 20 1581 22 23 23 37 323 35 62 64 22 5030 105 417
leaf_count=3298 1721 2654 246 22 34 23 47 217 20 20 1128 203 491 924 404 886 20 1581 22 23 23 37 323 35 62 64 22 5030 105 417
internal_value=-0.000618148 -0.00140848 -0.00276838 -0.00115385 0.00307595 0.00068421 -0.000259314 7.28872e-05 -0.000708831 0.00286207 -0.00097436 0.000488371 0.000727897 0.00030742 0.00168599 -0.000377243 0.00461194 -0.000529412 -0.00125994 0.00433333 -0.000426892 5.9135e-05 0.00110127 0.00068715 -0.000993922 0.000571428 0.00342857 -0.000445168 -0.000124388 -0.000931035
internal_weight=20102 6277 2979 325 79 57 13825 3622 1257 87 1170 2365 2036 1415 621 10203 67 7565 931 45 6634 2638 395 358 329 126 42 6611 2243 522
internal_count=20102 6277 2979 325 79 57 13825 3622 1257 87 1170 2365 2036 1415 621 10203 67 7565 931 45 6634 2638 395 358 329 126 42 6611 2243 522
is_linear=0
shrinkage=0.03


Tree=194
num_leaves=31
num_cat=0
split_feature=27 2 7 28 28 18 26 17 4 18 20 13 17 28 28 15 27 11 31 4 25 31 15 15 14 15 31 17 17 1
split_gain=6.30556 11.56 1.16696 2.36635 1.45942 1.42857 0.698151 1.30947 1.27338 0.945162 0.81912 0.81528 0.841506 0.64625 2.94302 0.729905 0.616622 0.594191 0.68156 0.5202 0.827101 0.457432 0.951795 1.42963 0.443226 0.439136 0.404631 0.39309 0.388872 0.628411
threshold=3353.8266666666668 10039.540000000001 26623.857666527692 8.5000000000000018 10.500000000000002 0.70535489492460857 8.5000000000000018 0.67221585662131578 30506.410000000003 0.82907381415902737 0.20935447462581555 1.0000000180025095e-35 0.54214340608846523 10.500000000000002 8.5000000000000018 0.87567135833252341 3417.5625000000009 91644.540000000023 5.5000000000000009 7855.2000000000007 3403.1850000000004 24.500000000000004 0.99821246516697781 0.99003576554828776 8109.4300000000012 0.97126026555879641 11.500000000000002 0.70337589199111805 0.72896486009464045 31186.921488492026
decision_type=2 2 2 2 2 2 2 2 2 2 2 2 2 2 2 2 2 2 2 2 2 2 2 2 2 2 2 2 2 2
left_child=1 28 -3 -4 5 -5 11 8 16 10 -10 19 13 14 -13 -15 -8 25 -19 -2 -21 -9 23 -23 -22 -14 -18 -24 29 -1
right_child=6 2 3 4 -6 -7 7 21 9 -11 -12 12 17 15 -16 -17 26 18 -20 20 24 22 27 -25 -26 -27 -28 -29 -30 -31
leaf_value=1.5399822698256551 -50.288650969356262 -119.93762192541794 -18.022189955071429 8.5098760373362374 -15.65828188993499 36.541113029099286 5.9318385534143747 -5.4750783793887621 3.4155051814760093 -9.3131780527844121 -32.757417930999175 -8.977885090672526 -6.5119493344002439 96.073408173745037 24.661079129868622 -22.487973338028379 7.8807028786546089 -509.02996542432084 366.61632812352696 276.8130143543184 3.2351569896884453 -3.6281456097665794 -0.42875444444262761 11.289595404143752 842.2303465177539 -15.345974430240981 -8.4837521819353601 -16.75242630466704 -41.25094301739874 642.12942810728964
leaf_weight=1628 1049 2654 246 24 34 21 24 1093 2504 399 58 1838 666 27 435 505 21 40 54 39 1292 79 189 126 259 2945 29 154 1648 22
leaf_count=1628 1049 2654 246 24 34 21 24 1093 2504 399 58 1838 666 27 435 505 21 40 54 39 1292 79 189 126 259 2945 29 154 1648 22
internal_value=-0.000615163 -0.0014037 -0.00275831 -0.00106154 0.0034557 0.007 -0.000257144 4.106e-05 0.000410213 0.000313069 0.000524589 -0.000409554 -0.000589862 -0.000197862 2.24366e-05 -0.0011391 0.0042973 -0.00088664 0.00146808 3.52399e-05 0.000377358 -0.000641683 6.56927e-05 0.00168293 0.000268858 -0.000947938 0.0024 -0.000900875 -0.00018011 0.000145454
internal_weight=20102 6277 2979 325 79 45 13825 4676 3035 2961 2562 9149 6510 2805 2273 532 74 3705 94 2639 1590 1641 548 205 1551 3611 50 343 3298 1650
internal_count=20102 6277 2979 325 79 45 13825 4676 3035 2961 2562 9149 6510 2805 2273 532 74 3705 94 2639 1590 1641 548 205 1551 3611 50 343 3298 1650
is_linear=0
shrinkage=0.03


Tree=195
num_leaves=31
num_cat=0
split_feature=27 2 7 28 11 28 28 31 18 15 20 18 10 3 18 3 19 17 13 28 23 20 13 17 27 7 3 1 23 14
split_gain=6.37251 11.9893 0.95169 1.80237 1.04435 0.748961 0.647565 0.99122 1.34736 0.70163 1.20098 0.687311 0.669261 0.911891 2.01371 0.659812 1.00777 0.649207 0.954098 0.881458 0.620361 0.592362 0.578029 0.832191 0.566158 0.554062 0.48564 1.74226 0.391717 0.381701
threshold=3353.8266666666668 10039.540000000001 26623.857666527692 8.5000000000000018 16513.805000000004 9.5000000000000018 11.500000000000002 20.500000000000004 0.62862128941590956 0.97800762500506888 0.1699959044487149 0.78330826170684176 69926.635000000009 44588.965000000004 0.57206246992307086 1.0000000180025095e-35 1.6239800327156162 0.6091977060356778 20506.380000000005 6.5000000000000009 64492.004182345881 0.11436335993235476 23132.300000000003 0.61034630956153391 8185.9319444444454 48332.513359309327 25782.685000000001 29523.325810562503 5404.6432695717294 5352.3450000000003
decision_type=2 2 2 2 2 2 2 2 2 2 2 2 2 2 2 2 2 2 2 2 2 2 2 2 2 2 2 2 2 2
left_child=1 29 -3 -4 -5 -6 7 12 9 10 -9 20 15 14 -14 16 -2 19 -19 -10 -8 -11 26 -24 -17 -15 28 -28 -13 -1
right_child=6 2 3 4 5 -7 11 8 17 21 -12 22 13 25 -16 24 -18 18 -20 -21 -22 -23 23 -25 -26 -27 27 -29 -30 -31
leaf_value=-3.3903090689983597 7.4914540503803781 -116.33949326765537 -17.481524256419309 35.444879638226304 9.4755570138104552 -10.814243781209932 -18.083051644900426 41.784748846952411 -3.6825196023479663 19.557891237819806 -19.910020543375154 65.322882605547534 7.902711500887813 -25.525979785951183 104.34483800818897 -10.386048975580621 245.69320058792755 3.4802007747765185 -18.850854862253424 17.503203821194088 1581.3310962106432 -5.1323987871304624 -4.4720988047798667 93.870845451426987 -23.300943623560972 -1.6695539553373531 326.70348663486607 -12.310858583130136 -170.35058170678761 -96.056754836843339
leaf_weight=3014 143 2654 246 21 23 35 863 30 171 40 34 27 1128 336 80 3378 24 1113 196 330 23 1244 31 23 2054 2318 24 124 91 284
leaf_count=3014 143 2654 246 21 23 35 863 30 171 40 34 27 1128 336 80 3378 24 1113 196 330 23 1244 31 23 2054 2318 24 124 91 284
internal_value=-0.000606209 -0.00139892 -0.00277845 -0.00124615 0.0026962 0.000620689 -0.000246294 -0.00018282 0.00027739 -0.000440654 0.002625 -0.000910448 -0.000336434 -3.26263e-05 0.000650662 -0.000545991 0.00131138 0.000812154 0.000460656 0.00173054 -0.00134086 -0.000593459 0.000281249 0.00311111 -0.000603093 -0.000343633 -0.000293234 0.000851351 -0.00172881 -0.000152821
internal_weight=20102 6277 2979 325 79 58 13825 12619 3158 1348 64 1206 9461 3862 1208 5599 167 1810 1309 501 886 1284 320 54 5432 2654 266 148 118 3298
internal_count=20102 6277 2979 325 79 58 13825 12619 3158 1348 64 1206 9461 3862 1208 5599 167 1810 1309 501 886 1284 320 54 5432 2654 266 148 118 3298
is_linear=0
shrinkage=0.03


Tree=196
num_leaves=31
num_cat=0
split_feature=27 2 8 28 28 17 15 27 12 16 28 8 8 15 28 3 1 5 7 1 23 7 2 17 15 3 4 27 10 3
split_gain=6.29107 11.9804 1.01201 2.01006 1.36526 1.21212 0.640234 0.814785 0.666582 0.662372 0.659643 1.23486 1.92824 0.944223 1.23504 0.770769 0.654221 1.73233 0.64516 1.41528 0.616861 0.699585 1.00581 0.830796 0.681481 0.990445 0.578908 0.794575 0.482641 0.426475
threshold=3353.8266666666668 10039.540000000001 26609.560000000001 8.5000000000000018 10.500000000000002 0.65315279860421616 1.0077711237284206 8521.8492063492085 5424.545000000001 -2288.8438479177967 8.5000000000000018 3371.8825000000002 2072.9925000000007 1.0338177248331348 11.500000000000002 1.0000000180025095e-35 17777.784892987987 13283.431445312503 29501.911276664603 31186.921488492026 16212.89054036555 10414.697286852252 25371.990000000002 0.65315279860421616 2.4167985750538885 10290.595000000003 1835.9650000000001 4216.9456250000012 65927.782500000016 11331.525000000003
decision_type=2 2 2 2 2 2 2 2 2 2 2 2 2 2 2 2 2 2 2 2 2 2 2 2 2 2 2 2 2 2
left_child=1 -1 -3 -4 5 -5 8 10 9 29 11 12 -8 14 -12 -13 17 -10 -18 -20 21 23 -23 -9 -22 -26 27 -11 -28 -2
right_child=6 2 3 4 -6 -7 7 20 16 26 13 15 -14 -15 -16 -17 18 -19 19 -21 24 22 -24 -25 25 -27 28 -29 -30 -31
leaf_value=-7.8940209524951763 135.87736944336839 -109.7285458494509 -16.255032886762535 36.386852995910139 -16.46273127961361 4.8838711327536215 -251.14476493165304 24.590997731002979 -2.2638347650265942 211.04995001239493 3.7457518534593626 175.7022778297075 165.80904221510519 -30.940647695214299 -21.783309039680965 -18.747011114707348 -53.572511480685534 1494.5878029915307 4.5429187368777777 0.34685953213271276 -81.711164698609466 161.63796943915483 1.0392178320826351 -252.86049997755916 -42.7009362605936 548.65852608848138 -12.351408699457108 -4.2343465055616649 2.7821333417601117 -32.894858941255904
leaf_weight=3298 333 2674 233 20 28 24 48 127 56 28 725 35 54 596 241 1581 165 20 74 4384 745 255 999 218 253 73 1521 130 243 921
leaf_count=3298 333 2674 233 20 28 24 48 127 56 28 725 35 54 596 241 1581 165 20 74 4384 745 255 999 218 253 73 1521 130 243 921
internal_value=-0.000601732 -0.00138936 -0.00276838 -0.00113115 0.00325 0.00654545 -0.000244124 -0.000478992 -6.66674e-05 -0.000402394 -0.000795732 -0.0012014 0.002 -0.000349553 0.000229813 -0.00140347 0.000160246 0.00292105 0.00011486 0.000183041 -8.98884e-05 0.000283301 0.000612439 -0.000913044 -0.00064706 0.000496932 -0.000752342 0.000987341 -0.000908164 0.000133971
internal_weight=20102 6277 2979 305 72 44 13825 5950 7875 3176 3280 1718 102 1562 966 1616 4699 76 4623 4458 2670 1599 1254 345 1071 326 1922 158 1764 1254
internal_count=20102 6277 2979 305 72 44 13825 5950 7875 3176 3280 1718 102 1562 966 1616 4699 76 4623 4458 2670 1599 1254 345 1071 326 1922 158 1764 1254
is_linear=0
shrinkage=0.03


Tree=197
num_leaves=31
num_cat=0
split_feature=27 2 25 28 26 17 18 9 13 17 20 25 17 28 28 15 23 5 15 15 25 21 19 19 10 27 27 24 13 27
split_gain=6.22456 12.2488 0.819984 1.68846 0.780402 1.24977 0.968857 0.884806 0.757052 0.718155 0.70202 0.698851 0.696029 0.615646 2.46363 0.730559 0.596795 0.896561 0.463693 0.515767 0.664866 0.460874 0.84646 0.449573 0.413217 0.406925 1.36648 0.554058 0.382693 0.495118
threshold=3353.8266666666668 10039.540000000001 27102.442500000001 8.5000000000000018 8.5000000000000018 0.69894967357551063 0.82907381415902737 18317.955000000005 1.0000000180025095e-35 0.54711380319033254 0.211399673870584 66935.815000000017 0.63614239930571015 10.500000000000002 8.5000000000000018 0.87567135833252341 1500.0715463833719 82023.358103027349 1.2491391115602453 1.2097079544911506 15937.185000000001 82104.397500000006 0.13940715227315417 0.19109352562657619 55551.200000000004 4792.7893750000012 4176.088333333334 14866.775833333335 3732.3750000000005 1777.6838194444447
decision_type=2 2 2 2 2 2 2 2 2 2 2 2 2 2 2 2 2 2 2 2 2 2 2 2 2 2 2 2 2 2
left_child=1 28 -3 -4 8 6 7 -6 18 13 -9 -7 -5 14 -10 -15 17 -13 19 24 -21 23 -23 -11 -2 26 -20 -27 29 -1
right_child=4 2 3 12 5 11 -8 10 9 21 -12 16 -14 15 -16 -17 -18 -19 25 20 -22 22 -24 -25 -26 27 -28 -29 -30 -31
leaf_value=-26.925625013462707 -9.907728371166181 -99.856938822806626 -15.375898774575578 34.501703807062874 4.5532544218895747 -7.4255455201056897 -9.1983836513333745 2.4336758827888771 -7.6055150503229161 -31.323432189035323 -18.900208320864998 12.478278067963428 1.8451941791475628 91.297572784547668 23.144978072802985 -20.194176576721695 -4.5582467992518421 -14.909566457613751 -87.219892695730309 -46.019607525056237 2514.1688410087877 365.13829060397751 -4.0695987087278622 -14.564945868607936 205.08163370849104 -210.53979410683817 172.36478800604073 -6.0074283935969044 -92.506573918122896 23.403971348868794
leaf_weight=1934 1118 2712 211 23 32 490 463 3258 1921 625 53 62 33 27 454 523 260 58 33 21 20 61 256 2643 757 285 23 382 307 1057
leaf_count=1934 1118 2712 211 23 32 490 463 3258 1921 625 53 62 33 27 454 523 260 58 33 21 20 61 256 2643 757 285 23 382 307 1057
internal_value=-0.000610686 -0.00139414 -0.00278852 -0.00120225 -0.000254974 6.03072e-05 0.000294797 0.000472928 -0.000416112 -0.000589862 0.000424946 -0.000965518 0.00342857 -0.000241026 -3.15797e-05 -0.00114546 -7.15256e-10 0.00175 1.2504e-05 0.000256784 0.00358537 -0.000874478 0.000217665 -0.000980417 0.000183999 -0.000634855 0.00182143 -0.00084108 -0.000134628 -3.1094e-05
internal_weight=20102 6277 2979 267 13825 4676 3806 3343 9149 6510 3311 870 56 2925 2375 550 380 120 2639 1916 41 3585 317 3268 1875 723 56 667 3298 2991
internal_count=20102 6277 2979 267 13825 4676 3806 3343 9149 6510 3311 870 56 2925 2375 550 380 120 2639 1916 41 3585 317 3268 1875 723 56 667 3298 2991
is_linear=0
shrinkage=0.03


Tree=198
num_leaves=31
num_cat=0
split_feature=23 7 26 28 4 12 23 12 28 19 7 26 7 26 10 13 20 17 17 23 1 1 25 0 31 10 17 22 17 8
split_gain=4.647 5.84127 6.12524 0.984813 1.40028 0.83692 1.02039 1.16766 0.724904 0.954083 0.723099 0.999321 0.917961 1.44163 0.807818 0.686363 0.673846 0.65273 2.21887 2.19451 0.640303 1.5956 0.630345 0.595777 1.37968 1.47356 0.590475 0.570258 0.551849 0.569972
threshold=1238.6863469189054 28794.89960817471 5.5000000000000009 8.5000000000000018 30506.410000000003 6333.3150000000014 391.72544377056983 7324.1750000000002 11.500000000000002 0.26912568260529995 46614.496506232717 3.5000000000000004 29501.911276664603 5.5000000000000009 75017.312500000015 16420.955000000002 0.1449627265422124 0.60511739670426368 0.56273978044418649 2326.6237185814794 43746.331511262157 40314.607012354762 17631.892500000005 48152.253193203687 15.500000000000002 75911.60000000002 0.46969897629020102 49494.860000000008 0.54711380319033254 17554.760000000006
decision_type=2 2 2 2 2 2 2 2 2 2 2 2 2 2 2 2 2 2 2 2 2 2 2 2 2 2 2 2 2 2
left_child=1 2 -1 5 -5 -3 7 -7 9 -6 11 28 13 22 26 -8 17 18 -12 -20 21 -19 -13 24 -18 -26 -14 -22 29 -2
right_child=10 3 -4 4 8 6 15 -9 -10 -11 16 12 14 -15 -16 -17 23 20 19 -21 27 -23 -24 -25 25 -27 -28 -29 -30 -31
leaf_value=-8.7425973230656915 1.5023735382786845 -10.107108519653332 -75.986708677007911 5.3304104806102544 1.2363140193775406 20.169626437851857 -0.58683762602515699 5.3183224167992451 -7.3437701750780571 15.084907693968519 -0.72426595468688137 -21.297829069394478 6.2656091724886052 -62.50992422612309 -23.567871508308592 -14.320615187187416 -25.911036397180048 7.2072996895587691 46.912903738493227 5.9630813692691351 -26.875422042293071 1975.1634255709273 -316.98233318341073 -3.0219008928450539 38.990987931520237 0.87694237867927338 -0.59839564859033478 1.0296475229702537 -35.195678563921533 429.06111431679614
leaf_weight=1186 1709 959 2528 34 330 74 792 262 189 98 240 827 98 654 247 151 87 70 47 108 185 21 207 2375 24 41 1197 1095 4071 196
leaf_count=1186 1709 959 2528 34 330 74 792 262 189 98 240 827 98 654 247 151 87 70 47 108 185 21 207 2375 24 41 1197 1095 4071 196
internal_value=-0.000607701 -0.00125988 -0.00204685 -0.000248183 0.000778801 -0.000546918 -4.45668e-05 0.001375 0.000452187 0.00113551 -0.000288689 -0.000438628 -0.000863778 -0.00134716 -0.000334631 -0.000550372 3.28434e-05 0.000482445 0.00155696 0.00435484 0.000172866 0.00260439 -0.000649904 -0.000281362 0.00153947 0.00484615 -3.47498e-05 -7.15256e-10 -0.000208836 0.000212598
internal_weight=20102 6603 3714 2889 651 2238 1279 336 617 428 13499 9206 3230 1688 1542 943 4293 1766 395 155 1371 91 1034 2527 152 65 1295 1280 5976 1905
internal_count=20102 6603 3714 2889 651 2238 1279 336 617 428 13499 9206 3230 1688 1542 943 4293 1766 395 155 1371 91 1034 2527 152 65 1295 1280 5976 1905
is_linear=0
shrinkage=0.03


Tree=199
num_leaves=31
num_cat=0
split_feature=27 26 8 31 31 26 9 17 18 19 20 15 27 31 19 24 9 31 18 31 15 9 14 18 5 3 8 20 27 15
split_gain=5.855 11.44 1.36026 0.828675 2.17391 0.648272 1.24166 1.12903 0.878581 0.756284 0.693235 0.684914 0.70797 0.690752 0.864153 0.661885 0.635179 0.620401 0.489944 0.497496 0.483176 0.457143 0.452328 0.477192 1.75598 0.574993 0.53352 0.699283 0.689578 0.444995
threshold=3353.8266666666668 5.5000000000000009 26609.560000000001 19.500000000000004 22.500000000000004 8.5000000000000018 16733.580000000005 0.69894967357551063 0.82907381415902737 1.0000000180025095e-35 0.211399673870584 0.99003576554828776 8985.0116666666672 15.500000000000002 0.29305581061247449 16244.390833333335 33761.360000000008 16.500000000000004 0.63700979431506521 32.500000000000007 1.3709697863374275 17142.675000000003 5352.3450000000003 7474.0288135039455 6236.4838281250004 14866.625000000002 6459.8975 0.084539928968186615 1736.1893750000002 0.99997887954540843
decision_type=2 2 2 2 2 2 2 2 2 2 2 2 2 2 2 2 2 2 2 2 2 2 2 2 2 2 2 2 2 2
left_child=1 22 -3 -4 -5 9 -7 8 10 20 -8 13 16 14 -11 -14 -13 -15 -9 -20 29 -6 23 26 -25 -26 28 -28 -1 -2
right_child=5 2 3 4 21 6 7 18 -10 11 -12 12 15 17 -16 -17 -18 -19 19 -21 -22 -23 -24 24 25 -27 27 -29 -30 -31
leaf_value=-33.163685986903573 -1.6785545319347597 -100.31259890610021 -14.584075886230544 33.993127309463262 10.371120086372976 4.5805442964247449 2.5582106519220975 -14.885249036189348 -8.8170109659267517 -23.108945480846945 -18.315319550346828 -11.713971919630861 32.903665604063356 19.627501073309432 12.661237623637208 -19.070941434564652 -49.163228415758098 2.3799914076914508 -2.8946220963863123 4.0309255238987136 -181.90804243753803 -15.310514658892068 -99.025285840721267 289.12212095166211 94.569734978758163 -34.867691453367001 -153.53596229673755 3.5114757043204574 53.607988841571412 85.171728789795466
leaf_weight=1330 1523 2599 190 25 20 20 3270 221 463 517 53 3052 478 29 700 1173 190 371 598 51 592 70 335 26 122 153 437 294 676 524
leaf_count=1330 1523 2599 190 25 20 20 3270 221 463 517 53 3052 478 29 700 1173 190 371 598 51 592 70 335 26 122 153 437 294 676 524
internal_value=-0.000591285 -0.00135112 -0.00273141 -0.000836066 0.00117391 -0.000246294 4.106e-05 9.0199e-06 0.000232963 -0.000393158 0.00040355 -0.000566821 -0.000743716 -3.15406e-05 -0.000387018 -0.000238038 -0.00100123 0.00105 -0.000965518 -0.000550078 3.52399e-05 -0.001 -0.000162764 -4.74003e-05 0.00108638 0.000381817 -0.000172087 -0.000865938 8.0757e-05 0.000253541
internal_weight=20102 6277 2904 305 115 13825 4676 4656 3786 9149 3323 6510 4893 1617 1217 1651 3242 400 870 649 2639 90 3373 3038 301 275 2737 731 2006 2047
internal_count=20102 6277 2904 305 115 13825 4676 4656 3786 9149 3323 6510 4893 1617 1217 1651 3242 400 870 649 2639 90 3373 3038 301 275 2737 731 2006 2047
is_linear=0
shrinkage=0.03


Tree=200
num_leaves=31
num_cat=0
split_feature=27 2 2 29 9 24 21 18 22 10 11 19 19 22 27 9 18 31 22 2 21 14 3 12 20 18 23 31 27 3
split_gain=5.95205 11.1759 1.37798 0.868641 0.921905 0.685618 1.14071 1.054 0.99572 0.977959 0.894206 0.750768 0.887841 0.707634 0.706027 0.696858 0.655422 0.622222 0.522064 0.505938 0.745941 0.551684 0.485323 0.456555 0.57846 0.593665 1.14966 0.496603 0.848416 0.990797
threshold=3353.8266666666668 10039.540000000001 27562.210000000003 2.5000000000000004 16733.580000000005 34822.943333333336 35518.226666666669 0.54026921430181496 9789.1100000000024 639156.78500000003 28829.465 0.17039725859000596 0.36571367782771685 112723.35000000002 4926.6580555555565 23801.795000000002 0.13974035710326033 20.500000000000004 1.0000000180025095e-35 19990.465000000004 9629.0166666666682 13861.885 1054.5350000000001 588.72000000000014 0.013520377496754048 0.068368370540381654 269.35499721398077 9.5000000000000018 2280.7225000000003 8163.0050000000019
decision_type=2 2 2 2 2 2 2 2 2 2 2 2 2 2 2 2 2 2 2 2 2 2 2 2 2 2 2 2 2 2
left_child=1 23 -3 -4 -5 16 8 9 -7 13 15 14 -13 -8 -9 -10 19 -6 -18 20 22 -22 -2 24 25 26 -1 -25 -29 -30
right_child=5 2 3 4 17 6 7 11 10 -11 -12 12 -14 -15 -16 -17 18 -19 -20 -21 21 -23 -24 27 -26 -27 -28 28 29 -31
leaf_value=-136.56615307037936 17.189452271148578 -87.224037039112105 -13.527940784676387 19.571237231677724 -13.987593424553317 -657.1465410997364 -15.530315877501035 -8.3138360677902998 26.44153169353142 1903.8851791440468 1856.0042810061532 1.4090506877345523 -13.239215159343869 19.510489925771868 -2.7709454852967657 -1.999682197187495 1054.0451652974571 3.5650795587539128 -15.559516089933537 -765.2710789412248 437.30193621469397 1844.8343916292345 -47.54726701253621 18.05236468310008 -117.8062156734003 -9.6835455530779448 176.93164723037086 -124.22216114418681 412.83844702466126 -209.70041204278286
leaf_weight=28 93 2760 114 25 35 47 1284 217 161 21 29 4300 459 150 1005 90 21 45 5504 74 127 29 214 1345 559 1124 21 170 20 31
leaf_count=28 93 2760 114 25 35 47 1284 217 161 21 29 4300 459 150 1005 90 21 45 5504 74 127 29 214 1345 559 1124 21 170 20 31
internal_value=-0.000589793 -0.0013559 -0.00268782 -0.000397261 0.00157143 -0.000241954 -5.52629e-05 -0.000131523 0.0016789 -0.000855671 0.00235714 4.46406e-05 0.00021496 -0.000949792 -0.000618659 0.00178088 -0.00048103 -7.15256e-10 -0.000578281 0.000519552 0.000887688 0.00257692 2.93152e-05 -0.000152821 -0.000488453 -0.000109975 0.00312245 0.00021839 -0.00109955 0.00229412
internal_weight=20102 6277 2979 219 105 13825 7763 7436 327 1455 280 5981 4759 1434 1222 251 6062 80 5525 537 463 156 307 3298 1732 1173 49 1566 221 51
internal_count=20102 6277 2979 219 105 13825 7763 7436 327 1455 280 5981 4759 1434 1222 251 6062 80 5525 537 463 156 307 3298 1732 1173 49 1566 221 51
is_linear=0
shrinkage=0.03


Tree=201
num_leaves=31
num_cat=0
split_feature=27 2 8 28 28 17 28 31 28 18 17 19 12 18 19 10 9 27 3 19 28 12 12 8 2 20 4 22 31 25
split_gain=5.99381 11.0872 1.47736 2.6577 2.07218 1.53651 0.673204 1.0961 1.26875 0.983336 0.878253 0.981557 0.785611 0.687311 0.645939 0.608539 0.814809 0.798021 0.528087 0.664212 0.519875 0.505279 0.504894 0.581459 0.695437 0.651332 0.536718 0.873825 1.03481 0.769225
threshold=3353.8266666666668 10039.540000000001 25387.247500000005 8.5000000000000018 10.500000000000002 0.66199764146913231 11.500000000000002 20.500000000000004 8.5000000000000018 0.53358113006334162 0.49297028148839295 0.39068845983004435 5769.4550000000008 0.78330826170684176 0.23403802783772035 69926.635000000009 29472.650000000005 4216.9456250000012 1.0000000180025095e-35 1.6239800327156162 9.5000000000000018 12089.025000000001 588.72000000000014 6459.8975 2102.8750000000005 0.0097339015816717139 10906.830000000004 4901.1100000000015 9.5000000000000018 4168.4700000000003
decision_type=2 2 2 2 2 2 2 2 2 2 2 2 2 2 2 2 2 2 2 2 2 2 2 2 2 2 2 2 2 2
left_child=1 22 -3 -4 5 -5 7 15 9 -9 11 -10 -12 -8 -11 18 17 -17 19 -2 -18 -20 23 24 -1 -26 27 28 -24 -28
right_child=6 2 3 4 -6 -7 13 8 10 14 12 -13 -14 -15 -16 16 20 -19 21 -21 -22 -23 26 -25 25 -27 29 -29 -30 -31
leaf_value=-68.348900857676028 4.782775500517392 -115.01328634032579 -17.612292358383709 32.605780807271287 -15.274681672960076 2.0785222554489082 -16.01772551527479 -22.472589180578069 50.152661590606492 2.6343019866833899 3.6496473581898838 5.0378753650832397 1.3271421928838842 3.1893942779104085 -1.9085130240511825 20.540129492801118 -1.8855210289618574 3.2251265949878793 -10.349223163622302 234.36320827526467 -31.234969465910044 556.04874557531139 53.479714289393961 -98.006174402821031 102.14747374541366 -105.99328834146239 -151.23301154099067 -123.89863672098376 -287.88695330589064 85.120315294306437
leaf_weight=735 143 2547 321 35 48 28 886 338 54 726 279 73 966 320 722 49 2270 1186 5350 24 357 82 617 484 364 149 85 327 100 437
leaf_count=735 143 2547 321 35 48 28 886 338 54 726 279 73 966 320 722 49 2270 1186 5350 24 357 82 617 484 364 149 85 327 100 437
internal_value=-0.000582331 -0.00135112 -0.00267774 -0.00105556 0.00294595 0.00652381 -0.000233274 -0.000168556 0.000315389 -0.000211647 0.00100146 0.00337795 0.000759035 -0.000910448 0.000128452 -0.000330093 -4.03943e-05 0.000595141 -0.000529917 0.00113174 -0.000339171 -0.000581002 -0.000152821 -0.000505774 -0.000163462 0.00068421 0.000237547 -0.000155173 0.000430962 0.00102299
internal_weight=20102 6277 2979 432 111 63 13825 12619 3158 1786 1372 127 1245 1206 1448 9461 3862 1235 5599 167 2627 5432 3298 1732 1248 513 1566 1044 717 522
internal_count=20102 6277 2979 432 111 63 13825 12619 3158 1786 1372 127 1245 1206 1448 9461 3862 1235 5599 167 2627 5432 3298 1732 1248 513 1566 1044 717 522
is_linear=0
shrinkage=0.03


Tree=202
num_leaves=31
num_cat=0
split_feature=27 2 7 28 28 17 26 9 17 18 13 19 17 28 28 15 22 17 22 25 28 8 17 27 7 27 31 28 4 15
split_gain=6.1015 11.3541 1.22538 1.89762 1.2327 0.885551 0.696828 1.23526 1.01695 0.798855 0.705453 0.589253 0.554991 0.692511 2.13371 0.737232 0.556513 0.837303 0.793095 0.50113 0.494127 0.942502 1.36056 0.462592 0.551392 0.45547 0.434332 0.4265 0.363835 0.337046
threshold=3353.8266666666668 10039.540000000001 26623.857666527692 8.5000000000000018 10.500000000000002 0.65315279860421616 8.5000000000000018 16733.580000000005 0.69894967357551063 0.82907381415902737 1.0000000180025095e-35 0.23093519019794187 0.58857286354710137 10.500000000000002 8.5000000000000018 0.87567135833252341 66061.450000000012 1.7698423472975215 43371.42500000001 66935.815000000017 7.5000000000000009 17104.482500000002 0.63070860957692176 101108.73500000002 60705.983390112953 5269.6175000000012 8.5000000000000018 6.5000000000000009 83782.210000000021 0.59857046731849251
decision_type=2 2 2 2 2 2 2 2 2 2 2 2 2 2 2 2 2 2 2 2 2 2 2 2 2 2 2 2 2 2
left_child=1 29 -3 -4 5 -5 10 -8 9 11 20 -9 13 14 -12 -15 18 -18 -14 -10 23 25 -23 27 -25 -22 -11 -2 -21 -1
right_child=6 2 3 4 -6 -7 7 8 19 26 12 -13 16 15 -16 -17 17 -19 -20 28 21 22 -24 24 -26 -27 -28 -29 -30 -31
leaf_value=-150.16456621992086 -0.027605555383505762 -95.947593272359015 -13.183397068796081 38.133530368760944 -12.859086873647355 3.6621895846390013 4.800424029484315 3.8877557040133173 -6.3428356177688183 -19.86225428679144 -7.0057124951190373 -0.041908460231272517 -29.826970783770701 90.033289398596722 13.207483174342199 -17.255237866579797 -1.7861418481367857 1545.5082315830855 -44.285117375902658 1.5529986432599725 6.6674615118230616 1174.3521527140579 18.737058857910096 832.55522580024001 -677.51938380466504 -192.77660600502895 -4.8963387924314761 227.54060216567927 -9.2927816460883061 -5.2498646584061595
leaf_weight=37 1172 2654 246 22 34 23 20 1771 490 76 2524 1552 2024 27 596 653 250 35 401 176 160 45 346 70 38 609 387 199 204 3261
leaf_count=37 1172 2654 246 22 34 23 20 1771 490 76 2524 1552 2024 27 596 653 250 35 401 176 160 45 346 70 38 609 387 199 204 3261
internal_value=-0.000589793 -0.00136546 -0.00270796 -0.000969231 0.00307595 0.00633333 -0.000237614 6.03072e-05 2.83498e-05 0.000240887 -0.000389879 0.00040355 -0.000557604 -0.000323685 -0.000134616 -0.00119118 -0.00088561 0.00036842 -0.00103299 -0.000896552 2.3872e-05 -0.000439656 0.00075959 0.000387423 0.00227778 -0.00104942 -0.000926567 0.000238511 -7.89481e-05 -0.000152821
internal_weight=20102 6277 2979 325 79 45 13825 4676 4656 3786 9149 3323 6510 3800 3120 680 2710 285 2425 870 2639 1160 391 1479 108 769 463 1371 380 3298
internal_count=20102 6277 2979 325 79 45 13825 4676 4656 3786 9149 3323 6510 3800 3120 680 2710 285 2425 870 2639 1160 391 1479 108 769 463 1371 380 3298
is_linear=0
shrinkage=0.03


Tree=203
num_leaves=31
num_cat=0
split_feature=27 2 7 28 28 17 24 5 18 8 6 22 27 28 25 0 25 28 28 4 1 18 31 17 7 22 11 4 13 11
split_gain=6.21466 11.2648 1.09012 1.74754 1.70576 1.65779 0.802208 0.974903 1.11434 0.887225 0.859798 0.769622 0.763064 0.918994 0.718958 0.617963 0.602083 0.947042 1.07958 1.07512 0.628144 0.949781 0.727417 0.528019 0.508362 0.434066 0.556375 0.433067 0.379784 0.377437
threshold=3353.8266666666668 10039.540000000001 25183.737081252923 8.5000000000000018 10.500000000000002 0.63487504603846012 34822.943333333336 35871.22775538663 0.54026921430181496 113219.25500000002 37356.255004098603 8554.782500000003 10828.855000000001 8.5000000000000018 24525.935000000005 121787.07391293731 18930.505000000005 8.5000000000000018 10.500000000000002 26199.030000000002 13590.322441594284 0.1098281696819499 3.5000000000000004 0.66369133439768135 36180.229633507042 16243.720000000003 12499.165000000001 2309.5300000000002 10473.770000000002 19960.205000000005
decision_type=2 2 2 2 2 2 2 2 2 2 2 2 2 2 2 2 2 2 2 2 2 2 2 2 2 2 2 2 2 2
left_child=1 -1 -3 -4 5 -5 16 11 9 -9 28 -8 13 -13 -14 -11 20 -18 19 -19 25 22 -22 -12 -23 26 -2 -27 -10 -20
right_child=6 2 3 4 -6 -7 7 8 10 15 23 12 14 -15 -16 -17 17 18 29 -21 21 24 -24 -25 -26 27 -28 -29 -30 -31
leaf_value=-6.1461577230837463 -32.182459808325227 -118.42763790408688 -18.276728017545878 30.497356703977008 -18.605113531278942 0.72469271955698478 -543.75429721162129 -17.393360300546661 -11.665191617204297 157.83640880049441 1.5508631287736239 -0.80672266740494114 1135.50506363008 9.4841638049914803 673.69767968871372 3.2578395570313017 -21.245382372666846 -86.266969026257598 -31.041964565323415 7.2440719227910533 1350.1328310565523 37.78484181743621 370.13890058196012 -1.6436115676346434 -282.91530355832901 296.15981268317341 -185.87041232407671 10.134587261401986 1.1799521246033136 1.4480913893274812
leaf_weight=3298 1956 2454 380 34 68 43 45 1301 212 39 3794 197 27 64 92 86 1462 77 258 253 21 1016 45 1859 92 42 492 231 47 117
leaf_count=3298 1956 2454 380 34 68 43 45 1301 212 39 3794 197 27 64 92 86 1462 77 258 253 21 1016 45 1859 92 42 492 231 47 117
internal_value=-0.000577854 -0.00136068 -0.00269789 -0.00145714 0.00134483 0.0044026 -0.000222424 -2.04825e-05 -0.000101391 -0.000854138 8.01752e-05 0.00137647 0.00181579 0.000908045 0.00380672 0.00156 -0.00048103 -0.000881865 2.12759e-05 0.00127273 -0.000258024 0.000321975 0.00381818 0.000157615 0.000113718 -0.00050827 -0.000634805 0.000626373 -0.00161004 -0.00108
internal_weight=20102 6277 2979 525 145 77 13825 7763 7338 1426 5912 425 380 261 119 125 6062 2167 705 330 3895 1174 66 5653 1108 2721 2448 273 259 375
internal_count=20102 6277 2979 525 145 77 13825 7763 7338 1426 5912 425 380 261 119 125 6062 2167 705 330 3895 1174 66 5653 1108 2721 2448 273 259 375
is_linear=0
shrinkage=0.03


Tree=204
num_leaves=31
num_cat=0
split_feature=9 26 6 23 28 28 5 17 16 19 17 3 31 20 17 0 16 21 18 21 1 16 8 28 2 16 16 3 9 0
split_gain=4.67744 9.57869 5.29798 1.25452 1.14422 2.17019 0.749583 0.702273 0.696666 0.635873 1.46472 1.51515 1.26263 0.572453 0.718771 0.559298 1.14548 1.15227 0.522907 0.905357 0.504323 0.49587 0.457098 0.781077 0.811303 0.454321 0.438033 0.836866 0.425991 0.424017
threshold=20249.690000000002 5.5000000000000009 28729.668519530289 1.0000000180025095e-35 8.5000000000000018 10.500000000000002 7139.5134521484388 0.067106059352946071 -922.09567685503123 0.36571367782771685 0.46969897629020102 47964.700000000004 15.500000000000002 0.17595889382642343 0.69894967357551063 19363.261690795847 -6951.0217743000103 13333.591666666669 0.055513094513857879 3766.4566666666674 8828.2527177885131 -3699.6276450156251 24995.675000000007 8.5000000000000018 26434.210000000003 11603.534397415488 -2027.0918396546106 8163.0050000000019 1190.2300000000002 43174.640987132312
decision_type=2 2 2 2 2 2 2 2 2 2 2 2 2 2 2 2 2 2 2 2 2 2 2 2 2 2 2 2 2 2
left_child=1 7 22 -4 8 -6 -2 15 -5 10 11 -8 -13 14 -12 16 17 -1 19 -9 -15 -18 -3 -24 -25 28 27 -11 -20 -17
right_child=6 2 3 4 5 -7 9 18 -10 26 13 12 -14 20 -16 29 21 -19 25 -21 -22 -23 23 24 -26 -27 -28 -29 -30 -31
leaf_value=1118.0337469544886 435.27238439298617 -107.65341833018367 22.97437311542572 37.679653971691955 8.0461970670320522 -9.5200727832933509 76.03907335068719 509.83742731279585 -12.753797280509135 522.23117341371608 1.5905941337976135 -76.224487894037722 42.219579891784861 535.96252189808956 -2.8272257676214267 -372.68205468041822 -134.38337202507483 13.122672442597223 -138.6762073410319 -450.94421705144458 -6.1996335654854624 13.569759144783188 -26.172117898123563 8.6532257201759855 -4.2574595532344759 519.69359707259616 -21.588243697470144 -180.66444746443767 -44.97872216102634 578.89657282265978
leaf_weight=20 38 2552 31 21 155 186 22 20 570 24 3795 30 36 21 2600 210 148 24 291 28 2221 1401 332 28 116 36 866 154 4106 20
leaf_count=20 38 2552 31 21 155 186 22 20 570 24 3795 30 36 21 2600 210 148 24 291 28 2221 1401 332 28 116 36 866 154 4106 20
internal_value=-0.000568899 -0.00101554 -0.00216562 -0.000227415 -0.000424893 0.000958944 -0.000100031 -0.000287437 -0.00122335 -0.000116389 -3.26655e-05 0.00381818 0.00154545 -7.19007e-05 7.27123e-05 0.000208995 0.000408662 0.00518182 -0.0004894 0.002625 -0.00048439 0.000273079 -0.00278204 -0.00192857 -8.3334e-05 -0.000523123 -0.000816093 0.000539325 -0.000550603 -0.00117391
internal_weight=20102 10295 3991 963 932 341 9807 6304 591 9769 8725 88 66 8637 6395 1823 1593 44 4481 48 2242 1549 3028 476 144 4433 1044 178 4397 230
internal_count=20102 10295 3991 963 932 341 9807 6304 591 9769 8725 88 66 8637 6395 1823 1593 44 4481 48 2242 1549 3028 476 144 4433 1044 178 4397 230
is_linear=0
shrinkage=0.03


Tree=205
num_leaves=31
num_cat=0
split_feature=27 2 7 28 28 17 24 5 18 6 7 10 27 8 5 25 28 28 4 25 1 18 19 0 28 28 19 4 28 4
split_gain=5.8361 11.3023 1.31326 1.79207 1.9157 1.40711 0.757048 1.16416 1.18998 0.755641 0.731973 0.711359 0.690379 0.983577 0.815454 0.635274 0.91823 1.07958 1.07512 0.620995 0.616813 0.706843 0.557504 0.503853 0.482604 0.468352 0.436207 0.428887 0.41015 0.569519
threshold=3353.8266666666668 10039.540000000001 25183.737081252923 8.5000000000000018 10.500000000000002 0.63487504603846012 34822.943333333336 35871.22775538663 0.54026921430181496 37356.255004098603 66953.588317058879 163521.62500000003 10828.855000000001 21630.667500000003 34105.47689700155 18930.505000000005 8.5000000000000018 10.500000000000002 26199.030000000002 35308.520000000011 13590.322441594284 0.1098281696819499 0.17039725859000596 46127.395016000002 4.5000000000000009 4.5000000000000009 0.24587596026346223 30506.410000000003 9.5000000000000018 14475.780000000001
decision_type=2 2 2 2 2 2 2 2 2 2 2 2 2 2 2 2 2 2 2 2 2 2 2 2 2 2 2 2 2 2
left_child=1 -1 -3 27 5 -5 15 10 11 19 12 -9 14 -14 -8 20 -17 18 -18 -10 28 25 -11 -13 -23 -22 -19 -4 -2 -30
right_child=6 2 3 4 -6 -7 7 8 9 22 -12 23 13 -15 -16 16 17 26 -20 -21 21 24 -24 -25 -26 -27 -28 -29 29 -31
leaf_value=-6.7341682250996628 -12.871905337690526 -111.64520621705876 -18.952770466309687 29.544405891082192 -17.91923633874357 0.69032261175842358 -113.7684223312565 -18.079503830592067 7.7567826453914703 -3.4426266768991551 -1345.3994780112835 -1226.2322221021493 -539.7563328999554 1134.9764995297628 6.0671161269672957 -20.514861088277701 -83.551236168872776 1.1495709317388119 6.9402971599074688 -12.077014725103069 1134.2487516008518 -165.54791776874137 1.2976080290222212 11.034997078024222 48.661334682073011 425.8535615995292 -32.871720824546756 1.1620086693967222 -149.54478460268706 24.883831374068226
leaf_weight=3298 2025 2454 351 34 68 43 62 921 25 1123 30 45 42 89 202 1462 77 138 253 234 25 242 4530 460 866 41 237 29 542 154
leaf_count=3298 2025 2454 351 34 68 43 62 921 25 1123 30 45 42 89 202 1462 77 138 253 234 25 242 4530 460 866 41 237 29 542 154
internal_value=-0.000549498 -0.00130811 -0.00264753 -0.00128572 0.00155172 0.00479221 -0.000205064 -8.88903e-06 -9.73024e-05 9.0324e-05 0.00151765 -0.000875176 0.00186076 0.00364122 0.000977272 -0.000456286 -0.000868021 2.12759e-05 0.00127273 -0.00149421 -0.000227215 0.000347529 0.000162922 2.97023e-05 0.000167869 0.00336364 -0.00108 -0.00236842 -0.000475194 -0.00110345
internal_weight=20102 6277 2979 525 145 77 13825 7763 7338 5912 425 1426 395 131 264 6062 2167 705 330 259 3895 1174 5653 505 1108 66 375 380 2721 696
internal_count=20102 6277 2979 525 145 77 13825 7763 7338 5912 425 1426 395 131 264 6062 2167 705 330 259 3895 1174 5653 505 1108 66 375 380 2721 696
is_linear=0
shrinkage=0.03


Tree=206
num_leaves=31
num_cat=0
split_feature=27 2 8 29 24 5 18 6 22 27 25 10 14 16 27 20 20 14 4 12 27 31 13 4 19 4 20 0 27 14
split_gain=5.8268 11.2936 1.28735 0.761112 0.691538 1.05898 1.13868 0.870154 0.799188 0.703748 0.718958 0.678667 0.64116 0.616452 0.586686 0.585991 0.989704 0.831647 1.16883 0.635378 1.16715 0.605529 1.15822 0.622947 0.562538 0.55676 0.524892 0.503853 0.405907 0.400101
threshold=3353.8266666666668 10039.540000000001 24995.675000000007 2.5000000000000004 34822.943333333336 35871.22775538663 0.54026921430181496 37356.255004098603 8554.782500000003 10828.855000000001 24525.935000000005 163521.62500000003 9096.3800000000028 439.0530521296642 7164.8391666666676 0.37058961787160294 0.46390317813391785 12129.92 2732.1650000000004 128.27000000000001 3487.9856250000007 26.500000000000004 11837.900000000003 33629.650000000001 0.36571367782771685 29944.115000000002 0.84927106342015291 46127.395016000002 5798.4122222222231 8285.6750000000011
decision_type=2 2 2 2 2 2 2 2 2 2 2 2 2 2 2 2 2 2 2 2 2 2 2 2 2 2 2 2 2 2
left_child=1 -1 -3 25 15 8 11 -8 -6 14 -11 -7 -5 -14 -10 19 17 18 -17 20 -2 23 -23 -21 -9 -4 28 -13 -18 -28
right_child=4 2 3 12 5 6 7 24 9 10 -12 27 13 -15 -16 16 26 -19 -20 21 -22 22 -24 -25 -26 -27 29 -29 -30 -31
leaf_value=-6.5321431783466934 283.01248365231766 -102.40154985037402 -20.459355391832055 -12.245169825011557 -523.1850732437855 -17.537118715674215 -8.3595447837690475 0.93880555575801727 5.0945256498606595 1067.5159023391725 619.79028786993274 -1189.4452554390848 9.6529002447757914 -10.434036120155584 -659.58655676525484 632.60946922955179 6.83417567240034 -107.93014044492227 1191.7949669864227 -15.884248158623791 -28.157194097254806 -1.3273504590452088 9.4256613992855272 -22.901025413228716 -11.392506351018875 0.75448132436986826 -24.248002020933452 10.703947165683545 -405.50294046157671 852.40672036249236
leaf_weight=3298 37 2517 217 59 45 921 259 5217 232 27 92 45 124 26 29 22 72 38 55 2245 2593 302 25 391 436 36 53 460 149 80
leaf_count=3298 37 2517 217 59 45 921 259 5217 232 27 92 45 124 26 29 22 72 38 55 2245 2593 302 25 391 436 36 53 460 149 80
internal_value=-0.000540544 -0.00129855 -0.00263746 -0.00118182 -0.000196384 -8.88903e-06 -9.32141e-05 9.0324e-05 0.00144706 0.00189474 0.00380672 -0.000854138 0.000157894 0.0012 0.00102299 -0.00043649 0.000582089 0.003 0.00479221 -0.000521903 -0.00018251 -0.000823153 0.000394495 -0.000974204 0.000168229 -0.00228854 -0.000203391 2.97023e-05 -0.00109955 0.00128571
internal_weight=20102 6277 2979 462 13825 7763 7338 5912 425 380 119 1426 209 150 261 6062 469 115 77 5593 2630 2963 327 2636 5653 253 354 505 221 133
internal_count=20102 6277 2979 462 13825 7763 7338 5912 425 380 119 1426 209 150 261 6062 469 115 77 5593 2630 2963 327 2636 5653 253 354 505 221 133
is_linear=0
shrinkage=0.03


Tree=207
num_leaves=31
num_cat=0
split_feature=27 2 7 28 28 15 17 24 5 7 22 27 9 6 9 20 10 25 28 28 4 3 27 25 1 9 8 4 3 24
split_gain=6.04459 11.4729 1.19202 1.64445 1.43496 1.01535 0.694983 0.668707 0.94812 0.939082 0.769622 0.582054 0.883074 0.703943 0.523345 0.648414 0.550452 0.494638 0.754708 0.928433 1.01306 0.572092 1.47244 2.2032 0.756367 0.68305 0.616489 0.525959 0.460314 0.453557
threshold=3353.8266666666668 10039.540000000001 24949.906072330592 8.5000000000000018 9.5000000000000018 0.99705342413695464 0.59675698538299227 34822.943333333336 35871.22775538663 36571.424493772378 8554.782500000003 10828.855000000001 25755.455000000005 31166.474985284964 21590.875000000004 0.17595889382642343 89150.375000000015 18930.505000000005 8.5000000000000018 10.500000000000002 26199.030000000002 25782.685000000001 5009.6872222222237 9803.7625000000007 24489.787890937499 1.0000000180025095e-35 2072.9925000000007 35121.120000000003 36440.320000000007 37325.519166666672
decision_type=2 2 2 2 2 2 2 2 2 2 2 2 2 2 2 2 2 2 2 2 2 2 2 2 2 2 2 2 2 2
left_child=1 -1 -3 -4 5 -5 -6 17 10 28 -9 12 -12 -13 16 -16 -11 21 -19 20 -20 25 23 -23 -24 -2 -27 -21 29 -10
right_child=7 2 3 4 6 -7 -8 8 9 14 11 13 -14 -15 15 -17 -18 18 19 27 -22 22 24 -25 -26 26 -28 -29 -30 -31
leaf_value=-6.336178882996343 14.228161872907219 -112.27508012870608 -17.80967268919164 11.559940078696403 15.752107706440603 8.948112808814999 -10.312959844039359 -507.48952104647185 3.0516452973979806 5.0272907479914091 5.9906006904405187 1213.2354968325853 -23.885442333431591 534.08835641162557 0.40323626518603933 -5.2547988089514357 3096.6404851916991 -19.622461101139013 -80.742853620137979 -16.647798167263236 6.5968527575102192 -177.94225604225676 -162.08123588000828 577.79777735156506 230.30889448699131 -222.4631435651952 -47.521197332257081 7.1869626269372535 -21.400261529287693 -491.78795498258972
leaf_weight=3298 736 2407 414 27 31 29 71 45 138 303 208 28 53 91 4724 1892 20 1462 77 326 253 36 230 50 108 113 2622 49 195 66
leaf_count=3298 736 2407 414 27 31 29 71 45 138 303 208 28 53 91 4724 1892 20 1462 77 326 253 36 230 50 108 113 2622 49 195 66
internal_value=-0.000536067 -0.00130811 -0.0026576 -0.00142657 0.00117721 0.00503571 -0.000941177 -0.000185534 -1.16006e-06 -8.09492e-05 0.00137647 0.00181579 0.00102299 0.00355462 4.31624e-07 -5.71349e-05 0.00117957 -0.000421644 -0.000784957 2.12759e-05 0.00118182 -0.000219513 0.000820754 0.00432558 -7.10066e-05 -0.000346587 -0.0005649 -0.001 -0.00149624 -0.000500001
internal_weight=20102 6277 2979 572 158 56 102 13825 7763 7338 425 380 261 119 6939 6616 323 6062 2167 705 330 3895 424 86 338 3471 2735 375 399 204
internal_count=20102 6277 2979 572 158 56 102 13825 7763 7338 425 380 261 119 6939 6616 323 6062 2167 705 330 3895 424 86 338 3471 2735 375 399 204
is_linear=0
shrinkage=0.03


Tree=208
num_leaves=31
num_cat=0
split_feature=27 2 1 28 28 20 24 5 18 5 10 7 14 5 28 20 27 18 10 3 19 0 14 2 1 27 26 18 18 15
split_gain=5.96998 11.3831 1.27633 1.15315 1.41176 1.01334 0.732694 1.06041 1.16771 0.789306 0.722752 0.673777 0.767337 1.25334 0.654896 0.627439 1.26203 0.833023 0.929298 1.12345 0.558361 0.522672 0.462365 0.534514 0.36312 0.364861 0.362519 0.694341 0.611025 1.14973
threshold=3353.8266666666668 10039.540000000001 26325.572028254657 8.5000000000000018 10.500000000000002 0.14211145159770644 34534.076666666675 35871.22775538663 0.53819049598252489 36433.869372061592 163521.62500000003 66953.588317058879 5162.1750000000002 25686.285616662506 3.5000000000000004 1.0000000180025095e-35 3487.9856250000007 0.14708910060627753 43524.020000000004 14866.625000000002 0.17039725859000596 46127.395016000002 16266.585000000001 5133.5250000000005 39885.409347842935 8185.9319444444454 2.5000000000000004 0.50783223433565905 74.90000000000002 0.90774265681530741
decision_type=2 2 2 2 2 2 2 2 2 2 2 2 2 2 2 2 2 2 2 2 2 2 2 2 2 2 2 2 2 2
left_child=1 26 -3 -4 5 -5 15 11 10 -10 -9 12 13 -8 -14 16 -2 18 -17 -20 -11 -12 23 -19 25 -18 28 -28 -1 -30
right_child=6 2 3 4 -6 -7 7 8 9 20 21 -13 14 -15 -16 17 24 22 19 -21 -22 -23 -24 -25 -26 -27 27 -29 29 -31
leaf_value=-17.219344522613014 295.53271431435439 -86.355637591752483 -12.044721796663234 0.11224074004911903 -13.483635068127052 30.996978762837969 -521.09017750351074 -17.83445087034691 -12.818393851771154 -3.5284239842426368 -1176.926455133935 -1277.3820297406544 -11.848544433593593 938.29426076763878 7.0136457983867304 272.77151515591362 -61.45607306711721 -345.12138062260277 -238.64890083218339 1402.3609491036846 1.1191955850104565 11.787916661914103 -39.728820687671814 -7.1397908667987835 -769.41812472275456 2.189456782994966 24.687094584431229 -142.5372406372459 1.7492417738322044 172.86257056199929
leaf_weight=1762 35 2600 277 24 51 27 34 903 108 1152 46 30 95 54 276 21 955 184 147 82 4688 456 769 2185 40 1565 386 493 513 144
leaf_count=1762 35 2600 277 24 51 27 34 903 108 1152 46 30 95 54 276 21 955 184 147 82 4688 456 769 2185 40 1565 386 493 513 144
internal_value=-0.000536067 -0.00130333 -0.00264753 -0.00102111 0.00170588 0.00523529 -0.000187704 3.05973e-06 -8.6904e-05 9.68386e-05 -0.000864769 0.00135583 0.00164052 0.00415909 0.00104313 -0.000437741 -8.67059e-05 -0.000706612 0.000959999 0.000406113 0.000143835 4.7808e-05 -0.000839389 -0.000631913 -0.000164063 -0.000119048 -8.91457e-05 -0.000610922 0.000100454 0.000881278
internal_weight=20102 6277 2979 379 102 51 13825 7842 7353 5948 1405 489 459 88 371 5983 2595 3388 250 229 5840 502 3138 2369 2560 2520 3298 879 2419 657
internal_count=20102 6277 2979 379 102 51 13825 7842 7353 5948 1405 489 459 88 371 5983 2595 3388 250 229 5840 502 3138 2369 2560 2520 3298 879 2419 657
is_linear=0
shrinkage=0.03


Tree=209
num_leaves=31
num_cat=0
split_feature=27 2 1 29 17 12 15 6 27 31 31 19 12 20 18 18 19 15 14 17 0 16 27 3 12 15 1 29 16 14
split_gain=5.88964 11.121 1.23391 1.02201 1.24693 1.05892 0.630338 0.772485 0.857106 0.729731 1.00647 1.04605 0.947348 0.753463 0.679295 0.669144 1.12691 0.838269 0.577515 0.764811 0.535021 0.508424 0.714599 0.419164 0.405125 0.834475 0.568371 0.749554 0.502266 0.450542
threshold=3320.2633333333338 10039.540000000001 24982.163667819554 2.5000000000000004 0.62647718778336958 4809.6850000000013 1.0145317803533163 3835.4121345800645 8985.0116666666672 20.500000000000004 23.500000000000004 0.312781303780094 4537.0650000000014 0.1699959044487149 0.10159511118578814 0.67916660296514009 0.23403802783772035 0.9830881372785546 32694.785000000003 0.78437911297247498 28385.082508435833 776.61114511310745 4364.2603472222227 29435.865000000002 5769.4550000000008 0.85222382673839958 17777.784892987987 2.5000000000000004 -34843.539434374979 13269.065000000001
decision_type=2 2 2 2 2 2 2 2 2 2 2 2 2 2 2 2 2 2 2 2 2 2 2 2 2 2 2 2 2 2
left_child=1 -1 -3 -4 5 -5 9 21 14 24 11 12 -11 -13 -9 17 -17 -12 19 -10 -16 -8 -23 -6 25 -2 27 -26 -28 -27
right_child=6 2 3 4 23 -7 7 8 18 10 15 13 -14 -15 20 16 -18 -19 -20 -21 -22 22 -24 -25 26 29 28 -29 -30 -31
leaf_value=-6.2757810154461469 3.5072593904648 -107.49998105176718 -19.164045862144544 17.532225227621876 -12.860949272278067 -1.1357461657282613 118.35189567228967 18.934969885235159 64.890818026052187 7.9979877091681129 7.5964258233091249 5.1022222579992027 3.5269701178834114 62.580794756841229 -93.662430058550825 8.3135450613222606 -2.1807964384446588 -1.8524705401359784 -12.578471831255126 -23.501701964925335 -3.2011580338440822 619.35573725878908 -136.07423335561896 0.28968092055637806 2.2543949501074101 -8.8989612546747736 1623.0808651975956 1098.4025906095976 -0.50362640469727327 -18.5067538897035
leaf_weight=3274 1340 2376 306 47 116 54 23 26 417 24 148 22 307 20 1158 485 411 1236 619 1190 1288 21 47 25 44 1321 25 24 3234 474
leaf_count=3274 1340 2376 306 47 116 54 23 26 417 24 148 22 307 20 1158 485 411 1236 619 1190 1288 21 47 25 44 1321 25 24 3234 474
internal_value=-0.000527112 -0.00129623 -0.0026409 -0.00135766 9.91728e-05 0.00264356 -0.000184264 -0.000462937 -0.000515965 -3.78504e-05 0.000381077 0.00182574 0.00125982 0.00628571 -0.000900486 0.000144736 0.000783481 -0.000268787 -8.89495e-05 0.000210951 -0.000951759 0.00227472 0.000970588 -0.0017234 -0.000209843 -0.000454546 2.07387e-05 0.00273529 -3.59013e-05 -0.000877438
internal_weight=20102 6198 2924 548 242 101 13904 4789 4698 9115 2653 373 331 42 2472 2280 896 1384 2226 1607 2446 91 68 141 6462 3135 3327 68 3259 1795
internal_count=20102 6198 2924 548 242 101 13904 4789 4698 9115 2653 373 331 42 2472 2280 896 1384 2226 1607 2446 91 68 141 6462 3135 3327 68 3259 1795
is_linear=0
shrinkage=0.03


Tree=210
num_leaves=31
num_cat=0
split_feature=27 2 28 28 15 17 24 27 27 8 5 18 14 27 1 27 14 7 24 24 17 3 18 13 3 1 27 18 2 20
split_gain=5.83494 11.7058 0.72875 1.69648 2.42569 1.59334 1.66365 0.974337 0.940396 0.833352 1.28917 1.18553 0.747671 0.614442 0.762096 0.597803 0.586942 0.684166 0.563747 0.548781 0.487527 0.430963 0.38748 0.37886 0.784097 1.46229 0.692253 0.570431 0.556574 0.345265
threshold=3089.1655555555558 10039.540000000001 11.500000000000002 8.5000000000000018 1.0338177248331348 0.65047837707359968 24945.266666666674 3211.5650000000005 8116.7622222222235 36171.740000000013 10638.108125000001 0.52308235812895509 38745.68 57180.67500000001 27795.965267429685 5749.045000000001 5519.1750000000011 40531.828281690083 19965.042500000003 5489.3308333333343 1.5012704062436362 75014.795000000013 23029.428459060728 12355.825000000003 24944.330000000005 30845.501632855779 6662.9630555555568 0.75898243867651638 32143.185000000005 0.06155845150155724
decision_type=2 2 2 2 2 2 2 2 2 2 2 2 2 2 2 2 2 2 2 2 2 2 2 2 2 2 2 2 2 2
left_child=1 16 3 8 5 6 -5 -7 9 10 -2 -11 21 20 -15 29 17 18 19 -1 -6 -10 -14 24 26 -26 -17 -25 -29 -4
right_child=2 -3 15 4 13 7 -8 -9 12 11 -12 -13 22 14 -16 23 -18 -19 -20 -21 -22 -23 -24 27 25 -27 -28 28 -30 -31
leaf_value=-35.584270236263734 4.6242187691473005 -78.231530005859867 8.7902767381917108 -47.919653214484804 -16.113296427599948 9.0301217343786426 11.002737093939563 -0.51249366415210318 -2.1890660101013486 -27.889667637820772 -14.459584379919981 -0.0085020527688062231 -21.309090559532439 906.90904771905343 -186.59237159884751 125.89293796113338 -100.30467732260411 814.65596921271924 -157.55617658140747 12.743642412551193 -230.56183775888326 6.5910056979710898 395.7082480392998 -9.6222191734645435 316.50018841437998 -4.086042974698203 -187.3057204286867 -350.03144961975886 13.0249541424865 -22.741458358551593
leaf_weight=1224 747 2508 64 180 807 23 1314 1049 2220 331 2249 2460 575 22 52 20 205 33 140 1535 225 904 27 356 34 84 169 30 118 397
leaf_count=1224 747 2508 64 180 807 23 1314 1049 2220 331 2249 2460 575 22 52 20 205 33 140 1535 225 904 27 356 34 84 169 30 118 397
internal_value=-0.000534574 -0.00135253 -0.000215191 -0.000149034 0.000398692 0.00090491 0.00153815 2.23873e-05 -0.000360455 -0.000599793 -0.000947264 -0.000226801 1.12714e-05 -0.000775769 0.00186486 -0.000900944 -0.000131018 -2.25109e-05 -7.14046e-05 2.28336e-05 -0.000965117 0.000197823 -0.000956811 -0.000410605 0.000420195 0.00233898 -0.000777778 -0.000916667 0.000648648 -0.00176356
internal_weight=20102 5645 14457 13185 3672 2566 1494 1072 9513 5787 2996 2791 3726 1106 74 1272 3137 2932 2899 2759 1032 3124 602 811 307 118 189 504 148 461
internal_count=20102 5645 14457 13185 3672 2566 1494 1072 9513 5787 2996 2791 3726 1106 74 1272 3137 2932 2899 2759 1032 3124 602 811 307 118 189 504 148 461
is_linear=0
shrinkage=0.03


Tree=211
num_leaves=31
num_cat=0
split_feature=27 26 8 28 28 15 17 24 27 27 15 6 27 25 22 14 23 14 27 12 16 7 24 7 10 10 20 24 18 21
split_gain=5.53307 10.875 0.842573 0.733167 1.53461 2.16626 1.60706 1.63151 1.06766 0.917452 0.818557 0.878287 0.72641 1.90011 0.674817 0.612853 0.632293 0.602006 0.597803 0.480819 0.464198 0.412131 0.66016 0.667884 0.368408 0.636175 0.345265 0.463787 0.323426 0.520762
threshold=3089.1655555555558 5.5000000000000009 27406.167500000003 11.500000000000002 8.5000000000000018 1.029386493607455 0.65047837707359968 24945.266666666674 3211.5650000000005 8116.7622222222235 1.0019859911053559 5041.5708148034018 57180.67500000001 22198.325000000004 2076.1375000000003 38745.68 1844.5362032114956 5519.1750000000011 5749.045000000001 22525.250000000004 4849.1048298857813 49993.998445678451 19965.042500000003 27185.018875474128 13327.500000000002 19703.005000000005 0.06155845150155724 9900.8720833333336 0.74614832823162691 11905.60666666667
decision_type=2 2 2 2 2 2 2 2 2 2 2 2 2 2 2 2 2 2 2 2 2 2 2 2 2 2 2 2 2 2
left_child=1 17 -3 4 9 6 7 -6 -8 10 14 -12 20 -14 -2 19 -17 21 26 -11 -7 22 23 -1 -19 -26 27 -5 -20 -30
right_child=3 2 -4 18 5 12 8 -9 -10 15 11 -13 13 -15 -16 16 -18 24 28 -21 -22 -23 -24 -25 25 -27 -28 -29 29 -31
leaf_value=-1.977719418985677 247.42688202486113 -77.756593570672052 1.7829012780087825 -46.747417553574216 -47.721114212584297 -9.965960398394893 9.135740199917695 12.95276371512788 -0.52502308616099003 3.1733332333344451 64.702749729524555 -12.099392655220024 918.25771186566499 -277.06718051541293 -2.092888771691876 27.269905874997416 -29.769721002858429 -241.33516639955269 -7.9545341572516541 -98.897460193462578 -185.73070632218599 1900.8922263975867 -144.88430117917696 376.65297773768981 247.95541609871313 -99.541449343080657 -22.059214607795134 121.03756330018197 -342.50288490667231 10.863880123027686
leaf_weight=2739 35 2435 28 34 177 785 22 1219 1036 3082 130 2240 21 54 3382 96 506 100 551 42 358 21 151 33 28 110 397 30 34 226
leaf_count=2739 35 2435 28 34 177 785 22 1219 1036 3082 130 2240 21 54 3382 96 506 100 551 42 358 21 151 33 28 110 397 30 34 226
internal_value=-0.000524128 -0.00132064 -0.0028173 -0.000213115 -0.000146758 0.000374182 0.00088753 0.00155587 5.67036e-06 -0.000347841 -0.000584241 -0.00101266 -0.000660099 0.0022 -0.000287095 1.9323e-05 -0.000857144 -0.000162163 -0.000900944 0.00018822 -0.00084777 -4.48377e-05 -7.49237e-05 3.03023e-05 -0.00161345 -0.000608696 -0.00176356 0.000281249 -0.000410605 0.000461538
internal_weight=20102 5645 2463 14457 13185 3672 2454 1396 1058 9513 5787 2370 1218 75 3417 3726 602 3182 1272 3124 1143 2944 2923 2772 238 138 461 64 811 260
internal_count=20102 5645 2463 14457 13185 3672 2454 1396 1058 9513 5787 2370 1218 75 3417 3726 602 3182 1272 3124 1143 2944 2923 2772 238 138 461 64 811 260
is_linear=0
shrinkage=0.03


Tree=212
num_leaves=31
num_cat=0
split_feature=27 2 7 28 28 22 17 26 17 18 9 19 13 6 16 19 27 4 6 18 20 20 8 21 17 22 27 20 14 7
split_gain=5.68087 10.6773 1.64897 2.36899 1.72269 1.50096 0.913808 0.709974 0.796142 1.00359 0.775351 0.705123 0.547944 0.663918 0.552447 0.697524 0.543572 0.447784 0.502575 0.85147 0.425185 1.11824 0.421188 0.380093 0.361843 0.565409 0.955829 0.870347 0.6619 0.580824
threshold=3320.2633333333338 10039.540000000001 24949.906072330592 8.5000000000000018 9.5000000000000018 26048.135000000006 0.59675698538299227 8.5000000000000018 0.69894967357551063 0.82907381415902737 18317.955000000005 0.23093519019794187 1.0000000180025095e-35 2319.8345000000004 -272.10494625286805 0.28524959893078666 10639.277500000002 7855.2000000000007 8601.4438226399998 0.54322435951044168 0.38456330972698188 0.46390317813391785 9161.0700000000015 1.0000000180025095e-35 0.72896486009464045 2263.8700000000003 2860.8025000000002 0.44320830561537577 4975.6750000000002 9465.05100809533
decision_type=2 2 2 2 2 2 2 2 2 2 2 2 2 2 2 2 2 2 2 2 2 2 2 2 2 2 2 2 2 2
left_child=1 24 -3 -4 5 -5 -6 12 9 10 -9 -12 17 -14 15 -15 -16 20 19 -19 23 -22 -20 -2 25 26 27 -1 -27 -30
right_child=7 2 3 4 6 -7 -8 8 -10 -11 11 -13 13 14 16 -17 -18 18 22 -21 21 -23 -24 -25 -26 28 -28 -29 29 -31
leaf_value=-118.63456314715357 276.48007377594973 -99.511952572221347 -15.579014578299772 13.522688405681031 15.595788851321208 3.0481360280674461 -8.7824735479189115 4.4793400450508818 -2.1617892027672836 -6.7918616366848923 3.7039782257768414 -0.21248310303146828 271.3429220132154 -9.0090497858553888 -11.940444914031271 6.1498273566872239 -3.6657566054638364 252.40033773839241 -123.9630993340926 -32.875624092504843 608.00683424136878 -3.773238564059858 40.027626128289363 -84.95725264130688 -32.313173342891695 61.624058583590418 394.25408979007619 76.990750861445449 -197.96428049451993 3.5001917605452162
leaf_weight=478 41 2394 386 21 23 33 67 39 873 465 1779 1546 24 929 3372 929 1295 69 236 52 29 129 1238 859 1634 801 20 163 104 74
leaf_count=478 41 2394 386 21 23 33 67 39 873 465 1779 1546 24 929 3372 929 1295 69 236 52 29 129 1238 859 1634 801 20 163 104 74
internal_value=-0.000516666 -0.00127202 -0.0025896 -0.00107547 0.00220833 0.00644444 -0.000333334 -0.000179949 0.000119948 0.000306346 0.00048692 0.000437593 -0.000333189 -0.000480532 -0.000498851 -6.1357e-05 -0.000673024 3.05308e-05 0.000347962 0.00220661 -0.000448016 0.000987341 0.000195386 -0.000700001 -9.5297e-05 0.000219511 -0.000458397 -0.000659907 0.000677221 -0.000977529
internal_weight=20102 6198 2924 530 144 54 90 13904 4702 3829 3364 3325 9202 6549 6525 1858 4667 2653 1595 121 1058 158 1474 900 3274 1640 661 641 979 178
internal_count=20102 6198 2924 530 144 54 90 13904 4702 3829 3364 3325 9202 6549 6525 1858 4667 2653 1595 121 1058 158 1474 900 3274 1640 661 641 979 178
is_linear=0
shrinkage=0.03


Tree=213
num_leaves=31
num_cat=0
split_feature=27 26 8 24 21 26 18 8 23 14 8 27 20 27 12 24 31 20 6 19 13 20 13 13 25 5 31 31 25 7
split_gain=5.44793 10.5017 0.830715 0.797803 1.05893 1.85352 0.798438 0.847114 1.06535 0.801334 0.719912 0.778365 0.682118 1.14558 1.0157 0.908217 1.28093 0.684468 0.728723 0.668007 0.682064 0.627848 0.541675 0.559971 1.05009 1.52383 0.487664 1.70737 0.592374 0.48675
threshold=3089.1655555555558 5.5000000000000009 27406.167500000003 34534.076666666675 34593.521666666675 5.5000000000000009 0.53819049598252489 113219.25500000002 9416.5043054024991 17018.965 17554.760000000006 10828.855000000001 0.37058961787160294 3252.4712500000001 4721.1200000000008 28553.522916666672 32.500000000000007 0.46390317813391785 13934.331674913441 0.17039725859000596 20312.965000000004 0.17304904773393073 3732.3750000000005 2586.3000000000006 4573.7450000000008 4251.7115625000015 19.500000000000004 22.500000000000004 30776.550000000003 49993.998445678451
decision_type=2 2 2 2 2 2 2 2 2 2 2 2 2 2 2 2 2 2 2 2 2 2 2 2 2 2 2 2 2 2
left_child=1 22 -3 12 5 10 7 9 -9 -6 -5 -12 14 -14 26 -16 -17 18 -15 21 -21 -8 23 29 25 -25 28 -28 -2 -1
right_child=3 2 -4 4 6 -7 19 8 -10 -11 11 -13 13 17 15 16 -18 -19 -20 20 -22 -23 -24 24 -26 -27 27 -29 -30 -31
leaf_value=-10.310772693289898 -18.50746802541201 -74.629036089526849 1.8484130367456577 -754.41516509007147 2.5063884827414489 24.366831087958147 -1.2635531642963405 343.49445556277959 -0.77832533164468576 -18.229029625704364 -522.52302271381109 1427.7442752682757 136.67039016298534 -3.5125922003416146 -38.769965748164239 -9.4825763873541504 10.087267774205721 -16.127511406109647 763.50000292943469 1.8456640902257193 -4.4299513049973376 -15.25405932247136 -103.82748141477391 6.2631569293314824 -21.620331366081917 426.3883364846036 25.322969824149492 -0.74165922316343968 -14.063020671859032 1860.3734869868831
leaf_weight=2655 4330 2435 28 49 389 42 970 42 79 960 33 96 24 61 445 729 67 364 59 3692 1191 304 298 52 117 40 51 256 224 20
leaf_count=2655 4330 2435 28 49 389 42 970 42 79 960 33 96 24 61 445 729 67 364 59 3692 1191 304 298 52 117 40 51 256 224 20
internal_value=-0.000519651 -0.00131001 -0.00278076 -0.00021104 -6.50001e-06 0.00204545 -6.56884e-05 -0.000693878 0.00171074 -0.000909563 0.000707864 0.00188372 -0.000453859 0.000602361 -0.00054179 -0.00130782 -0.000701006 0.000285123 0.00225 8.42936e-05 0.000243907 -0.000527473 -0.000171591 -4.57705e-05 0.00144976 0.00384783 -0.000346226 0.000811074 -0.000424243 -0.000162618
internal_weight=20102 5645 2463 14457 7847 220 7627 1470 121 1349 178 129 6610 508 6102 1241 796 484 120 6157 4883 1274 3182 2884 209 92 4861 307 4554 2675
internal_count=20102 5645 2463 14457 7847 220 7627 1470 121 1349 178 129 6610 508 6102 1241 796 484 120 6157 4883 1274 3182 2884 209 92 4861 307 4554 2675
is_linear=0
shrinkage=0.03


Tree=214
num_leaves=31
num_cat=0
split_feature=27 2 0 28 28 15 26 9 18 17 20 18 8 2 14 9 19 31 15 0 12 20 8 8 15 26 28 27 4 31
split_gain=5.54698 10.1843 1.64242 1.80699 1.56285 2.62278 0.710852 0.782322 0.610172 0.870226 0.782635 0.532919 0.514178 0.498722 0.741151 0.681501 0.454525 0.430892 0.572951 0.396138 0.395117 0.566293 0.506303 0.878472 0.598659 0.406754 0.540635 0.520746 0.379397 0.854729
threshold=3320.2633333333338 10039.540000000001 24857.293672428241 8.5000000000000018 10.500000000000002 1.0041633052789898 8.5000000000000018 16733.580000000005 0.82907381415902737 0.66535718452384673 0.10388516667807336 0.11882901120779703 2072.9925000000007 19018.410000000003 14785.245000000003 18317.955000000005 0.23010235197167664 8.5000000000000018 0.98964977445243463 47449.477221901012 588.72000000000014 0.013520377496754048 6459.8975 6059.7300000000005 0.66792207015826099 1.5000000000000002 1.5000000000000002 2860.8025000000002 10906.830000000004 9.5000000000000018
decision_type=2 2 2 2 2 2 2 2 2 2 2 2 2 2 2 2 2 2 2 2 2 2 2 2 2 2 2 2 2 2
left_child=1 20 -3 -4 5 -5 11 -8 9 10 -9 13 -13 14 15 -2 -11 -10 -19 -15 21 22 23 -1 -24 26 -23 -27 29 -22
right_child=6 2 3 4 -6 -7 7 8 17 16 -12 12 -14 19 -16 -17 -18 18 -20 -21 28 25 24 -25 -26 27 -28 -29 -30 -31
leaf_value=8.2842344082826287 5.0929349877147008 -98.751001616702482 -15.729031187575153 24.800273219808204 -11.228627504541013 -0.524854992682524 3.5423860419452708 13.404454826839844 -18.906817165188791 -0.39793768393329693 2.3313693244878078 -197.62635908310267 -6.7780135557246188 -744.09027560923244 1412.3085849401598 1652.2746244146817 -17.257028436095887 9.9182456964346937 -5.4301017717708318 2292.5064651444409 9.8312432233112457 251.59838360650676 68.788286464979137 294.94703880902364 -137.89082903368134 -175.25448889875864 -71.360000586636858 141.31083678844251 48.295050941548418 -246.59576448780422
leaf_weight=787 317 2349 409 39 80 47 25 168 77 1655 2276 145 8558 80 27 52 110 34 357 23 902 20 87 28 261 322 194 21 517 135
leaf_count=787 317 2349 409 39 80 47 25 168 77 1655 2276 145 8558 80 27 52 110 34 357 23 902 20 87 28 261 322 194 21 517 135
internal_value=-0.00052562 -0.00127202 -0.00255882 -0.00112174 0.00151807 0.00432558 -0.000192895 0.000107188 7.8896e-05 0.000193157 0.000559737 -0.00034623 -0.000400897 0.000607214 0.00109091 0.000739837 -0.000314448 -0.000948719 -0.000544758 -0.00125243 -0.000122786 -0.000436047 -5.933e-05 0.000349693 -0.00101724 -0.00122262 -0.000196262 -0.00186297 0.000223938 -0.00010704
internal_weight=20102 6198 2924 575 166 86 13904 4702 4677 4209 2444 9202 8703 499 396 369 1765 468 391 103 3274 1720 1163 815 348 557 214 343 1554 1037
internal_count=20102 6198 2924 575 166 86 13904 4702 4677 4209 2444 9202 8703 499 396 369 1765 468 391 103 3274 1720 1163 815 348 557 214 343 1554 1037
is_linear=0
shrinkage=0.03


Tree=215
num_leaves=31
num_cat=0
split_feature=27 2 7 28 28 15 26 9 18 18 13 17 7 31 15 12 12 31 27 3 24 15 27 15 17 9 5 7 4 23
split_gain=5.50808 9.94666 1.80991 1.92777 1.52321 2.06098 0.66193 0.787991 0.587534 0.822069 1.62297 0.600544 0.437847 0.430892 0.572951 0.39289 0.468192 0.460192 0.935476 0.905357 0.647526 0.511921 0.388332 0.824477 0.962849 0.637043 0.676944 0.60518 0.558832 0.483338
threshold=3320.2633333333338 10039.540000000001 24949.906072330592 8.5000000000000018 10.500000000000002 1.0041633052789898 8.5000000000000018 16733.580000000005 0.82907381415902737 0.78590329635248424 18584.365000000005 0.69894967357551063 27446.947960741811 8.5000000000000018 0.98964977445243463 588.72000000000014 236.91000000000005 9.5000000000000018 2280.7225000000003 10961.505000000003 23876.796666666673 0.70237513773866722 8985.0116666666672 0.99585794856656384 0.57871898165051616 33761.360000000008 34433.553428942039 7159.5237640573732 43108.080000000009 2654.0336280098804
decision_type=2 2 2 2 2 2 2 2 2 2 2 2 2 2 2 2 2 2 2 2 2 2 2 2 2 2 2 2 2 2
left_child=1 15 -3 12 5 -5 22 -8 9 11 -11 -9 -4 -10 -15 16 -1 20 -19 -20 21 -17 23 24 27 26 -25 -2 -26 -24
right_child=6 2 3 4 -6 -7 7 8 13 10 -12 -13 -14 14 -16 17 -18 18 19 -21 -22 -23 29 25 28 -27 -28 -29 -30 -31
leaf_value=-10.965021671414517 -212.62413100246172 -91.966770004217608 -29.580945341572715 23.819267885812486 -6.7993019043810019 -0.19702522579816584 3.4361144606868641 1.2626699167306354 -18.339612650233125 9.252245581138606 -15.208667645329262 -2.8562697895320612 -5.3309778294123724 9.6206983255416869 -5.2671987186176707 96.330032667504824 -117.35265370112231 -113.95655485098688 387.42395772563151 -311.11767784280175 -147.07819108974954 4.323475673771692 27.927800251201806 -28.459208153953892 -2.7236226839894067 -50.635166257027109 -1.2804769677445049 6.102897414025394 -35.245255809485272 -13.937183560181907
leaf_weight=1333 54 2394 236 41 62 41 25 2714 77 498 169 828 150 34 357 289 387 170 20 28 64 983 598 1921 710 163 1261 918 265 3312
leaf_count=1333 54 2394 236 41 62 41 25 2714 77 498 169 828 150 34 357 289 387 170 20 28 64 983 598 1921 710 163 1261 918 265 3312
internal_value=-0.000533082 -0.00127686 -0.00254856 -0.000962265 0.002 0.00468293 -0.000201525 8.80469e-05 5.96529e-05 0.000171774 0.00113793 -1.01645e-05 -0.00206736 -0.000948719 -0.000544758 -0.000141113 -0.000453489 0.000204632 -0.0010734 0.002625 0.000413173 0.00056132 -0.00034949 -0.000517008 -2.61949e-05 -0.000802691 -0.000708989 0.000641975 -0.000692308 -0.000122763
internal_weight=20102 6198 2924 530 144 82 13904 4702 4677 4209 667 3542 386 468 391 3274 1720 1554 218 48 1336 1272 9202 5292 1947 3345 3182 972 975 3910
internal_count=20102 6198 2924 530 144 82 13904 4702 4677 4209 667 3542 386 468 391 3274 1720 1554 218 48 1336 1272 9202 5292 1947 3345 3182 972 975 3910
is_linear=0
shrinkage=0.03


Tree=216
num_leaves=31
num_cat=0
split_feature=27 2 7 29 17 20 26 11 4 18 10 17 31 27 27 14 12 16 4 31 18 23 29 4 16 18 7 22 12 8
split_gain=5.26294 10.3288 1.80991 1.02928 1.09415 0.808813 0.66193 0.780011 0.619882 0.584615 0.781785 0.698393 0.426206 0.41506 0.779208 1.01487 0.926073 0.852107 0.906201 0.725105 0.618991 0.473935 0.924684 1.25328 1.06615 0.458421 1.12825 0.570326 0.376684 0.463159
threshold=3320.2633333333338 10039.540000000001 24949.906072330592 2.5000000000000004 0.62753905165206147 0.16584052812339564 8.5000000000000018 16513.805000000004 29944.115000000002 0.82907381415902737 39166.967500000006 0.66535718452384673 8.5000000000000018 8985.0116666666672 5350.9725000000008 20693.770000000004 7804.5800000000008 -192.41593071431086 1835.9650000000001 2.5000000000000004 0.1098281696819499 2654.0336280098804 2.5000000000000004 4299.5900000000011 -1142.4842407858362 10148.017696692326 8147.2253753328278 10876.885 588.72000000000014 6459.8975
decision_type=2 2 2 2 2 2 2 2 2 2 2 2 2 2 2 2 2 2 2 2 2 2 2 2 2 2 2 2 2 2
left_child=1 28 -3 8 5 -5 13 -8 -4 10 -9 -12 -11 14 17 20 -17 18 -2 -19 -16 22 24 -24 -15 27 -27 -23 29 -1
right_child=6 2 3 4 -6 -7 7 9 -10 12 11 -13 -14 21 15 16 -18 19 -20 -21 -22 25 23 -25 -26 26 -28 -29 -30 -31
leaf_value=-10.331939894949031 321.84461590667956 -89.207766904091031 -17.262017364100942 20.672099852179571 -5.8254089126708681 2.6258677625665414 4.3357504992734546 6.7065231688225353 4.1951160666858129 -17.788808187765824 3.0334239711845288 -1.1424309224851179 -4.0305007122570728 254.05200052153646 38.05459757128574 4.1237419309022343 -6.7540096016629532 9.4060567496325138 2.026712812052518 -8.3046128152791567 -62.922960025954843 -127.94256805582712 -383.01203345575789 95.680073533357188 -5.3054773504437511 351.15597509829479 9.038338729382458 -3.9682325638368035 6.8952122862386602 -85.570293263628301
leaf_weight=1239 76 2394 258 39 138 64 20 30 31 76 2430 1755 391 22 70 428 1001 264 874 1304 1275 777 31 82 463 20 581 1934 1554 481
leaf_count=1239 76 2394 258 39 138 64 20 30 31 76 2430 1755 391 22 70 428 1001 264 874 1304 1275 777 31 82 463 20 581 1934 1554 481
internal_value=-0.00052562 -0.00125266 -0.00254856 -0.000962265 0.000485476 0.00282524 -0.000201525 8.80469e-05 -0.00216955 6.2793e-05 0.000174377 0.000139784 -0.000944326 -0.00034949 -0.000522676 -0.000869503 -0.000312807 -0.000140588 0.00056842 -0.000570154 -0.00146097 -0.00011509 0.000662207 0.00310619 9.27828e-05 -0.000255435 0.000494176 -0.000421616 -9.5297e-05 -0.000401164
internal_weight=20102 6198 2924 530 241 103 13904 4702 289 4682 4215 4185 467 9202 5292 2774 1429 2518 950 1568 1345 3910 598 113 485 3312 601 2711 3274 1720
internal_count=20102 6198 2924 530 241 103 13904 4702 289 4682 4215 4185 467 9202 5292 2774 1429 2518 950 1568 1345 3910 598 113 485 3312 601 2711 3274 1720
is_linear=0
shrinkage=0.03


Tree=217
num_leaves=31
num_cat=0
split_feature=27 2 7 28 28 16 31 28 5 11 23 18 11 18 23 7 8 26 18 4 16 4 26 18 11 18 27 17 31 25
split_gain=5.29277 10.2397 1.89466 1.77004 1.73428 1.87329 0.713635 1.3296 1.04129 1.63566 1.07604 0.934056 0.580377 0.498916 0.910288 0.409439 0.675741 0.636359 0.416014 0.702055 0.384047 0.370263 0.351639 0.670883 0.773785 0.658612 0.868639 0.644418 0.629272 0.327448
threshold=3353.8266666666668 10039.540000000001 24949.906072330592 8.5000000000000018 10.500000000000002 106.66642048197083 20.500000000000004 11.500000000000002 28938.775496538281 16737.200000000004 1685.782469418245 0.53358113006334162 19960.205000000005 0.80844087054043567 1817.1012942793984 1433.3689505636719 2072.9925000000007 1.5000000000000002 0.1098281696819499 1283.8200000000004 -394.57915260407748 1.0000000180025095e-35 2.5000000000000004 0.50783223433565905 7159.8050000000012 74.90000000000002 2562.1027777777786 0.12625030520164429 5.5000000000000009 6146.4050000000007
decision_type=2 2 2 2 2 2 2 2 2 2 2 2 2 2 2 2 2 2 2 2 2 2 2 2 2 2 2 2 2 2
left_child=1 21 -3 12 5 -5 15 8 -8 10 -10 -11 -4 20 -15 17 -17 -2 19 -18 -9 29 25 27 -25 28 -27 -24 -23 -1
right_child=6 2 3 4 -6 -7 7 13 9 11 -12 -13 -14 14 -16 16 18 -19 -20 -21 -22 22 23 24 -26 26 -28 -29 -30 -31
leaf_value=-117.23542563219014 -195.39564517301324 -86.113515375111191 -13.642318182518075 21.342123750180843 -7.728091299557251 6.1957919764752667 -28.165972527456258 1.6924946786580375 10.238510516856291 -8.0914281703990287 -23.648024758727175 2.0594588966148519 2.5743180191672592 -20.470516367958599 11.937762050718179 -195.26000957582272 -886.72305314063613 309.74312001073542 -3.7784000518280623 375.1253151166427 -19.260821533308246 -70.478332393486994 105.37576626274314 -156.98298880508239 181.70027196664549 8.9966800001284373 253.90264732054473 -27.487884786689431 21.981202432847077 4.6635408772362927
leaf_weight=68 47 2407 394 42 71 45 79 59 76 467 40 2496 20 31 24 161 41 34 9596 324 350 802 91 468 20 545 95 288 900 21
leaf_count=68 47 2407 394 42 71 45 79 59 76 467 40 2496 20 31 24 161 41 34 9596 324 350 802 91 468 20 545 95 288 900 21
internal_value=-0.000509204 -0.00123164 -0.00250655 -0.000954546 0.00174683 0.00458621 -0.000181194 0.000180563 0.000400886 0.000488145 0.00398276 0.000351332 -0.00198551 -0.00131897 0.00136364 -0.000309616 -0.000326616 0.00181481 -0.000295453 0.000698629 -0.00167971 -8.00492e-05 -2.7112e-05 -0.000543253 -0.00127869 0.000163962 0.000984374 0.000403693 -0.000144537 -0.00198876
internal_weight=20102 6277 2979 572 158 87 13825 3622 3158 3079 116 2963 414 464 55 10203 10122 81 9961 365 409 3298 3209 867 488 2342 640 379 1702 89
internal_count=20102 6277 2979 572 158 87 13825 3622 3158 3079 116 2963 414 464 55 10203 10122 81 9961 365 409 3298 3209 867 488 2342 640 379 1702 89
is_linear=0
shrinkage=0.03


Tree=218
num_leaves=31
num_cat=0
split_feature=24 26 28 28 9 18 18 9 7 28 28 22 21 16 0 22 4 19 22 10 28 10 18 7 20 20 4 9 9 7
split_gain=4.41652 13.3525 0.841349 2.02064 2.24786 1.11184 3.8961 1.19743 0.802605 1.52895 1.91895 2.00924 0.762541 1.21667 0.748243 0.639571 0.853535 0.598943 0.62702 0.735547 0.617166 0.58696 0.79647 0.693333 0.529365 0.511771 0.470779 0.521083 1.92012 0.780039
threshold=28098.005833333336 5.5000000000000009 8.5000000000000018 11.500000000000002 23987.490000000002 0.76149385630289024 0.78888411250556489 17775.330000000005 24142.616702605683 8.5000000000000018 9.5000000000000018 26048.135000000006 98222.121666666688 2016.5016751925361 54505.414534179647 63326.835000000006 60747.905000000006 0.34092189399254247 30058.025000000005 126695.53500000002 7.5000000000000009 48827.725000000013 0.53358113006334162 92227.310847535846 0.20535972952325918 0.1674639239554197 40819.015000000007 44476.435000000005 51288.340000000011 21445.847144552365
decision_type=2 2 2 2 2 2 2 2 2 2 2 2 2 2 2 2 2 2 2 2 2 2 2 2 2 2 2 2 2 2
left_child=1 26 17 4 5 7 -7 -4 -3 -10 11 -11 13 -6 -5 16 -16 20 19 -19 21 23 -23 -2 -14 -12 27 -1 29 -29
right_child=2 8 3 14 12 6 -8 -9 9 10 25 -13 24 -15 15 -17 -18 18 -20 -21 -22 22 -24 -25 -26 -27 -28 28 -30 -31
leaf_value=-14.040264761273667 -7.7152991926837915 -102.49635787228482 23.376645024885441 -18.449680882464502 1.6730990734974613 21.038062262254922 6.7833378648314238 3.3144183642704341 -31.049631077688751 10.194513727979277 0.094269051736294587 -2.7549338444094063 108.93033017441842 -35.271932459970031 -1.636326981991713 -4.4440103381251106 27.871887428720157 -8.2675910645420387 -28.802786163344194 2358.773212722997 -8.9012690609578424 -9.1779128712156588 1.106293188870263 938.61342862324193 -117.91800532322304 -32.518195195804104 -165.21060397146982 60.18402335928981 -230.35970132171687 852.68646979195228
leaf_weight=7101 624 2224 150 469 1287 24 88 369 507 33 91 30 207 263 66 259 33 83 466 25 725 1019 3341 26 29 112 290 22 114 25
leaf_count=7101 624 2224 150 469 1287 24 88 369 507 33 91 30 207 263 66 259 33 83 466 25 725 1019 3341 26 29 112 290 22 114 25
internal_value=-0.000512189 -0.00093535 -4.49081e-05 0.000347718 0.000785684 0.00232488 0.00503571 0.00173988 -0.00262963 -0.0017969 4.51121e-05 0.00461905 0.000241881 -7.15256e-10 -0.000932286 0.000100558 0.00215151 -0.000246791 -0.00117073 0.000888888 -0.000154316 -3.59289e-05 8.94488e-05 -0.000876924 0.00183051 -0.00137438 -0.000262977 -0.000215644 0.00147205 0.00657447
internal_weight=20102 10549 9553 3244 2417 631 112 519 2997 773 266 63 1786 1550 827 358 99 6309 574 108 5735 5010 4360 650 236 203 7552 7262 161 47
internal_count=20102 10549 9553 3244 2417 631 112 519 2997 773 266 63 1786 1550 827 358 99 6309 574 108 5735 5010 4360 650 236 203 7552 7262 161 47
is_linear=0
shrinkage=0.03


Tree=219
num_leaves=31
num_cat=0
split_feature=27 2 21 13 7 28 31 28 28 20 20 15 27 27 18 16 16 15 19 19 27 5 7 16 8 27 22 24 24 9
split_gain=5.33667 9.42587 2.50987 0.870839 0.781795 1.61331 0.764898 0.806104 0.885957 0.76443 1.1703 0.741174 1.87485 0.731207 0.670617 0.756649 0.619511 0.541692 0.520192 0.469138 0.842499 1.14594 2.16544 0.710336 0.762698 0.644647 0.542487 0.434164 0.533716 0.463671
threshold=3595.6833333333338 10039.540000000001 28678.105000000003 11200.970000000003 24142.616702605683 8.5000000000000018 20.500000000000004 11.500000000000002 8.5000000000000018 0.11745643083246164 0.1117532272236287 0.99705342413695464 4402.2456250000005 3487.9856250000007 0.53358113006334162 -133.30290412304745 98.862212977081086 0.97892194675848543 0.26316824078329698 0.44800279546603616 8430.3566666666684 14981.127766716481 11427.7077625 -2961.2750183653002 14039.875000000002 4108.0050694444453 30362.950000000001 42555.736666666671 24473.745833333338 43784.670000000006
decision_type=2 2 2 2 2 2 2 2 2 2 2 2 2 2 2 2 2 2 2 2 2 2 2 2 2 2 2 2 2 2
left_child=1 27 3 4 -3 -6 19 8 14 10 -9 12 -10 17 -8 -16 -13 -4 -19 -2 23 22 -22 24 -21 -25 -23 28 29 -1
right_child=6 2 13 -5 5 -7 7 9 11 -11 -12 16 -14 -15 15 -17 -18 18 -20 20 21 26 -24 25 -26 -27 -28 -29 -30 -31
leaf_value=-2.8765099187682424 -1.8732899675047343 -99.052176195694628 16.580497680621914 39.834141960528051 -26.687963132533927 0.24979519059365629 -16.337373622167924 -3.232420244558925 34.894950529975659 -12.940217904638001 16.656406541880763 -2.7325436152758948 15.765466925174254 -7.9694905017921203 4.0128234256074782 -1.0739639324688672 3.093321433104379 -1.3370499498806323 9.7500905194556875 245.11013565029799 -7.7681540395832478 -24.768320975037067 595.18886016465854 8.240190160917523 -270.47617900020344 -192.15369533773284 -229.10923340550482 709.41634800804059 -207.6846931937653 292.43487785964811
leaf_weight=3252 7642 2242 21 25 535 241 327 52 39 366 23 114 194 128 617 766 957 175 54 35 201 699 84 132 28 787 209 33 92 32
leaf_count=3252 7642 2242 21 25 535 241 327 52 39 366 23 114 194 128 617 766 957 175 54 35 201 699 84 132 28 787 209 33 92 32
internal_value=-0.000495772 -0.00117716 -0.00228968 -0.00257608 -0.00262227 -0.00180155 -0.000145118 0.000238784 0.000414067 -0.000959184 0.0018 0.00100307 0.00253648 1.58723e-05 -3.50884e-05 0.000253795 0.000669467 0.000959999 0.000537117 -0.000280229 -0.000668966 -0.000133278 0.00152632 -0.00131976 0.0017619 -0.00153101 -0.000654186 -6.07223e-05 -9.4195e-05 -3.10604e-05
internal_weight=20102 6830 3421 3043 3018 776 13272 3455 3014 441 75 1304 233 378 1710 1383 1071 250 229 9817 2175 1193 285 982 63 919 908 3409 3376 3284
internal_count=20102 6830 3421 3043 3018 776 13272 3455 3014 441 75 1304 233 378 1710 1383 1071 250 229 9817 2175 1193 285 982 63 919 908 3409 3376 3284
is_linear=0
shrinkage=0.03


Tree=220
num_leaves=31
num_cat=0
split_feature=27 2 21 27 28 28 19 27 27 24 27 24 18 1 11 18 24 31 21 2 23 19 16 20 16 19 12 12 21 22
split_gain=5.17428 9.27786 2.49081 0.871414 1.31649 1.75549 0.752621 0.731207 0.713893 0.816459 0.712338 0.827951 0.670414 0.621776 0.560762 0.505821 1.06449 0.861946 0.891294 0.756842 0.504419 0.510749 1.1599 0.518574 0.477732 0.514637 0.467988 1.16177 0.436275 0.398276
threshold=3595.6833333333338 10039.540000000001 28678.105000000003 2831.9931250000004 8.5000000000000018 9.5000000000000018 0.5176442584822416 3487.9856250000007 8430.3566666666684 16244.390833333335 4288.3593750000009 29917.249666666667 6329.1100000000006 2513.7448853816518 7352.3050000000012 0.68149743756242087 6065.5658333333331 5.5000000000000009 5926.170000000001 1.0000000180025095e-35 1.0000000180025095e-35 0.29182590887114407 -237.50105708356293 0.22304589662755619 -628.84719858634332 0.26316824078329698 5872.1150000000007 7324.1750000000002 7103.4900000000007 30058.025000000005
decision_type=2 2 2 2 2 2 2 2 2 2 2 2 2 2 2 2 2 2 2 2 2 2 2 2 2 2 2 2 2 2
left_child=1 14 3 -3 -5 -6 15 24 10 -10 12 28 13 -8 -1 20 -17 19 -19 -18 26 23 -23 -22 -4 -26 -2 -28 -12 -11
right_child=6 2 7 4 5 -7 8 -9 9 29 11 -13 -14 -15 -16 16 17 18 -20 -21 21 22 -24 -25 25 -27 27 -29 -30 -31
leaf_value=-3.8535348967885086 -2.5818505380931467 -102.69958677324993 15.783182729414786 -29.336981955441441 6.3546050530558587 -15.753983876666467 91.255909755867279 -7.7304057867384337 52.732523006435983 -60.307567117681543 -12.061106793696723 42.835461666047152 138.54865361558146 -119.13537722969987 147.82710672993531 -222.31329809407399 560.74233372861215 201.13806923519732 2.4341414195291966 -7.545573660566478 -5.3025231944165379 12.619136334486281 -2.3925474112667993 0.98567326253788545 -1.2898619526234434 9.4575878038720411 33.359114906984999 6.0224301853889228 -267.37441040109616 -243.07074677280767
leaf_weight=3385 175 1976 22 691 93 283 20 128 491 440 156 21 27 118 24 111 35 37 3423 1074 3675 426 1237 925 174 54 24 113 554 190
leaf_count=3385 175 1976 22 691 93 283 20 128 491 440 156 21 27 118 24 111 35 37 3423 1074 3675 426 1237 925 174 54 24 113 554 190
internal_value=-0.000506219 -0.00117716 -0.00228091 -0.00256622 -0.00187535 -0.000446809 -0.000160941 1.58723e-05 -0.000694597 -0.00019001 -0.00132589 -0.00172777 0.000454545 -0.000391305 -6.95226e-05 -6.5305e-05 0.000173076 0.000243597 0.000476878 -0.000484221 -0.000234982 -0.00029363 0.000156945 -0.000456522 0.000959999 0.000552631 0.000942307 0.00225547 -0.00190141 -0.000904763
internal_weight=20102 6830 3421 3043 1067 376 13272 378 2017 1121 896 731 165 138 3409 11255 4680 4569 3460 1109 6575 6263 1663 4600 250 228 312 137 710 630
internal_count=20102 6830 3421 3043 1067 376 13272 378 2017 1121 896 731 165 138 3409 11255 4680 4569 3460 1109 6575 6263 1663 4600 250 228 312 137 710 630
is_linear=0
shrinkage=0.03


Tree=221
num_leaves=31
num_cat=0
split_feature=27 2 7 28 28 2 20 7 8 18 25 8 23 22 18 31 15 13 5 27 23 25 27 27 19 13 15 18 3 20
split_gain=5.14054 9.50485 1.81257 2.53753 1.60583 1.6046 0.760465 0.666977 0.618189 0.918184 0.919461 1.07418 1.03578 0.644485 0.758711 0.552596 1.29106 1.27897 1.22727 1.02118 0.699467 0.664489 0.576327 1.04686 0.50685 1.80357 0.75 0.732852 0.373261 0.646238
threshold=3353.8266666666668 10039.540000000001 24142.616702605683 8.5000000000000018 9.5000000000000018 26147.590000000004 0.16868014062344416 27446.947960741811 36171.740000000013 0.54026921430181496 41658.222500000011 113219.25500000002 4976.3579216337384 36689.045000000006 0.52308235812895509 26.500000000000004 0.99585794856656384 11837.900000000003 35871.22775538663 3759.6622222222227 2195.2258229220824 35930.895000000011 8985.0116666666672 5498.2316666666675 0.17172062927215875 7349.8550000000005 0.99100785705685135 57344.397984489864 28466.820000000003 0.013520377496754048
decision_type=2 2 2 2 2 2 2 2 2 2 2 2 2 2 2 2 2 2 2 2 2 2 2 2 2 2 2 2 2 2
left_child=1 -1 -3 7 5 -5 -6 -4 15 10 13 -12 -13 -10 -15 21 18 20 19 -17 -18 22 23 -2 28 26 -26 -27 -11 -30
right_child=8 2 3 4 6 -7 -8 -9 9 24 11 12 -14 14 -16 16 17 -19 -20 -21 -22 -23 -24 -25 25 27 -28 -29 29 -31
leaf_value=-4.003157508236125 -2.9561258115436067 -94.229228178189871 -27.903043891072663 11.780075440482943 5.2968195420245179 0.31693617780288991 -20.611615222381545 -2.8050376015763328 854.29227644735101 -480.27692811041294 -21.43646789591374 364.68074960723766 -3.8246118791262429 -11.554286357373128 20.805544808898276 3.2413329932600057 -6.3737791055054451 8.447876757444913 -18.41546214870456 27.664853320049534 12.470098789290571 -13.233689410452499 -3.4470283813071343 -196.33001112287187 2.3644246472586032 1.2174904578580681 22.781342426746633 1387.9837304326059 291.62492484157224 -2.8759633327674314
leaf_weight=3298 2366 2198 397 35 82 33 67 167 33 47 904 28 97 93 21 53 315 44 24 55 20 239 2765 1177 20 4420 30 20 94 960
leaf_count=3298 2366 2198 397 35 82 33 67 167 33 47 904 28 97 93 21 53 315 44 24 55 20 239 2765 1177 20 4420 30 20 94 960
internal_value=-0.000495772 -0.00120774 -0.00243605 -0.00119462 0.00156221 0.00538235 -0.000181209 -0.00225532 -0.000172514 3.23622e-05 -0.000729593 -0.00104665 0.00156 0.0014898 0.000421052 -0.000368944 0.000581213 -0.000308708 0.00313636 0.0045 -0.000940299 -0.000443104 -0.000384275 -0.000637596 0.00019263 0.000334075 0.006 0.00027027 -0.000384197 -0.000267553
internal_weight=20102 6277 2979 781 217 68 149 564 13825 6767 1176 1029 125 147 114 7058 511 379 132 108 335 6547 6308 3543 5591 4490 50 4440 1101 1054
internal_count=20102 6277 2979 781 217 68 149 564 13825 6767 1176 1029 125 147 114 7058 511 379 132 108 335 6547 6308 3543 5591 4490 50 4440 1101 1054
is_linear=0
shrinkage=0.03


Tree=222
num_leaves=31
num_cat=0
split_feature=9 26 7 20 20 31 16 25 29 2 18 10 25 21 21 17 6 2 25 18 12 31 3 3 12 14 3 3 17 18
split_gain=4.03415 7.40982 5.50531 0.95817 1.20308 1.01406 0.964808 0.610705 0.919967 0.824645 0.579575 0.793523 1.51915 0.820686 0.854398 0.666887 0.815944 0.749139 0.990077 0.727335 0.662429 1.05152 0.561019 0.7739 0.577682 1.18659 0.792688 0.783436 0.746089 0.6973
threshold=20249.690000000002 5.5000000000000009 27446.947960741811 0.15103010439289313 0.14659126087442229 1.5000000000000002 -892.64287617745629 24111.765000000003 2.5000000000000004 26147.590000000004 0.5800932029486684 35364.55000000001 7390.2725 16738.296666666669 12889.851666666667 0.69894967357551063 12002.514238622498 965.72000000000014 6432.4900000000007 0.82907381415902737 169.57500000000002 5.5000000000000009 19918.005000000005 24026.635000000006 1569.1650000000002 1786.3200000000004 1.0000000180025095e-35 4056.4750000000004 0.24409650401948615 0.11882901120779703
decision_type=2 2 2 2 2 2 2 2 2 2 2 2 2 2 2 2 2 2 2 2 2 2 2 2 2 2 2 2 2 2
left_child=1 22 7 4 -4 -5 -7 -3 -9 -10 11 12 -2 14 -14 19 17 -17 -19 -12 21 -18 24 -24 28 27 -27 -26 -1 -30
right_child=10 2 3 5 -6 6 -8 8 9 -11 15 -13 13 -15 -16 16 20 18 -20 -21 -22 -23 23 -25 25 26 -28 -29 29 -31
leaf_value=4.4494149026406147 -58.984658908352984 -93.031877862332692 2.0533896011033592 20.00067579826645 30.267715528258723 36.449035301030065 -6.1293108252989024 -30.38914422689572 2.0650059799402083 -11.246929567961713 2.1770260504241392 -7.7078701085255972 139.27168037001599 205.35835734554306 267.04401946769838 578.13653246816011 -114.75822756037952 -110.64714794857397 190.96582785607313 -6.4617783929083039 -7.8454895270494518 182.12572001814758 -229.39029414563194 -23.446913718251892 55.201772910220349 -210.60829891462981 11.906824682380437 416.00679156068452 143.86195716114662 -60.381942539486303
leaf_weight=1368 72 2155 208 31 21 21 844 363 155 193 4018 2898 23 30 20 20 293 48 34 478 1533 340 285 578 38 67 1107 39 169 2653
leaf_count=1368 72 2155 208 31 21 21 844 363 155 193 4018 2898 23 30 20 20 293 48 34 478 1533 340 285 578 38 67 1107 39 169 2653
internal_value=-0.000498757 -0.000913551 -0.00192508 -0.000146667 0.00158515 -0.000589286 -0.000780348 -0.00262317 -0.00186076 -0.000758621 -6.33228e-05 -0.000407165 0.00175862 0.00480822 0.00746512 9.13653e-05 -0.000328043 0.00229412 0.00102439 0.000302935 -0.000451524 0.000364928 -0.000273161 -0.000983778 -0.000160449 0.000405275 0.000168653 0.00401299 -0.000329356 -0.00060808
internal_weight=20102 10295 3991 1125 229 896 865 2866 711 348 9807 3043 145 73 43 6764 2268 102 82 4496 2166 633 6304 863 5441 1251 1174 77 4190 2822
internal_count=20102 10295 3991 1125 229 896 865 2866 711 348 9807 3043 145 73 43 6764 2268 102 82 4496 2166 633 6304 863 5441 1251 1174 77 4190 2822
is_linear=0
shrinkage=0.03


Tree=223
num_leaves=31
num_cat=0
split_feature=27 2 7 13 28 27 27 28 28 31 18 20 31 23 15 22 18 2 13 27 15 15 31 4 19 22 1 27 19 15
split_gain=5.11065 8.84135 2.47892 0.887856 0.802867 0.888889 0.690218 1.35682 2.54216 0.649247 0.820677 0.79741 0.752701 0.760303 0.719354 2.71093 0.636256 0.601045 0.915238 0.539689 0.537283 0.391037 0.757576 0.400234 0.358196 0.517683 0.962499 0.781226 0.364234 0.8415
threshold=3595.6833333333338 10039.540000000001 26623.857666527692 8270.380000000001 4.5000000000000009 3417.5625000000009 2756.0462500000003 8.5000000000000018 9.5000000000000018 20.500000000000004 0.53358113006334162 0.13008833808659317 22.500000000000004 667.79374572008021 0.99645052892655539 33590.790000000008 0.56331506389922281 92056.115000000005 35324.745000000003 4792.7893750000012 0.99732124054945859 0.98477150680946324 20.500000000000004 26199.030000000002 0.44800279546603616 30362.950000000001 35770.325597990603 8712.8663888888914 0.42342974032123842 0.84482466141442969
decision_type=2 2 2 2 2 2 2 2 2 2 2 2 2 2 2 2 2 2 2 2 2 2 2 2 2 2 2 2 2 2
left_child=1 -1 6 21 -5 -6 -3 -8 -9 24 11 -11 13 -12 15 -14 -15 19 -19 -13 -16 22 -4 -23 28 26 27 -26 -2 -30
right_child=9 2 3 4 5 -7 7 8 -10 10 12 17 14 16 20 -17 -18 18 -20 -21 -22 23 -24 -25 25 -27 -28 -29 29 -31
leaf_value=-2.4911876494774687 -1.7721200400953754 -104.3963220388938 -7.8938289627777163 -29.755433985174513 17.905751619055913 -0.050023937005278803 -42.100803793371654 9.9362388020296866 -24.948388099316372 11.35385759128488 -14.377404264179768 -0.13272850175953133 29.473595821101519 32.738047442374985 -13.233025480481869 2.748879156750204 9.8441335628589481 62.817035145999156 -71.424667615111474 -27.583554245066182 -0.13560873830967077 4.4682276681557171 17.335595860303645 -5.9543200198506137 -155.67106687027157 -125.69582922059251 2865.9603545069717 10.954630329901258 888.2596767359405 -36.564767537411761
leaf_weight=3409 7569 1875 55 21 36 36 569 78 263 24 29 168 27 29 56 723 315 40 35 291 1718 21 20 447 973 247 25 930 21 52
leaf_count=3409 7569 1875 55 21 36 36 569 78 263 24 29 168 27 29 56 723 315 40 35 291 1718 21 20 447 973 247 25 930 21 52
internal_value=-0.000492788 -0.00115959 -0.00223707 -0.000547171 0.00216129 0.00366667 -0.00262298 -0.00194506 -0.000448681 -0.000149639 0.000204051 -0.000849463 0.000406972 0.00166488 0.000221077 0.000999999 0.00205814 -0.00108989 0.0014 -0.00149673 -0.000108231 -0.00101105 0.000999999 -0.00133333 -0.000274117 -0.000613794 -0.000448133 -0.000524961 -0.000177441 0.00193151
internal_weight=20102 6830 3421 636 93 72 2785 910 341 13272 3455 558 2897 373 2524 750 344 534 75 459 1774 543 75 468 9817 2175 1928 1903 7642 73
internal_count=20102 6830 3421 636 93 72 2785 910 341 13272 3455 558 2897 373 2524 750 344 534 75 459 1774 543 75 468 9817 2175 1928 1903 7642 73
is_linear=0
shrinkage=0.03


Tree=224
num_leaves=31
num_cat=0
split_feature=27 2 7 27 28 28 14 12 20 31 28 28 11 14 8 19 17 20 20 4 12 15 17 7 9 9 17 25 1 8
split_gain=5.24752 8.91333 2.33671 0.844266 1.66014 2.38205 0.773604 0.869479 1.52426 0.52681 0.726381 0.819997 0.652824 0.792854 0.653858 0.60839 0.652348 0.558856 0.824794 0.436761 0.385618 0.354783 0.33467 0.631057 0.591837 1.0681 0.486879 0.417253 0.319846 0.575113
threshold=3595.6833333333338 10039.540000000001 27446.947960741811 2721.9626388888896 8.5000000000000018 9.5000000000000018 13718.095000000003 4214.4650000000011 0.13822646203100025 20.500000000000004 11.500000000000002 8.5000000000000018 21925.850000000002 41943.165000000001 40304.025000000001 0.23504392286145323 0.70337589199111805 0.11745643083246164 0.1117532272236287 6303.0000000000009 7115.0900000000011 0.59857046731849251 0.680885556717861 49993.998445678451 3006.5050000000006 3209.1400000000003 1.6062734756459467 8249.3300000000036 1.0000000180025095e-35 2072.9925000000007
decision_type=2 2 2 2 2 2 2 2 2 2 2 2 2 2 2 2 2 2 2 2 2 2 2 2 2 2 2 2 2 2
left_child=1 21 3 -3 19 -6 7 8 -4 28 11 15 14 -14 -13 16 -11 18 -12 -5 -17 -1 24 26 27 -26 -24 -23 -2 -30
right_child=9 2 6 4 5 -7 -8 -9 -10 10 17 12 13 -15 -16 20 -18 -19 -20 -21 -22 22 23 -25 25 -27 -28 -29 29 -31
leaf_value=-135.16958789812193 158.45949018909889 -107.94422223737386 -0.47185006443268718 -11.134246779634056 9.4420203034315957 -16.341796053704687 7.9787040420196318 -7.4471744461147287 21.63251982297232 4.0653164751996949 -3.3062391129072415 5.2451089337068773 0.9847816192816331 49.829697799227276 37.328107852617464 0.46518075101263262 -3.1178318138651075 -12.388168319333726 16.015036006604692 -36.2999351965275 -12.980700034312964 3.1536576799200922 -56.993725534132416 1450.8720325381632 770.31143703213036 98.393608768653991 11.869422853782707 -32.011950010108421 -175.14611691978217 -2.7565088667473407
leaf_weight=37 69 1817 197 34 99 300 28 242 30 686 52 208 932 136 28 276 178 366 23 674 570 1189 985 24 26 213 756 179 175 9573
leaf_count=37 69 1817 197 34 99 300 28 242 30 686 52 208 932 136 28 276 178 366 23 674 570 1189 985 24 26 213 756 179 175 9573
internal_value=-0.00048831 -0.00116398 -0.00224584 -0.00256908 -0.00191599 -0.000368422 -0.000344065 -0.000633263 0.00070044 -0.000140597 0.000178002 0.000344392 0.000911042 0.000595505 0.00233898 -8.772e-05 0.000472222 -0.000959184 0.0014 -0.00278814 -0.000659575 -7.83228e-05 -4.62641e-05 -0.000331445 0.000266956 0.00164435 -0.000398048 2.63151e-05 -0.000252726 -0.000267132
internal_weight=20102 6830 3421 2924 1107 399 497 469 227 13272 3455 3014 1304 1068 236 1710 864 441 75 708 846 3409 3372 1765 1607 239 1741 1368 9817 9748
internal_count=20102 6830 3421 2924 1107 399 497 469 227 13272 3455 3014 1304 1068 236 1710 864 441 75 708 846 3409 3372 1765 1607 239 1741 1368 9817 9748
is_linear=0
shrinkage=0.03


Tree=225
num_leaves=31
num_cat=0
split_feature=27 2 1 28 28 10 13 15 6 27 27 18 13 23 18 31 13 22 27 23 17 21 19 9 27 28 19 23 13 8
split_gain=4.97945 9.27889 2.36851 0.830101 1.11604 1.06049 0.675881 0.560688 0.70472 0.803331 0.680598 0.564317 0.723007 0.792107 0.707778 0.842112 0.671983 0.634603 0.556657 0.999986 0.538996 1.23929 0.596498 0.498362 0.474602 0.911201 0.460081 0.577851 0.385878 0.381443
threshold=3595.6833333333338 10039.540000000001 26325.572028254657 8.5000000000000018 10.500000000000002 41875.830000000009 11200.970000000003 1.0145317803533163 3835.4121345800645 4880.3826388888892 8985.0116666666672 0.53358113006334162 6610.6950000000006 58059.874075401654 0.50783223433565905 33.500000000000007 7878.1050000000005 37583.160000000011 9594.2138888888912 8543.3699235222903 0.58169916610359607 17519.048333333336 0.13940715227315417 12002.215000000002 2721.9626388888896 8.5000000000000018 0.50284943021868167 1912.5543436731668 21818.375000000004 27999.740000000005
decision_type=2 2 2 2 2 2 2 2 2 2 2 2 2 2 2 2 2 2 2 2 2 2 2 2 2 2 2 2 2 2
left_child=1 -1 6 29 5 -5 24 11 9 -9 26 14 20 16 15 17 -14 -2 19 -12 21 -13 -22 -20 -3 -26 27 -10 -16 -4
right_child=7 2 3 4 -6 -7 -8 8 10 -11 18 12 13 -15 28 -17 -18 -19 23 -21 22 -23 -24 -25 25 -27 -28 -29 -30 -31
leaf_value=-1.6357309323231204 0.42898401530460945 -104.70431910365588 -13.168871387804547 18.933309733516687 -7.104247233087996 -0.099981541409975463 53.302851474304454 263.33549213914 -8.5000070517835784 -5.6303254563299863 0.17651997724330598 -26.965854549733205 3.0332289976942439 972.34762709351708 -14.317879036146927 21.676760846171234 0.93345325518521405 -16.327166099018754 55.287234137482692 257.77520604607287 -3.2969289576853118 197.33196109001744 -9.9412735772727956 -14.712055404541726 -40.945981051590557 -4.7771577532506546 -138.97895322441622 -3.4991432167465342 12.191334398810191 -5.4689800020105697
leaf_weight=3409 1492 1812 233 48 94 55 21 39 455 46 108 169 451 24 371 31 4469 530 460 47 673 48 377 1611 567 319 612 1236 23 272
leaf_count=3409 1492 1812 233 48 94 55 21 39 455 46 108 169 451 24 371 31 4469 530 460 47 673 48 377 1611 567 319 612 1236 23 272
internal_value=-0.000483833 -0.00114202 -0.00224584 -0.000692308 0.00095939 0.0031165 -0.00264693 -0.000145118 -0.000412224 0.00229412 -0.000463017 -2.77272e-06 0.000149251 0.000313106 -0.00038864 -0.000165125 0.000286585 -0.000240357 -8.89495e-05 0.00164516 -0.000490135 0.000870967 -0.000771429 -0.000218736 -0.00268866 -0.00211964 -0.000824577 -0.000569486 -0.0015533 -0.00133663
internal_weight=20102 6830 3421 702 197 103 2719 13272 4614 85 4529 8658 6211 4944 2447 2053 4920 2022 2226 155 1267 217 1050 2071 2698 886 2303 1691 394 505
internal_count=20102 6830 3421 702 197 103 2719 13272 4614 85 4529 8658 6211 4944 2447 2053 4920 2022 2226 155 1267 217 1050 2071 2698 886 2303 1691 394 505
is_linear=0
shrinkage=0.03


Tree=226
num_leaves=31
num_cat=0
split_feature=27 2 7 27 29 15 13 26 18 18 17 19 15 8 31 11 23 24 18 17 17 13 29 12 8 15 7 5 21 19
split_gain=4.98073 9.20545 2.20987 0.707606 0.70975 0.720791 0.56345 0.547573 0.609208 0.730126 0.562389 1.06624 0.524385 0.475583 0.412779 0.397284 0.887076 0.484156 0.942663 0.391188 0.746062 1.62789 0.459338 0.450802 0.847864 0.36555 0.385491 0.39322 0.582306 0.36538
threshold=3595.6833333333338 10039.540000000001 26623.857666527692 2721.9626388888896 2.5000000000000004 1.0069552711598024 8270.380000000001 8.5000000000000018 0.82907381415902737 0.68149743756242087 0.66535718452384673 0.23403802783772035 1.0338177248331348 51977.837500000009 8.5000000000000018 83222.755000000019 7806.8892863716674 65290.927833333342 0.33765340913363567 0.54711380319033254 0.54545369624730988 11094.400000000001 2.5000000000000004 22525.250000000004 116581.47500000002 0.59857046731849251 44909.060377702481 21186.13518078432 25630.858333333341 0.24467710285933233
decision_type=2 2 2 2 2 2 2 2 2 2 2 2 2 2 2 2 2 2 2 2 2 2 2 2 2 2 2 2 2 2
left_child=1 25 3 -3 -5 -6 -4 15 9 12 11 -11 13 -9 -10 19 -17 18 -18 20 22 -22 -2 24 -21 -1 27 28 -27 -12
right_child=7 2 6 4 5 -7 -8 8 14 10 29 -13 -14 -15 -16 16 17 -19 -20 23 21 -23 -24 -25 -26 26 -28 -29 -30 -31
leaf_value=-131.0654283332085 -6.0496503731767701 -101.56476599714297 -3.4830807053065072 -40.08461626459377 0.019059732712792953 -23.788261608347 5.0651097590324632 -3.3175859488916699 -16.369311766563822 13.036608836738559 0.14853188819710614 1.6269650378401641 4.0687873874382259 0.5277299500224395 -3.5074646867093451 384.48755056197541 1075.4942380711182 -137.91032290035676 -9.1914013502152176 -9.3732676221406876 566.43434366471377 -7.5858695783054779 2.7734067338636983 -118.37616293281603 819.12929757289464 -1.3058783714182247 638.96449945926906 -411.16600471898397 520.86981940389626 -20.341077859567132
leaf_weight=37 1677 1817 543 458 222 288 93 569 72 654 945 1020 20 755 375 37 39 170 101 5085 21 23 1567 85 21 3251 34 58 29 36
leaf_count=37 1677 1817 543 458 222 288 93 569 72 654 945 1020 20 755 375 37 39 170 101 5085 21 23 1567 85 21 3251 34 58 29 36
internal_value=-0.000479356 -0.00113763 -0.00223707 -0.00260144 -0.00194628 -0.00117647 -0.00064151 -0.000140597 0.000130903 0.000248311 0.000536722 0.000870967 -0.000321429 -0.000394261 -0.000919464 -0.000277363 0.000717579 0.000193548 0.0015 -0.000318081 -6.20445e-05 0.00381818 -0.000114674 -0.000480255 -0.000444184 -3.43216e-05 -1.78007e-06 -3.41529e-05 9.14563e-06 -3.36399e-05
internal_weight=20102 6830 3421 2785 968 510 636 13272 4446 3999 2655 1674 1344 1324 447 8826 347 310 140 8479 3288 44 3244 5191 5106 3409 3372 3338 3280 981
internal_count=20102 6830 3421 2785 968 510 636 13272 4446 3999 2655 1674 1344 1324 447 8826 347 310 140 8479 3288 44 3244 5191 5106 3409 3372 3338 3280 981
is_linear=0
shrinkage=0.03


Tree=227
num_leaves=31
num_cat=0
split_feature=27 2 3 28 28 2 8 13 12 26 18 18 22 0 15 23 24 24 9 31 28 27 28 16 27 10 25 27 18 1
split_gain=4.97945 9.27889 2.20779 1.39605 1.71327 1.80855 0.800663 0.707688 0.656086 0.538628 0.601406 0.602595 0.546422 0.700358 0.514719 0.469289 0.427496 0.546418 0.456626 0.412779 0.41142 0.490621 0.833002 1.49877 0.759446 0.972155 0.633947 0.562228 0.457771 0.672382
threshold=3595.6833333333338 10039.540000000001 24691.850000000002 8.5000000000000018 10.500000000000002 26147.590000000004 27999.740000000005 11094.400000000001 4253.9300000000012 8.5000000000000018 0.82907381415902737 0.68149743756242087 32869.500000000007 32251.987416734599 1.0338177248331348 2326.6237185814794 42555.736666666671 24473.745833333338 43784.670000000006 8.5000000000000018 11.500000000000002 5350.9725000000008 8.5000000000000018 -192.41593071431086 8985.0116666666672 51911.665000000008 39302.435000000005 9594.2138888888912 0.70252837036645521 29144.237578508142
decision_type=2 2 2 2 2 2 2 2 2 2 2 2 2 2 2 2 2 2 2 2 2 2 2 2 2 2 2 2 2 2
left_child=1 16 7 6 5 -5 -4 -3 -8 20 11 14 13 -13 15 -11 17 18 -1 -12 21 22 26 -24 25 -23 -2 -26 -22 -30
right_child=9 2 3 4 -6 -7 8 -9 -10 10 19 12 -14 -15 -16 -17 -18 -19 -20 -21 28 24 23 -25 27 -27 -28 -29 29 -31
leaf_value=-1.6294572820230315 -5.2973120850265385 -72.773295307364918 -20.382808856526374 17.679735072736005 -9.4220642039417974 5.9507084019042908 4.0279820981881818 52.417413778325731 -13.848290902878391 -0.10191219912588913 -15.878232413567 -1.3401486671182032 1.9477007413290597 23.106423786508007 3.9467237658149878 -6.218347927429166 626.08488944342014 -189.74578227681877 281.79648485290579 -3.402240746108268 -25.453867803169821 -206.62779627184088 113.29262368650706 0.15261914641946192 47.108394251545434 -2.4171745377144029 5.9541419264765603 -5.682500343427435 50.779177173521823 -741.67063984369145
leaf_weight=3252 1272 2307 471 36 194 120 140 21 132 986 72 21 2611 23 20 338 33 92 32 375 573 931 176 342 193 1599 172 3356 167 45
leaf_count=3252 1272 2307 471 36 194 120 140 21 132 986 72 21 2611 23 20 338 33 92 32 375 573 931 176 342 193 1599 172 3356 167 45
internal_value=-0.000483833 -0.00114202 -0.00224584 -0.00113358 0.000428571 0.00276923 -0.00186945 -0.00276804 -0.00057353 -0.000145118 0.000124156 0.000240809 0.000502824 0.00381818 -0.000276786 -0.000348943 -3.43216e-05 -6.75363e-05 -3.6548e-06 -0.000919464 -0.000280762 -0.000216765 0.000195718 0.0012278 -0.000349894 -0.000747036 -0.000174516 -6.67801e-05 -0.000936306 0.000254716
internal_weight=20102 6830 3421 1093 350 156 743 2328 272 13272 4446 3999 2655 44 1344 1324 3409 3376 3284 447 8826 8041 1962 518 6079 2530 1444 3549 785 212
internal_count=20102 6830 3421 1093 350 156 743 2328 272 13272 4446 3999 2655 44 1344 1324 3409 3376 3284 447 8826 8041 1962 518 6079 2530 1444 3549 785 212
is_linear=0
shrinkage=0.03


Tree=228
num_leaves=31
num_cat=0
split_feature=27 11 8 28 5 1 8 12 28 18 24 6 27 17 14 12 8 17 25 28 31 14 10 10 26 18 17 18 18 10
split_gain=4.40047 8.29246 2.7069 1.76529 2.26858 1.11831 1.11462 0.903943 0.880902 0.559643 0.794489 0.71262 1.08 0.607482 0.563157 0.701384 0.659913 0.854486 0.725779 0.504964 0.47856 0.539075 0.446652 0.463165 0.417989 0.894823 0.630431 0.75201 0.496733 1.04866
threshold=3595.6833333333338 5900.0850000000009 23792.397500000003 8.5000000000000018 24962.723564280572 2290.4816735428203 27070.317500000005 4253.9300000000012 10.500000000000002 0.53819049598252489 7873.4383333333344 7797.1690500000013 9989.2108333333363 3.1170386222406048 17756.940000000006 14600.190000000001 99692.685000000012 0.49024338927774364 121733.16750000003 8.5000000000000018 9.5000000000000018 19859.325000000004 570497.60750000004 12740.612500000001 2.5000000000000004 0.50783223433565905 1.18358613563019 0.17524522495825159 74.90000000000002 9365.9725000000017
decision_type=2 2 2 2 2 2 2 2 2 2 2 2 2 2 2 2 2 2 2 2 2 2 2 2 2 2 2 2 2 2
left_child=1 24 5 6 -5 -3 -4 -8 -6 14 -11 12 -12 19 15 22 20 -18 -19 -13 21 -16 23 -2 28 26 27 -26 29 -1
right_child=9 2 3 4 8 -7 7 -9 -10 10 11 13 -14 -15 16 -17 17 18 -20 -21 -22 -23 -24 -25 25 -27 -28 -29 -30 -31
leaf_value=-98.614862488245961 89.922250440597793 113.98656107105849 -22.182881156077556 17.626470758450186 7.6823931912849854 -78.849697698031122 1.5699778809077367 -13.432842464973987 -7.2922340422164487 -153.21968819477337 -196.05279211422845 -0.60861867520537749 537.38670151090844 -405.74909706506463 -37.513458344971049 2362.326364562226 -58.70262579515861 106.26626186790632 4.9925051982389927 1.8711990154680054 -20.841060601211719 -2.9073921071420927 1711.4629222973529 -6.8960658314455721 -177.88714780253969 -141.43816870896126 -103.91624381267118 123.57802939170089 26.131163728933689 10.861566289805625
leaf_weight=432 63 21 442 31 154 2240 190 182 147 398 30 5689 20 60 129 40 46 37 59 2977 653 524 41 2506 66 528 103 228 680 1386
leaf_count=432 63 21 442 31 154 2240 190 182 147 398 30 5689 20 60 129 40 46 37 59 2977 653 524 41 2506 66 528 103 228 680 1386
internal_value=-0.000479356 -0.0010981 -0.00214588 -0.000958116 0.000885541 -0.0027479 -0.00171007 -0.000500001 8.97003e-05 -0.000160941 -3.07398e-05 2.8714e-05 0.0036 8.25049e-06 -0.000452417 -0.000192454 -0.000928178 0.00101408 0.002625 2.90784e-05 -0.00113936 -0.000565085 -0.000252874 -0.000302453 -5.52154e-05 -0.000600001 0.00047607 0.00118367 0.000146516 -0.000112212
internal_weight=20102 6830 3407 1146 332 2261 814 372 301 13272 9174 8776 50 8726 4098 2650 1448 142 96 8666 1306 653 2610 2569 3423 925 397 294 2498 1818
internal_count=20102 6830 3407 1146 332 2261 814 372 301 13272 9174 8776 50 8726 4098 2650 1448 142 96 8666 1306 653 2610 2569 3423 925 397 294 2498 1818
is_linear=0
shrinkage=0.03


Tree=229
num_leaves=31
num_cat=0
split_feature=27 2 7 12 12 11 4 11 12 18 3 18 27 3 20 14 15 23 20 1 26 31 2 24 26 18 7 20 15 16
split_gain=4.59236 8.34642 2.73155 1.02295 1.47783 0.556451 0.544338 0.528506 0.514453 0.591473 0.847764 0.994852 0.795777 0.774728 0.742401 1.19696 0.692148 0.588395 0.546082 0.560351 0.532648 0.505561 0.43715 0.64808 0.410286 0.765945 0.448149 0.407655 0.381344 1.00572
threshold=3595.6833333333338 10039.540000000001 23655.781883838306 4214.4650000000011 4135.0850000000009 7352.3050000000012 23922.720000000005 1.0000000180025095e-35 3074.1550000000002 0.68149743756242087 5584.6550000000007 0.82907381415902737 101108.73500000002 4056.4750000000004 0.11745643083246164 21298.765000000003 1.8298464202560412 308.23259113439741 0.013520377496754048 815.09831250000002 2.5000000000000004 5.5000000000000009 18301.420000000002 13786.637333333336 2.5000000000000004 0.50783223433565905 14941.042316535642 0.12527732637149094 1.8298464202560412 776.61114511310745
decision_type=2 2 2 2 2 2 2 2 2 2 2 2 2 2 2 2 2 2 2 2 2 2 2 2 2 2 2 2 2 2
left_child=1 5 7 4 6 24 -4 21 18 12 13 27 14 16 15 -10 -11 -16 -2 -20 -13 -3 23 -21 28 26 -26 -12 29 -1
right_child=8 2 3 -5 -6 -7 -8 -9 9 10 11 20 -14 -15 17 -17 -18 -19 19 22 -22 -23 -24 -25 25 -27 -28 -29 -30 -31
leaf_value=1.2400164060967753 -11.895608448183207 -383.53292049204731 5.6380223281572288 -10.160696216824165 9.3692597368752182 142.35781645872575 -4.1119321747807867 -86.683068586667844 -0.84305373037126774 -147.39441329127007 -0.90616749203920854 147.65654680693109 1641.3832901322189 1050.8715380507138 6.6899426883116906 20.938114261190165 989.46954957858179 -2.7728923358878523 10.775888469386826 -133.29334814146597 -11.704810811373019 29.87511910192633 -190.14087931606383 73.536248516536475 -2.3432151124090619 -148.36092696684167 135.38015894480864 3.0904997716792524 -132.94627442625517 146.27630860437083
leaf_weight=2451 3156 20 41 737 33 24 467 2100 165 46 696 97 32 26 295 126 41 4609 22 391 676 23 660 216 335 482 50 2018 35 32
leaf_count=2451 3156 20 41 737 33 24 467 2100 165 46 696 97 32 26 295 126 41 4609 22 391 676 23 660 216 335 482 50 2018 35 32
internal_value=-0.000470402 -0.00110249 -0.00214937 -0.00105164 -6.09989e-05 -5.19221e-05 -0.000460631 -0.00280401 -0.000145118 -1.25758e-05 0.000283333 0.000200458 -0.000216377 0.00284071 -0.000245429 0.0012268 0.00148276 -0.00033279 -0.000408325 -0.000928628 -0.00074903 0.000488371 -0.00101105 -0.000429984 -8.41957e-05 -0.00064706 0.000350649 0.000470891 0.00010961 0.000153443
internal_weight=20102 6830 3421 1278 541 3409 508 2143 13272 8827 3600 3487 5227 113 5195 291 87 4904 4445 1289 773 43 1267 607 3385 867 385 2714 2518 2483
internal_count=20102 6830 3421 1278 541 3409 508 2143 13272 8827 3600 3487 5227 113 5195 291 87 4904 4445 1289 773 43 1267 607 3385 867 385 2714 2518 2483
is_linear=0
shrinkage=0.03


Tree=230
num_leaves=31
num_cat=0
split_feature=27 2 27 28 28 2 8 20 12 24 18 21 24 11 8 23 25 25 6 25 13 1 24 7 7 18 3 15 26 18
split_gain=4.33822 7.93244 2.7811 1.81907 2.58531 1.46701 1.24593 0.95504 0.899454 0.626501 0.795168 1.46077 2.06115 0.9 0.611157 1.08614 0.779136 0.571395 0.512584 0.563736 0.524406 0.427551 0.439928 1.94054 0.572322 0.414747 0.382016 0.356924 0.334275 0.558838
threshold=3595.6833333333338 10039.540000000001 2721.9626388888896 8.5000000000000018 9.5000000000000018 26147.590000000004 27070.317500000005 0.18688914860347083 4253.9300000000012 34534.076666666675 0.53819049598252489 34593.521666666675 37719.146666666675 20966.170000000002 113219.25500000002 4976.3579216337384 42461.972500000011 33396.277500000004 37356.255004098603 35604.86250000001 20312.965000000004 1.0000000180025095e-35 33341.86250000001 33286.14170494218 38833.053872976925 0.49160194135454488 9661.4600000000009 0.59857046731849251 2.5000000000000004 0.50783223433565905
decision_type=2 2 2 2 2 2 2 2 2 2 2 2 2 2 2 2 2 2 2 2 2 2 2 2 2 2 2 2 2 2
left_child=1 27 -3 6 5 -5 -4 -6 -8 17 14 12 13 -12 16 -16 26 21 19 -13 -20 -2 24 -24 -23 -17 -11 -1 -29 -30
right_child=9 2 3 4 7 -7 8 -9 -10 10 11 18 -14 -15 15 25 -18 -19 20 -21 -22 22 23 -25 -26 -27 -28 28 29 -31
leaf_value=-125.66028548478204 196.0276589797169 -92.276723216880228 -32.380696489695687 12.116173727047357 0.63372065902004659 0.089663800162713525 1.3434047715915443 -31.768786387902924 -12.74929465156003 -378.1648679347208 188.47048694586047 0.34024728917334052 -62.366250366746023 1037.140069167509 344.63587925482307 5.8111974195414371 -20.779465358060833 -11.999053431748363 1.5113420274196796 -8.3775036291199125 -3.606349844982677 -11.07278862326922 -59.976916250895968 44.263971154437449 -303.90855841751875 -60.783406182911669 6.8891931267936943 2.1543985877180085 28.796477115722237 -112.77516023316494
leaf_weight=37 65 1818 701 80 242 64 191 142 183 91 20 196 39 20 28 63 903 267 4456 265 1238 4916 48 41 97 30 489 2483 389 500
leaf_count=37 65 1818 701 80 242 64 191 142 183 91 20 196 39 20 28 63 903 267 4456 265 1238 4916 48 41 97 30 489 2483 389 500
internal_value=-0.000479356 -0.0010937 -0.00211429 -0.00120337 0.000238636 0.00366667 -0.00191163 -0.00104688 -0.00051337 -0.000163201 8.4198e-06 0.000161693 0.00421519 0.009 -0.000587283 0.00146281 -0.000754552 -0.000410748 0.000109666 -0.000852495 0.000187565 -0.000340817 -0.00037162 0.0017191 -0.000408738 -9.67749e-05 0.000103448 -6.95226e-05 -3.73673e-05 -0.000536559
internal_weight=20102 6830 3421 1603 528 144 1075 384 374 13272 7838 6234 79 40 1604 121 1483 5434 6155 461 5694 5167 5102 89 5013 93 580 3409 3372 889
internal_count=20102 6830 3421 1603 528 144 1075 384 374 13272 7838 6234 79 40 1604 121 1483 5434 6155 461 5694 5167 5102 89 5013 93 580 3409 3372 889
is_linear=0
shrinkage=0.03


Tree=231
num_leaves=31
num_cat=0
split_feature=27 2 7 28 21 15 1 10 9 12 27 23 11 31 15 5 23 24 28 28 17 14 22 14 16 27 14 15 7 24
split_gain=4.2848 8.43736 2.20822 2.74345 2.16727 1.03512 0.912895 0.731642 0.585936 0.522992 0.960772 0.744432 0.743563 0.773823 1.09954 0.525417 0.44527 0.420409 0.445765 0.506166 1.35056 0.570878 0.400711 0.555765 0.4 0.370887 0.355787 0.350832 0.347449 0.517021
threshold=3320.2633333333338 10039.540000000001 23655.781883838306 8.5000000000000018 24219.016666666666 1.0057877094333947 27197.43314594695 55317.817500000005 16912.420000000002 1.0000000180025095e-35 3487.9856250000007 10013.313252563375 78628.500000000015 28.500000000000004 0.99935374635643281 20226.181718750002 10903.631047438832 3506.4033333333336 11.500000000000002 8.5000000000000018 0.65047837707359968 39806.475000000013 51799.105000000003 28184.295000000002 -426.73988432216714 71992.866666666683 15947.990000000003 0.59857046731849251 44909.060377702481 23876.796666666673
decision_type=2 2 2 2 2 2 2 2 2 2 2 2 2 2 2 2 2 2 2 2 2 2 2 2 2 2 2 2 2 2
left_child=1 27 -3 6 -5 -6 -4 9 -8 10 24 25 13 15 -15 -11 -13 -9 19 21 -21 -19 26 -24 -2 -12 -20 -1 29 -29
right_child=7 2 3 4 5 -7 8 17 -10 12 11 16 -14 14 -16 -17 -18 18 22 20 -22 -23 23 -25 -26 -27 -28 28 -30 -31
leaf_value=-121.8904769202386 143.29084029833101 -81.90388725164 -23.205570377357134 9.6270691537705986 7.2435506243876837 -6.871685954487285 2.3223223143208895 1507.4168902568579 -5.163074830637175 -18.393719221643632 -66.686417648433149 255.83397503028866 1213.746624084572 4.8541251454742422 -3.3235786015468918 -8.940953649377505 10.6704085085501 -0.050521492410733136 -16.415036126423637 6.8133198550375678 -12.923650924522079 -15.508684223034869 2.8908597481215268 -4.5032337871413466 155.84554474318014 243.00940506537998 -25.191262694435061 -0.57220689845045503 833.61350378361033 -153.80823352493451
leaf_weight=37 20 2073 428 22 123 100 58 33 120 1112 1197 81 30 94 226 1827 900 4998 136 1330 785 500 153 240 20 33 189 3118 29 90
leaf_count=37 20 2073 428 22 123 100 58 33 120 1112 1197 81 30 94 226 1827 900 4998 136 1330 785 500 153 240 20 33 189 3118 29 90
internal_value=-0.000485326 -0.00114134 -0.00231259 -0.00102585 0.00165306 0.000766815 -0.00210891 -0.000192895 -0.000303372 -0.00046029 -0.000107953 -0.000191317 -0.00070143 -0.000744708 0.000656249 -0.000897245 0.000425076 -1.57826e-05 -2.91689e-05 3.82234e-05 0.000432623 -0.000113497 -0.000743733 -9.92374e-05 0.0045 -0.000682928 -0.00152308 -9.5297e-05 -6.20952e-05 -9.16466e-05
internal_weight=20102 6198 2924 851 245 223 606 13904 178 5540 2251 2211 3289 3259 320 2939 981 8364 8331 7613 2115 5498 718 393 40 1230 325 3274 3237 3208
internal_count=20102 6198 2924 851 245 223 606 13904 178 5540 2251 2211 3289 3259 320 2939 981 8364 8331 7613 2115 5498 718 393 40 1230 325 3274 3237 3208
is_linear=0
shrinkage=0.03


Tree=232
num_leaves=31
num_cat=0
split_feature=27 2 27 28 28 2 8 20 2 31 18 20 17 20 18 18 13 8 13 28 28 22 11 15 13 24 28 25 23 7
split_gain=4.13468 7.79718 2.84942 2.01642 3.06258 1.42222 1.24593 0.95504 0.623172 0.589562 0.733396 1.275 1.33221 0.669563 0.519697 0.464954 0.462793 0.700491 0.565869 0.377037 0.499329 0.362784 0.58116 0.342917 0.332419 0.492509 0.710493 0.592871 0.438455 0.757502
threshold=3595.6833333333338 10039.540000000001 2721.9626388888896 8.5000000000000018 9.5000000000000018 26147.590000000004 27070.317500000005 0.18688914860347083 31523.665000000005 20.500000000000004 0.62862128941590956 0.11745643083246164 0.69894967357551063 0.22174197368306922 0.59925971835174807 23029.428459060728 18753.780000000002 88996.47500000002 32666.705000000005 11.500000000000002 8.5000000000000018 5738.5350000000008 12499.165000000001 0.59857046731849251 1.0000000180025095e-35 39145.873333333344 8.5000000000000018 40895.615000000005 15830.752924171944 10837.33518949368
decision_type=2 2 2 2 2 2 2 2 2 2 2 2 2 2 2 2 2 2 2 2 2 2 2 2 2 2 2 2 2 2
left_child=1 15 -3 6 5 -5 -4 -6 -8 21 11 12 14 16 -11 23 17 -12 -18 20 -13 22 -2 -1 28 26 -26 -27 -23 -30
right_child=9 2 3 4 7 -7 8 -9 -10 10 13 19 -14 -15 -16 -17 18 -19 -20 -21 -22 24 -24 -25 25 27 -28 -29 29 -31
leaf_value=-117.864110335652 -25.959027573727393 -87.051304902824626 -30.71310848368411 13.802643905070198 0.38160423373894486 0.23723787275987274 0.22111533321211213 -30.433142749968237 -15.65080987432008 64.467195969728436 1.8452781187024985 -7.6108161471741678 -1.5898790931205773 14.378428231633487 16.310251025328782 436.11755214688424 -6.1937954030059741 60.667124790365662 25.673312897277832 -22.297654575921214 0.65758414922207198 66.552085752668717 -241.95478246779959 -1.6985272145960504 -13.114447135320868 10.095373484937772 0.94809389046275072 -1.0217867598847195 103.98106787459908 -57.89719678855537
leaf_weight=36 1012 1818 701 80 242 64 301 142 73 20 1379 745 32 20 22 20 467 44 108 148 470 992 200 3353 2176 326 918 3258 34 901
leaf_count=36 1012 1818 701 80 242 64 301 142 73 20 1379 745 32 20 22 20 467 44 108 148 470 992 200 3353 2176 326 918 3258 34 901
internal_value=-0.000476371 -0.00107614 -0.00208799 -0.00116594 0.000352272 0.00408333 -0.00191163 -0.00104688 -0.00051337 -0.000167722 0.000169319 -0.000348644 0.00348649 0.000538156 0.007 -6.07223e-05 0.000483483 0.000773717 -0.000234783 -0.000556861 -0.000382717 -0.000286341 -0.000772278 -8.76372e-05 -0.000217897 -0.00031806 -0.000595347 -7.86838e-05 0.000129216 -0.000336899
internal_weight=20102 6830 3421 1603 528 144 1075 384 374 13272 3455 1437 74 2018 42 3409 1998 1423 575 1363 1215 9817 1212 3389 8605 6678 3094 3584 1927 935
internal_count=20102 6830 3421 1603 528 144 1075 384 374 13272 3455 1437 74 2018 42 3409 1998 1423 575 1363 1215 9817 1212 3389 8605 6678 3094 3584 1927 935
is_linear=0
shrinkage=0.03


Tree=233
num_leaves=31
num_cat=0
split_feature=27 2 27 28 28 2 8 20 2 31 18 31 23 18 16 21 4 14 18 31 31 16 26 18 17 4 5 17 18 16
split_gain=4.25788 7.59566 2.91122 1.96701 3.06258 1.42222 1.1967 0.95504 0.623172 0.619045 0.654712 0.534741 0.906442 0.728009 0.42846 1.54647 0.39252 0.374076 0.368512 0.548287 0.510572 0.333461 0.405988 0.50127 0.568602 0.371911 0.816703 0.713402 0.354404 0.32273
threshold=3595.6833333333338 10039.540000000001 2721.9626388888896 8.5000000000000018 9.5000000000000018 26147.590000000004 27070.317500000005 0.18688914860347083 31523.665000000005 20.500000000000004 0.53819049598252489 22.500000000000004 752.7949920796417 0.56331506389922281 -133.30290412304745 33913.76166666668 6303.0000000000009 11593.780000000001 0.50575181879699815 23.500000000000004 34.500000000000007 2106.3609813662702 2.5000000000000004 0.50783223433565905 1.18358613563019 12422.280000000001 7577.5481445312507 1.4741561511579861 1.3925511991128483 4353.1639986323808
decision_type=2 2 2 2 2 2 2 2 2 2 2 2 2 2 2 2 2 2 2 2 2 2 2 2 2 2 2 2 2 2
left_child=1 21 -3 6 5 -5 16 -6 -8 29 18 12 -12 -14 15 -13 -4 -16 19 -11 -21 22 25 24 -24 26 -1 -27 -25 -2
right_child=9 2 3 4 7 -7 8 -9 -10 10 11 14 13 -15 17 -17 -18 -19 -20 20 -22 -23 23 28 -26 27 -28 -29 -30 -31
leaf_value=1.9810535981121369 -1.7180139390560742 -84.439765755739927 -3.5547680914881039 13.388564587918097 0.37015610672677979 0.23012073657708537 0.21448187321570189 -29.520148467469213 -15.181285578090433 6.5587811042688653 -15.637882127812638 15.513415836152255 36.774342647020106 9.0422674806567098 -13.053143580220381 1.7041516639011836 -30.04048079510126 0.067694583461118632 -13.206055337317792 -6.5428436627068818 17.635161971122503 91.891453923278533 95.059157553585763 -158.29859074885817 -142.57969455818721 -11.903844817124389 -122.87888199367927 128.722854181565 -59.350694902610975 -54.158825070240212
leaf_weight=1485 8185 1818 34 80 242 64 301 142 73 31 37 28 20 307 56 780 667 1624 281 263 28 23 269 202 111 387 309 333 290 1632
leaf_count=1485 8185 1818 34 80 242 64 301 142 73 31 37 28 20 307 56 780 667 1624 281 263 28 23 269 202 111 387 309 333 290 1632
internal_value=-0.000471894 -0.00108053 -0.00207922 -0.00114722 0.000352272 0.00408333 -0.00188372 -0.00104688 -0.00051337 -0.000158681 0.000186685 0.000376577 0.00145055 0.00195413 0.000219453 0.000787128 -0.00261484 -5.35721e-05 -0.000711444 -1.86343e-05 -0.000422681 -7.83228e-05 -0.000102777 -0.000660551 0.000157894 9.06914e-05 -0.000140469 0.000666666 -0.00129268 -0.000280229
internal_weight=20102 6830 3421 1603 528 144 1075 384 374 13272 3455 2852 364 327 2488 808 701 1680 603 322 291 3409 3386 872 380 2514 1794 720 492 9817
internal_count=20102 6830 3421 1603 528 144 1075 384 374 13272 3455 2852 364 327 2488 808 701 1680 603 322 291 3409 3386 872 380 2514 1794 720 492 9817
is_linear=0
shrinkage=0.03


Tree=234
num_leaves=31
num_cat=0
split_feature=27 14 27 28 8 28 10 8 18 7 17 25 7 31 19 25 19 25 3 21 18 27 27 4 3 16 22 25 27 31
split_gain=4.16713 7.99896 1.3033 1.32376 2.00009 1.25952 1.17146 0.811489 0.887363 0.784272 0.676261 0.601392 0.90432 0.902881 1.09341 0.820022 0.599852 0.597695 0.928767 0.622219 0.774752 0.591304 1.33872 0.764114 1.15525 0.870238 0.700198 0.587641 0.925923 0.816792
threshold=2999.8762500000007 5352.3450000000003 2656.9727777777784 8.5000000000000018 22411.902500000004 11.500000000000002 20923.257500000003 36171.740000000013 0.54026921430181496 27185.018875474128 2.5076109343812916 18479.765000000003 26623.857666527692 27.500000000000004 0.30235019363197385 32641.152500000004 0.1691712377082599 41658.222500000011 75014.795000000013 33376.411666666674 0.52308235812895509 5498.2316666666675 7873.7366666666676 1835.9650000000001 25251.045000000006 -67.373477644834551 10876.885 8786.0600000000013 1816.2893750000003 9.5000000000000018
decision_type=2 2 2 2 2 2 2 2 2 2 2 2 2 2 2 2 2 2 2 2 2 2 2 2 2 2 2 2 2 2
left_child=1 27 -3 6 -5 -6 -4 11 17 -8 -10 21 16 15 -15 -14 -13 19 -19 -9 -21 23 -23 25 -25 -2 -24 28 -1 -30
right_child=7 2 3 4 5 -7 9 8 10 -11 -12 12 13 14 -16 -17 -18 18 -20 20 -22 22 26 24 -26 -27 -28 -29 29 -31
leaf_value=-23.720751050333767 358.81976595723535 -95.086180959456414 144.99919651394933 -53.057515183775649 10.987041699115489 -50.924863538730257 -32.395116001492894 1114.3645457022351 0.73900603183724289 1.6418457266504274 1622.8943597521318 -24.934777322635156 -0.881362448383053 -0.2024808280113404 10.243636332582614 -7.5645318331627607 -23.326233161699513 -22.667567040907294 1.2256268989869343 -12.267280842744208 20.992173539508332 -202.27993272451769 -39.573142036668131 -19.214263096850747 287.04285761854868 7.7718164092636446 56.02558547489847 -104.90862712040789 34.463347557483807 123.05315630410907
leaf_weight=1641 93 1755 34 98 84 21 420 20 5570 29 21 326 1254 370 113 888 768 699 332 106 21 742 1118 959 120 208 966 639 620 67
leaf_count=1641 93 1755 34 98 84 21 420 20 5570 29 21 326 1254 370 113 888 768 699 332 106 21 742 1118 959 120 208 966 639 620 67
internal_value=-0.00046294 -0.00117493 -0.00244695 -0.00133819 0.000694581 0.00357143 -0.00219255 -0.000200899 4.03302e-05 -0.00259911 0.000197996 -0.000406941 -0.000684862 -0.000382858 0.000788819 -0.00064706 -0.00140951 -0.00070798 -0.000963143 0.00108163 0.000307086 -0.000161199 -0.000409767 0.000347825 -2.50239e-05 0.00168438 -2.01543e-05 -0.000128413 9.27828e-05 0.00101747
internal_weight=20102 5408 2441 686 203 105 483 14694 6769 449 5591 7925 3719 2625 483 2142 1094 1178 1031 147 127 4206 2826 1380 1079 301 2084 2967 2328 687
internal_count=20102 5408 2441 686 203 105 483 14694 6769 449 5591 7925 3719 2625 483 2142 1094 1178 1031 147 127 4206 2826 1380 1079 301 2084 2967 2328 687
is_linear=0
shrinkage=0.03


Tree=235
num_leaves=31
num_cat=0
split_feature=7 26 28 8 28 10 5 8 8 28 28 12 12 25 1 8 7 4 9 7 13 6 6 14 7 8 19 7 10 17
split_gain=3.28307 12.2164 0.861417 2.23341 2.39184 1.29657 0.76629 1.00052 0.914551 0.759404 1.23111 0.831234 0.631525 0.571072 0.720731 0.924267 1.14635 0.682426 0.573766 0.4 0.366591 0.368955 0.599226 0.337166 0.625541 0.237769 0.232136 1.08522 0.21976 0.180675
threshold=26623.857666527692 5.5000000000000009 8.5000000000000018 22411.902500000004 9.5000000000000018 44074.320000000007 10182.350615234378 16675.075000000001 17554.760000000006 8.5000000000000018 11.500000000000002 5689.4050000000016 4444.4850000000006 18479.765000000003 25209.566802177971 8593.1050000000014 22423.84405426398 40491.62000000001 1.0000000180025095e-35 37775.041800830666 3301.1050000000005 26745.088760255501 24465.271266415475 25060.810000000001 13828.994598120962 4986.9800000000005 0.20273441684910781 30169.364143518749 35364.55000000001 1.0959601322310191
decision_type=2 2 2 2 2 2 2 2 2 2 2 2 2 2 2 2 2 2 2 2 2 2 2 2 2 2 2 2 2 2
left_child=1 13 -3 29 5 -5 -2 25 19 11 -11 -10 -6 14 17 -16 -17 18 -1 -9 21 22 -15 -22 -25 -8 -27 -28 -19 -4
right_child=6 2 3 4 12 -7 7 8 9 10 -12 -13 -14 20 15 16 -18 28 -20 -21 23 -23 -24 24 -26 26 27 -29 -30 -31
leaf_value=10.885506489308126 455.91658995634708 -50.388246244268977 -80.310308522270077 9.8050058417839221 1.1168226495892277 10.592560438270596 634.93276288624565 1578.7414216802233 -6.4230268597255593 2.9592366450381125 -4.8221972560121023 -0.16813521104686951 -24.953858316645217 -39.748837581991893 -521.01133094319187 842.6447468862599 93.227512313113237 -271.99872566073935 -16.034752848752838 398.24523923498271 -408.79731855455617 -258.24049020066684 394.12743410581874 920.79039901670785 -224.79652506457478 -358.10456164148263 341.9159877594393 -775.16676645526661 -401.18791110737021 -13.663612674965711
leaf_weight=1471 26 1864 594 51 103 24 21 20 1775 2366 792 4572 115 268 38 59 63 96 4922 20 251 59 42 27 99 202 23 52 67 20
leaf_count=1471 26 1864 594 51 103 24 21 20 1775 2366 792 4572 115 268 38 59 63 96 4922 20 251 59 42 27 99 202 23 52 67 20
internal_value=-0.00045697 -0.000833481 -0.00253446 -0.00177619 0.000378839 0.005 -6.65728e-05 -8.01592e-05 -2.67163e-05 -4.57661e-05 0.000334388 -0.000234915 -0.00121101 -0.000201823 -0.000114354 0.001875 0.00314754 -0.000162905 -0.000114032 0.0045 -0.000989277 -0.000317074 9.67735e-05 -0.00164722 -0.000380953 -0.00179195 -0.00202527 -0.000600001 -0.00207976 -0.00280456
internal_weight=20102 10233 2771 907 293 75 9869 9843 9545 9505 3158 6347 218 7462 6716 160 122 6556 6393 40 746 369 310 377 126 298 277 75 163 614
internal_count=20102 10233 2771 907 293 75 9869 9843 9545 9505 3158 6347 218 7462 6716 160 122 6556 6393 40 746 369 310 377 126 298 277 75 163 614
is_linear=0
shrinkage=0.03


Tree=236
num_leaves=31
num_cat=0
split_feature=27 2 8 28 2 13 8 28 11 13 8 18 17 25 3 21 18 3 19 4 25 7 25 4 3 27 21 28 4 27
split_gain=4.02021 7.73058 3.02445 1.52054 2.2012 1.11487 1.05042 0.862518 0.552156 0.526458 0.48829 0.844169 0.680176 0.594008 0.921612 0.622219 0.774752 0.566304 0.561436 0.551756 0.486675 0.479166 1.45778 0.728139 0.488239 0.462293 0.758311 0.721966 0.410594 0.400688
threshold=3595.6833333333338 10039.540000000001 23353.157500000005 8.5000000000000018 24549.600000000006 11094.400000000001 25747.987500000007 11.500000000000002 7352.3050000000012 5232.3850000000011 36171.740000000013 0.54026921430181496 2.5076109343812916 41658.222500000011 75014.795000000013 33376.411666666674 0.52308235812895509 28466.820000000003 0.36571367782771685 181719.62000000002 32885.662500000013 33286.14170494218 33396.277500000004 33369.505000000012 37933.165000000008 127530.13166666667 36660.500000000007 4.5000000000000009 1.0000000180025095e-35 5498.2316666666675
decision_type=2 2 2 2 2 2 2 2 2 2 2 2 2 2 2 2 2 2 2 2 2 2 2 2 2 2 2 2 2 2
left_child=1 8 5 6 -5 -3 -4 -6 28 -8 20 13 17 15 -15 -12 -17 -13 -19 -16 25 -22 23 -23 -24 29 27 -27 -1 -2
right_child=10 2 3 4 7 -7 9 -9 -10 -11 11 12 -14 14 19 16 -18 18 -20 -21 21 22 24 -25 -26 26 -28 -29 -30 -31
leaf_value=-93.612660280855991 0.51552563236765026 -73.760959986841968 -21.493104264546332 17.289126557788496 2.4948804388381656 57.307456492735334 -11.050433622513772 -28.087501861512255 135.50460884013927 -0.33563409836020719 1080.9292713144316 -493.66857816859698 1574.1187519944308 -21.966521180556306 -0.17187050721062169 -11.94112870410031 20.36745234491698 1.3258059226897112 -10.79184943953663 363.46587197249056 -21.237287836938858 4.6772032749058017 -1.9912555894572068 44.761525196645728 -31.968091116709768 713.66144396329946 847.92506074519372 -334.42592012672861 -0.45225004506947641 -33.466424952244829
leaf_weight=93 1562 2136 377 32 255 21 179 83 24 338 20 68 21 696 309 106 21 5103 398 23 217 22 726 20 132 25 26 41 3292 3736
leaf_count=93 1562 2136 377 32 255 21 179 83 24 338 20 68 21 696 309 106 21 5103 398 23 217 22 726 20 132 25 26 41 3292 3736
internal_value=-0.000453985 -0.00104539 -0.00205291 -0.000887659 0.000729729 -0.00273574 -0.00155705 1.77508e-05 -3.43216e-05 -0.000678918 -0.000149639 2.88241e-05 0.000182468 -0.000702128 -0.000957199 0.00108163 0.000307086 0.000162147 0.000195782 0.000343373 -0.000335178 -0.000905104 -0.000600001 0.00485714 -0.000867134 -0.000217069 0.0018913 0.000181817 -6.64704e-05 -0.000253681
internal_weight=20102 6830 3421 1264 370 2157 894 338 3409 517 13272 6765 5590 1175 1028 147 127 5569 5501 332 6507 1117 900 42 858 5390 92 66 3385 5298
internal_count=20102 6830 3421 1264 370 2157 894 338 3409 517 13272 6765 5590 1175 1028 147 127 5569 5501 332 6507 1117 900 42 858 5390 92 66 3385 5298
is_linear=0
shrinkage=0.03


Tree=237
num_leaves=31
num_cat=0
split_feature=27 26 8 28 5 4 28 27 31 20 18 20 15 17 19 20 19 27 1 26 18 16 12 23 28 19 18 10 15 31
split_gain=4.11996 7.51771 3.33376 1.04059 1.39656 0.850016 0.778365 0.609894 0.549474 0.670655 0.64635 0.585054 0.689615 0.578988 0.995054 0.984408 0.580911 0.517814 0.898491 0.496333 0.604853 0.630548 0.471238 0.460304 0.440657 0.456308 0.42832 0.971788 0.786841 0.781344
threshold=3595.6833333333338 7.5000000000000009 23792.397500000003 8.5000000000000018 24962.723564280572 27928.195000000003 10.500000000000002 3453.3800000000006 20.500000000000004 0.16868014062344416 0.59456396234255693 0.19280428688367304 1.0166111593109328 0.70337589199111805 0.23093519019794187 0.16638504000010609 0.27512746920573511 3988.7661111111115 30845.501632855779 2.5000000000000004 0.58207345759671625 2296.296648639975 15665.005000000003 1619.4419901335057 4.5000000000000009 0.14328760720265651 74.90000000000002 9365.9725000000017 0.90774265681530741 5.5000000000000009
decision_type=2 2 2 2 2 2 2 2 2 2 2 2 2 2 2 2 2 2 2 2 2 2 2 2 2 2 2 2 2 2
left_child=1 19 -3 5 -5 -4 -6 -7 -2 13 17 23 -13 14 15 -10 -16 18 -11 26 21 -21 -19 -12 -15 -26 27 -1 -28 -29
right_child=8 2 3 4 6 7 -8 -9 9 10 11 12 -14 24 16 -17 -18 22 -20 20 -22 -23 -24 -25 25 -27 28 29 -30 -31
leaf_value=-91.534944997491962 -2.8499074452029483 -63.862781333571327 -16.409624638930531 17.10977667735818 6.6886463616439862 0.65431683452818057 -5.4047055380067812 -12.042393627154008 6.2606437395943475 -7.3166405832632364 -5.5917328914779194 11.55400931620323 -4.0642551954741624 -19.351730220074447 -3.3201728707136313 20.043461657302366 2.038328507970693 -13.435622012728381 2.9697228015532549 -4.3626348672776709 -96.289837816031735 41.412372175460021 1.1939825339270111 1.6991570782403183 1.5075064527926629 -7.0722541517361073 1.2019935546077918 -44.150258335548287 139.65449567458481 56.569279395083285
leaf_weight=437 9817 2094 463 31 154 231 147 120 563 34 111 123 74 81 487 30 825 545 22 461 583 28 131 217 49 163 532 656 154 739
leaf_count=437 9817 2094 463 31 154 231 147 120 563 34 111 123 74 81 487 30 825 545 22 461 583 28 131 217 49 163 532 656 154 739
internal_value=-0.000455478 -0.00105417 -0.00210185 -0.000801048 0.000614457 -0.00137838 -9.96749e-06 -0.000264958 -0.000147379 0.000178002 -0.000374702 0.000428571 0.00172081 0.000494085 0.000685039 0.00170489 0.000224085 -0.00095082 0.00182143 -0.000108636 -0.000649254 0.000128834 -0.00118047 -0.000347562 -0.000747441 -2.83026e-05 0.000121524 -0.000117905 0.000760932 0.000268816
internal_weight=20102 6830 3240 1146 332 814 301 351 13272 3455 1257 525 197 2198 1905 593 1312 732 56 3590 1072 489 676 328 293 212 2518 1832 686 1395
internal_count=20102 6830 3240 1146 332 814 301 351 13272 3455 1257 525 197 2198 1905 593 1312 732 56 3590 1072 489 676 328 293 212 2518 1832 686 1395
is_linear=0
shrinkage=0.03


Tree=238
num_leaves=31
num_cat=0
split_feature=27 2 8 28 17 10 18 4 4 12 12 17 27 26 19 19 23 5 23 6 15 27 15 28 8 22 26 27 23 2
split_gain=4.18303 8.99006 0.917541 1.80482 1.07384 0.694979 0.731476 0.771693 0.897319 0.697766 1.83923 0.930219 0.769125 0.633137 0.634412 0.7718 0.622635 0.58972 0.545568 0.592628 0.544535 1.01029 0.514287 0.578792 0.512821 0.488447 0.458722 0.824176 0.590814 0.409172
threshold=2969.0406250000001 10039.540000000001 22411.902500000004 8.5000000000000018 0.62366224473463983 55317.817500000005 0.54026921430181496 41471.755000000012 77063.485000000001 4214.4650000000011 4135.0850000000009 0.67221585662131578 3595.6833333333338 1.5000000000000002 0.13208536256101266 0.13940715227315417 2618.9734123309509 26718.156339269288 189.62821350524624 38750.389629556703 0.77778785159869057 3116.6228472222224 1.010216204317518 8.5000000000000018 23148.752500000002 32300.980000000007 1.5000000000000002 18004.125555555558 269.35499721398077 32651.825000000001
decision_type=2 2 2 2 2 2 2 2 2 2 2 2 2 2 2 2 2 2 2 2 2 2 2 2 2 2 2 2 2 2
left_child=1 -1 -3 17 -5 9 7 26 -9 10 20 -12 22 -8 29 -16 -10 -4 19 -14 21 -2 23 -11 -6 -22 27 -7 -28 -15
right_child=5 2 3 4 24 6 13 8 16 12 11 -13 18 14 15 -17 -18 -19 -20 -21 25 -23 -24 -25 -26 -27 28 -29 -30 -31
leaf_value=-4.4435784954261734 569.56403935574576 -96.474858274733108 -25.889638340836729 15.988734352780536 -32.746802354114728 518.35858986798928 1065.613552284073 -20.995114252727475 30.81252774436458 -11.902894097960655 18.837247554217235 1.2322527162819144 7.518293121474473 1137.5607718161521 10.336393922372716 0.83796450527027921 -5.485415270419475 0.83732575409060905 -3.0909227433899558 170.1845796570054 -7.7037971871113475 13.759046623774296 -19.881383618376436 1.1698506049066082 5.131280191837611 -16.560552798885141 45.848107076431283 -50.545837253155518 -5.3632426678219716 -12.082266117569874
leaf_weight=3055 21 1793 349 31 30 208 27 782 75 353 31 29 80 20 77 4930 369 23 1249 24 3288 599 228 112 48 342 127 156 1358 288
leaf_count=3055 21 1793 349 31 30 208 27 782 75 353 31 29 80 20 77 4930 369 23 1249 24 3288 599 228 112 48 342 127 156 1358 288
internal_value=-0.000455478 -0.00117602 -0.00260422 -0.00144075 0.00195413 -0.00019556 -1.67525e-05 -0.000385367 -0.000969006 -0.000432348 -0.000215778 0.005 -0.000888564 0.000195432 0.000172154 0.000253444 0.000108107 -0.00243548 -0.000472285 0.00161538 -0.000289412 0.000532257 -0.0017013 -0.00112903 7.69224e-05 -0.000429753 1.62178e-06 0.000956043 -0.000232324 -0.00114935
internal_weight=20102 5329 2274 481 109 14773 8417 3075 1226 6356 4310 60 2046 5342 5315 5007 444 372 1353 104 4250 620 693 465 78 3630 1849 364 1485 308
internal_count=20102 5329 2274 481 109 14773 8417 3075 1226 6356 4310 60 2046 5342 5315 5007 444 372 1353 104 4250 620 693 465 78 3630 1849 364 1485 308
is_linear=0
shrinkage=0.03


Tree=239
num_leaves=31
num_cat=0
split_feature=27 2 8 28 14 23 25 18 12 12 23 23 28 16 22 25 25 5 22 7 18 25 3 12 16 19 18 19 14 1
split_gain=4.13513 8.8951 0.996745 1.73911 0.848045 1.08763 0.592092 1.10602 0.586505 0.862136 1.58033 0.826888 0.710576 0.75385 0.654127 0.625709 0.589074 0.569454 0.535691 0.872672 1.03052 0.522492 0.543334 0.570276 0.472926 0.831001 0.44269 0.442541 0.48523 0.416565
threshold=2969.0406250000001 10039.540000000001 22411.902500000004 8.5000000000000018 8904.7500000000018 1274.4454706413389 39302.435000000005 0.54026921430181496 4253.9300000000012 4135.0850000000009 528.85949481033038 1.0000000180025095e-35 8.5000000000000018 18966.512850940406 29347.390000000003 28133.880000000005 33396.277500000004 26718.156339269288 39354.730000000003 45753.736562500002 0.80844087054043567 40895.615000000005 75014.795000000013 3333.2100000000005 752.73280871506734 0.28291282556676989 0.54965890804375095 0.255738398675801 11693.555000000002 24489.787890937499
decision_type=2 2 2 2 2 2 2 2 2 2 2 2 2 2 2 2 2 2 2 2 2 2 2 2 2 2 2 2 2 2
left_child=1 -1 -3 17 -5 -6 8 21 9 16 -11 27 13 -13 -12 -14 29 -4 19 20 -9 -8 -23 -24 25 -20 -26 28 -10 -2
right_child=6 2 3 4 5 -7 7 18 11 10 14 12 15 -15 -16 -17 -18 -19 24 -21 -22 22 23 -25 26 -27 -28 -29 -30 -31
leaf_value=-4.3102711405634011 -19.58064358865861 -93.58061252649108 -25.112949190611662 -2.596699106010945 14.876369658298346 -13.657243189728741 19.889259295894849 1.6758590874594148 4.6217705722905631 26.250329918806262 -16.982648933432859 -10.500875394403089 -8.9685861380359242 1238.9439803247351 6.3824162865746743 0.29899806869724022 -22.857078809381377 0.81220598146786172 0.40051250465192567 -540.22139059756432 398.75628256775252 -18.182644796872985 -867.1600115391218 3.0920002273738878 11.450974297749672 6.7499063980235974 -3.3347011377184566 -44.10140555506036 28.471479461386842 5.5269378692482904
leaf_weight=3055 3975 1793 349 47 42 20 37 22 57 21 47 1760 457 41 42 611 232 23 3063 31 20 751 48 298 28 784 1375 26 46 1001
leaf_count=3055 3975 1793 349 47 42 20 37 22 57 21 47 1760 457 41 42 611 232 23 3063 31 20 751 48 298 28 784 1375 26 46 1001
internal_value=-0.000453985 -0.00117039 -0.00259103 -0.00137838 0.00195413 0.00425806 -0.00019556 1.99776e-05 -0.000362916 -0.00017375 0.00245454 -0.000698466 -0.000804114 -0.00116769 0.000707864 -0.000191012 -0.000229263 -0.00235484 0.000201202 0.00275342 0.00557143 -0.000830689 -0.000948952 3.46814e-05 0.000165714 0.000337665 -0.000305774 0.00165116 0.00253398 -0.00016037
internal_weight=20102 5329 2274 481 109 62 14773 6457 8316 5318 110 2998 2869 1801 89 1068 5208 372 5323 73 42 1134 1097 346 5250 3847 1403 129 103 4976
internal_count=20102 5329 2274 481 109 62 14773 6457 8316 5318 110 2998 2869 1801 89 1068 5208 372 5323 73 42 1134 1097 346 5250 3847 1403 129 103 4976
is_linear=0
shrinkage=0.03


Tree=240
num_leaves=31
num_cat=0
split_feature=27 2 2 28 15 28 26 11 31 23 13 2 2 17 5 17 20 17 14 2 27 22 2 22 5 27 6 15 16 27
split_gain=4.19093 8.80064 1.0454 0.880856 0.688167 1.27977 0.568055 1.25967 1.62881 1.20098 0.673281 0.758102 0.808595 0.551255 0.535556 0.467495 0.452431 0.440668 0.408884 0.668101 0.382078 1.57697 0.996957 0.710052 0.619158 0.352273 0.665228 0.958249 0.833401 0.519418
threshold=2969.0406250000001 10039.540000000001 23421.960000000003 8.5000000000000018 1.0060671607033334 10.500000000000002 8.5000000000000018 16904.150000000005 19.500000000000004 1341.3754694028742 9446.470000000003 35693.305000000008 33719.685000000005 0.64021376150673859 26718.156339269288 0.62165950049336816 0.20935447462581555 0.66535718452384673 5519.1750000000011 8735.0750000000025 3595.6833333333338 8554.782500000003 2850.8500000000008 29027.300000000007 4765.7750781250006 5350.9725000000008 3835.4121345800645 1.0104781754966812 195.07256090690592 8985.0116666666672
decision_type=2 2 2 2 2 2 2 2 2 2 2 2 2 2 2 2 2 2 2 2 2 2 2 2 2 2 2 2 2 2
left_child=1 18 -3 14 5 -5 20 8 -8 -10 13 12 -12 -9 -4 -6 -13 -15 19 -1 21 22 -2 -23 -24 26 28 -28 -22 -27
right_child=6 2 3 4 15 -7 7 10 9 -11 11 16 -14 17 -16 -17 -18 -19 -20 -21 25 23 24 -25 -26 29 27 -29 -30 -31
leaf_value=-2.1698573400090968 444.01412253853374 -77.520806332602604 -22.053130525318657 13.670521819465453 6.6405738075081997 -27.906272321465938 -4.9888001670649036 -5.935642203982562 18.691941028555576 0.80500656696524175 -2.9182358745418711 1.0461045786653169 13.474062016345831 1.0402512926577194 0.78783980202385673 -15.181010831720128 -34.520858256202473 -1.9486157995680631 -72.908138673851198 318.34013477676342 -117.82789948580952 -13.576824294258429 -252.83080631259904 535.94787264195895 91.542008737838245 -9.5803074794541097 2.8264667207029297 -13.067602069682318 224.22423802115938 -4.8006566043059538
leaf_weight=2853 20 1910 221 27 20 22 53 277 34 30 20 3063 21 429 23 51 39 1005 180 22 22 671 51 31 203 2774 1331 747 42 3910
leaf_count=2853 20 1910 221 27 20 22 53 277 34 30 20 3063 21 429 23 51 39 1005 180 22 22 671 51 31 203 2774 1331 747 42 3910
internal_value=-0.000443539 -0.00116476 -0.00257784 -0.0011044 0.000999999 0.00373469 -0.000183376 7.78508e-05 0.00315385 0.006375 3.70757e-06 0.000264396 0.00431707 -0.000475161 -0.00213934 -0.000887325 0.000210831 -0.000238494 -0.00011293 -2.60877e-05 -0.000315855 -0.000879099 0.00105109 -0.00163248 0.000543306 -0.00025357 8.12318e-05 -1.15503e-05 0.00309375 -0.000360862
internal_weight=20102 5329 2274 364 120 49 14773 4971 117 64 4854 3143 41 1711 244 71 3102 1434 3055 2875 9802 976 274 702 254 8826 2142 2078 64 6684
internal_count=20102 5329 2274 364 120 49 14773 4971 117 64 4854 3143 41 1711 244 71 3102 1434 3055 2875 9802 976 274 702 254 8826 2142 2078 64 6684
is_linear=0
shrinkage=0.03


Tree=241
num_leaves=31
num_cat=0
split_feature=27 2 2 24 12 12 31 16 12 20 20 2 21 13 20 20 8 20 6 27 21 14 12 14 7 4 2 10 10 22
split_gain=4.01391 8.35938 1.38546 0.599366 0.67388 1.12907 1.12359 0.664284 0.665815 0.529308 0.876862 0.518675 0.513684 0.504702 0.580355 0.554153 0.496693 0.495097 0.795294 0.641126 0.470663 0.951291 0.476163 0.403115 0.40076 0.381818 0.366014 0.36 0.583008 0.559373
threshold=2969.0406250000001 10039.540000000001 22999.490000000005 34822.943333333336 4253.9300000000012 4135.0850000000009 19.500000000000004 166.47574091888603 4634.1650000000009 0.34389872042301883 0.30518315788794953 30506.410000000003 33913.76166666668 5341.6850000000004 0.17841801574704194 0.14987435271424862 33169.960000000014 0.15503933676727197 32355.09177695918 3988.7661111111115 35518.226666666669 28427.210000000003 5727.5900000000011 5519.1750000000011 1433.3689505636719 12422.280000000001 8735.0750000000025 13327.500000000002 19703.005000000005 9529.9550000000017
decision_type=2 2 2 2 2 2 2 2 2 2 2 2 2 2 2 2 2 2 2 2 2 2 2 2 2 2 2 2 2 2
left_child=1 23 -3 4 5 16 11 8 25 10 20 -7 -10 -4 15 -15 24 18 -9 -19 21 -5 -22 26 -2 -6 -1 -25 -29 -30
right_child=3 2 13 9 7 6 -8 17 12 -11 -12 -13 -14 14 -16 -17 -18 19 -20 -21 22 -23 -24 27 -26 -27 -28 28 29 -31
leaf_value=-2.1047616198088215 220.94165083311412 -87.259768862432537 -15.864764214261424 5.349283098397529 455.22296489207343 2.1315223825889373 21.61084085517961 18.436244072249334 0.46344197351429961 -307.63954339572109 2813.4629992231935 -17.761249265336524 -25.246768572418347 -5.3051510211799107 -32.610639427577745 5.6728490966702365 -42.74028515628472 -15.169332846460362 -16.079659603416268 -13.958686633929929 -3.4118091025904622 2910.2208002084362 0.2217178887058818 -161.53318380712938 -7.2187240468676608 -13.291245068432017 308.78993073346049 129.10094035475402 -241.53845101882561 60.933682308411683
leaf_weight=2853 80 1809 272 274 20 43 35 32 820 119 24 23 113 100 56 37 59 436 68 459 1249 20 6090 80 4697 112 22 21 58 21
leaf_count=2853 80 1809 272 274 20 43 35 32 820 119 24 23 113 100 56 37 59 436 68 459 1249 20 6090 80 4697 112 22 21 58 21
internal_value=-0.000442046 -0.00114787 -0.00252507 -0.000187437 -0.000388882 -0.000198704 0.00294059 -0.000844661 -0.000323944 -6.17355e-06 2.46826e-05 0.000636363 -4.18014e-05 -0.00106452 0.000108808 0.00116058 -0.000264269 -0.00140201 0.000599999 -0.0016257 6.6808e-06 0.00118367 -4.04694e-05 -0.00012275 -0.00023048 -0.00231818 -3.65225e-05 -0.0015 -0.000300001 -0.00148101
internal_weight=20102 5329 2274 14773 6997 4937 101 2060 1065 7776 7657 66 933 465 193 137 4836 995 100 895 7633 294 7339 3055 4777 132 2875 180 100 79
internal_count=20102 5329 2274 14773 6997 4937 101 2060 1065 7776 7657 66 933 465 193 137 4836 995 100 895 7633 294 7339 3055 4777 132 2875 180 100 79
is_linear=0
shrinkage=0.03


Tree=242
num_leaves=31
num_cat=0
split_feature=27 2 2 10 18 26 13 2 15 27 8 7 20 20 14 18 11 8 8 6 5 11 10 0 27 20 15 15 13 17
split_gain=4.01778 8.26781 1.48454 0.588871 0.693268 0.63469 0.726632 1.06763 0.543407 0.954805 0.595732 0.886453 0.536113 1.07807 0.929449 0.859091 0.504131 1.37418 0.46357 0.452043 0.661693 1.4688 0.620322 0.513802 0.73695 0.430741 0.353942 0.33398 0.340091 0.659663
threshold=2969.0406250000001 10039.540000000001 22999.490000000005 55317.817500000005 0.54026921430181496 1.5000000000000002 6663.4000000000005 31862.300000000003 0.77778785159869057 3116.6228472222224 2072.9925000000007 1955.2101278437501 0.17841801574704194 0.15982591867452764 9683.3500000000022 0.666209808589599 7559.3350000000009 15687.497500000003 57490.922500000008 31420.324286504725 30641.818330078127 17968.475000000002 77379.014999999999 32778.097304693605 4253.1316666666671 0.38456330972698188 2.4167985750538885 0.59857046731849251 3732.3750000000005 1.0000000180025095e-35
decision_type=2 2 2 2 2 2 2 2 2 2 2 2 2 2 2 2 2 2 2 2 2 2 2 2 2 2 2 2 2 2
left_child=1 26 -3 8 19 -6 -7 -8 9 -2 -10 -12 13 14 -4 -15 25 -18 -13 20 22 -22 -5 -21 -25 -11 27 -1 -29 -30
right_child=3 2 12 4 5 6 7 -9 10 16 11 18 -14 15 -16 -17 17 -19 -20 23 21 -23 -24 24 -26 -27 -28 28 29 -31
leaf_value=-111.66483521407365 526.93327792380103 -84.641975796559521 -15.76043987439634 -20.87714033314619 1043.6313388724373 -6.4481796095196255 276.68794849445987 0.98264109113149678 -191.10144571047968 -13.589848773771473 271.61027917469914 -5.1530035085766999 -26.059499583073563 15.277937694081624 1.603190379307688 1.4437505295194542 988.54561985892497 -445.93166790579761 346.38846743351343 -28.18603923900487 161.32062776695165 -13.397717850838893 111.21285363300225 15.888868761023922 -5.1987078675887775 22.91373799164737 -107.83904963379331 1.2070221349364556 116.44548863607666 -197.19465206732173
leaf_weight=35 22 1809 188 439 27 284 21 5010 127 591 26 5464 157 22 50 48 24 25 50 182 54 75 597 71 1657 27 38 2741 58 183
leaf_count=35 22 1809 188 439 27 284 21 5010 127 591 26 5464 157 22 50 48 24 25 50 182 54 75 597 71 1657 27 38 2741 58 183
internal_value=-0.000436077 -0.00114224 -0.00251187 -0.000181345 -1.67525e-05 0.000189816 0.000166509 0.00024985 -0.000399308 0.000396226 -0.00049603 -0.000449459 -0.001 -0.000272728 -0.00123529 0.003 0.000193403 0.00312245 -0.000475518 -0.00037561 9.0128e-05 0.00211628 -0.000162163 -0.000659687 -0.000500001 -3.88357e-05 -0.00012275 -8.65105e-05 -5.23146e-05 -0.00113278
internal_weight=20102 5329 2274 14773 8417 5342 5315 5031 6356 689 5667 5540 465 308 238 70 667 49 5514 3075 1165 129 1036 1910 1728 618 3055 3017 2982 241
internal_count=20102 5329 2274 14773 8417 5342 5315 5031 6356 689 5667 5540 465 308 238 70 667 49 5514 3075 1165 129 1036 1910 1728 618 3055 3017 2982 241
is_linear=0
shrinkage=0.03


Tree=243
num_leaves=31
num_cat=0
split_feature=7 26 8 28 28 16 28 28 9 0 16 17 20 21 12 23 12 12 0 14 21 19 12 8 24 17 22 15 8 22
split_gain=3.11242 10.6683 1.49107 1.87521 3.04768 0.975238 0.852789 1.34212 1.73582 0.889878 1.16648 0.755203 1.24893 0.934849 0.72544 0.903083 0.89062 1.29033 0.803182 0.814042 0.703349 0.649399 0.631525 0.570274 0.5649 0.540868 0.486649 0.477751 0.474949 1.12776
threshold=26623.857666527692 5.5000000000000009 22411.902500000004 8.5000000000000018 9.5000000000000018 106.66642048197083 8.5000000000000018 11.500000000000002 21365.755000000005 42712.240201687477 1160.7058806144198 0.65047837707359968 0.10979519706275147 116567.38333333335 5689.4050000000016 308.23259113439741 4253.9300000000012 4135.0850000000009 36901.873007783674 38745.68 35518.226666666669 0.22032091401205581 4444.4850000000006 29290.352500000005 22586.081250000003 0.56273978044418649 42932.81500000001 0.99871358243455122 53284.795000000006 63326.835000000006
decision_type=2 2 2 2 2 2 2 2 2 2 2 2 2 2 2 2 2 2 2 2 2 2 2 2 2 2 2 2 2 2
left_child=1 26 -3 -4 5 -5 14 8 9 10 -8 12 -10 -13 16 20 17 24 27 -20 25 -18 -6 -19 -2 -16 -1 -17 -9 -30
right_child=6 2 3 4 22 -7 7 28 11 -11 -12 13 -14 -15 15 18 21 23 19 -21 -22 -23 -24 -25 -26 -27 -28 -29 29 -31
leaf_value=-9.9363223932850779 160.36240505766139 -83.366007523132794 -21.162437950671954 14.323462588410308 0.88158800537163307 5.3274568510573737 10.268189726501472 -11.580490019925129 21.875961530241653 76.673253204128727 -43.586714609622135 -8.3563191033751867 2.6623647841616478 270.6621772705704 22.719473132335274 -1.323990956448295 -2.3579387540826766 -2.9033497120199052 0.46780729864585879 -15.736028973230079 9.9699070949595274 -14.410472671499029 -21.187975263467269 13.385516926690052 -8.034333368582832 8.140122317963927 -604.55061466452821 -11.264562507603836 8.6958451129233065 -3.6647452459197738
leaf_weight=7406 120 1881 597 40 103 35 414 531 65 25 49 794 1053 93 27 239 478 20 3229 488 290 326 115 39 946 29 56 308 61 245
leaf_count=7406 120 1881 597 40 103 35 414 531 65 25 49 794 1053 93 27 239 478 20 3229 488 290 326 115 39 946 29 56 308 61 245
internal_value=-0.000437569 -0.000804164 -0.00239372 -0.00138202 0.000583617 0.0058 -5.74533e-05 0.000333333 0.00068231 0.00228688 0.0019892 0.00029177 0.000810375 -0.000361895 -0.000256462 -5.20615e-05 -0.000744946 -0.000200001 -0.000171671 -1.37215e-05 0.00142196 -0.00150746 -0.00121101 0.00411864 -0.000439025 0.0045 -0.000213884 -0.00124497 -0.000706094 0.000235293
internal_weight=20102 10233 2771 890 293 75 9869 3330 2493 488 463 2005 1118 887 6539 4610 1929 1125 4264 3717 346 804 218 59 1066 56 7462 547 837 306
internal_count=20102 10233 2771 890 293 75 9869 3330 2493 488 463 2005 1118 887 6539 4610 1929 1125 4264 3717 346 804 218 59 1066 56 7462 547 837 306
is_linear=0
shrinkage=0.03


Tree=244
num_leaves=31
num_cat=0
split_feature=27 11 22 28 28 17 16 8 18 17 12 12 31 23 28 1 4 20 18 11 7 25 8 21 18 6 13 13 1 23
split_gain=3.96699 7.9875 1.31111 1.42359 1.16406 1.61341 0.727367 0.609981 0.726152 0.689169 0.67624 1.07379 1.30291 0.999379 0.984772 0.889948 1.2214 0.983608 0.590202 0.573705 0.572341 0.572222 0.564154 0.690613 0.562111 0.553137 0.54318 0.50528 0.499746 0.494116
threshold=2969.0406250000001 5900.0850000000009 23187.050000000003 8.5000000000000018 11.500000000000002 0.62366224473463983 1693.4707296552081 36171.740000000013 0.52308235812895509 2.5076109343812916 4253.9300000000012 4135.0850000000009 19.500000000000004 308.23259113439741 6.5000000000000009 33362.533832819012 35370.32 0.18604874050777181 0.82907381415902737 25063.750000000004 9649.5975080684384 33396.277500000004 77158.175000000003 31979.280000000002 0.72377245952619917 30524.25381544594 35324.745000000003 4071.5000000000005 24489.787890937499 2950.703474506035
decision_type=2 2 2 2 2 2 2 2 2 2 2 2 2 2 2 2 2 2 2 2 2 2 2 2 2 2 2 2 2 2
left_child=1 27 6 24 5 -5 -3 10 22 18 11 21 25 15 -15 17 -17 -12 19 -10 -16 28 23 -9 -4 -13 -20 -1 -2 -24
right_child=7 2 3 4 -6 -7 -8 8 9 -11 13 12 -14 14 20 16 -18 -19 26 -21 -22 -23 29 -25 -26 -27 -28 -29 -30 -31
leaf_value=-0.92479100134705317 -17.591996638957308 -74.912539407192597 -20.001070855374667 13.760623940733762 -43.436869776893374 2.2226902259083863 86.972156097106748 777.42956988509809 3.6612267232295252 1519.1526220434312 -8.0664246951221212 1.6992241288772578 17.849963777340371 -10.788650064435657 153.68845285706715 20.577956398419033 -15.695827002460893 7.7000345116509221 -7.2804154973698259 0.32411370758621999 -2.4915403547287114 -22.022266603981066 18.261340699471234 -19.544216451586479 1.1042339175157012 -18.703728652609385 140.19400926362022 -86.872728135570114 5.2640380766562345 -2.4253952697222547
leaf_weight=2802 3975 1820 274 22 33 64 21 28 708 21 62 44 38 1079 32 32 25 123 589 4481 1366 215 62 667 44 27 36 249 985 178
leaf_count=2802 3975 1820 274 22 33 64 21 28 708 21 62 44 38 1079 32 32 25 123 589 4481 1366 215 62 667 44 27 36 249 985 178
internal_value=-0.000440554 -0.00114224 -0.00248639 -0.00100915 0.00178992 0.00362791 -0.00283705 -0.000187437 2.21559e-05 0.000146529 -0.000364739 -0.00016692 0.00277982 -0.000749173 -0.000928947 0.00109091 0.00436842 8.10804e-05 0.000126934 0.000231836 -0.000403434 -0.000228986 -0.000754011 -0.00118705 -0.0020566 0.000380281 -0.000744001 -0.000138644 -0.000163307 0.000499999
internal_weight=20102 5329 2278 437 119 86 1841 14773 6770 5835 8003 5284 109 2719 2477 242 57 185 5814 5189 1398 5175 935 695 318 71 625 3051 4960 240
internal_count=20102 5329 2278 437 119 86 1841 14773 6770 5835 8003 5284 109 2719 2477 242 57 185 5814 5189 1398 5175 935 695 318 71 625 3051 4960 240
is_linear=0
shrinkage=0.03


Tree=245
num_leaves=31
num_cat=0
split_feature=7 8 23 18 8 28 24 4 4 7 19 7 12 11 1 28 28 9 12 23 10 18 0 14 14 20 14 12 12 4
split_gain=3.11603 6.75248 2.95846 1.36479 1.35805 1.57475 1.12987 0.726878 1.15462 1.34898 1.11951 0.754544 0.942308 0.803358 0.725356 0.690336 1.18468 1.4927 0.775468 0.855873 0.866883 1.4785 0.784389 0.784211 0.72402 0.861315 0.830629 0.679688 1.03268 0.877901
threshold=26623.857666527692 12989.105000000001 3780.0412457932639 0.41583233434241484 22411.902500000004 8.5000000000000018 19107.656833333338 33937.81500000001 16182.795000000002 7338.6932881157809 1.2364355962893325 22908.790398733614 1140.9250000000004 12818.580000000002 10900.328185031251 8.5000000000000018 11.500000000000002 23425.420000000002 5689.4050000000016 308.23259113439741 75017.312500000015 0.6244092077984672 36901.873007783674 38745.68 43136.590000000004 0.13883259444076776 47478.48000000001 4253.9300000000012 4135.0850000000009 29944.115000000002
decision_type=2 2 2 2 2 2 2 2 2 2 2 2 2 2 2 2 2 2 2 2 2 2 2 2 2 2 2 2 2 2
left_child=1 7 3 6 -5 -6 -3 8 11 -10 -11 13 -13 -1 -9 18 17 -17 27 20 21 -20 -21 -24 25 -19 -26 28 -2 -30
right_child=15 2 -4 4 5 -7 -8 14 9 10 -12 12 -14 -15 -16 16 -18 24 19 22 -22 -23 23 -25 26 -27 -28 -29 29 -31
leaf_value=-5.9761774050892935 -6.3448007760247771 1097.4026410475058 -66.804719562802234 -78.280788717495454 -20.086898109032319 0.61055217842089227 -705.46433107606413 277.49581989687937 -136.24926693751809 64.97230578373275 212.82969403589451 389.77644623927398 -76.98192695447274 -139.87580957012912 -211.18784970166209 8.6924776004122961 -4.6397262572666618 4.3392266907484869 20.68765681130418 -7.1734159197202336 0.34224665535959414 4.106159348322044 0.44952197277755723 -15.215930869002214 64.675842427952361 -3.2638007536476032 24.888369879903212 -6.9735373203123086 -2.9156779439848468 12.869073383590823
leaf_weight=4552 1066 48 1305 1862 624 292 29 24 147 563 46 26 26 456 233 661 837 714 49 547 194 103 3229 488 46 938 134 804 20 39
leaf_count=4552 1066 48 1305 1862 624 292 29 24 147 563 46 26 26 456 233 661 837 714 49 547 194 103 3229 488 46 938 134 804 20 39
internal_value=-0.00042563 -0.000792437 -0.00172356 -0.00226445 -0.00237365 -0.00142795 0.00167532 -0.00015462 -8.56266e-05 0.00100794 0.00163054 -0.000249013 0.00334615 -0.000286343 -0.00171595 -4.52941e-05 0.000306306 0.000634175 -0.000224347 -1.30159e-05 0.00142196 0.00311842 -0.000129457 2.66337e-05 0.000193231 -3.63268e-06 0.002 -0.000729394 -0.000253334 0.00361017
internal_weight=20102 10233 4160 2855 2778 916 77 6073 5816 756 609 5060 52 5008 257 9869 3330 2493 6539 4610 346 152 4264 3717 1832 1652 180 1929 1125 59
internal_count=20102 10233 4160 2855 2778 916 77 6073 5816 756 609 5060 52 5008 257 9869 3330 2493 6539 4610 346 152 4264 3717 1832 1652 180 1929 1125 59
is_linear=0
shrinkage=0.03


Tree=246
num_leaves=31
num_cat=0
split_feature=27 2 2 8 12 31 12 31 25 17 29 26 18 17 7 13 9 18 3 27 21 8 13 31 31 17 17 15 8 13
split_gain=3.73654 8.44936 1.58705 0.745762 0.768518 1.04686 1.29849 1.00887 0.731748 0.706723 0.652952 0.693398 0.649665 0.685256 0.620566 0.818182 0.618534 1.00087 0.568815 0.543578 0.504941 0.522622 0.474253 0.467713 0.543478 0.441954 0.421219 0.409788 0.402264 0.370663
threshold=2969.0406250000001 10039.540000000001 22999.490000000005 36171.740000000013 4253.9300000000012 19.500000000000004 4169.2750000000005 1.5000000000000002 32885.662500000013 0.64494950658656547 2.5000000000000004 1.5000000000000002 0.52308235812895509 2.5076109343812916 26623.857666527692 4713.2100000000009 14479.755000000001 0.6244092077984672 28466.820000000003 9367.0244444444452 31979.280000000002 77158.175000000003 20770.970000000005 32.500000000000007 34.500000000000007 0.53466681532360161 0.48500218280461288 0.85222382673839958 33169.960000000014 3732.3750000000005
decision_type=2 2 2 2 2 2 2 2 2 2 2 2 2 2 2 2 2 2 2 2 2 2 2 2 2 2 2 2 2 2
left_child=1 29 -3 4 5 8 9 16 27 -7 28 -12 20 18 23 -16 19 -18 -14 -6 -5 25 -20 -4 -25 -22 -23 -2 -9 -1
right_child=3 2 14 12 7 6 -8 10 -10 -11 11 -13 13 -15 15 -17 17 -19 22 -21 21 26 -24 24 -26 -27 -28 -29 -30 -31
leaf_value=0.062079338256342854 13.089706720812444 -75.174032848842344 -15.409590562986116 748.50255412732008 -59.999393655118659 5.5757388711068554 20.749163539387936 -14.285285392343466 -29.208786823532012 -1.6152275841967021 1144.55369736027 -2.6677535414377913 -525.78089767329652 1473.4478667342421 -8.4114387802343007 2.3051614766808202 23.984329256835643 -16.998073698141209 1.1666207606167265 682.27672137925015 -0.42970881254550691 -98.303969505937829 -3.5580956784991224 14.866942841701185 -33.442928722567558 -37.296804031856134 10.872360470887989 -11.28649576723104 -1.2618650531977393 -70.553348344068311
leaf_weight=2806 1209 1809 375 29 46 160 24 858 195 112 65 1381 69 21 22 22 22 20 4573 27 192 29 1172 23 23 475 210 3584 300 249
leaf_count=2806 1209 1809 375 29 46 160 24 858 195 112 65 1381 69 21 22 22 22 20 4573 27 192 29 1172 23 23 475 210 3584 300 249
internal_value=-0.000433092 -0.00111409 -0.00249868 -0.000187437 -0.000383482 -0.000172597 0.00156081 -0.000793307 -0.000275462 0.000970588 -0.000914747 -0.000489627 4.43124e-05 0.000161953 -0.000935485 0.00245454 0.00195652 0.00485714 0.000142414 0.000287671 -0.00068984 -0.00081457 0.000174934 -0.00128979 0.00156522 -0.00124588 0.000389121 -0.000202171 -0.0014456 -8.34704e-05
internal_weight=20102 5329 2274 14773 8003 5284 296 2719 4988 272 2604 1446 6770 5835 465 44 115 42 5814 73 935 906 5745 421 46 667 239 4793 1158 3055
internal_count=20102 5329 2274 14773 8003 5284 296 2719 4988 272 2604 1446 6770 5835 465 44 115 42 5814 73 935 906 5745 421 46 667 239 4793 1158 3055
is_linear=0
shrinkage=0.03


Tree=247
num_leaves=31
num_cat=0
split_feature=27 2 0 28 28 17 5 25 18 9 2 13 11 31 28 13 15 26 0 20 23 24 17 3 0 25 17 13 9 28
split_gain=3.66618 8.17471 1.85174 1.37389 1.13841 1.63333 0.74417 0.657717 0.737037 0.564396 0.634343 0.613709 0.610636 0.550065 0.845888 0.885694 2.3844 0.787095 1.50057 1.50852 0.674641 0.624801 0.514463 0.614343 0.442735 0.493956 0.389181 0.370663 0.575648 0.810052
threshold=2969.0406250000001 10039.540000000001 23147.289815397697 8.5000000000000018 10.500000000000002 0.63487504603846012 26718.156339269288 39302.435000000005 0.52308235812895509 21590.875000000004 40735.890000000007 12460.510000000002 19679.66 32.500000000000007 11.500000000000002 9294.1900000000005 1.0142032161881125 3.5000000000000004 7315.5549816218745 0.21345497421165371 308.23259113439741 25452.74666666667 2.5076109343812916 28466.820000000003 48152.253193203687 44803.665000000008 0.5184193564145434 3732.3750000000005 1.0000000180025095e-35 4.5000000000000009
decision_type=2 2 2 2 2 2 2 2 2 2 2 2 2 2 2 2 2 2 2 2 2 2 2 2 2 2 2 2 2 2
left_child=1 27 -3 6 5 -5 -4 13 24 10 11 -10 -12 17 15 21 -17 -2 19 -19 -20 -15 23 -11 26 -26 -9 -1 29 -29
right_child=7 2 3 4 -6 -7 -8 8 9 22 12 -13 -14 14 -16 16 -18 18 20 -21 -22 -23 -24 -25 25 -27 -28 28 -30 -31
leaf_value=0.06021695810869318 -7.8716613482177236 -69.1449118475483 -18.336144376579266 24.483097610647299 -24.0870763838861 1.1882986858155637 1.3085376444814778 -2.3097306092535956 25.528614075392781 -431.14281476479096 -42.102396607262577 24.697689444626256 19.034722314317964 16.281447667346782 -19.085198579224734 24.937291364123606 0.82909767962511238 215.9874855408714 1.5040401737334772 -4.0784133099791431 -5.386555314821396 -0.70162588536191306 1194.9553482225695 0.36079575606300007 1616.3858201173571 -5.9680267909661193 -48.904252131328001 -77.186398014124862 -191.29500463088868 359.17512697681906
leaf_weight=2806 4480 1848 294 20 49 40 23 78 41 57 54 21 87 23 78 30 64 23 317 31 3147 123 24 5279 21 668 127 32 186 31
leaf_count=2806 4480 1848 294 20 49 40 23 78 41 57 54 21 87 23 78 30 64 23 317 31 3147 123 24 5279 21 668 127 32 186 31
internal_value=-0.000422645 -0.0010972 -0.0024591 -0.000676057 0.00222936 0.005 -0.00167508 -0.000179314 4.78543e-05 0.000176343 0.00172906 0.00425806 0.000617021 -0.000355701 0.000867924 0.00175 0.00402128 -0.000404352 -0.000740194 0.00422222 -0.000817553 0.000287671 0.000117537 9.78254e-05 -0.000751679 -0.000387519 -0.00197561 -8.34704e-05 -0.00119277 0.00128571
internal_weight=20102 5329 2274 426 109 60 317 14773 6457 5563 203 62 141 8316 318 240 94 7998 3518 54 3464 146 5360 5336 894 689 205 3055 249 63
internal_count=20102 5329 2274 426 109 60 317 14773 6457 5563 203 62 141 8316 318 240 94 7998 3518 54 3464 146 5360 5336 894 689 205 3055 249 63
is_linear=0
shrinkage=0.03


Tree=248
num_leaves=31
num_cat=0
split_feature=27 26 0 28 28 17 5 13 24 0 22 20 31 31 23 18 28 20 20 1 5 27 4 6 25 7 13 11 13 18
split_gain=3.76416 7.67793 1.83653 1.83804 1.3333 1.27671 0.816322 0.620448 0.6183 0.731837 0.985687 0.649762 1.19904 0.676478 0.655703 0.924758 0.575924 0.541722 0.869676 0.529369 1.40076 0.502811 0.469404 0.459264 0.896636 0.617167 0.399165 1.39209 1.14797 0.753537
threshold=2969.0406250000001 5.5000000000000009 22467.880774557434 8.5000000000000018 10.500000000000002 0.62366224473463983 26718.156339269288 3732.3750000000005 34822.943333333336 18986.514163556978 26606.815000000002 0.15503933676727197 18.500000000000004 22.500000000000004 1.0000000180025095e-35 0.58944644064170015 8.5000000000000018 0.34389872042301883 0.30518315788794953 24489.787890937499 14758.417109374999 9077.1750000000029 40491.62000000001 31166.474985284964 31464.502500000002 34481.621173880187 2586.3000000000006 488.88500000000005 2999.7950000000005 2259.6900000000005
decision_type=2 2 2 2 2 2 2 2 2 2 2 2 2 2 2 2 2 2 2 2 2 2 2 2 2 2 2 2 2 2
left_child=1 7 -3 6 5 -5 -4 26 9 10 19 12 -11 -14 15 -13 -16 18 23 22 -21 -12 -2 24 -10 -25 -1 29 -29 -28
right_child=8 2 3 4 -6 -7 -8 -9 17 11 21 14 13 -15 16 -17 -18 -19 -20 20 -22 -23 -24 25 -26 -27 27 28 -30 -31
leaf_value=-4.2320144342793462 -6.2818046653541826 -82.563289483958997 -18.351614156487052 25.768300906380937 -22.602356065663926 1.2875285879636862 1.269281515146979 -73.290024432711689 796.36269263555198 -9.9670875021529408 7.7126713941505249 8.5219534706629751 15.35080954760161 0.95477738471615659 -12.87660014281154 -37.32513900349403 -1.8103698057186437 -298.58204531960723 2727.5133924446141 1098.7439528627344 -352.00769755845681 502.71307238651661 -379.99265148585351 -38.971210374158439 -660.24379957139297 0.10246581284666476 -52.000491855261174 346.37237396919556 5.1533182521168577 129.72135690080248
leaf_weight=2613 3489 1684 384 25 66 54 23 277 34 1389 22 39 75 276 983 22 546 119 24 20 24 23 89 171 24 7404 112 25 23 43
leaf_count=2613 3489 1684 384 25 66 54 23 277 34 1389 22 39 75 276 983 22 546 119 24 20 24 23 89 171 24 7404 112 25 23 43
internal_value=-0.000413691 -0.0010972 -0.00243649 -0.000934783 0.00196552 0.00459494 -0.00196806 -0.000129002 -0.00016713 -0.000371731 -7.93571e-05 -0.000693694 -0.000293104 0.0012735 -0.00113208 0.00191803 -0.00125376 1.69746e-05 4.81905e-05 -0.000134181 0.00313636 0.00433333 -0.0001744 3.02626e-05 0.00268965 9.90027e-06 4.26065e-06 0.00128571 0.00575 -9.67749e-05
internal_weight=20102 5329 2236 552 145 79 407 3093 14773 6997 3667 3330 1740 351 1590 61 1529 7776 7657 3622 44 45 3578 7633 58 7575 2816 203 48 155
internal_count=20102 5329 2236 552 145 79 407 3093 14773 6997 3667 3330 1740 351 1590 61 1529 7776 7657 3622 44 45 3578 7633 58 7575 2816 203 48 155
is_linear=0
shrinkage=0.03


Tree=249
num_leaves=31
num_cat=0
split_feature=9 26 0 28 28 9 4 0 16 19 13 10 3 12 18 21 5 18 4 4 24 2 21 22 18 13 9 23 22 15
split_gain=2.99837 10.1609 1.25543 1.17073 1.86415 0.964286 0.729046 1.10766 0.841742 0.822971 1.12472 1.25679 0.702129 0.659677 0.62777 0.677746 0.765625 0.689158 0.583686 1.0582 0.485164 0.47696 0.843141 0.728428 0.742205 0.714152 0.511974 0.454187 0.433039 0.772994
threshold=15417.510000000002 5.5000000000000009 22467.880774557434 8.5000000000000018 9.5000000000000018 14349.295 10906.830000000004 10503.64109597455 -5504.1285531204139 0.55202628886193394 1951.0150000000001 17577.232500000002 38310.975000000013 4214.4650000000011 0.82907381415902737 13566.740000000003 10408.988886718753 0.68149743756242087 17244.490000000002 16182.795000000002 22355.994999999999 41108.000000000007 25630.858333333341 26348.265000000003 0.78888411250556489 34319.170000000006 14479.755000000001 1.0000000180025095e-35 9529.9550000000017 2.4167985750538885
decision_type=2 2 2 2 2 2 2 2 2 2 2 2 2 2 2 2 2 2 2 2 2 2 2 2 2 2 2 2 2 2
left_child=1 21 -3 27 5 -5 8 9 12 10 11 -8 -2 -6 15 16 -9 -17 19 -16 -20 22 23 26 -25 -23 -1 -4 -10 -30
right_child=6 2 3 4 13 -7 7 14 28 -11 -12 -13 -14 -15 18 17 -18 -19 20 -21 -22 25 -24 24 -26 -27 -28 -29 29 -31
leaf_value=-4.3188317183648497 398.15348175145482 -81.720388419005388 3.4576426341021587 24.102020999341782 1.3579674147465655 -2.0086756496244278 237.00882115659573 -114.54107348364917 -135.66240197718585 -228.84461898442831 278.44604743035865 -246.19012040867398 5.7082509069594556 -19.554932334358291 -24.739704663237351 -0.75887428041831617 287.99913830513117 1.3078088750909698 -156.00675322855378 378.49241318023212 -3.9691341490641694 878.08430926248047 -595.13226810998833 541.56413921760156 -125.41193172991447 -1.7192234892463967 -176.51945501531731 -17.510328816309617 -110.10775703528455 71.688887136957845
leaf_weight=5299 40 1722 27 36 84 27 72 32 449 24 33 67 166 149 84 5887 32 3216 267 24 991 26 94 23 22 56 142 473 455 83
leaf_count=5299 40 1722 27 36 84 27 72 32 449 24 33 67 166 149 84 5887 32 3216 267 24 991 26 94 23 22 56 142 473 455 83
internal_value=-0.000412199 -0.000854524 -0.00244003 -0.00145477 4.05398e-05 0.00461905 -0.000108707 -3.04789e-05 -0.000812239 0.00220408 0.00293023 0.0017482 0.000932038 -0.00119743 -7.206e-05 1.73441e-05 0.00309375 -4.28502e-06 -0.000672036 0.00144444 -0.000853737 -0.000149418 -0.000182796 -0.000134525 0.00366667 0.00212195 -0.000165963 -0.00234 -0.00117629 -0.000602231
internal_weight=20102 8180 2518 796 296 63 11922 10729 1193 196 172 139 206 233 10533 9167 64 9103 1366 108 1258 5662 5580 5486 45 82 5441 500 987 538
internal_count=20102 8180 2518 796 296 63 11922 10729 1193 196 172 139 206 233 10533 9167 64 9103 1366 108 1258 5662 5580 5486 45 82 5441 500 987 538
is_linear=0
shrinkage=0.03


Tree=250
num_leaves=31
num_cat=0
split_feature=9 26 25 28 28 20 12 1 5 3 3 12 7 18 9 28 23 16 16 25 22 3 6 7 10 22 18 18 2 10
split_gain=3.18145 9.91571 1.20855 1.33803 1.65075 0.813276 0.71911 0.536918 0.508611 0.837258 0.485834 0.593471 0.97156 0.50212 0.449889 0.445776 0.427931 0.412797 0.878431 0.392607 0.793763 0.515723 0.485419 0.423976 0.387727 0.910622 0.507751 0.362239 0.27715 0.240504
threshold=15417.510000000002 5.5000000000000009 21953.745000000006 8.5000000000000018 9.5000000000000018 0.19638084324115651 4214.4650000000011 7900.3106958750004 8305.2162500000013 2285.3350000000005 3609.7700000000004 200.43000000000004 14434.773655625 0.077335155176398426 14479.755000000001 8.5000000000000018 1.0000000180025095e-35 -3579.9429483449217 -3066.3966523577133 26188.175000000003 26348.265000000003 28772.505000000001 29504.517682371916 45308.542411486073 7220.6375000000007 14795.305000000002 6329.1100000000006 0.44338132589903551 49315.350000000006 26768.392500000005
decision_type=2 2 2 2 2 2 2 2 2 2 2 2 2 2 2 2 2 2 2 2 2 2 2 2 2 2 2 2 2 2
left_child=1 14 27 16 5 -5 -6 24 9 -9 11 12 -10 -12 19 -15 -4 -11 -19 20 22 -22 -1 -21 25 26 -2 -3 -13 -16
right_child=7 2 3 4 6 -7 -8 8 10 17 13 28 -14 15 29 -17 -18 18 -20 23 21 -23 -24 -25 -26 -27 -28 -29 -30 -31
leaf_value=-3.1760007685398208 76.449802836458474 -12.105779810399861 2.5561254195669703 24.465496591563664 1.4832912091373343 0.86661828585996659 -18.648858266568851 314.03351889268379 253.91923023280577 -104.84266722246315 1792.2960349995212 -472.38863653637253 -53.176224647814784 -0.96872915939561399 -258.10778971802199 0.79173251654634069 -19.525924418066065 903.04538139006752 -132.42692185305759 -501.79419407781916 732.42925264762823 -16.104405176315321 -709.23606915035691 463.74832181332579 -166.7719567033605 229.09936610844858 -153.90352020543514 -90.970510182059087 -63.583410081628635 -39.889499411688135
leaf_weight=5294 20 24 29 35 91 38 153 39 30 57 25 141 145 7240 96 3818 531 21 30 98 20 23 52 26 231 20 61 1617 44 53
leaf_count=5294 20 24 29 35 91 38 153 39 30 57 25 141 145 7240 96 3818 531 21 30 98 20 23 52 26 231 20 61 1617 44 53
internal_value=-0.000406229 -0.000861859 -0.00242812 -0.00152908 2.83905e-05 0.0039863 -0.00115574 -9.36092e-05 -5.95348e-05 0.00169388 -8.20596e-05 -0.00116667 8.57136e-05 -4.68292e-05 -0.000165313 -5.64304e-05 -0.00241072 0.000333333 0.00229412 -0.00012135 -8.29475e-05 0.00397674 -0.000115601 -0.00179032 -0.00128313 0.000267326 -0.00114815 -0.00290859 -0.00235135 -0.00179195
internal_weight=20102 8180 2518 877 317 73 244 11922 11590 147 11443 360 175 11083 5662 11058 560 108 51 5513 5389 43 5346 124 332 101 81 1641 185 149
internal_count=20102 8180 2518 877 317 73 244 11922 11590 147 11443 360 175 11083 5662 11058 560 108 51 5513 5389 43 5346 124 332 101 81 1641 185 149
is_linear=0
shrinkage=0.03


Tree=251
num_leaves=31
num_cat=0
split_feature=27 2 2 31 31 7 13 24 25 4 1 1 17 22 27 3 13 21 21 15 18 19 17 20 17 31 27 22 7 22
split_gain=3.8763 7.79489 1.64979 0.87495 1.33642 0.892968 0.857143 0.695584 0.661219 0.721352 0.653423 0.780247 0.760905 0.732925 0.638777 0.77204 0.525482 0.493031 0.903678 1.18158 1.01156 0.621473 0.983806 2.23943 0.533078 0.491743 0.481385 0.680335 0.66319 0.438712
threshold=2969.0406250000001 10039.540000000001 22242.040000000005 32.500000000000007 34.500000000000007 26623.857666527692 4713.2100000000009 34822.943333333336 18479.765000000003 27928.195000000003 13590.322441594284 17162.788147355346 2.164969991542629 12389.950000000003 3417.5625000000009 31027.415000000005 3732.3750000000005 35518.226666666669 34923.081666666672 1.0019859911053559 0.66006214064313273 0.36571367782771685 0.54214340608846523 0.13008833808659317 0.56940659596661414 29.500000000000004 5308.123125000001 14795.305000000002 12733.997909851563 9789.1100000000024
decision_type=2 2 2 2 2 2 2 2 2 2 2 2 2 2 2 2 2 2 2 2 2 2 2 2 2 2 2 2 2 2
left_child=1 16 -3 5 -5 -4 -7 8 10 -10 26 12 -12 -13 15 -11 -1 18 29 20 -20 22 23 -19 -24 -16 28 -28 -2 -9
right_child=7 2 3 4 -6 6 -8 17 9 14 11 13 -14 -15 25 -17 -18 21 19 -21 -22 -23 24 -25 -26 -27 27 -29 -30 -31
leaf_value=0.011370203790705738 14.347558283142238 -80.43802130713101 -14.787801514872273 14.567012181551057 -31.027492997040401 -9.4924808877721478 1.5610389634087403 -669.27411790789608 -12.560300894629629 0.60422987660108274 167.20261919332287 71.413571146860676 -363.95912161059823 -95.503429526304899 -4.5191318148681745 13.997584531570292 -60.274352047231282 40.561263019635547 16.225909162544479 -1.0912150496325912 16.40163242834204 -12.196866172893987 -5.9783605098487644 3.0476191018340342 0.055242879254885378 1.4829989701229371 -82.952166815289061 32.264928690706661 -231.06998739135392 34.353546497592355
leaf_weight=2806 888 1654 515 31 32 21 21 49 1220 202 441 293 45 438 1219 48 249 26 26 48 27 621 497 824 5477 186 1604 325 88 181
leaf_count=2806 888 1654 515 31 32 21 21 49 1220 202 441 293 45 438 1219 48 249 26 26 48 27 621 497 824 5477 186 1604 325 88 181
internal_value=-0.000409214 -0.00110283 -0.00243272 -0.0011129 0.00223809 -0.00149192 0.00271428 -0.000159007 -0.000376019 -0.000725218 -0.000132461 0.000451109 0.00138272 -0.000168263 -0.000317221 0.00108 -0.00011293 3.62647e-05 0.00116918 0.00353465 0.00662264 -1.41041e-05 6.85808e-05 0.00102353 -6.72923e-05 -0.000565837 -0.000376937 -0.000651634 0.000165983 0.000130434
internal_weight=20102 5329 2274 620 63 557 42 14773 6997 2875 4122 1217 486 731 1655 250 3055 7776 331 101 53 7445 6824 850 5974 1405 2905 1929 976 230
internal_count=20102 5329 2274 620 63 557 42 14773 6997 2875 4122 1217 486 731 1655 250 3055 7776 331 101 53 7445 6824 850 5974 1405 2905 1929 976 230
is_linear=0
shrinkage=0.03


Tree=252
num_leaves=31
num_cat=0
split_feature=27 2 2 28 28 13 5 24 0 22 9 12 31 13 1 5 27 27 8 13 10 14 10 2 12 27 20 20 6 25
split_gain=3.68984 7.76638 1.6715 1.17697 0.969323 2.17713 0.824482 0.604735 0.558278 1.00036 0.562562 0.9891 0.751139 0.851774 0.540148 1.40076 0.520816 0.502811 0.470085 0.46343 0.48823 1.03992 1.52167 0.788041 0.561794 0.656229 0.414271 0.870871 0.460623 0.896636
threshold=2969.0406250000001 10363.850000000002 21999.070000000003 8.5000000000000018 9.5000000000000018 5697.5350000000008 26718.156339269288 34822.943333333336 18986.514163556978 26606.815000000002 15030.680000000002 15226.725000000002 27.500000000000004 11837.900000000003 24489.787890937499 14758.417109374999 3487.9856250000007 9077.1750000000029 23148.752500000002 3732.3750000000005 27014.235000000004 3632.0650000000005 33577.735000000008 268.79000000000002 3147.8650000000002 1777.6838194444447 0.34389872042301883 0.30518315788794953 31166.474985284964 31464.502500000002
decision_type=2 2 2 2 2 2 2 2 2 2 2 2 2 2 2 2 2 2 2 2 2 2 2 2 2 2 2 2 2 2
left_child=1 19 -3 6 5 -5 -4 8 9 14 11 -10 16 -14 -2 -16 -12 -11 -6 20 24 23 -23 -22 25 -1 27 28 29 -9
right_child=7 2 3 4 18 -7 -8 26 10 17 12 -13 13 -15 15 -17 -18 -19 -20 -21 21 22 -24 -25 -26 -27 -28 -29 -30 -31
leaf_value=-39.589350546020462 -11.302971623446206 -84.57853555152704 -19.140573512681954 -0.73885936925313667 -21.787400324829427 27.221432826858941 1.2058612505003523 740.02875556794254 -16.248561964146628 -7.0609585303453395 0.78105708545487296 1340.2927193884384 0.79541326457124639 12.660194740105792 1052.9377178203829 -343.41693394780157 -9.3787900605468408 484.36629667275133 4.8672676011882512 -59.47374966514775 271.77922378284973 732.66257510553544 28.797071356906219 -3.700088068312434 -266.58979513594846 22.859518980718811 -293.73417716998421 2645.7057673748418 0.026315115456583292 -637.58565078363665
leaf_weight=1490 3578 1599 433 41 118 20 23 34 767 22 417 30 347 22 20 24 1747 23 32 252 25 26 88 568 83 531 119 24 7575 24
leaf_count=1490 3578 1599 433 41 118 20 23 34 767 22 417 30 347 22 20 24 1747 23 32 252 25 26 88 568 83 531 119 24 7575 24
internal_value=-0.000409214 -0.00108595 -0.00241748 -0.00115592 0.000696682 0.00388525 -0.00201316 -0.000165099 -0.000367444 -0.000112081 -0.000648649 -0.00134379 -0.000429926 0.000821137 -0.000167312 0.00313636 -0.000643254 0.00433333 -0.000600001 -0.000100882 9.60441e-06 0.000691654 0.00331579 0.000187183 -0.000219582 -0.000120238 1.69746e-05 4.42725e-05 2.63323e-05 0.00268965
internal_weight=20102 5329 2266 667 211 61 456 14773 6997 3667 3330 797 2533 369 3622 44 2164 45 150 3063 2811 707 114 593 2104 2021 7776 7657 7633 58
internal_count=20102 5329 2266 667 211 61 456 14773 6997 3667 3330 797 2533 369 3622 44 2164 45 150 3063 2811 707 114 593 2104 2021 7776 7657 7633 58
is_linear=0
shrinkage=0.03


Tree=253
num_leaves=31
num_cat=0
split_feature=27 2 2 28 28 15 8 24 0 1 1 28 28 15 3 11 4 3 4 10 22 23 15 4 24 15 8 6 18 24
split_gain=3.8801 7.63559 1.6715 1.00325 0.895939 0.949668 0.765912 0.575418 0.456598 0.819048 1.06561 0.62175 1.23086 1.24376 0.727576 0.43296 0.843409 0.497763 0.406865 0.530679 0.575781 0.714374 0.685344 0.3924 0.555364 0.363941 0.369751 0.629623 0.512451 0.476503
threshold=2969.0406250000001 10363.850000000002 21999.070000000003 8.5000000000000018 11.500000000000002 1.0269208145508963 26609.560000000001 34822.943333333336 18817.704015021918 24489.787890937499 26051.321742917502 8.5000000000000018 11.500000000000002 1.0338177248331348 33535.895000000011 15182.085000000001 21789.740000000002 32491.535000000007 1729.4000000000003 639156.78500000003 35454.625000000007 5188.9974607644353 0.7427361058580515 40491.62000000001 14355.050000000001 2.4167985750538885 6459.8975 7315.4627250000003 0.19550307966117272 5489.3308333333343
decision_type=2 2 2 2 2 2 2 2 2 2 2 2 2 2 2 2 2 2 2 2 2 2 2 2 2 2 2 2 2 2
left_child=1 25 -3 6 5 -5 -4 8 9 23 -11 15 13 -13 -14 16 -10 -17 -9 20 22 -22 -20 24 -2 26 29 -28 -29 -1
right_child=7 2 3 4 -6 -7 -8 18 11 10 -12 12 14 -15 -16 17 -18 -19 19 -21 21 -23 -24 -25 -26 -27 27 28 -30 -31
leaf_value=-24.164618060567872 -15.61757174069605 -82.041179484981271 -18.566356270992141 6.5777441504537286 -45.127430443010951 -29.961671066003568 1.1696854087187476 -545.63262227988196 18.138670474131864 1030.8469983781492 -138.74489647049529 3.6644143537054714 -34.564241595218682 -23.789842699232 2.2669775893783775 -0.82702639413201795 -25.940362275773921 -12.577263331401381 -54.919980760554331 1485.7977345580061 0.19427185248632767 -18.861153320598767 36.469067522563329 -362.53710049328669 34.595262997253336 -94.324281514506936 -192.66581884168929 -203.9196324879245 -2.9724716078240512 39.575794982881973
leaf_weight=1195 2711 1599 423 130 49 32 33 74 245 24 25 583 220 284 80 925 613 404 156 24 6142 1001 379 96 787 39 108 78 798 845
leaf_count=1195 2711 1599 423 130 49 32 33 74 245 24 25 583 220 284 80 925 613 404 156 24 6142 1001 379 96 787 39 108 78 798 845
internal_value=-0.000403244 -0.0010972 -0.00241748 -0.00115592 0.000554502 0.00162963 -0.00194737 -0.000152915 -0.000350294 -0.000117761 0.00373469 -0.000602863 -4.37025e-05 0.000529411 -0.0017 -0.000901235 -0.00142657 -0.000562077 2.46906e-05 4.59614e-05 3.20389e-05 -3.90599e-05 0.000981308 -0.000170285 -0.000118354 -0.000120471 -8.3334e-05 -0.000560976 -0.000294521 0.000147058
internal_weight=20102 5329 2266 667 211 162 456 14773 6997 3643 49 3354 1167 867 300 2187 858 1329 7776 7702 7678 7143 535 3594 3498 3063 3024 984 876 2040
internal_count=20102 5329 2266 667 211 162 456 14773 6997 3643 49 3354 1167 867 300 2187 858 1329 7776 7702 7678 7143 535 3594 3498 3063 3024 984 876 2040
is_linear=0
shrinkage=0.03


Tree=254
num_leaves=31
num_cat=0
split_feature=7 26 0 31 23 31 8 5 16 25 1 8 9 4 3 18 9 1 24 18 17 7 2 2 12 23 23 29 10 24
split_gain=2.92784 9.48296 1.82969 0.660059 0.965556 1.09578 0.544374 0.588163 0.594484 0.519781 0.591273 0.9375 1.51667 0.685688 0.55 0.515985 0.477766 0.449626 0.401901 0.402846 0.745003 0.40048 0.397301 0.533363 0.515341 0.360732 0.289532 0.504673 0.21976 0.215595
threshold=26623.857666527692 5.5000000000000009 22467.880774557434 32.500000000000007 1414.1106379634141 35.500000000000007 15356.6075 11280.763046875001 30050.327036711929 18479.765000000003 25209.566802177971 10950.115000000002 30848.550000000003 40491.62000000001 42400.375000000007 0.44338132589903551 1.0000000180025095e-35 14870.445854711159 17859.49833333334 0.666209808589599 0.6115098052950253 19062.258540074832 8735.0750000000025 41944.275000000001 1622.5500000000002 308.23259113439741 1.0000000180025095e-35 1.5000000000000002 35364.55000000001 20865.686666666672
decision_type=2 2 2 2 2 2 2 2 2 2 2 2 2 2 2 2 2 2 2 2 2 2 2 2 2 2 2 2 2 2
left_child=1 9 15 26 5 -5 7 -2 -9 10 13 14 -13 16 -12 -3 -1 -8 -19 25 -21 22 24 -24 -11 -20 -4 -28 -15 -23
right_child=6 2 3 4 -6 -7 17 8 -10 21 11 12 -14 28 -16 -17 -18 18 19 20 -22 29 23 -25 -26 -27 27 -29 -30 -31
leaf_value=14.098102644582871 95.517536398309886 22.498758342024647 1.7709637574100328 14.017959289626042 -26.977622836345716 -44.102588337660663 1325.653181130813 -564.22358278106287 228.09052286010214 -98.733480337451496 992.401943768141 -129.29809180821985 718.94810786993889 -235.52268297328268 -551.63678298280206 -69.95864128112602 -12.160761726839166 514.68048335427329 3.4654197433010894 5.6640077114801564 -0.042998767596765124 -340.18490387196823 -152.89729272252967 290.74536684141486 274.72472257090527 -1.1125843194522373 -16.476235898699155 -10.230639821662658 -359.61265377865072 -165.67489361614722
leaf_weight=1471 34 29 26 56 38 21 20 206 20 39 20 41 55 96 44 1745 4922 21 317 995 3483 106 201 54 20 4773 214 642 67 326
leaf_count=1471 34 29 26 56 38 21 20 206 20 39 20 41 55 96 44 1745 4922 21 317 995 3483 106 201 54 20 4773 214 642 67 326
internal_value=-0.000398767 -0.000754325 -0.00225298 -0.00122467 0.000913043 0.00284416 -3.00949e-05 -0.00138462 -0.00193805 -0.000197803 -0.000114354 0.0016875 0.0035625 -0.000158329 -0.001125 -0.00283089 -0.000109339 6.55564e-06 -2.81644e-06 -1.19154e-05 0.000195622 -0.000949062 -0.000133759 -0.00064706 0.00208475 -0.0001945 -0.0015034 -0.00159813 -0.00207976 -0.00154167
internal_weight=20102 10233 2771 997 115 77 9869 260 226 7462 6716 160 96 6556 64 1774 6393 9609 9589 9568 4478 746 314 255 59 5090 882 856 163 432
internal_count=20102 10233 2771 997 115 77 9869 260 226 7462 6716 160 96 6556 64 1774 6393 9609 9589 9568 4478 746 314 255 59 5090 882 856 163 432
is_linear=0
shrinkage=0.03


Tree=255
num_leaves=31
num_cat=0
split_feature=27 2 2 28 28 16 5 8 9 8 17 4 23 13 21 20 18 13 16 9 28 20 25 28 28 4 18 5 9 0
split_gain=3.93033 7.78949 1.58845 0.892461 0.825698 0.944444 0.804999 0.508567 0.859227 0.965854 1.50048 0.558527 1.05443 1.3285 1.06546 0.522244 0.491586 0.456093 0.494648 0.413712 0.641026 0.404354 0.403746 0.400999 0.758183 1.37739 0.677952 0.661876 1.0604 0.831068
threshold=2969.0406250000001 10363.850000000002 21999.070000000003 8.5000000000000018 11.500000000000002 552.54957655864985 26718.156339269288 51612.380000000005 28511.800000000003 55070.107500000006 0.49519685148716991 53940.140000000014 1869.1065629930595 9609.5850000000009 54544.500000000015 0.17595889382642343 0.43377942803085245 3732.3750000000005 1627.1785067643711 1.0000000180025095e-35 3.5000000000000004 0.16938784907659704 52802.097500000011 8.5000000000000018 11.500000000000002 10572.730000000001 0.666209808589599 10638.108125000001 24509.135000000006 10286.580483407297
decision_type=2 2 2 2 2 2 2 2 2 2 2 2 2 2 2 2 2 2 2 2 2 2 2 2 2 2 2 2 2 2
left_child=1 17 -3 6 5 -5 -4 22 9 10 -9 12 13 -10 -14 21 -17 18 -1 20 -19 -13 23 27 25 -25 -26 29 -29 -2
right_child=7 2 3 4 -6 -7 -8 8 11 -11 -12 15 14 -15 -16 16 -18 19 -20 -21 -22 -23 -24 24 26 -27 -28 28 -30 -31
leaf_value=-1.3511743631030482 0.27738219829441879 -77.481184861998017 -17.638919692560371 7.2725339984668631 -42.653760407785704 -25.474137789493756 1.09090535484653 -15.557073495654421 -16.869032606872743 72.032711501844744 57.193543484040447 0.30587825906604998 -24.77668553448936 13.914883484622552 47.113850175893695 220.4143610366805 -5.878461286461734 -102.39342955275134 57.337768359792143 -183.57901648079786 371.04083871657406 17.07412873934144 -19.655800121883249 -51.409214326168296 -25.769782420710907 3.0272953904750621 0.36717146470604101 -7.2822554767908976 0.064171766417759207 372.39644459911887
leaf_weight=2786 1074 1599 433 128 49 34 23 57 29 33 33 2345 83 85 119 22 998 25 25 188 39 217 150 735 519 1996 414 3505 2243 116
leaf_count=2786 1074 1599 433 128 49 34 23 57 29 33 33 2345 83 85 119 22 998 25 25 188 39 217 150 735 519 1996 414 3505 2243 116
internal_value=-0.000398767 -0.0010972 -0.00243072 -0.0012009 0.000412322 0.00144444 -0.00194737 -0.000146823 0.000141009 0.00260976 0.000999999 6.31086e-05 0.00127215 0.00357895 -2.97037e-05 -4.35518e-05 -0.000617648 -0.000110677 -1.06795e-06 -0.00133333 0.000749999 0.000185011 -0.000254465 -0.000232598 2.12875e-05 0.000273525 -0.000717043 -0.000366677 -0.000500001 0.00027731
internal_weight=20102 5329 2266 667 211 162 456 14773 4021 123 90 3898 316 114 202 3582 1020 3063 2811 252 64 2562 10752 10602 3664 2731 933 6938 5748 1190
internal_count=20102 5329 2266 667 211 162 456 14773 4021 123 90 3898 316 114 202 3582 1020 3063 2811 252 64 2562 10752 10602 3664 2731 933 6938 5748 1190
is_linear=0
shrinkage=0.03


Tree=256
num_leaves=31
num_cat=0
split_feature=9 26 25 28 3 28 17 5 16 5 28 28 12 15 17 9 8 28 8 1 1 23 9 8 5 9 22 21 25 23
split_gain=2.87588 9.2319 1.62713 1.10078 1.29076 0.656515 0.60292 0.912596 0.950303 0.668296 0.605186 1.20125 1.67369 0.623321 0.69343 0.59781 0.927692 0.805163 2.44902 0.563467 0.480219 0.469116 0.458724 0.455161 0.425188 0.881633 0.812949 0.416758 0.411302 0.6234
threshold=15417.510000000002 5.5000000000000009 21953.745000000006 8.5000000000000018 22150.840000000004 11.500000000000002 0.66535718452384673 25686.285616662506 -161.93275187703145 25194.566670017713 8.5000000000000018 11.500000000000002 4324.4850000000015 1.0171335317085513 0.66057956758803249 20249.690000000002 10950.115000000002 10.500000000000002 7932.3850000000011 28773.716443069025 9596.6058316615199 2853.1920130433377 14479.755000000001 53284.795000000006 7979.6523437500009 26490.575000000001 3471.0950000000003 11177.560000000003 24525.935000000005 346.39144427202115
decision_type=2 2 2 2 2 2 2 2 2 2 2 2 2 2 2 2 2 2 2 2 2 2 2 2 2 2 2 2 2 2
left_child=1 22 -3 28 -5 -6 7 8 -2 -10 13 12 -12 14 -9 16 17 20 -19 -18 -8 -15 -1 -13 25 26 -17 -26 -4 -30
right_child=6 2 3 4 5 -7 15 10 9 -11 11 23 -14 21 -16 24 19 18 -20 -21 -22 -23 -24 -25 27 -27 -28 -29 29 -31
leaf_value=-2.7405973226624458 33.795882207534376 -76.86054517854204 -27.003143569635004 25.291205483953082 1.332761196216343 -36.080044133761518 -125.27434809877971 -0.33989446357789227 -12.319218673991054 5.6479855615125123 16.905149432081441 -16.329454755462006 2.6097152598484059 -15.429960966885723 9.6954308648738152 498.02271398276139 -16.130325416274619 -226.49965922936499 1032.4735729539734 4.9937327893759846 31.494073027509973 -0.35167560938731862 -155.27553037548813 1.2979848989112823 -177.38523920116836 -103.49375577230521 156.20038508510157 -1.466990607391979 7.478407953609512 -6.2141293027078941
leaf_weight=5513 20 1641 314 20 214 83 136 3568 34 21 92 339 1501 222 99 20 571 41 20 47 132 177 149 225 85 21 29 4522 31 215
leaf_count=5513 20 1641 314 20 214 83 136 3568 34 21 92 339 1501 222 99 20 571 41 20 47 132 177 149 225 85 21 29 4522 31 215
internal_value=-0.00038832 -0.000821517 -0.0023328 -0.00128962 0.000123028 -0.000373738 -9.10928e-05 0.000110511 0.0034 0.00136364 7.08654e-05 0.000477051 0.000898304 -0.000144615 -2.20896e-05 -0.000316857 -0.00100422 0.000282674 0.00339344 -0.00168932 -0.000425374 -0.00127068 -0.000149418 -0.000712767 -0.000177679 0.00214286 0.00434694 -0.000212938 -0.00208929 -0.00117073
internal_weight=20102 8180 2518 877 317 297 11922 6298 75 55 6223 2157 1593 4066 3667 5624 947 329 61 618 268 399 5662 564 4677 70 49 4607 560 246
internal_count=20102 8180 2518 877 317 297 11922 6298 75 55 6223 2157 1593 4066 3667 5624 947 329 61 618 268 399 5662 564 4677 70 49 4607 560 246
is_linear=0
shrinkage=0.03


Tree=257
num_leaves=31
num_cat=0
split_feature=27 2 2 28 28 16 5 8 18 17 13 21 3 13 13 31 16 15 13 28 4 0 8 31 25 14 26 25 27 16
split_gain=4.02788 7.4189 1.6366 1.00325 0.895939 1.02479 0.804999 0.546221 0.546602 0.680462 0.501666 0.461249 0.444181 0.476871 0.443317 0.516721 0.827192 1.1834 0.678814 0.447406 0.802886 0.476536 0.425475 0.620848 0.390149 1.08957 0.600601 0.571878 0.544717 0.490921
threshold=2969.0406250000001 10363.850000000002 21999.070000000003 8.5000000000000018 11.500000000000002 552.54957655864985 26718.156339269288 36171.740000000013 0.54026921430181496 2.5076109343812916 4017.3300000000004 31979.280000000002 21893.610000000004 20770.970000000005 1.0000000180025095e-35 27.500000000000004 -133.30290412304745 0.99464596272903194 11837.900000000003 8.5000000000000018 18862.970000000005 35661.528087304345 99692.685000000012 32.500000000000007 24525.935000000005 15061.370000000001 2.5000000000000004 20038.190000000002 101108.73500000002 -948.71878686868502
decision_type=2 2 2 2 2 2 2 2 2 2 2 2 2 2 2 2 2 2 2 2 2 2 2 2 2 2 2 2 2 2
left_child=1 10 -3 6 5 -5 -4 14 11 12 -1 -9 -10 -14 24 19 17 -17 -18 20 -16 -21 -13 -24 25 28 29 -27 -2 -26
right_child=7 2 3 4 -6 -7 -8 8 9 -11 -12 22 13 -15 15 16 18 -19 -20 21 -22 -23 23 -25 26 27 -28 -29 -30 -31
leaf_value=-0.7445641395006054 -2.9729696024378387 -72.850932960781876 -16.886695800060149 7.3641627144493329 -41.411723275031157 -23.407495455739099 1.4473451225008782 728.93128250941572 -522.7086354339732 1395.7065677002045 -58.016116839743695 -11.39075557785729 1.1964542029802054 -3.4769494986900873 -11.325048278855892 2.527774154958363 -1.7313119218258852 14.778032591389923 7.423822165621119 -0.018164909922558859 -7.4310515157855841 -10.264604464711654 -0.10061391390719419 230.90897161247707 -169.08172041966981 843.0626277217898 -321.51777847741613 2196.2655385219878 701.36732820697728 324.07735792777686
leaf_weight=2841 1965 1599 433 128 49 34 23 29 57 21 222 972 4398 1116 1470 149 414 20 43 1510 1791 148 156 21 123 44 111 26 90 99
leaf_count=2841 1965 1599 433 128 49 34 23 29 57 21 222 972 4398 1116 1470 149 414 20 43 1510 1791 148 156 21 123 44 111 26 90 99
internal_value=-0.000395782 -0.00110283 -0.00240424 -0.00115592 0.000554502 0.00162963 -0.00194737 -0.00014073 5.76064e-05 0.00018133 -0.000140059 -0.000529712 0.000161012 0.000188247 -0.00030851 -0.000457169 0.000354632 0.00214793 -0.000308535 -0.00056048 -0.00076449 -0.000159229 -0.000624022 0.000728813 2.68504e-05 0.00017647 -0.000927929 0.00385714 5.10942e-05 -2.70277e-05
internal_weight=20102 5329 2266 667 211 162 456 14773 6770 5592 3063 1178 5571 5514 8003 5545 626 169 457 4919 3261 1658 1149 177 2458 2125 333 70 2055 222
internal_count=20102 5329 2266 667 211 162 456 14773 6770 5592 3063 1178 5571 5514 8003 5545 626 169 457 4919 3261 1658 1149 177 2458 2125 333 70 2055 222
is_linear=0
shrinkage=0.03


Tree=258
num_leaves=31
num_cat=0
split_feature=27 2 2 28 28 15 4 4 2 27 12 9 15 27 18 19 28 4 20 19 18 31 12 7 2 17 18 15 27 15
split_gain=3.82118 7.30997 1.80727 1.06545 0.969048 1.02716 0.741228 0.480887 0.915908 0.68015 0.591038 0.689935 0.8704 0.535305 0.488919 0.486523 0.81116 1.06957 0.782926 0.499825 1.07299 0.441679 0.435589 0.424633 0.603974 0.380971 2.63849 0.367896 0.351849 0.323967
threshold=2969.0406250000001 10363.850000000002 21999.070000000003 8.5000000000000018 11.500000000000002 1.0269208145508963 27328.140000000003 27928.195000000003 19990.465000000004 8027.625694444444 14882.160000000002 25203.525000000005 0.82077391357302043 5498.2316666666675 0.59686234806946381 0.36571367782771685 7.5000000000000009 43504.55000000001 0.20063641095631565 0.36302139409655176 0.60833717930894615 9.5000000000000018 4677.9350000000004 24324.382089154566 24782.710000000003 0.54214340608846523 0.70000014771372754 0.82077391357302043 3453.3800000000006 0.59857046731849251
decision_type=2 2 2 2 2 2 2 2 2 2 2 2 2 2 2 2 2 2 2 2 2 2 2 2 2 2 2 2 2 2
left_child=1 29 -3 6 5 -5 -4 8 10 23 11 13 -13 -2 21 19 -17 18 -18 25 -21 -11 -16 -10 -25 26 -9 -19 -27 -1
right_child=7 2 3 4 -6 -7 -8 15 9 14 -12 12 -14 -15 22 16 17 27 -20 20 -22 -23 -24 24 -26 28 -28 -29 -30 -31
leaf_value=-115.47085421607831 5.9885536352358377 -70.665404971958466 -16.375240012555512 6.9748290424021553 -40.169371576780186 -23.191796342876426 1.3412219997477586 0.94945207747381943 -28.515046395541066 -83.197505815083787 1374.4049211773743 55.018012932217715 278.71444410016852 -31.77301481222419 11.830909106154921 -40.322581286149337 15.310965806486742 968.55927651766547 -40.892084772799947 -11.857720434954429 43.159989036434375 -380.02327716232429 -138.26787835957677 4.225210992730478 -5.1628926061461948 3.5016778796428709 753.05083271950105 -14.240889582622085 -0.31891248482482665 -3.0645000311495467
leaf_weight=35 1189 1599 432 130 49 32 24 1088 459 586 29 182 43 1507 648 366 179 20 38 21 22 109 109 69 442 312 45 347 6963 3028
leaf_count=35 1189 1599 432 130 49 32 24 1088 459 586 29 182 43 1507 648 366 179 20 38 21 22 109 109 69 442 312 45 347 6963 3028
internal_value=-0.000397275 -0.00108595 -0.00237776 -0.00106597 0.000696682 0.00181481 -0.00188158 -0.000148853 -0.00037528 -0.000807598 -2.03397e-05 -6.26505e-05 0.00153333 -0.000195846 -0.000396695 -1.94667e-05 -0.000663159 3.08212e-05 0.00170046 5.28924e-05 0.00327907 -0.000971224 0.000130779 -0.00142268 -0.000827789 3.63932e-05 0.000548102 -0.000956404 -4.32997e-05 -0.000130265
internal_weight=20102 5329 2266 667 211 162 456 14773 5372 2422 2950 2921 225 2696 1452 9401 950 584 217 8451 43 695 757 970 511 8408 1133 367 7275 3063
internal_count=20102 5329 2266 667 211 162 456 14773 5372 2422 2950 2921 225 2696 1452 9401 950 584 217 8451 43 695 757 970 511 8408 1133 367 7275 3063
is_linear=0
shrinkage=0.03


Tree=259
num_leaves=31
num_cat=0
split_feature=27 2 2 28 28 15 5 28 28 17 15 25 27 22 27 10 5 15 27 18 13 23 13 25 2 13 20 20 15 10
split_gain=3.7754 7.37382 1.68547 0.95118 0.895939 0.949668 0.785748 0.480011 0.760987 1.40457 0.961802 1.11327 0.989695 0.862713 0.756914 0.699238 0.858541 0.656907 0.637457 0.700452 0.762847 0.771925 0.517281 0.783026 0.512648 0.420808 0.413839 0.393974 0.349146 0.369739
threshold=2969.0406250000001 10363.850000000002 21999.070000000003 8.5000000000000018 11.500000000000002 1.0269208145508963 26718.156339269288 11.500000000000002 8.5000000000000018 0.65047837707359968 1.029386493607455 11413.547500000002 26701.980833333335 187608.43500000003 8116.7622222222235 55551.200000000004 10638.108125000001 1.0187577771329679 3925.2561111111113 0.61032984517189071 11837.900000000003 21021.558788500053 21296.350000000002 8056.1900000000014 34000.070000000007 4017.3300000000004 0.1117532272236287 0.11745643083246164 0.59857046731849251 27698.860000000004
decision_type=2 2 2 2 2 2 2 2 2 2 2 2 2 2 2 2 2 2 2 2 2 2 2 2 2 2 2 2 2 2
left_child=1 25 -3 6 5 -5 -4 8 14 10 11 -10 -12 24 15 16 -2 -17 -9 -20 21 -21 26 -24 -11 28 -16 -22 -1 -30
right_child=7 2 3 4 -6 -7 -8 18 9 13 12 -13 -14 -15 22 17 -18 -19 19 20 27 -23 23 -25 -26 -27 -28 -29 29 -31
leaf_value=-112.00672858959592 2.9569726071410218 -68.545442822799714 -15.88883772568162 6.7655841711300617 -38.964290429476797 -22.496042452590174 1.363688108833371 -27.572148945638105 -142.055151906156 0.013552633848513887 -3.5620363570705793 10.073249336908372 559.84426013924724 220.01075580724367 -0.57685068600593292 -0.049392798133087674 -6.7659876613689942 -15.095109349567707 -24.238957097931713 11.239286946291456 2.9827453446154037 -547.76400238972531 68.614860255173156 -16.699848174693152 -11.896049665884863 -56.183698333616903 5.3139817822263176 -4.9568895994138815 -6.2443851427478485 36.595100781907213
leaf_weight=35 680 1599 433 130 49 32 23 201 122 904 569 1322 24 38 1501 2968 2094 257 448 187 136 49 70 921 777 222 1234 271 2118 688
leaf_count=35 680 1599 433 130 49 32 23 201 122 904 569 1322 24 38 1501 2968 2094 257 448 187 136 49 70 921 777 222 1234 271 2118 688
internal_value=-0.000395782 -0.00108032 -0.00237776 -0.00111095 0.000554502 0.00162963 -0.00188158 -0.000148853 -9.59135e-05 0.000266772 0.000799705 0.00121745 -0.000217539 -0.000364748 -0.00023599 -0.000444575 -0.0007938 -0.000144187 -0.000701239 -0.000415216 0.000219284 0.00157627 9.98383e-05 -0.000487387 -0.000465795 -0.000120471 0.000312614 -0.000567568 -2.2176e-05 1.49672e-05
internal_weight=20102 5329 2266 667 211 162 456 14773 13481 3756 2037 1444 593 1719 9725 5999 2774 3225 1292 1091 643 236 3726 991 1681 3063 2735 407 2841 2806
internal_count=20102 5329 2266 667 211 162 456 14773 13481 3756 2037 1444 593 1719 9725 5999 2774 3225 1292 1091 643 236 3726 991 1681 3063 2735 407 2841 2806
is_linear=0
shrinkage=0.03


Tree=260
num_leaves=31
num_cat=0
split_feature=27 2 2 31 17 31 24 21 13 24 3 24 20 12 7 13 16 18 8 20 20 6 25 0 10 14 12 14 8 15
split_gain=3.59507 7.17962 1.69949 0.820127 0.692512 0.990153 0.478563 0.507774 0.640965 0.82672 0.650061 0.496836 0.492199 0.460967 0.622571 0.427387 0.451383 0.423751 0.423454 0.412453 0.872068 0.461983 0.896636 0.503987 0.396188 0.891437 0.537788 0.358098 0.622294 0.321238
threshold=2969.0406250000001 10363.850000000002 21999.070000000003 29.500000000000004 0.67221585662131578 34.500000000000007 34822.943333333336 7646.6391666666668 12250.045000000002 6239.8075000000017 13257.76 12717.184166666668 0.99912062516713107 77.550000000000011 8007.8096141085671 4017.3300000000004 1627.1785067643711 0.41583233434241484 26609.560000000001 0.34389872042301883 0.30518315788794953 31166.474985284964 31464.502500000002 32778.097304693605 27698.860000000004 3632.0650000000005 3147.8650000000002 21662.375000000004 21320.517500000005 0.99996692010788557
decision_type=2 2 2 2 2 2 2 2 2 2 2 2 2 2 2 2 2 2 2 2 2 2 2 2 2 2 2 2 2 2
left_child=1 15 -3 18 5 -5 7 8 10 -10 11 -2 13 17 -15 16 24 -9 -4 20 21 22 -8 -23 26 -26 -1 28 -21 -14
right_child=6 2 3 4 -6 -7 19 12 9 -11 -12 -13 29 14 -16 -17 -18 -19 -20 27 -22 23 -24 -25 25 -27 -28 -29 -30 -31
leaf_value=-5.7520966577635599 -8.6636441819003824 -66.489079538115703 -12.423533658949715 6.3333458358796015 -14.626513548231239 -22.389660927399799 694.18451522685712 -72.332729526643703 -220.39108180995814 397.73241464419141 369.04692079177897 172.49420398919216 829.81257694290787 -207.18913724737129 -3.5273637395704607 -54.498187383608411 49.490437404941048 4.1857398693905736 1.4481828542294137 -696.13622907240301 2545.7852241295941 -630.65306673546513 -626.17453391095091 0.085565786674281899 1.6646681676190511 259.13796154705346 -251.99484034525656 -371.670705873499 2169.2793327529284 397.562144905222
leaf_weight=2036 957 1599 513 64 28 31 34 669 27 36 22 103 22 224 3587 222 26 1316 31 23 24 50 24 7525 575 122 82 75 21 34
leaf_count=2036 957 1599 513 64 28 31 34 669 27 36 22 103 22 224 3587 222 26 1316 31 23 24 50 24 7525 575 122 82 75 21 34
internal_value=-0.000389813 -0.0010578 -0.00233804 -0.00106597 0.00114634 0.00236842 -0.000148853 -0.000328856 0.000248908 0.00319048 7.76333e-05 -2.83026e-05 -0.000441901 -0.000468945 -0.000662032 -0.000110677 -1.16163e-05 -9.82375e-05 -0.00156618 1.31166e-05 4.03545e-05 2.2402e-05 0.00268965 1.97948e-06 -4.79581e-05 0.000572453 -0.000252125 -0.0017395 0.00040909 0.00235714
internal_weight=20102 5329 2266 667 123 95 14773 6997 1145 63 1082 1060 5852 5796 3811 3063 2841 1985 544 7776 7657 7633 58 7575 2815 697 2118 119 44 56
internal_count=20102 5329 2266 667 123 95 14773 6997 1145 63 1082 1060 5852 5796 3811 3063 2841 1985 544 7776 7657 7633 58 7575 2815 697 2118 119 44 56
is_linear=0
shrinkage=0.03


Tree=261
num_leaves=31
num_cat=0
split_feature=27 2 25 28 28 19 8 28 28 4 9 12 20 9 6 11 7 27 25 7 27 18 14 14 23 28 11 31 23 15
split_gain=3.59507 6.80959 1.91953 1.43473 1.12472 0.971385 0.697559 0.521215 0.624334 1.13144 0.769924 1.11421 0.862872 0.66079 0.836006 0.836296 0.810352 0.581425 1.03499 0.561294 0.503688 0.54621 0.805283 1.08869 0.578785 0.473146 0.726328 0.544921 0.408333 0.334512
threshold=2969.0406250000001 10039.540000000001 21953.745000000006 8.5000000000000018 11.500000000000002 0.22301924239638302 26609.560000000001 11.500000000000002 8.5000000000000018 10572.730000000001 23425.420000000002 9904.9200000000019 0.1674639239554197 24509.135000000006 15127.692068484501 15182.085000000001 14434.773655625 5450.7747916666676 9599.2175000000007 42689.873289666466 3925.2561111111113 0.63301027733135162 4632.4150000000009 1623.8650000000002 1308.2707344604698 7.5000000000000009 33939.560000000005 30.500000000000004 639.10159256258396 0.99003576554828776
decision_type=2 2 2 2 2 2 2 2 2 2 2 2 2 2 2 2 2 2 2 2 2 2 2 2 2 2 2 2 2 2
left_child=1 -1 -3 6 5 -5 29 8 13 17 11 -11 -12 14 16 -16 -2 18 -10 -19 -9 28 23 -23 -24 27 -27 -15 -22 -4
right_child=7 2 3 4 -6 -7 -8 20 9 10 12 -13 -14 25 15 -17 -18 19 -20 -21 21 22 24 -25 -26 26 -28 -29 -30 -31
leaf_value=-4.3165590383354964 -5.3685273457554965 -66.46358775516309 -4.1595438758355296 -0.25647730388409556 -34.856631977528203 10.33599210116977 1.2793318304463965 -26.639163565081905 -51.010711313876996 4.4600318964115759 3.5111536214939942 448.3526966001146 -5.25082805975459 0.1992168525829939 -26.900934111115681 -2.6292184646441235 355.05705606715566 -186.29903762771346 283.06520906036218 575.29052544991578 4.187066406033634 8.1736159547018712 3.4827804323571256 151.83871104152809 -4.4117815883306832 0.56063594296283448 -15.040296581748184 14.522731188569523 -19.518559937767446 -19.078819244405942
leaf_weight=3055 1703 1624 139 65 39 64 33 201 164 1035 1313 54 602 4207 1014 1823 145 497 49 42 20 61 119 20 391 342 330 161 480 310
leaf_count=3055 1703 1624 139 65 39 64 33 201 164 1035 1313 54 602 4207 1014 1823 145 497 49 42 20 61 119 20 391 342 330 161 480 310
internal_value=-0.000389813 -0.0010578 -0.00230079 -0.000923078 0.00146428 0.00281395 -0.00175519 -0.000148853 -9.36881e-05 0.000234824 0.000495339 0.00113223 0.000133159 -0.000220566 -0.000477055 -0.000800494 1.94798e-05 -0.000805852 0.000521126 -0.00133024 -0.000724459 -0.000470212 0.000147207 0.00292593 -0.000294118 1.78564e-05 -0.000723215 0.000131867 -0.0012 -0.00206459
internal_weight=20102 5329 2274 650 168 129 482 14773 13481 3756 3004 1089 1915 9725 4685 2837 1848 752 213 539 1292 1091 591 81 510 5040 672 4368 500 449
internal_count=20102 5329 2274 650 168 129 482 14773 13481 3756 3004 1089 1915 9725 4685 2837 1848 752 213 539 1292 1091 591 81 510 5040 672 4368 500 449
is_linear=0
shrinkage=0.03


Tree=262
num_leaves=31
num_cat=0
split_feature=27 26 25 28 28 17 5 13 11 8 3 31 14 25 3 20 13 31 1 27 25 27 14 28 21 17 16 7 25 22
split_gain=3.53473 6.83435 1.98443 1.42857 1.12472 0.87374 0.745965 0.497535 0.458511 0.42154 0.73527 1.1841 0.833575 1.935 0.699735 0.533351 0.518678 1.68027 0.510556 0.464104 1.60175 0.836251 0.712581 1.02132 0.780376 0.607136 0.642647 0.551528 0.503046 0.609416
threshold=2969.0406250000001 5.5000000000000009 21953.745000000006 8.5000000000000018 11.500000000000002 0.62366224473463983 26718.156339269288 4017.3300000000004 7717.1400000000003 51612.380000000005 54637.445000000014 27.500000000000004 18108.165000000005 51798.477500000001 53662.935000000005 0.17595889382642343 39019.520000000011 14.500000000000002 51880.507066532547 5308.123125000001 48275.92500000001 8985.0116666666672 446.89000000000004 9.5000000000000018 3053.061666666667 0.59300950070589631 -3842.1700848830515 7651.9766155312154 25635.117500000004 10876.885
decision_type=2 2 2 2 2 2 2 2 2 2 2 2 2 2 2 2 2 2 2 2 2 2 2 2 2 2 2 2 2 2
left_child=1 7 -3 6 5 -5 -4 8 -1 19 11 12 18 -14 -13 -12 -17 -18 -11 20 22 25 23 -2 -24 27 -27 -21 29 -23
right_child=9 2 3 4 -6 -7 -8 -9 -10 10 15 14 13 -15 -16 16 17 -19 -20 21 -22 28 24 -25 -26 26 -28 -29 -30 -31
leaf_value=-2.7977016020908398 10.202631821525427 -64.502914426194977 -13.820122595652773 21.88472340468487 -33.810933018202384 0.9432992969062739 1.2409520250280137 -56.353576542152474 145.2843647359625 308.77734533490622 0.90612115213367617 9.4946741291141716 55.759524159507684 4.4373616503318001 60.256405257909961 -5.1640876647841498 265.19469379148563 -31.739087841029502 -40.901094405674421 -228.48323508116712 17.21156211696983 -39.691689707272111 245.76917134734575 139.84921186669007 -0.67383070792949262 4.0902058454459818 -28.270220530508901 -0.63753858078210324 -139.5854320876154 41.34147382542087
leaf_weight=2825 178 1588 457 46 39 83 23 248 20 40 2550 27 23 209 21 1011 24 34 82 124 26 1042 44 61 4824 142 1118 1122 746 1325
leaf_count=2825 178 1588 457 46 39 83 23 248 20 40 2550 27 23 209 21 1011 24 34 82 124 26 1042 44 61 4824 142 1118 1122 746 1325
internal_value=-0.000389813 -0.00105217 -0.00231574 -0.000916667 0.00146428 0.00281395 -0.00175 -0.000138701 -2.63628e-05 -0.000150884 0.000111166 0.00132836 0.000728813 0.00178448 0.00575 -2.40405e-05 -0.00058653 0.00217241 -0.00127869 -0.000248885 -4.26658e-05 -0.000437267 -8.04785e-05 0.00151883 -0.000158998 -0.000845172 -0.00130952 -0.000375603 -0.000108899 0.000105196
internal_weight=20102 5329 2236 648 168 129 480 3093 2845 14773 4021 402 354 232 48 3619 1069 58 122 10752 5133 5619 5107 239 4868 2506 1260 1246 3113 2367
internal_count=20102 5329 2236 648 168 129 480 3093 2845 14773 4021 402 354 232 48 3619 1069 58 122 10752 5133 5619 5107 239 4868 2506 1260 1246 3113 2367
is_linear=0
shrinkage=0.03


Tree=263
num_leaves=31
num_cat=0
split_feature=27 2 24 28 28 19 15 22 28 31 20 31 20 27 13 19 19 0 17 24 28 27 20 13 11 7 0 6 24 3
split_gain=3.4785 6.56326 2.01423 1.22688 1.11142 0.854258 0.437795 0.444548 0.405933 0.457936 0.980923 0.583821 0.791728 0.758093 0.39921 0.39023 1.19812 0.677352 0.358014 0.453983 0.353824 0.484206 0.715083 0.400899 1.23424 0.4191 0.311055 0.633125 0.517607 0.330245
threshold=2969.0406250000001 10039.540000000001 22130.252500000002 8.5000000000000018 11.500000000000002 0.24812655818992096 0.9949356956274521 23807.280000000006 11.500000000000002 20.500000000000004 0.23954638947520812 22.500000000000004 0.095573751753738931 3529.4039583333338 4017.3300000000004 0.17039725859000596 0.10628648165206843 38729.527021908878 0.51359119310203083 6717.1014999999998 2.5000000000000004 2444.4131250000005 0.35731070183535812 2586.3000000000006 488.88500000000005 40531.828281690083 71101.230062043571 71629.861021508594 61932.32450000001 139706.13000000003
decision_type=2 2 2 2 2 2 2 2 2 2 2 2 2 2 2 2 2 2 2 2 2 2 2 2 2 2 2 2 2 2
left_child=1 14 -3 6 5 -5 7 -4 9 26 11 13 -13 -11 20 16 18 -18 -10 -20 21 22 -1 25 -25 -22 29 -28 -29 -2
right_child=8 2 3 4 -6 -7 -8 -9 15 10 -12 12 -14 -15 -16 -17 17 -19 19 -21 23 -23 -24 24 -26 -27 27 28 -30 -31
leaf_value=-50.046173652480242 -2.5301360719088684 -61.494408168575021 -17.856267350150119 1.04341820383662 -25.845337367352222 18.557713788390725 -16.477385938003462 0.87830271345859456 -230.34632007271244 17.733846366444194 -16.916088948301184 14.419784657309222 0.18066558056579132 4.3387977457354916 -50.341620031609409 -7.8277870544382262 147.42081767827091 2.8591616581385884 122.80235837388652 -34.54700803919193 -20.598467074725828 178.47746058385869 235.94317721622463 -3.8479553440675898 264.4526220486398 1560.292901385777 27.554017483019962 1133.5177563851589 0.06920715216420259 608.32849905526155
leaf_weight=289 8724 1639 117 82 39 42 240 115 42 45 133 72 2752 408 220 980 20 21 27 202 2157 39 131 145 52 22 27 24 1258 38
leaf_count=289 8724 1639 117 82 39 42 240 115 42 45 133 72 2752 408 220 980 20 21 27 202 2157 39 131 145 52 22 27 24 1258 38
internal_value=-0.000383843 -0.00104091 -0.00226121 -0.000826772 0.00141718 0.00280645 -0.0016017 -0.000672415 -0.000146823 -9.81388e-05 0.000202345 0.000304851 0.000144475 0.00130464 -0.00013257 -0.000654799 0.00026923 0.00504878 -0.000453875 1.30997e-05 -3.70378e-05 0.000725489 0.000428571 -0.000184344 0.00111167 -0.000301515 -0.000199882 0.000231474 0.000135725 -0.000264324
internal_weight=20102 5329 2274 635 163 124 472 232 14773 13481 3410 3277 2824 453 3055 1292 312 41 271 229 2835 459 420 2376 197 2179 10071 1309 1282 8762
internal_count=20102 5329 2274 635 163 124 472 232 14773 13481 3410 3277 2824 453 3055 1292 312 41 271 229 2835 459 420 2376 197 2179 10071 1309 1282 8762
is_linear=0
shrinkage=0.03


Tree=264
num_leaves=31
num_cat=0
split_feature=27 26 24 11 20 20 13 13 8 11 7 24 15 27 27 31 9 0 27 24 12 31 14 14 23 14 14 27 27 29
split_gain=3.34479 6.50155 2.04048 0.768289 0.704206 0.498075 0.497535 0.380463 0.997787 0.881488 0.429402 0.470615 0.35573 0.718763 0.743841 0.736599 2.50898 0.569173 0.928189 0.688642 0.548603 0.782639 0.958433 0.782797 0.721905 1.03084 0.804969 0.743444 0.71063 0.691855
threshold=2969.0406250000001 5.5000000000000009 22130.252500000002 11224.380000000003 0.17782048182677604 0.16384292584186433 4017.3300000000004 2586.3000000000006 6459.8975 488.88500000000005 44909.060377702481 19965.042500000003 1.0145317803533163 9077.1750000000029 9594.2138888888912 7.5000000000000009 19181.930000000004 4825.3435710060576 4880.3826388888892 4064.4105000000004 5769.4550000000008 32.500000000000007 16099.060000000003 13269.065000000001 86.717666998993494 24843.845000000001 43136.590000000004 3563.5306250000003 3666.9477777777784 3.5000000000000004
decision_type=2 2 2 2 2 2 2 2 2 2 2 2 2 2 2 2 2 2 2 2 2 2 2 2 2 2 2 2 2 2
left_child=1 6 -3 -4 5 -5 7 10 9 -9 11 -1 20 17 15 16 -15 18 19 -14 21 23 29 -2 25 -22 -27 -26 -29 -23
right_child=12 2 3 4 -6 -7 -8 8 -10 -11 -12 -13 13 14 -16 -17 -18 -19 -20 -21 24 22 -24 -25 27 26 -28 28 -30 -31
leaf_value=-3.9652524111755088 -1.2291779170001187 -59.674019215981822 2.4515227756534714 -2.97591024167735 -18.779330456640775 5.903680343792777 -53.152720644939656 40.850003355919526 -16.549727378206079 323.60558487260863 1620.9910108904701 -96.447365834397544 49.833087693499984 -296.08770897721189 -2.3773786420707657 -5.5261421384418679 248.69306011540544 -8.7579303836551556 -97.017367133274803 376.42790738546614 16.88060211257875 5.6945256625746765 21.458949896666791 -11.120792933484829 -10.259719979787322 -27.45929695369469 163.76228327178498 4.7336736576660146 0.35821318217002474 -1.6546564089193743
leaf_weight=2457 3366 1603 38 323 198 74 248 109 90 33 21 135 61 31 2086 74 27 2615 57 36 188 50 23 769 136 69 21 26 5054 84
leaf_count=2457 3366 1603 38 323 198 74 248 109 90 33 21 135 61 31 2086 74 27 2615 57 36 188 50 23 769 136 69 21 26 5054 84
internal_value=-0.000385336 -0.00102965 -0.00226208 -0.000819906 -0.00108403 -0.000355164 -0.000138701 -2.63628e-05 0.00113793 0.00270422 -0.000129737 -0.000164353 -0.000152915 -0.000359134 4.32815e-05 0.00222727 0.00475862 -0.000681474 0.00109091 0.00287629 -4.78241e-05 -0.000301958 0.00177707 -0.000380896 0.000150709 0.00164029 -0.001 7.13183e-05 0.000129921 0.000805969
internal_weight=20102 5329 2236 633 595 397 3093 2845 232 142 2613 2592 14773 4987 2218 132 58 2769 154 97 9786 4292 157 4135 5494 278 90 5216 5080 134
internal_count=20102 5329 2236 633 595 397 3093 2845 232 142 2613 2592 14773 4987 2218 132 58 2769 154 97 9786 4292 157 4135 5494 278 90 5216 5080 134
is_linear=0
shrinkage=0.03


Tree=265
num_leaves=31
num_cat=0
split_feature=27 26 8 31 7 25 29 3 15 18 18 13 17 21 8 25 1 4 3 22 7 24 27 6 13 1 18 4 10 15
split_gain=3.35013 7.39538 0.743114 0.711577 0.534331 1.31517 0.57983 0.642349 0.608631 0.539485 0.56422 0.525754 0.530479 0.530111 0.522109 0.598575 0.521774 0.729666 1.45705 0.574707 0.666637 0.630825 0.47233 0.59398 0.449771 0.412109 0.391024 0.379119 0.468115 0.377643
threshold=2656.9727777777784 4.5000000000000009 20603.720000000005 29.500000000000004 26623.857666527692 18479.765000000003 2.5000000000000004 27171.010000000006 1.0069552711598024 0.53358113006334162 0.50373896162236642 20770.970000000005 0.4978066258031803 17729.100000000002 16675.075000000001 24111.765000000003 13590.322441594284 30816.820000000003 15349.665000000003 16243.720000000003 8506.574951430146 11696.234166666667 21136.740000000002 25956.294548235001 14753.760000000002 12972.102684696803 0.44338132589903551 5404.5750000000007 106775.36500000001 0.73393453982622103
decision_type=2 2 2 2 2 2 2 2 2 2 2 2 2 2 2 2 2 2 2 2 2 2 2 2 2 2 2 2 2 2
left_child=1 -1 26 -4 5 16 22 8 -8 10 14 12 13 -11 -6 -16 19 18 -18 21 -21 -2 25 -24 -14 -7 -3 -13 -29 -19
right_child=4 2 3 -5 9 6 7 -9 -10 11 -12 27 24 -15 15 -17 17 29 -20 20 -22 -23 23 -25 -26 -27 -28 28 -30 -31
leaf_value=-4.6529413601121439 -7.0294123807606841 98.615822197342609 -14.554414397624663 8.6547723999176345 -662.07525801778888 10.616129653299915 1.5613084882476744 -37.604460654981615 -11.578161400954917 -469.11211935178642 -8.088257481160543 180.33163687193496 -0.055868264007877623 9.8544462672216788 737.32635779353825 -1.3245516351908491 357.774908988471 8.6099278595078097 -0.61348705262688719 38.34344736041615 18.291221981008544 -109.46066826687499 251.33667531085661 -634.70462323131494 3.3731016852476525 -19.040297190853234 -80.496664895381869 -21.771156690597216 -0.84632126903831961 -294.92845124788147
leaf_weight=2768 2081 22 247 37 179 48 273 160 397 25 623 24 4689 386 148 1142 277 65 591 34 235 705 78 37 1331 686 1465 368 848 133
leaf_count=2768 2081 22 247 37 179 48 273 160 397 25 623 24 4689 386 148 1142 277 65 591 34 235 705 78 37 1331 686 1465 368 848 133
internal_value=-0.000379366 -0.0010965 -0.00261039 -0.00120423 -0.000170212 -0.000398277 -0.00110602 -0.000542169 -0.000134329 -3.47236e-05 -0.00046176 8.17357e-05 0.000190794 0.00123358 -0.000140913 6.97667e-05 -0.000109925 0.000461538 0.000836405 -0.00030933 0.00101487 -0.000437187 -0.00165724 0.000130434 0.000119601 -0.00193733 -0.00287895 -0.000483872 -0.000557567 -0.00118182
internal_weight=20102 4539 1771 284 15563 5800 1679 830 670 9763 2092 7671 6431 411 1469 1290 4121 1066 868 3055 269 2786 849 115 6020 734 1487 1240 1216 198
internal_count=20102 4539 1771 284 15563 5800 1679 830 670 9763 2092 7671 6431 411 1469 1290 4121 1066 868 3055 269 2786 849 115 6020 734 1487 1240 1216 198
is_linear=0
shrinkage=0.03


Tree=266
num_leaves=31
num_cat=0
split_feature=27 26 8 28 5 24 0 12 28 0 27 24 22 27 13 24 9 7 19 31 1 1 18 18 17 4 16 18 14 12
split_gain=3.35013 7.39538 0.743114 0.791415 0.859483 0.478593 0.805105 0.624346 0.718965 0.781621 0.476 0.468899 0.468644 0.750669 0.449013 0.523296 0.522855 1.63482 0.511852 0.740669 0.499921 0.446714 0.445682 0.775944 0.572898 0.441284 0.424065 0.391024 0.374653 0.391088
threshold=2656.9727777777784 4.5000000000000009 20603.720000000005 8.5000000000000018 22384.338500671391 28098.005833333336 18817.704015021918 4253.9300000000012 4.5000000000000009 22692.503993887607 2690.9777777777781 26861.701666666668 26606.815000000002 7433.6379166666675 20770.970000000005 77984.90833333334 28688.200000000004 57237.927740441308 0.27391602833513673 7.5000000000000009 11530.252397218066 7601.8261251249996 0.53358113006334162 0.50373896162236642 0.4978066258031803 23680.420000000002 11603.534397415488 0.44338132589903551 5352.3450000000003 682.32500000000016
decision_type=2 2 2 2 2 2 2 2 2 2 2 2 2 2 2 2 2 2 2 2 2 2 2 2 2 2 2 2 2 2
left_child=1 28 27 25 -5 6 10 8 11 -10 -2 -8 26 -14 20 16 17 -16 -17 -20 21 -7 23 -22 -24 -4 -12 -3 29 -1
right_child=5 2 3 4 -6 14 7 -9 9 -11 12 -13 13 -15 15 18 -18 -19 19 -21 22 -23 24 -25 -26 -27 -28 -29 -30 -31
leaf_value=-20.486824812378266 118.22630305101349 95.657347531422346 -20.920573669301525 8.0891726739315413 -13.384610110605117 -180.61501758939039 -24.455824664494877 -12.080417947362054 -17.439253685976151 3.4067893899712107 -8.7274486826001034 1.6773316526040005 -69.986055028531368 445.92912101498899 -21.5162262548697 -6.2149381275943103 -21.70273697643384 164.80942695793132 69.810376406360447 0.53479437688584552 0.46826497256369171 173.20143674547165 3.6734936825560243 -10.339074061737744 0.22641239466538879 0.70871981145528218 282.59232107199011 -78.08176494852043 -48.858971660669944 14.841403355072719
leaf_weight=1556 20 22 182 22 41 20 346 933 349 528 3735 60 20 26 193 481 361 33 63 398 1229 23 386 527 5784 39 48 1465 121 1091
leaf_count=1556 20 22 182 22 41 20 346 933 349 528 3735 60 20 26 193 481 361 33 63 398 1229 23 386 527 5784 39 48 1465 121 1091
internal_value=-0.000379366 -0.0010965 -0.00261039 -0.00120423 0.0017619 -0.000170212 -0.000378401 -0.000833936 -0.000404521 7.86766e-05 -0.000116135 -0.00144828 -0.000140246 0.00286956 -3.72717e-05 -0.000508176 -0.00121124 -7.96467e-05 -7.00644e-05 0.000644251 5.308e-05 0.00327907 3.55784e-05 -0.000386105 0.000155591 -0.00204977 -0.000176844 -0.00287895 -0.000127891 -5.32686e-05
internal_weight=20102 4539 1771 284 63 15563 6065 2216 1283 877 3849 406 3829 46 9498 1529 587 226 942 461 7969 43 7926 1756 6170 221 3783 1487 2768 2647
internal_count=20102 4539 1771 284 63 15563 6065 2216 1283 877 3849 406 3829 46 9498 1529 587 226 942 461 7969 43 7926 1756 6170 221 3783 1487 2768 2647
is_linear=0
shrinkage=0.03


Tree=267
num_leaves=31
num_cat=0
split_feature=27 2 8 18 27 23 20 14 17 27 14 18 18 18 17 27 18 22 27 13 3 1 13 4 8 0 10 10 27 10
split_gain=3.24146 7.22813 0.769638 0.496327 0.613518 0.629097 1.3547 0.973239 0.532752 1.17764 1.27061 0.670239 0.628516 0.740898 0.647716 0.554599 0.535636 0.511878 0.472502 0.42714 0.58307 0.504152 0.426675 0.473166 0.401756 0.791945 0.356665 0.887134 0.468723 0.343468
threshold=2656.9727777777784 10039.540000000001 20603.720000000005 0.68149743756242087 3178.9768750000003 1.0000000180025095e-35 0.11577905442537498 19255.165000000005 0.66535718452384673 3149.5637500000007 2684.4200000000005 0.75898243867651638 0.82907381415902737 10148.017696692326 0.57104690692057591 22032.443333333336 17903.174032966144 10011.860000000002 2721.9626388888896 5386.3350000000009 22150.840000000004 23419.681249662874 4017.3300000000004 1.0000000180025095e-35 6202.1950000000006 36210.158404831651 27698.860000000004 28636.605000000003 1777.6838194444447 29029.192500000001
decision_type=2 2 2 2 2 2 2 2 2 2 2 2 2 2 2 2 2 2 2 2 2 2 2 2 2 2 2 2 2 2
left_child=1 22 -3 4 -2 6 -6 -8 9 10 -5 -12 14 -14 -11 16 18 -18 -10 21 -21 -4 23 -1 -17 -26 28 -28 -25 -7
right_child=3 2 19 8 5 29 7 -9 15 12 11 -13 13 -15 -16 24 17 -19 -20 20 -22 -23 -24 26 25 -27 27 -29 -30 -31
leaf_value=-119.73272864324188 -7.132393790175735 -73.541695027685307 -14.94651174417417 345.99051944207997 -94.472644263638941 9.2856163800930442 27.500022707966572 -3.7604960395121276 41.686583757912814 -3.9559537510114646 5.572619909683997 -3.3767861048273957 -9.3895706044206229 42.265349751800585 5.4116305375382474 -303.07801113056553 210.42517237304781 -156.69602595971986 -2.9454284510385675 4.8856284084797883 -11.995946527533407 6.1928985294514538 -74.772712239984074 -35.069559006896078 85.724604489043571 -3.3926262712043642 556.15522227637109 32.254950373350056 12.536114650017938 -2.010358943300016
leaf_weight=67 897 1417 193 22 208 631 129 87 27 290 126 67 835 332 1633 41 29 275 2277 30 29 32 172 1508 190 345 22 598 471 7122
leaf_count=67 897 1417 193 22 208 631 129 87 27 290 126 67 835 332 1633 41 29 275 2277 30 29 32 172 1508 190 345 22 598 471 7122
internal_value=-0.000377874 -0.00108328 -0.00262963 -0.00017214 -0.000315407 -0.000233705 0.000891509 0.00255555 2.82009e-05 0.000295007 0.00244186 0.00166321 0.00014563 -0.0004036 0.000478938 -0.000248744 -0.000434817 -0.00161842 -0.000278647 -0.00120423 0.0010678 -0.0018 -0.000156449 -6.30165e-05 0.000593749 0.000813083 1.15357e-06 0.000629032 -0.000195554 -0.000295241
internal_weight=20102 4539 1701 15563 9074 8177 424 216 6489 3305 215 193 3090 1167 1923 3184 2608 304 2304 284 59 225 2838 2666 576 535 2599 620 1979 7753
internal_count=20102 4539 1701 15563 9074 8177 424 216 6489 3305 215 193 3090 1167 1923 3184 2608 304 2304 284 59 225 2838 2666 576 535 2599 620 1979 7753
is_linear=0
shrinkage=0.03


Tree=268
num_leaves=31
num_cat=0
split_feature=27 26 7 28 21 28 16 22 11 10 16 25 13 22 16 19 28 10 31 24 2 18 18 27 27 4 20 28 13 5
split_gain=3.22063 5.77005 2.36191 1.92316 2.12329 0.836649 0.789796 0.54842 0.487337 0.388182 0.509699 0.553735 0.748895 0.610842 0.540516 1.18459 0.867594 0.835099 0.513889 0.400206 0.618501 0.526619 0.385858 0.782212 0.660527 0.851143 0.717505 0.441739 0.768027 0.612601
threshold=2969.0406250000001 5.5000000000000009 21445.847144552365 8.5000000000000018 22284.74666666667 11.500000000000002 -161.93275187703145 23807.280000000006 7717.1400000000003 55317.817500000005 752.73280871506734 6958.7875000000013 14850.925000000001 15643.472500000002 648.93433221977841 0.31570265026927363 9.5000000000000018 64338.420000000006 7.5000000000000009 6579.5466666666671 3279.6500000000001 0.53358113006334162 5612.4730187829291 3149.5637500000007 18713.832500000004 17919.140000000003 0.4049906126244382 8.5000000000000018 8540.2550000000028 7768.3573437500008
decision_type=2 2 2 2 2 2 2 2 2 2 2 2 2 2 2 2 2 2 2 2 2 2 2 2 2 2 2 2 2 2
left_child=1 8 -3 6 -5 -6 7 -4 -1 22 14 12 -12 -13 19 17 -17 -16 -15 20 -11 -21 27 -24 25 -25 -26 28 -2 -29
right_child=9 2 3 4 5 -7 -8 -9 -10 10 11 13 -14 18 15 16 -18 -19 -20 21 -22 -23 23 24 26 -27 -28 29 -30 -31
leaf_value=-5.5986365368657927 -3.3387942527294432 -62.875766365841237 -15.623432104782722 12.690218985126252 3.5887313644587127 -25.724718958824297 -15.89513087733288 0.863096211584372 136.08687292547353 -20.223199531362756 -72.910071542035084 -382.49661817900085 769.99766403996261 6.1369579500914044 2.3052193140025592 2.9008574338281456 21.151194827877095 -2.0549519095160038 -4.0445010174137153 -3.4967557618708782 367.73774763980947 0.86098896449066042 380.7169597033859 2.5521328939772308 188.47724679844691 -163.27927366485829 -492.63141933221937 -95.566705547344867 -21.910971352872128 0.34916862953476879
leaf_weight=3073 2336 1514 116 22 121 41 317 105 20 47 58 179 26 476 30 20 23 134 1584 1969 27 3844 20 667 372 343 36 198 844 1540
leaf_count=3073 2336 1514 116 22 121 41 317 105 20 47 58 179 26 476 30 20 23 134 1584 1969 27 3844 20 667 372 343 36 198 844 1540
internal_value=-0.000374889 -0.00100713 -0.00216816 -0.000756233 0.0018913 0.000703703 -0.00166171 -0.000285069 -0.000167799 -0.000146823 -1.31883e-05 -0.000391305 0.002 -0.000481019 0.000130948 0.00163768 0.00606977 0.000475609 -0.000334952 7.79677e-05 0.00227027 5.00595e-05 -0.000323789 0.000108483 2.53872e-05 -0.000386139 0.00104412 -0.000450184 -0.000660378 -6.55934e-05
internal_weight=20102 5329 2236 722 184 162 538 221 3093 14773 8417 2323 84 2239 6094 207 43 164 2060 5887 74 5813 6356 1438 1418 1010 408 4918 3180 1738
internal_count=20102 5329 2236 722 184 162 538 221 3093 14773 8417 2323 84 2239 6094 207 43 164 2060 5887 74 5813 6356 1438 1418 1010 408 4918 3180 1738
is_linear=0
shrinkage=0.03


Tree=269
num_leaves=31
num_cat=0
split_feature=7 26 24 28 28 15 28 3 3 16 21 24 4 4 8 13 3 4 7 18 19 28 5 24 23 11 23 4 22 11
split_gain=2.56086 7.33682 2.31781 1.95146 1.88106 1.4804 0.924397 0.60356 0.910462 0.641074 0.776183 0.764439 0.551226 0.525622 0.569492 0.504698 0.519004 0.663594 1.09517 0.589432 0.637211 0.915015 0.600335 0.511265 0.854416 1.78202 0.699558 0.501411 0.529704 0.956976
threshold=26623.857666527692 5.5000000000000009 20631.000833333339 8.5000000000000018 9.5000000000000018 1.0153304238631551 11.500000000000002 19918.005000000005 23803.210000000003 -5504.1285531204139 13118.458333333334 18808.803333333337 23680.420000000002 2210.7750000000005 8977.3325000000023 20770.970000000005 139706.13000000003 239450.44000000003 183015.60533926418 0.53358113006334162 0.33363881020828157 7.5000000000000009 11077.555937500003 77984.90833333334 2535.4293382309456 49307.275000000001 1776.5951558711638 40491.62000000001 14795.305000000002 12818.580000000002
decision_type=2 2 2 2 2 2 2 2 2 2 2 2 2 2 2 2 2 2 2 2 2 2 2 2 2 2 2 2 2 2
left_child=1 7 -3 12 5 -5 -6 27 13 10 -10 -11 -4 14 -9 16 19 18 -18 20 22 -22 -2 -17 25 -25 -27 28 29 -1
right_child=15 2 3 4 6 -7 -8 8 9 11 -12 -13 -14 -15 -16 23 17 -19 -20 -21 21 -23 -24 24 -26 26 -28 -29 -30 -31
leaf_value=-0.17898005498675582 385.95123059446485 -77.431788663851293 -19.803707800869041 17.125270323281086 0.55845566477096253 -11.856817969983808 -29.86721899019075 527.37664187109465 267.42723443786133 -0.80177014575056604 9.7966706493328015 -281.03602610826067 -7.8180635979950575 -220.99728560443651 -455.84345132863217 -19.525342694910186 479.70196374132689 -449.92526559110837 581.70595917730122 0.4778053612055656 -11.505111713780272 15.273429619226258 -8.1236224849790144 67.898705307403901 -4.0921532110989407 -16.463036472336942 43.468062409699982 -170.01930365211231 38.428626527993089 -117.8033200382441
leaf_weight=4676 20 1448 424 86 220 22 118 35 34 386 383 273 453 316 24 578 122 23 20 6404 110 103 1547 33 698 123 88 192 707 436
leaf_count=4676 20 1448 424 86 220 22 118 35 34 386 383 273 453 316 24 578 122 23 20 6404 110 103 1547 33 698 123 88 192 707 436
internal_value=-0.000374889 -0.000707418 -0.00202562 -0.00111791 0.000497757 0.00394444 -0.000603551 -0.000217905 -0.000767058 -0.000323421 0.000597122 -0.000905919 -0.00193957 -0.00204 0.000559321 -3.00949e-05 6.14438e-05 0.00172727 0.00249296 2.78585e-05 -0.000455057 0.00108451 -0.000664327 -0.000532895 -0.000101912 0.00142623 0.000412322 -8.53443e-05 -3.55738e-05 -0.000142019
internal_weight=20102 10233 2771 1323 446 108 338 7462 1451 1076 417 659 877 375 59 9869 8349 165 142 8184 1780 213 1567 1520 942 244 211 6011 5819 5112
internal_count=20102 10233 2771 1323 446 108 338 7462 1451 1076 417 659 877 375 59 9869 8349 165 142 8184 1780 213 1567 1520 942 244 211 6011 5819 5112
is_linear=0
shrinkage=0.03


Tree=270
num_leaves=31
num_cat=0
split_feature=27 2 7 31 31 5 31 19 24 6 21 21 19 11 12 12 18 31 13 24 6 6 8 18 23 23 27 31 20 17
split_gain=3.40211 5.62502 2.24773 1.27188 1.40833 0.731738 0.753463 0.501824 0.34333 0.639451 0.471715 0.976296 1.46686 0.487329 0.460621 0.673686 0.643678 0.568613 0.463093 0.506571 0.40609 0.602166 1.28106 0.6946 0.527902 0.724382 0.702853 0.61435 0.570867 0.302459
threshold=2969.0406250000001 10039.540000000001 21445.847144552365 32.500000000000007 34.500000000000007 26498.339222199025 14.500000000000002 0.23504392286145323 28098.005833333336 18391.898173320064 22980.458333333339 18621.043333333339 0.19109352562657619 12818.580000000002 4253.9300000000012 4031.4500000000003 0.65561618964755808 27.500000000000004 4613.9050000000007 23249.211666666666 26256.957536547448 24219.213400000001 20603.720000000005 1.1339677330447653 5188.9974607644353 7110.1219870276755 46284.253333333334 34.500000000000007 0.084539928968186615 0.45600095371181321
decision_type=2 2 2 2 2 2 2 2 2 2 2 2 2 2 2 2 2 2 2 2 2 2 2 2 2 2 2 2 2 2
left_child=1 -1 -3 5 -5 7 -7 -4 9 10 11 13 -13 -2 15 17 -17 -11 19 -16 21 23 -23 29 26 -26 28 -27 -22 -10
right_child=8 2 3 4 -6 6 -8 -9 20 14 -12 12 -14 -15 18 16 -18 -19 -20 -21 24 22 -24 -25 25 27 -28 -29 -30 -31
leaf_value=-4.5105601699280271 -0.23901630503003671 -59.15193982646565 -10.33691394844924 13.733379844205411 -25.5774045554362 3.0501742132294942 -7.8103716097203311 -2.0785100958006377 408.67808321910547 -17.805374102862263 -300.65598332171612 393.25197805136543 -17.010683808382453 -118.76538693540095 -103.93907914913072 -2.6220038940925026 13.668575791361471 3.3360677328033423 -15.710340737562632 2.6284781487100299 -50.05551202756029 -9.9163580246134941 1994.0983210759775 1045.0350694377007 -19.472345763655117 -15.943040414387179 78.147285306548739 174.93585524657084 0.22645215701721283 -756.37934510914056
leaf_weight=3055 2723 1550 414 30 24 22 20 214 20 999 85 87 118 488 89 29 21 48 472 129 135 23 21 24 278 1409 32 30 7472 41
leaf_count=3055 2723 1550 414 30 24 22 20 214 20 999 85 87 118 488 89 29 21 48 472 129 135 23 21 24 278 1409 32 30 7472 41
internal_value=-0.00036295 -0.00101276 -0.00214248 -0.000762432 0.00366667 -0.0011194 0.00271428 -0.0013758 -0.000128546 -0.00032224 -8.65474e-05 -3.16166e-05 0.00197561 -0.000159764 -0.000783996 -0.000402006 0.003 -0.000564471 -0.00139131 -0.000247707 -2.05595e-05 0.00165116 0.0045 0.00017647 -4.36091e-05 -0.000518929 6.32275e-05 -0.00024809 4.45635e-05 -0.00152459
internal_weight=20102 5329 2274 724 54 670 42 628 14773 5288 3501 3416 205 3211 1787 1097 50 1047 690 218 9485 129 44 85 9356 1717 7639 1439 7607 61
internal_count=20102 5329 2274 724 54 670 42 628 14773 5288 3501 3416 205 3211 1787 1097 50 1047 690 218 9485 129 44 85 9356 1717 7639 1439 7607 61
is_linear=0
shrinkage=0.03


Tree=271
num_leaves=31
num_cat=0
split_feature=7 26 24 28 28 19 22 3 12 3 22 24 9 16 2 18 18 12 19 15 19 23 12 23 18 26 18 20 21 10
split_gain=2.47456 6.81901 2.57169 2.00288 2.04067 1.47718 0.787923 0.60356 0.866348 0.68388 0.602068 0.55052 1.37447 0.685049 0.513051 0.502371 0.726755 0.992248 0.654183 0.537063 0.608724 0.731421 0.848713 0.69163 0.73688 0.596161 0.530155 0.512184 0.482956 0.443108
threshold=26623.857666527692 5.5000000000000009 20631.000833333339 8.5000000000000018 9.5000000000000018 0.25356697498660336 22132.920000000002 19918.005000000005 14882.160000000002 24026.635000000006 23807.280000000006 18808.803333333337 43123.415000000008 -6951.0217743000103 23421.960000000003 0.57809227150556175 0.58468836272515379 7068.9050000000016 0.29907527733851719 1.0157327083177605 0.31157688394514277 472.66081520711384 9634.215000000002 1002.75789112258 0.56331506389922281 3.5000000000000004 0.46709455420100682 0.211399673870584 9018.1700000000019 1.0000000180025095e-35
decision_type=2 2 2 2 2 2 2 2 2 2 2 2 2 2 2 2 2 2 2 2 2 2 2 2 2 2 2 2 2 2
left_child=1 7 -3 10 5 -5 -6 8 29 28 -4 12 -11 -13 -12 19 17 18 -17 20 21 22 -2 -22 -25 26 -21 -23 -9 -1
right_child=15 2 3 4 6 -7 -8 9 -10 11 14 13 -14 -15 -16 16 -18 -19 -20 25 23 27 -24 24 -26 -27 -28 -29 -30 -31
leaf_value=9.5360211463474975 0.95943478522279757 -73.334276809141784 -20.033988687558136 2.404542255712407 1.1759035889367018 22.549589657655279 -10.030864693758913 79.999467806502238 1212.6225097528948 -2.1995424082385742 5.0509688681816884 136.56448967140852 200.2560623416085 -229.6955144111495 -7.9201001156694977 1.6159099365917982 0.22440445231042006 0.26070998466456247 58.979830856967823 224.66703958547501 -14.732543628005583 -8.5057371208259216 58.087785331836727 22.478020333952035 -8.2226713375618044 -19.294726359777616 -876.20705441434825 1.0425867225831111 -214.59935773255847 -11.347318447122358
leaf_weight=1631 146 1448 451 67 43 41 295 32 30 559 32 166 23 314 394 22 6711 86 21 160 104 1068 45 285 60 569 34 558 357 4350
leaf_count=1631 146 1448 451 67 43 41 295 32 30 559 32 166 23 314 394 22 6711 86 21 160 104 1068 45 285 60 569 34 558 357 4350
internal_value=-0.00036295 -0.000689828 -0.00196066 -0.00100454 0.000632286 0.00422222 -0.000514794 -0.000217905 -8.53443e-05 -0.000767058 -0.00183694 -0.000372882 0.000247422 -0.001125 -0.00102817 -2.40153e-05 0.00011842 0.00234884 0.00606977 -0.000345659 -0.000113858 -0.000358284 0.00139791 0.000875278 0.00152174 -0.00103408 0.000402061 -0.000564576 -0.00184319 -0.000110852
internal_weight=20102 10233 2771 1323 446 108 338 7462 6011 1451 877 1062 582 480 426 9869 6840 129 43 3029 2266 1817 191 449 345 763 194 1626 389 5981
internal_count=20102 10233 2771 1323 446 108 338 7462 6011 1451 877 1062 582 480 426 9869 6840 129 43 3029 2266 1817 191 449 345 763 194 1626 389 5981
is_linear=0
shrinkage=0.03


Tree=272
num_leaves=31
num_cat=0
split_feature=27 26 7 28 21 28 15 22 14 21 16 24 3 4 24 1 14 25 19 1 17 11 28 10 17 24 12 20 20 23
split_gain=3.14715 5.51918 2.18577 1.47859 1.64934 0.755076 0.720073 0.568226 0.410897 0.401086 0.559763 0.870173 0.493701 0.482371 0.363736 0.590996 0.802063 0.833058 0.874523 0.579531 0.710078 0.698516 0.598586 0.475675 0.756986 0.457628 0.679163 0.617595 0.604815 0.557648
threshold=2969.0406250000001 5.5000000000000009 21445.847144552365 8.5000000000000018 22284.74666666667 11.500000000000002 0.9949356956274521 23807.280000000006 5519.1750000000011 19002.353333333336 -5733.2520641817173 10864.407500000003 25494.780000000002 72793.255000000019 28098.005833333336 18301.055866564999 12238.030000000002 28133.880000000005 0.28038192647645849 13590.322441594284 0.55019914285508931 3995.1900000000001 5.5000000000000009 29029.192500000001 1.2080280668131915 30209.632500000003 7509.4300000000012 0.34389872042301883 0.31771355807744311 528.85949481033038
decision_type=2 2 2 2 2 2 2 2 2 2 2 2 2 2 2 2 2 2 2 2 2 2 2 2 2 2 2 2 2 2
left_child=1 8 -3 6 -5 -6 7 -4 9 10 11 -1 -12 -11 15 19 17 18 -17 23 21 -21 -22 -2 -25 26 29 28 -27 -16
right_child=14 2 3 4 5 -7 -8 -9 -10 13 12 -13 -14 -15 25 16 -18 -19 -20 20 22 -23 -24 24 -26 27 -28 -29 -30 -31
leaf_value=408.34564793355668 -3.1628892124933281 -55.325658988370058 -14.8215956995139 11.731658170572981 3.7809188216643337 -22.988713251196899 -14.230003995760546 1.2018030126155663 -44.469594911159348 -143.66797112366945 -0.27788583706629716 29.049772716628105 -111.07040244505839 603.84569029464433 7.629962945617379 -7.2410204785073198 -23.182850250079451 296.1615641073592 6.9900656584723508 297.13978548182553 -143.97516503278615 494.2281761336435 24.654470557511829 -8.5929880063732007 -194.77810928444134 -0.19572106213905785 748.48308994736487 -288.47450191727796 2502.8173681718181 0.22763588315621655
leaf_weight=20 1962 1514 137 22 121 41 286 115 211 168 2394 177 103 20 70 890 517 21 174 186 148 33 358 635 364 8853 39 148 23 352
leaf_count=20 1962 1514 137 22 121 41 286 115 211 168 2394 177 103 20 70 890 517 21 174 186 148 33 358 635 364 8853 39 148 23 352
internal_value=-0.000353995 -0.000978984 -0.00211449 -0.000756233 0.00156522 0.000518518 -0.00155019 -0.000380953 -0.0001581 -6.45392e-05 2.89525e-05 0.00156853 -9.25117e-05 -0.00140426 -0.000128546 -0.000327913 -0.000808989 -0.000345623 -0.000462407 -0.000118829 0.000641379 0.00206849 2.37147e-05 -0.000304965 -0.000837839 -1.73966e-05 0.000904555 -6.44954e-05 -3.24478e-05 0.000554502
internal_weight=20102 5329 2236 722 184 162 538 252 3093 2882 2694 197 2497 188 14773 5288 1602 1085 1064 3686 725 219 506 2961 999 9485 461 9024 8876 422
internal_count=20102 5329 2236 722 184 162 538 252 3093 2882 2694 197 2497 188 14773 5288 1602 1085 1064 3686 725 219 506 2961 999 9485 461 9024 8876 422
is_linear=0
shrinkage=0.03


Tree=273
num_leaves=31
num_cat=0
split_feature=27 26 7 22 31 20 31 14 28 20 17 15 24 27 20 20 17 1 3 24 24 1 4 3 8 24 9 9 1 18
split_gain=2.85169 6.94292 1.04586 0.554417 1.4765 0.544841 0.853353 0.800612 0.74979 1.00952 0.720321 0.530981 0.678646 0.48241 0.473562 0.780887 0.470716 0.637806 0.483083 0.463759 0.814881 0.537268 0.430698 0.481874 0.808195 0.634918 0.430404 1.00218 0.74603 0.38196
threshold=2621.6650000000004 4.5000000000000009 23301.306889553685 20825.77 32.500000000000007 0.17595889382642343 20.500000000000004 2040.5600000000002 11.500000000000002 0.08686339161286212 0.65047837707359968 0.7427361058580515 4064.4105000000004 3563.5306250000003 0.11745643083246164 0.10520961275683034 2.164969991542629 78844.303536558073 46183.485000000008 8063.8333333333348 6889.9308333333338 24489.787890937499 64163.985000000008 1.0000000180025095e-35 2072.9925000000007 11288.038333333336 58515.135000000009 57779.99500000001 45042.111074529923 0.44338132589903551
decision_type=2 2 2 2 2 2 2 2 2 2 2 2 2 2 2 2 2 2 2 2 2 2 2 2 2 2 2 2 2 2
left_child=1 -1 3 29 -5 6 22 11 9 -8 -11 -7 -13 19 15 -10 18 -18 -15 20 -9 -21 23 25 -25 -2 27 -24 -28 -3
right_child=5 2 -4 4 -6 7 8 13 14 10 -12 12 -14 16 -16 -17 17 -19 -20 21 -22 -23 26 24 -26 -27 28 -29 -30 -31
leaf_value=-3.9177963451704532 467.88561441657691 95.941976635343792 14.85782568073968 -14.486801342935955 8.6814655773533751 -103.16330779696855 4.6417535622123047 -7.1425804168952718 -19.666332504093628 3.1153212827256316 -0.19007174067480528 -43.831348235656897 218.54496937100856 0.21609411691824254 -5.9975168271052413 5.0654968290921785 -467.48258640760724 791.11880419037584 -3.0292492538758027 -15.515518296655673 775.90110491663359 -0.572403949087115 2.8674572115677117 -212.47388047836122 -2.4728207531294459 -58.147712922767312 538.34669082512119 60.074115011708464 -18.87190985898793 -70.794242600654073
leaf_weight=2742 118 22 21 250 24 20 25 56 38 1489 926 25 29 2052 275 51 127 20 1578 498 24 398 608 142 6352 111 83 29 568 1401
leaf_count=2742 118 22 21 250 24 20 25 56 38 1489 926 25 29 2052 275 51 127 20 1578 498 24 398 608 142 6352 111 83 29 568 1401
internal_value=-0.000346533 -0.0010157 -0.00251106 -0.0025934 -0.00135766 -0.000155735 -3.74487e-05 -0.000420759 0.000412981 0.000602458 0.000540372 0.00267567 0.00422222 -0.000468968 -0.000857144 0.00104494 -0.00031533 -0.00197959 -0.000247935 -0.00106353 0.001125 -0.00125893 -0.000195107 -0.000291388 -0.000339083 0.00106113 0.000307453 0.000861852 -0.000235024 -0.00283134
internal_weight=20102 4460 1718 1697 274 15642 10815 4827 2804 2440 2415 74 54 4753 364 89 3777 147 3630 976 80 896 8011 6723 6494 229 1288 637 651 1423
internal_count=20102 4460 1718 1697 274 15642 10815 4827 2804 2440 2415 74 54 4753 364 89 3777 147 3630 976 80 896 8011 6723 6494 229 1288 637 651 1423
is_linear=0
shrinkage=0.03


Tree=274
num_leaves=31
num_cat=0
split_feature=27 2 22 28 28 23 15 22 10 10 16 18 26 13 27 14 14 3 14 25 10 1 26 22 21 3 15 14 17 17
split_gain=2.85119 5.62162 2.16578 1.37388 1.63578 1.54117 0.662261 0.665752 0.390655 0.64151 0.66342 0.552001 0.58246 0.687419 1.20109 0.51334 0.802593 1.07667 0.534783 0.565693 0.461991 0.404513 0.458009 0.376703 0.538263 0.672654 0.363842 0.343767 0.753386 0.715678
threshold=2969.0406250000001 10039.540000000001 20825.77 8.5000000000000018 11.500000000000002 346.39144427202115 0.9949356956274521 23807.280000000006 53565.990000000005 50348.850000000013 -696.63769765636323 0.53819049598252489 1.5000000000000002 4826.1100000000015 3867.5538888888891 17756.940000000006 14785.245000000003 29789.380000000001 19859.325000000004 6432.4900000000007 570497.60750000004 1.0000000180025095e-35 1.5000000000000002 41738.270000000011 21536.278333333339 47143.695000000007 2.4167985750538885 111.05500000000002 0.78437911297247498 1.0509881745377025
decision_type=2 2 2 2 2 2 2 2 2 2 2 2 2 2 2 2 2 2 2 2 2 2 2 2 2 2 2 2 2 2
left_child=1 23 -3 6 5 -5 7 -4 9 21 -11 15 -13 -14 -15 16 20 -18 -17 -20 -10 22 -2 24 25 26 -1 29 -29 -23
right_child=8 2 3 4 -6 -7 -8 -9 11 10 -12 12 13 14 -16 18 17 -19 19 -21 -22 27 -24 -25 -26 -27 -28 28 -30 -31
leaf_value=-3.9331799515010131 -398.90000371057613 -65.306498932538759 -14.275963126281386 11.229359434836747 -28.360379763980678 3.065248243067475 -14.563242553148623 1.1453015910238573 -9.9127728668141248 38.629064962620774 -8.3597416539212546 815.12928547518652 -10.083508425842993 5.4564903295148621 0.41138370487129566 -18.404033522809069 617.64670528439422 1.0268288499153402 658.71433974458898 -7.0963271639860626 1471.8018033848655 -59.795387940984398 220.5549870325014 430.78560511385922 -108.89734822544729 114.48165753220331 -71.661214945232658 -0.30636779427683569 -70.766354114284582 36.647332970457136
leaf_weight=2863 22 1411 155 24 69 165 335 115 1418 39 438 28 139 39 5353 211 99 232 20 1096 41 298 20 22 110 22 38 2960 1747 573
leaf_count=2863 22 1411 155 24 69 165 335 115 1418 39 438 28 139 39 5353 211 99 232 20 1096 41 298 20 22 110 22 38 2960 1747 573
internal_value=-0.000339071 -0.000933947 -0.00206333 -0.000879491 0.000953488 0.00239682 -0.00166116 -0.000555556 -0.000124485 -0.000308513 -0.00136478 4.84023e-06 0.000184025 0.000162176 0.000215875 -0.000314726 1.67591e-05 0.00135045 -0.00076187 -0.000500001 -0.000285813 -0.000218862 0.00271428 -9.32904e-05 -0.000121662 -4.41335e-05 -8.37649e-05 -0.000240947 -0.000342257 0.000306543
internal_weight=20102 5329 2274 863 258 189 605 270 14773 6097 477 8676 5559 5531 5392 3117 1790 331 1327 1116 1459 5620 42 3055 3033 2923 2901 5578 4707 871
internal_count=20102 5329 2274 863 258 189 605 270 14773 6097 477 8676 5559 5531 5392 3117 1790 331 1327 1116 1459 5620 42 3055 3033 2923 2901 5578 4707 871
is_linear=0
shrinkage=0.03


Tree=275
num_leaves=31
num_cat=0
split_feature=7 26 24 28 28 16 28 18 4 5 22 1 1 12 18 3 12 3 24 4 1 15 1 1 4 19 4 21 21 20
split_gain=2.28386 6.3598 2.53013 2.00102 1.96491 1.42256 0.859369 0.749937 0.604204 0.560552 0.504517 0.46418 0.943612 1.7145 0.667885 0.452446 0.7577 0.731072 0.681994 0.486021 0.446228 0.775758 0.496235 0.902559 1.75072 0.53563 0.442938 0.423168 0.40615 0.296153
threshold=26623.857666527692 5.5000000000000009 20631.000833333339 8.5000000000000018 9.5000000000000018 356.58800617504772 11.500000000000002 0.53819049598252489 40819.015000000007 10408.988886718753 23807.280000000006 32908.456916970121 33362.533832819012 6689.7200000000003 0.1098281696819499 19918.005000000005 14882.160000000002 23803.210000000003 18808.803333333337 25946.045000000002 18301.055866564999 2.6244982862947115 22380.576545718581 26593.0342361564 20539.170000000006 0.48001983596140524 2210.7750000000005 25948.905000000002 33913.76166666668 0.19280428688367304
decision_type=2 2 2 2 2 2 2 2 2 2 2 2 2 2 2 2 2 2 2 2 2 2 2 2 2 2 2 2 2 2
left_child=1 8 -3 10 5 -5 -6 9 15 -2 -4 14 13 -13 -11 16 19 26 -19 -1 21 -9 -22 24 -24 -25 -17 -12 -14 -16
right_child=7 2 3 4 6 -7 -8 20 -10 11 27 12 28 -15 29 17 -18 18 -20 -21 22 -23 23 25 -26 -27 -28 -29 -30 -31
leaf_value=-6.0121381054528964 363.61211529866421 -66.827749499917559 -18.103705689933385 17.921115826308196 0.55168189825048708 -12.483689580264867 -26.912728385397518 283.22248506144865 -153.81799404518597 1854.7691676799843 -1.0771017449627251 498.74371074254668 17.93709186918791 -16.133318062836157 -19.75622890741306 39.99423787943153 1477.1039512913349 12.028446050118298 -136.01278029909045 37.469648398528051 -123.14923083214987 -153.53312232410121 1032.4184911586367 0.25409131837902343 -3.6218901599671538 -29.764814255263747 -204.63664511684271 -12.365641513863761 -4.0363602401291017 -5.6641833353229973
leaf_weight=5413 20 1448 451 88 220 20 118 20 289 22 303 20 165 22 325 59 26 586 409 385 46 24 26 7318 49 142 295 123 1469 201
leaf_count=5413 20 1448 451 88 220 20 118 20 289 22 303 20 165 22 325 59 26 586 409 385 46 24 26 7318 49 142 295 123 1469 201
internal_value=-0.000343549 -0.000657579 -0.00188488 -0.000936509 0.000699551 0.00422222 -0.000426036 -1.79357e-05 -0.000201823 -0.000500001 -0.00176853 -0.000544965 -0.000297137 0.00414286 -0.00130292 -0.000147638 -3.29677e-05 -0.000642699 -0.000226131 -5.58821e-05 0.000123934 0.00313636 0.00010645 0.000125414 0.0034 9.24926e-05 -0.00181356 -0.00102817 -0.000411261 -0.00151711
internal_weight=20102 10233 2771 1323 446 108 338 9869 7462 2244 877 2224 1676 42 548 7173 5824 1349 995 5798 7625 44 7581 7535 75 7460 354 426 1634 526
internal_count=20102 10233 2771 1323 446 108 338 9869 7462 2244 877 2224 1676 42 548 7173 5824 1349 995 5798 7625 44 7581 7535 75 7460 354 426 1634 526
is_linear=0
shrinkage=0.03


Tree=276
num_leaves=31
num_cat=0
split_feature=27 26 22 28 28 5 16 31 20 31 27 16 13 20 16 11 16 16 11 10 27 18 21 4 3 3 14 7 10 10
split_gain=2.57105 5.92214 2.02926 1.13766 1.449 0.713049 0.644969 0.545599 1.13684 1.07798 0.931343 1.15885 0.827834 0.793568 0.753632 0.465313 0.454052 0.398129 0.438121 0.398011 0.59223 1.41748 1.84497 0.604403 0.417363 1.17291 0.394646 0.565736 0.500636 0.895669
threshold=2969.0406250000001 5.5000000000000009 20825.77 8.5000000000000018 11.500000000000002 26718.156339269288 158.79254012186269 20.500000000000004 0.23954638947520812 22.500000000000004 3666.9477777777784 332.48588486088562 11756.340000000002 0.08686339161286212 752.73280871506734 7717.1400000000003 -248.22357280822322 1241.9892504054944 4946.4250000000011 69926.635000000009 5269.6175000000012 0.52750863311938934 42227.578333333346 35370.32 778.79500000000007 1473.5800000000002 111.05500000000002 1433.3689505636719 18260.205000000005 14604.227500000003
decision_type=2 2 2 2 2 2 2 2 2 2 2 2 2 2 2 2 2 2 2 2 2 2 2 2 2 2 2 2 2 2
left_child=1 15 -3 5 6 16 -5 19 9 10 11 -9 -12 -11 -15 17 -4 18 -1 26 21 23 -23 -21 -22 -26 28 -28 29 -2
right_child=7 2 3 4 -6 -7 -8 8 -10 13 12 -13 -14 14 -16 -17 -18 -19 -20 20 24 22 -24 -25 25 -27 27 -29 -30 -31
leaf_value=0.12627935436452237 9.1648362247052155 -61.92108801461287 -2.0800830970981439 8.7387329673161656 -26.702186519499378 1.1129465555790694 0.99418228197005398 17.648815566353672 -15.949797631884691 4.5040692496229537 -2.3796897486294348 -0.51065590416582063 11.902907403783454 0.44433442965795444 -5.2379721306535956 132.84261786292822 -13.275965023533498 -132.40506595964075 -144.07613657534193 16.409892336109937 -355.64233678637368 27.857862596823839 -5.9943708980685253 -9.2910745550180849 425.022215221821 -0.55229618465348307 244.86046729237879 -5.1408297493531157 -26.952857448054619 137.93339214662254
leaf_weight=2917 508 1374 154 80 69 23 109 29 150 25 151 25 248 2510 772 20 427 77 79 159 127 43 29 106 21 3675 26 5668 449 52
leaf_count=2917 508 1374 154 80 69 23 109 29 150 25 151 25 248 2510 772 20 427 77 79 159 127 43 29 106 21 3675 26 5668 449 52
internal_value=-0.000346533 -0.000911429 -0.00208766 -0.000946636 0.00072093 -0.00165894 0.00207936 -0.000142761 0.000161125 0.000263297 0.00163576 0.00533333 0.00113534 7.52941e-05 3.47342e-05 -6.11064e-05 -0.00186403 -9.07915e-05 -3.60488e-05 -0.000252141 -2.16353e-05 0.00118398 0.00491667 0.000169811 -0.000127911 -6.98059e-05 -0.000395197 -0.000492098 0.000151635 0.000749999
internal_weight=20102 5329 2236 862 258 604 189 14773 3910 3760 453 54 399 3307 3282 3093 581 3073 2996 10863 4160 337 72 265 3823 3696 6703 5694 1009 560
internal_count=20102 5329 2236 862 258 604 189 14773 3910 3760 453 54 399 3307 3282 3093 581 3073 2996 10863 4160 337 72 265 3823 3696 6703 5694 1009 560
is_linear=0
shrinkage=0.03


Tree=277
num_leaves=31
num_cat=0
split_feature=27 2 3 28 28 9 22 31 20 28 10 23 20 28 15 15 23 18 15 10 9 16 2 10 1 26 24 14 5 10
split_gain=2.55439 5.92507 1.91323 1.19802 1.68646 1.61412 0.778186 0.633123 0.978819 0.918893 0.775356 1.37777 0.712783 0.6298 0.580513 0.536646 0.445451 0.38906 0.341423 0.333557 0.446096 0.76491 0.781853 0.460321 0.427331 0.485541 0.406153 0.336799 0.478243 0.383544
threshold=2969.0406250000001 10039.540000000001 20139.075000000004 8.5000000000000018 9.5000000000000018 13795.090000000002 23807.280000000006 20.500000000000004 0.23954638947520812 11.500000000000002 40403.542500000003 1583.6802633071281 0.08686339161286212 11.500000000000002 0.9949356956274521 1.0187577771329679 1064.9031878085923 0.48678003196945091 0.59857046731849251 69926.635000000009 31154.770000000004 1505.3988701685473 52015.665000000008 639156.78500000003 1.0000000180025095e-35 1.5000000000000002 24285.794583333336 111.05500000000002 3314.6675000000005 68697.10000000002
decision_type=2 2 2 2 2 2 2 2 2 2 2 2 2 2 2 2 2 2 2 2 2 2 2 2 2 2 2 2 2 2
left_child=1 18 -3 6 5 -5 17 19 9 10 11 -9 -12 -6 -8 16 -11 -4 -1 24 21 22 -21 26 25 -2 -22 28 -26 -29
right_child=7 2 3 4 13 -7 14 8 -10 15 12 -13 -14 -15 -16 -17 -18 -19 -20 20 23 -23 -24 -25 27 -27 -28 29 -30 -31
leaf_value=-100.23666172082143 -403.4110453481328 -73.996463442642835 1.9185575984797758 21.594548828101672 0.70455544581648311 0.90505724449585878 1.2056580885549957 10.96811300295473 -15.471303702928143 -20.275726218218104 7.9679505333959133 -16.278806674237263 0.53355389554853172 -27.606073825924323 -8.8239501805076017 -48.14560800840092 0.38103061971274604 -17.516733057849763 -1.8320465811334981 3.6090748052117587 -443.94429372401146 -47.326411362050116 13.506611608489399 1372.021328169852 -144.339418958035 208.77564302928485 -1.7285261252844066 -4.7106343441823944 5.5398681050849232 -18.006818980591344
leaf_weight=35 23 1260 32 35 135 50 115 100 150 100 20 38 3119 82 108 115 268 457 3020 1065 70 211 147 21 60 20 2646 5604 919 77
leaf_count=35 23 1260 32 35 135 50 115 100 150 100 20 38 3119 82 108 115 268 457 3020 1065 70 211 147 21 60 20 2646 5604 919 77
internal_value=-0.000353995 -0.000917058 -0.00207652 -0.00110651 0.00047682 0.00405882 -0.00177809 -0.000150884 0.00017647 0.000271276 0.000451327 0.00265217 0.000354571 -0.000926268 -0.000309418 -0.000950311 -0.000391305 -0.00244785 -5.40105e-05 -0.000268711 -5.7693e-05 0.000373155 0.000663366 -0.000281696 -0.000399673 0.00258139 -0.000315906 -0.00041892 9.49942e-05 -0.000507482
internal_weight=20102 5329 2274 1014 302 85 712 14773 3910 3760 3277 138 3139 217 223 483 368 489 3055 10863 4160 1423 1212 2737 6703 43 2716 6660 979 5681
internal_count=20102 5329 2274 1014 302 85 712 14773 3910 3760 3277 138 3139 217 223 483 368 489 3055 10863 4160 1423 1212 2737 6703 43 2716 6660 979 5681
is_linear=0
shrinkage=0.03


Tree=278
num_leaves=31
num_cat=0
split_feature=27 26 25 28 28 19 5 31 20 28 31 27 27 15 11 23 4 16 11 15 24 6 0 0 11 16 20 20 28 2
split_gain=2.37726 5.76635 2.04966 1.22251 1.28847 1.47753 0.699691 0.528707 0.947472 0.859856 0.621488 0.704723 0.579132 0.536646 0.465313 0.445451 0.402623 0.398129 0.438121 0.359859 0.305627 0.620811 0.528924 0.734453 0.743013 0.497552 0.489031 0.690233 0.478139 0.457733
threshold=2969.0406250000001 5.5000000000000009 20516.315000000006 8.5000000000000018 11.500000000000002 0.20987574041665533 26718.156339269288 20.500000000000004 0.23954638947520812 11.500000000000002 22.500000000000004 3529.4039583333338 3089.1655555555558 1.0187577771329679 7717.1400000000003 1064.9031878085923 23050.335000000003 1241.9892504054944 4946.4250000000011 0.59857046731849251 34822.943333333336 18215.796208418393 35305.411087128225 35089.574830896679 28829.465 11603.534397415488 0.34389872042301883 0.30518315788794953 5.5000000000000009 44753.905000000006
decision_type=2 2 2 2 2 2 2 2 2 2 2 2 2 2 2 2 2 2 2 2 2 2 2 2 2 2 2 2 2 2
left_child=1 14 -3 6 5 -5 16 20 9 10 11 -9 -12 15 17 -11 -4 18 19 -1 21 25 23 24 -22 -2 27 -24 -25 -27
right_child=7 2 3 4 -6 -7 -8 8 -10 13 12 -13 -14 -15 -16 -17 -18 -19 -20 -21 22 -23 26 28 -26 29 -28 -29 -30 -31
leaf_value=-97.229561869196772 -7.2421448591194792 -61.821048500979686 -16.145255277646736 -0.7798261116146048 -20.109749920448674 7.9709237111490898 1.0433884162550704 16.883047845985566 -15.007164591840281 -19.667454431671494 2.9232375067414069 3.5755532657760902 0.27428391912854377 -46.701239768148845 128.91230072447445 0.36959970112138707 -6.7211986139573892 -128.37795258341754 -139.69889108064763 0.7921881414897074 -1.4316351151910105 -7.6392226535867733 -0.47480939226506302 0.98757644394662203 762.27599791067735 483.15554610610047 -528.99414554345333 2472.2083213219048 619.4702618758364 -126.27994842190117
leaf_weight=35 3424 1346 300 63 58 118 23 45 150 100 58 408 2766 115 20 268 328 77 79 2882 196 2681 4330 20 25 29 91 22 22 23
leaf_count=35 3424 1346 300 63 58 118 23 45 150 100 58 408 2766 115 20 268 328 77 79 2882 196 2681 4330 20 25 29 91 22 22 23
internal_value=-0.00035698 -0.00090017 -0.00206082 -0.000943821 0.000891213 0.00213812 -0.00161751 -0.000161038 0.000138107 0.000231382 0.000405553 0.00143709 0.000240084 -0.000950311 -6.11064e-05 -0.000391305 -0.00180573 -9.07915e-05 -3.60488e-05 2.36537e-05 -0.000268711 -0.000407829 -8.66985e-05 0.00122053 0.000529411 -0.000143269 -0.000164079 -0.000118567 0.00485714 0.00276923
internal_weight=20102 5329 2236 890 239 181 651 14773 3910 3760 3277 453 2824 483 3093 368 628 3073 2996 2917 10863 6157 4706 263 221 3476 4443 4352 42 52
internal_count=20102 5329 2236 890 239 181 651 14773 3910 3760 3277 453 2824 483 3093 368 628 3073 2996 2917 10863 6157 4706 263 221 3476 4443 4352 42 52
is_linear=0
shrinkage=0.03


Tree=279
num_leaves=31
num_cat=0
split_feature=27 2 22 28 28 19 5 26 9 17 28 7 18 25 10 16 31 15 15 19 19 13 27 13 13 28 6 15 9 2
split_gain=2.20649 5.73255 2.02339 0.900706 1.35985 1.18788 0.673236 0.541625 0.927281 1.13684 1.27604 1.2349 0.548942 0.492536 0.397519 0.353676 0.347538 0.414079 0.34599 0.33896 0.349135 0.351489 0.309795 0.292336 0.722667 0.630175 0.524809 0.517026 0.442802 0.901668
threshold=2969.0406250000001 10039.540000000001 20825.77 8.5000000000000018 11.500000000000002 0.20987574041665533 26718.156339269288 8.5000000000000018 16912.420000000002 0.57544771209363887 9.5000000000000018 26623.857666527692 0.83472066941802903 27402.237500000003 39291.05750000001 -248.22357280822322 8.5000000000000018 0.98964977445243463 0.59857046731849251 1.1109240130729192 0.99994949128581001 4017.3300000000004 2530.8066666666668 1.0000000180025095e-35 1618.8350000000003 7.5000000000000009 2319.8345000000004 1.0149328098543922 115664.69500000002 99640.37000000001
decision_type=2 2 2 2 2 2 2 2 2 2 2 2 2 2 2 2 2 2 2 2 2 2 2 2 2 2 2 2 2 2
left_child=1 18 22 6 5 -5 15 23 9 10 -9 -11 13 -10 -15 -4 -14 -18 -1 20 21 -20 -3 25 -25 28 -26 -28 29 -2
right_child=7 2 3 4 -6 -7 -8 8 12 11 -12 -13 16 14 -16 -17 17 -19 19 -21 -22 -23 -24 24 26 -27 27 -29 -30 -31
leaf_value=-94.312675013120909 16.709458470476921 -62.968858101341823 -1.3549701628032773 -0.6206389755403332 -24.469646211523219 7.3548930775398702 1.0120867637673974 -5.6873648046577436 -16.167173484878759 0.41780918990633598 16.336811723647926 14.234015445450673 -12.671512924850058 7.9551847065633119 0.20601671314295864 -12.19393505468296 10.233150527321797 -2.8409630861721595 1.2933373255358585 -80.095376656456239 121.28868820669095 -50.597789672825492 -18.810766995011839 -175.79753011781912 328.65613411751275 -16.701001089070953 -0.640397946366834 -12.387968250755721 -147.06456989773235 777.32120933818749
leaf_weight=35 1393 1289 155 61 69 128 23 40 45 21 24 23 66 80 4304 427 32 336 2754 82 22 162 122 192 20 1224 3950 2863 138 22
leaf_count=35 1393 1289 155 61 69 128 23 40 45 21 24 23 66 80 4304 427 32 336 2754 82 22 162 122 192 20 1224 3950 2863 138 22
internal_value=-0.000359965 -0.000883281 -0.00202375 -0.000879491 0.00060465 0.00192063 -0.0015124 -0.000171191 8.38858e-05 0.00283333 0.000281249 0.00654545 2.28247e-05 0.0001226 0.000154653 -0.00171134 -0.000995392 -0.00063587 -3.43706e-05 -7.15256e-10 5.30966e-05 2.46906e-05 -0.0027236 -0.000300552 -0.000403559 -3.99719e-05 -0.000352554 -0.000366799 0.000361236 0.000519434
internal_weight=20102 5329 2274 863 258 189 605 14773 4971 108 64 44 4863 4429 4384 582 434 368 3055 3020 2938 2916 1411 9802 7025 2777 6833 6813 1553 1415
internal_count=20102 5329 2274 863 258 189 605 14773 4971 108 64 44 4863 4429 4384 582 434 368 3055 3020 2938 2916 1411 9802 7025 2777 6833 6813 1553 1415
is_linear=0
shrinkage=0.03


Tree=280
num_leaves=31
num_cat=0
split_feature=7 26 24 28 28 17 21 18 24 6 3 17 17 22 17 24 23 18 26 31 25 4 18 0 22 18 8 25 7 17
split_gain=1.85562 6.01624 2.41449 1.59542 1.91869 0.938357 0.874528 0.623371 0.618276 0.822971 0.590654 0.841005 0.581538 0.548056 0.521849 0.798818 0.64637 0.531905 0.524661 2.37989 1.18878 0.521431 0.482866 0.443341 0.591966 0.435383 0.373634 0.690394 0.512253 0.369639
threshold=26623.857666527692 5.5000000000000009 20185.201666666671 8.5000000000000018 9.5000000000000018 0.62753905165206147 21080.201666666671 0.53819049598252489 18808.803333333337 23083.564975303761 45376.260000000009 1.4524094705957289 0.067106059352946071 23807.280000000006 0.69894967357551063 22586.081250000003 4871.0173936671044 0.82907381415902737 1.5000000000000002 5.5000000000000009 31464.502500000002 25404.990000000005 0.50575181879699815 18258.876883806348 8554.782500000003 0.68149743756242087 7932.3850000000011 9433.1975000000002 19062.258540074832 0.58579843413570332
decision_type=2 2 2 2 2 2 2 2 2 2 2 2 2 2 2 2 2 2 2 2 2 2 2 2 2 2 2 2 2 2
left_child=1 8 -3 13 5 -5 -6 22 9 10 12 -12 -1 -4 15 -9 17 -17 19 -16 -21 -15 23 -2 -25 -18 -10 28 -28 -24
right_child=7 2 3 4 6 -7 -8 14 26 -11 11 -13 -14 21 18 16 25 -19 -20 20 -22 -23 29 24 -26 -27 27 -29 -30 -31
leaf_value=12.885157487427055 332.00925278642427 -69.26431097676334 -16.150128832622549 16.52459873467286 7.3618864333804614 0.014599375932001469 -5.5357144385691086 386.35147297059768 -186.21266018862087 439.82138828424183 -232.28456273478585 181.80800236654824 -13.011594269965391 0.060134335837342227 -381.0388765110315 1.2200135737753195 -23.434783386673221 -2.8012115260653476 -3.0880360647825991 1209.9146880680512 426.36172256067982 -8.7722521761610626 -1.1918520483419379 -330.62297664779771 -1.4846496660618782 -0.22586471017681728 -251.07833867806474 -84.151188567638684 323.84154533543347 -22.50892283837695
leaf_weight=1504 34 1357 508 70 22 44 343 35 133 20 27 28 4710 236 76 5037 201 513 1431 30 32 191 398 107 1430 270 22 995 23 275
leaf_count=1504 34 1357 508 70 22 44 343 35 133 20 27 28 4710 236 76 5037 201 513 1431 30 32 191 398 107 1430 270 22 995 23 275
internal_value=-0.000353995 -0.000637057 -0.00183075 -0.000963226 0.000444676 0.0038421 -0.000616439 -6.04932e-05 -0.000193783 -7.58474e-05 -9.52312e-05 0.003 -0.000122627 -0.00168449 6.88517e-05 0.000195178 0.000168908 0.000259459 -0.000418739 0.00134783 0.00570968 -0.000892272 -0.000500001 -0.000211968 -0.000286923 -0.00089809 -0.000826088 -0.000634616 0.003 -0.00117236
internal_weight=20102 10233 2771 1414 479 114 365 9869 7462 6289 6269 55 6214 935 7625 6056 6021 5550 1569 138 62 427 2244 1571 1537 471 1173 1040 45 673
internal_count=20102 10233 2771 1414 479 114 365 9869 7462 6289 6269 55 6214 935 7625 6056 6021 5550 1569 138 62 427 2244 1571 1537 471 1173 1040 45 673
is_linear=0
shrinkage=0.03


Tree=281
num_leaves=31
num_cat=0
split_feature=27 2 3 28 28 19 28 5 31 20 31 17 3 27 20 21 3 4 15 19 19 15 16 4 9 20 28 16 13 28
split_gain=2.33118 5.28708 2.26394 1.23026 1.83485 2.7365 0.716573 0.695343 0.541549 0.953701 0.732686 0.6458 1.15243 0.542114 0.532899 1.18579 0.480048 0.431233 0.336886 0.324948 0.356751 0.28222 0.276852 0.482534 1.23011 0.621915 0.527786 0.410749 0.537003 0.569186
threshold=2969.0406250000001 10039.540000000001 20139.075000000004 8.5000000000000018 9.5000000000000018 0.25021685596986942 11.500000000000002 26718.156339269288 20.500000000000004 0.23954638947520812 22.500000000000004 0.54214340608846523 55051.435000000005 3529.4039583333338 0.16868014062344416 25948.905000000002 38310.975000000013 23270.060000000001 0.59857046731849251 1.1109240130729192 0.99994949128581001 0.62689801559788128 4353.1639986323808 14780.915000000001 5592.0650000000014 1.0000000180025095e-35 9.5000000000000018 3061.713833409151 19430.565000000006 10.500000000000002
decision_type=2 2 2 2 2 2 2 2 2 2 2 2 2 2 2 2 2 2 2 2 2 2 2 2 2 2 2 2 2 2
left_child=1 18 -3 7 5 -5 -6 17 22 10 11 12 -10 -13 15 -12 -16 -4 -1 20 21 -20 27 26 -25 -26 -24 -2 29 -29
right_child=8 2 3 4 6 -7 -8 -9 9 -11 14 13 -14 -15 16 -17 -18 -19 19 -21 -22 -23 23 24 25 -27 -28 28 -30 -31
leaf_value=-90.239270073034163 -1.4178372679663414 -66.304222721499428 -16.107875502408298 0.2743770347673456 0.38971571193844889 21.136284588760461 -25.274438294030258 1.0416330927607786 3.21541026011489 -14.066633394926439 5.4469224161388565 16.326394775592004 70.820410681126987 2.6129066628222017 0.31420473429486001 0.48058603978125192 -5.4868081161497528 -5.2550943402367345 84.540933610376555 -78.079070081385396 117.26347283586733 -3.5496117042205975 -48.966238503267959 611.54682552728968 95.776229708138445 -116.97445668415556 -204.30646610785865 17.60357034660467 -19.39133757424494 388.75984643163235
leaf_weight=35 8838 1260 383 54 135 31 82 23 58 150 24 37 21 337 404 2095 784 306 75 82 22 2841 815 25 247 280 275 250 78 55
leaf_count=35 8838 1260 383 54 135 31 82 23 58 150 24 37 21 337 404 2095 784 306 75 82 22 2841 815 25 247 280 275 250 78 55
internal_value=-0.000351011 -0.00088891 -0.00198417 -0.000928995 0.000675496 0.00441176 -0.000788019 -0.00160955 -0.000156976 0.000145779 0.000239361 0.00137086 0.00383544 0.000850267 8.43658e-05 0.000369513 -0.000424243 -0.00178084 -7.36505e-05 -3.97358e-05 1.22525e-05 -1.64616e-05 -0.000265949 -0.000624848 9.78254e-05 -0.000210627 -0.000990826 -0.00020204 0.00075979 0.00132787
internal_weight=20102 5329 2274 1014 302 85 217 712 14773 3910 3760 453 79 374 3307 2119 1188 689 3055 3020 2938 2916 10863 1642 552 527 1090 9221 383 305
internal_count=20102 5329 2274 1014 302 85 217 712 14773 3910 3760 453 79 374 3307 2119 1188 689 3055 3020 2938 2916 10863 1642 552 527 1090 9221 383 305
is_linear=0
shrinkage=0.03


Tree=282
num_leaves=31
num_cat=0
split_feature=27 26 0 8 31 24 0 22 7 4 16 31 1 27 4 9 12 12 31 4 4 4 31 18 29 7 22 21 22 18
split_gain=2.44073 6.53823 1.01318 0.542755 1.44877 0.470929 0.669868 1.2004 0.723381 0.498302 0.474761 1.62424 1.2408 1.02418 0.861465 0.650979 0.539878 0.42514 0.525839 1.0131 0.589325 0.5638 0.488812 0.743111 0.90021 0.529136 0.480222 0.459014 0.618634 0.3862
threshold=2621.6650000000004 4.5000000000000009 23341.440360413315 19018.41 32.500000000000007 36867.81500000001 28659.786259757526 12727.255000000001 35904.802397141095 43108.080000000009 -133.30290412304745 26.500000000000004 30845.501632855779 7873.7366666666676 38070.235000000008 24860.180000000004 4286.3700000000008 647.2650000000001 8.5000000000000018 9934.5800000000017 15934.350000000002 257.08500000000004 8.5000000000000018 0.50783223433565905 3.5000000000000004 13646.039735005137 3748.2350000000001 12444.720000000003 8142.4450000000006 0.44338132589903551
decision_type=2 2 2 2 2 2 2 2 2 2 2 2 2 2 2 2 2 2 2 2 2 2 2 2 2 2 2 2 2 2
left_child=1 17 3 29 -5 9 7 -7 -8 10 11 15 -13 16 -15 -2 -12 22 21 -20 -21 -19 27 24 -24 -25 -23 28 -1 -3
right_child=5 2 -4 4 -6 6 8 -9 -10 -11 13 12 -14 14 -16 -17 -18 18 19 20 -22 26 23 25 -26 -27 -28 -29 -30 -31
leaf_value=-46.011505577868789 -4.0453633082425373 93.303982561958207 17.525489722089791 -15.617569279132223 8.705381591859739 -100.01729652671533 -618.93766666789895 650.05245523611745 0.099611419051255992 -264.84057534089976 -3.1200701641984994 0.029912159961531962 13.835756748622085 2.9414413305015059 728.51194007077197 55.662423997633361 -5.6543454615872593 -118.38108853853244 -204.30787610694256 190.16299513562126 -1.7715263476412142 75.279753564015991 571.95435389729244 -106.0762416067645 41.466191977365717 19.222318206494304 3.733447128003331 -107.66491764624108 40.322866156750784 -78.454048815132481
leaf_weight=1038 2063 22 21 493 32 21 155 24 7037 316 1898 109 107 1821 29 376 1686 35 177 35 79 385 26 132 108 23 488 149 67 1150
leaf_count=1038 2063 22 21 493 32 21 155 24 7037 316 1898 109 107 1821 29 376 1686 35 177 35 79 385 26 132 108 23 488 149 67 1150
internal_value=-0.000336087 -0.000955158 -0.00240629 -0.00248733 -0.00168572 -0.000159571 1.78244e-05 0.00366667 -5.00628e-06 -0.000312315 -0.000266659 6.21462e-05 0.00255555 -0.00042731 0.000145945 -0.000158672 -0.000723215 -4.59526e-05 0.000377814 -0.000731959 0.00147368 0.000733479 -0.000375244 0.000737024 0.00237313 -0.00067742 0.000883161 -0.00063158 -0.000420815 -0.00284642
internal_weight=20102 4460 1718 1697 525 15642 7237 45 7192 8405 8089 2655 216 5434 1850 2439 3584 2742 1199 291 114 908 1543 289 134 155 873 1254 1105 1172
internal_count=20102 4460 1718 1697 525 15642 7237 45 7192 8405 8089 2655 216 5434 1850 2439 3584 2742 1199 291 114 908 1543 289 134 155 873 1254 1105 1172
is_linear=0
shrinkage=0.03


Tree=283
num_leaves=31
num_cat=0
split_feature=27 26 0 28 8 28 28 27 22 17 28 0 13 10 22 27 2 18 23 13 20 10 22 22 19 23 18 12 11 23
split_gain=2.31849 6.25123 0.997037 0.677734 2.19501 1.20144 0.463318 0.563064 0.681184 0.530357 0.973278 0.811385 1.14169 0.6038 0.577753 1.0119 0.701437 0.482585 0.556685 0.921986 0.533992 0.430785 0.399438 1.17123 0.508178 0.36382 0.347614 0.330661 0.477645 0.826152
threshold=2621.6650000000004 4.5000000000000009 23341.440360413315 8.5000000000000018 19018.41 11.500000000000002 11.500000000000002 4075.106180555556 5380.2700000000013 0.69894967357551063 8.5000000000000018 14338.808790724337 4664.6550000000007 6370.1175000000012 2859.1225000000004 3252.4712500000001 37758.655000000006 0.61032984517189071 1308.2707344604698 18402.480000000003 0.11971945382248426 639156.78500000003 18994.515000000003 18581.645 0.14702293454499119 64492.004182345881 0.44913564337858308 647.2650000000001 2710.6550000000002 1869.1065629930595
decision_type=2 2 2 2 2 2 2 2 2 2 2 2 2 2 2 2 2 2 2 2 2 2 2 2 2 2 2 2 2 2
left_child=1 27 3 26 -5 -6 9 8 -8 10 14 13 -13 -12 15 -2 -16 25 19 -19 -20 22 23 -11 -24 -9 -3 28 -1 -30
right_child=6 2 -4 4 5 -7 7 17 -10 21 11 12 -14 -15 16 -17 -18 18 20 -21 -22 -23 24 -25 -26 -27 -28 -29 29 -31
leaf_value=-34.881287797896135 576.06188137755191 52.49879208424656 16.999725030427054 -55.550580265890524 8.4469729719449465 -24.294016310423796 46.343559417480755 -20.030152392591386 -24.45747731006421 -8.0354334889725028 -120.22876780879467 240.36491151008346 2.0176701771384029 -4.7796354236502685 -5.3300838367427197 21.358724551409772 0.11314515644275606 10.845689317319378 3.4581055335471249 -35.127512712677451 -8.6585935207600784 1323.9137056702202 -1.9496608096776149 464.89744135049955 -10.684188777542371 1842.751822463408 -38.664054106175513 8.2915718307647346 171.24547492555985 -30.506952038818454
leaf_weight=1405 28 24 21 374 96 34 36 414 254 2208 92 113 2225 193 3065 210 3654 94 229 26 277 22 1335 26 1120 21 1169 1199 42 96
leaf_count=1405 28 24 21 374 96 34 36 414 254 2208 92 113 2225 193 3065 210 3654 94 229 26 277 22 1335 26 1120 21 1169 1199 42 96
internal_value=-0.00033161 -0.000934978 -0.0023539 -0.0024343 -0.00151191 0.00184615 -0.000159571 -0.0006906 -0.00186207 -0.00010937 1.87884e-05 0.000511246 0.000695465 -0.001 -0.000166883 0.00128571 -0.000218337 -0.000370406 0.000162939 0.002 -0.000272728 -0.000369986 -0.000389636 -9.9374e-05 -0.000653769 -0.00113793 -0.00282397 -4.59526e-05 -0.000336358 0.00134783
internal_weight=20102 4460 1718 1697 504 130 15642 1351 290 14291 9580 2623 2338 285 6957 238 6719 1061 626 120 506 4711 4689 2234 2455 435 1193 2742 1543 138
internal_count=20102 4460 1718 1697 504 130 15642 1351 290 14291 9580 2623 2338 285 6957 238 6719 1061 626 120 506 4711 4689 2234 2455 435 1193 2742 1543 138
is_linear=0
shrinkage=0.03


Tree=284
num_leaves=31
num_cat=0
split_feature=27 26 0 8 29 26 18 17 12 12 23 1 23 16 17 13 13 8 0 2 8 18 3 3 2 27 25 18 22 12
split_gain=2.40539 6.1921 0.997037 0.628867 0.781152 0.518998 0.629565 0.661909 1.01026 0.758893 0.567963 0.52492 0.769758 0.452217 0.437819 0.618471 0.624321 0.498153 0.455739 1.07143 0.76386 0.403893 1.03593 0.880255 0.403831 1.85653 0.604858 0.381195 0.361276 0.350304
threshold=2621.6650000000004 4.5000000000000009 23341.440360413315 19018.41 2.5000000000000004 8.5000000000000018 0.83472066941802903 0.66369133439768135 4214.4650000000011 4135.0850000000009 4298.7476414936073 28773.716443069025 1564.241835609396 -124.38048922362758 0.58857286354710137 1.0000000180025095e-35 1728.2150000000004 11184.700000000003 4167.9371113767911 4555.6750000000011 5768.1950000000015 5612.4730187829291 33535.895000000011 15120.760000000002 37758.655000000006 4833.050902777778 6146.4050000000007 0.44338132589903551 24481.215 647.2650000000001
decision_type=2 2 2 2 2 2 2 2 2 2 2 2 2 2 2 2 2 2 2 2 2 2 2 2 2 2 2 2 2 2
left_child=1 29 3 27 -5 14 7 8 9 -7 -10 28 -13 -6 21 18 -17 -18 19 -16 -20 24 23 -23 26 -26 -2 -3 -9 -1
right_child=5 2 -4 4 13 6 -8 11 10 -11 -12 12 -14 -15 15 16 17 -19 20 -21 -22 22 -24 -25 25 -27 -28 -29 -30 -31
leaf_value=-29.004676830514768 24.421625128454345 89.254049062564022 16.489733279514279 -22.339191856778477 -15.320575310152234 4.0287831276950552 -2.8513566135783672 0.19295113109551049 1.6614339180048512 13.906644216183892 -6.8832659900540749 0.81135752371926473 -6.9242175678457762 0.75914408840834191 -8.9180638162121095 -211.83640236044207 -2.323236778064 -10.957506788716325 -155.97884222713137 112.17955044821595 2.5569800561707323 48.882779794590249 356.55063348066039 -509.8138404264476 27.047922688698236 0.083700432097638985 -5.6443262996190455 -74.5032990097001 -7.4951164479076882 8.0428246758418407
leaf_weight=1543 571 22 21 295 60 253 447 48 2245 23 225 1070 778 170 63 195 810 2064 377 27 1855 304 39 100 46 1852 2068 1150 182 1199
leaf_count=1543 571 22 21 295 60 253 447 48 2245 23 225 1070 778 170 63 195 810 2064 377 27 1855 304 39 100 46 1852 2068 1150 182 1199
internal_value=-0.000327132 -0.000941705 -0.0023539 -0.0024343 -0.00157143 -0.000151899 9.04944e-05 0.000190298 0.000495993 0.00221739 0.000303643 -0.000213668 -4.54553e-05 -0.00026087 -0.000275095 -0.000462438 -0.000741936 -0.000630481 -9.3024e-05 0.002 -0.00017742 -7.22899e-05 0.000792324 0.000341583 -0.000156712 0.000177028 -0.000396742 -0.00282082 -0.00156522 -5.68935e-05
internal_weight=20102 4460 1718 1697 525 15642 5271 4824 2746 276 2470 2078 1848 230 10371 5391 3069 2874 2322 90 2232 4980 443 404 4537 1898 2639 1172 230 2742
internal_count=20102 4460 1718 1697 525 15642 5271 4824 2746 276 2470 2078 1848 230 10371 5391 3069 2874 2322 90 2232 4980 443 404 4537 1898 2639 1172 230 2742
is_linear=0
shrinkage=0.03


Tree=285
num_leaves=31
num_cat=0
split_feature=27 26 31 16 23 2 10 16 4 31 2 13 13 23 20 22 29 23 18 17 10 10 9 18 22 17 15 22 23 23
split_gain=2.41843 6.34967 0.459127 0.787579 0.975578 0.725039 0.847645 0.682748 0.781586 0.641148 1.64995 0.590028 0.543626 0.529567 0.502368 0.387732 0.53339 0.691979 0.409325 0.388683 0.356361 0.672912 0.741822 0.814106 0.689251 0.646138 0.622262 0.582587 0.427009 0.678456
threshold=2444.4131250000005 4.5000000000000009 20.500000000000004 -133.30290412304745 1274.4454706413389 70287.015000000014 75640.017500000016 -479.41639146876327 32888.935000000005 22.500000000000004 23662.755000000001 17724.445000000003 5592.4900000000007 988.07811851956114 0.14036537350480144 19328.925000000003 2.5000000000000004 346.39144427202115 0.44338132589903551 0.62165950049336816 69926.635000000009 29431.050000000003 14479.755000000001 0.49160194135454488 19523.225000000002 3.3001293055482477 3.1508698363319403 18581.645 27257.559249891481 25527.799058185574
decision_type=2 2 2 2 2 2 2 2 2 2 2 2 2 2 2 2 2 2 2 2 2 2 2 2 2 2 2 2 2 2
left_child=1 -1 20 4 5 6 -4 8 -6 10 -5 -9 -11 -12 -14 18 -17 -18 -3 -19 21 24 23 -23 27 -24 -26 -2 29 -22
right_child=2 15 3 9 7 -7 -8 11 -10 12 13 -13 14 -15 -16 16 17 19 -20 -21 28 22 25 -25 26 -27 -28 -29 -30 -31
leaf_value=-2.9866536652230562 1.4524425918541166 101.51844036509773 4.6512090835171298 15.200220929704194 6.9013953562316148 25.495201874100893 -11.727021124793184 -6.7706705644050755 0.56930988196158183 -5.9008548969898165 -2.4995739550460812 12.797798558811394 0.87047609765087219 3.7862267901982243 -2.7533286337587932 -27.640630244666387 7.0858093490967242 -0.42053043182651628 -76.771969147905509 -16.916783625835095 0.29835305011519403 -16.185671218988599 -2.0728559436458731 -16.728984040461796 -54.474860336408248 242.0624820288098 1138.3765313855613 124.72357562992289 -64.26972873476295 457.87916492603347
leaf_weight=2584 2653 21 309 27 38 24 80 209 607 203 87 69 770 305 1576 168 25 62 1066 60 3454 696 2867 450 810 43 27 72 702 38
leaf_count=2584 2653 21 309 27 38 24 80 209 607 203 87 69 770 305 1576 168 25 62 1066 60 3454 696 2867 450 810 43 27 72 702 38
internal_value=-0.000306239 -0.000967888 -0.000142592 0.000122676 0.000727544 0.00193947 0.00162725 0.000185265 0.00072093 -0.000149596 0.000937947 -0.00105755 -0.000328365 0.000443877 -0.000199489 -0.00259344 -0.00166667 -0.000346939 -0.00286201 -0.00127869 -0.000239249 -0.000361513 -0.00062574 -0.00127225 -6.06408e-05 -0.000371135 -0.000813621 0.000170641 -1.71681e-05 0.000118556
internal_weight=20102 3986 16116 4304 1336 413 389 923 645 2968 419 278 2549 392 2346 1402 315 147 1087 122 11812 7618 4056 1146 3562 2910 837 2725 4194 3492
internal_count=20102 3986 16116 4304 1336 413 389 923 645 2968 419 278 2549 392 2346 1402 315 147 1087 122 11812 7618 4056 1146 3562 2910 837 2725 4194 3492
is_linear=0
shrinkage=0.03


Tree=286
num_leaves=31
num_cat=0
split_feature=27 26 26 18 19 19 23 17 3 28 28 19 28 26 10 27 18 22 18 31 19 15 19 16 13 20 18 8 28 8
split_gain=2.36372 6.25005 0.4843 0.684448 0.778826 1.4237 1.41934 0.841448 0.445741 0.932601 1.22574 0.39986 0.42842 0.884893 1.33342 0.613333 0.534677 0.799129 0.512268 0.363978 0.513631 0.580645 0.351134 0.350332 0.293837 0.659382 0.705354 0.640086 0.559559 0.80565
threshold=2444.4131250000005 5.5000000000000009 8.5000000000000018 0.83472066941802903 0.13494702812266179 0.13940715227315417 712.1885127435213 0.70337589199111805 19520.505000000005 8.5000000000000018 10.500000000000002 0.99873209118467476 1.5000000000000002 1.5000000000000002 6370.1175000000012 1316.5600000000002 0.49420449183144588 1528.9900000000002 0.44338132589903551 8.5000000000000018 0.20365527735752828 0.99399553101226801 0.085113652759287992 278.22539849226274 1.0000000180025095e-35 0.23954638947520812 57344.397984489864 2072.9925000000007 7.5000000000000009 17104.482500000002
decision_type=2 2 2 2 2 2 2 2 2 2 2 2 2 2 2 2 2 2 2 2 2 2 2 2 2 2 2 2 2 2
left_child=1 11 24 4 22 6 -6 -7 -3 -10 -11 12 13 14 -1 -15 18 -18 -14 -5 21 -21 -4 -22 28 26 27 -26 -2 -30
right_child=2 8 3 19 5 7 -8 -9 9 10 -12 -13 16 15 -16 -17 17 -19 -20 20 23 -23 -24 -25 25 -27 -28 -29 29 -31
leaf_value=665.36992369912969 15.219295379866734 -72.468382356109032 129.21575106410637 -11.272780720622453 10.181910606469591 0.83066218692826399 0.84124756975865833 -4.2943016495149058 -26.607017610819131 13.1448060300783 -12.231997039068684 -155.54302786190223 2.8977564281576278 -262.48729145378377 -9.1807215562993161 86.163552949638444 -174.02812442625006 -14.265342535066623 66.901074716767653 10.703842393368882 -9.2060917397783033 -4.2395085676597644 -6.4335256068022577 -1.3146201742706196 -147.74820660500532 -10.981973132697547 603.04505590431961 -1.6598654030466204 -41.515956535222678 83.402208404233804
leaf_weight=35 1652 1021 22 71 25 3970 53 595 216 37 56 109 1062 46 39 75 209 1001 80 31 133 31 313 190 97 1012 28 6577 913 403
leaf_count=35 1652 1021 22 71 25 3970 53 595 216 37 56 109 1062 46 39 75 209 1001 80 31 133 31 313 190 97 1012 28 6577 913 403
internal_value=-0.000306239 -0.000960362 -0.000144453 8.61237e-05 0.000188027 0.000288821 0.00430769 0.000220153 -0.0026391 -0.00164078 0.000870967 -0.00011973 -4.35814e-05 0.00130769 0.00389189 -0.000272728 -0.000155613 -0.000595042 0.000309982 -0.00102632 -0.000662338 0.00183871 -0.00120896 -0.00114242 -0.000261749 -0.000359347 -0.000251567 -0.000271502 -8.08697e-06 -0.000469606
internal_weight=20102 3986 16116 5434 4978 4643 78 4565 1330 309 93 2656 2547 195 74 121 2352 1210 1142 456 385 62 335 323 10682 7714 6702 6674 2968 1316
internal_count=20102 3986 16116 5434 4978 4643 78 4565 1330 309 93 2656 2547 195 74 121 2352 1210 1142 456 385 62 335 323 10682 7714 6702 6674 2968 1316
is_linear=0
shrinkage=0.03


Tree=287
num_leaves=31
num_cat=0
split_feature=27 26 26 20 20 2 3 28 28 31 15 16 31 15 6 1 28 2 16 15 1 2 15 13 26 22 13 13 11 10
split_gain=2.50649 6.34967 0.530952 0.62813 0.473848 0.790369 0.444446 0.490541 0.558928 0.440237 0.629114 0.574283 0.403333 0.381475 0.358784 0.936232 0.648579 0.570751 0.455653 0.480404 0.544267 0.457733 0.429559 0.513331 0.478744 0.423418 0.330537 0.409371 1.06671 0.706677
threshold=2444.4131250000005 4.5000000000000009 8.5000000000000018 0.20063641095631565 0.1955732133969178 36647.915000000008 20139.075000000004 8.5000000000000018 10.500000000000002 8.5000000000000018 0.99321386787880905 1288.6269889107555 15.500000000000002 1.2491391115602453 18215.796208418393 24489.787890937499 4.5000000000000009 108107.06000000001 11603.534397415488 2.4167985750538885 3086.519759203125 44753.905000000006 1.0149328098543922 15368.250000000002 2.5000000000000004 3748.2350000000001 4017.3300000000004 2586.3000000000006 646.25500000000022 1.0000000180025095e-35
decision_type=2 2 2 2 2 2 2 2 2 2 2 2 2 2 2 2 2 2 2 2 2 2 2 2 2 2 2 2 2 2
left_child=1 26 14 4 9 -6 13 -8 -9 11 -11 -4 -7 -3 18 16 -16 -18 19 20 -2 -20 23 -17 -24 -21 27 -1 29 -29
right_child=2 6 3 -5 5 12 7 8 -10 10 -12 -13 -14 -15 15 22 17 -19 21 25 -22 -23 24 -25 -26 -27 -28 28 -30 -31
leaf_value=-5.5804074703444364 60.853172902496979 -62.944312371852739 -1.8774809887858293 -7.6940890950221377 -5.357139665104234 10.377425348712096 -21.480824639356452 17.677055918452233 -7.8831874859272277 3.4884217711263088 0.046648373609102005 10.370957404660425 0.90453690233076145 73.839123694922108 -26.825403203793417 -0.75488153533115665 -10.377039193590889 993.00253343289262 470.0415732398281 -232.11623832252957 -3.6679995542492101 -120.16594345599067 113.82293436106926 3.879084059964224 -10.822850770722104 -16.692908400557656 -131.28812358681344 117.29101462920383 198.6664544713345 -16.656985014418229
leaf_weight=2309 245 1162 1063 177 33 30 157 24 37 922 3157 32 20 22 478 2856 1146 41 29 144 3253 23 163 993 1129 182 113 36 37 89
leaf_count=2309 245 1162 1063 177 33 30 157 24 37 922 3157 32 20 22 478 2856 1146 41 29 144 3253 23 163 993 1129 182 113 36 37 89
internal_value=-0.0002943 -0.000967888 -0.0001277 0.000113728 0.000172912 0.00242169 -0.00259344 -0.00134862 0.000934426 0.000136837 0.000280215 -0.000397261 0.0048 -0.00282264 -0.000250516 -0.000381723 -0.001 -0.000624264 -2.01246e-05 -5.80551e-05 4.45962e-05 0.00276923 -0.000181483 -2.2604e-05 -0.000654799 -0.00115951 -8.5914e-05 -1.33556e-05 0.00144444 0.000119999
internal_weight=20102 3986 16116 5434 5257 83 1402 218 61 5174 4079 1095 50 1184 10682 6806 1665 1187 3876 3824 3498 52 5141 3849 1292 326 2584 2471 162 125
internal_count=20102 3986 16116 5434 5257 83 1402 218 61 5174 4079 1095 50 1184 10682 6806 1665 1187 3876 3824 3498 52 5141 3849 1292 326 2584 2471 162 125
is_linear=0
shrinkage=0.03


Tree=288
num_leaves=31
num_cat=0
split_feature=27 26 2 31 15 31 9 23 16 14 31 13 12 18 23 18 10 18 12 12 26 25 25 11 23 25 14 10 10 4
split_gain=2.33055 6.02872 0.543091 0.53259 0.683159 0.74021 2.54733 0.95483 0.606536 0.837467 0.738596 0.470251 0.642297 0.566788 0.420838 0.405629 0.401111 0.380149 0.343708 0.874014 0.779098 0.648348 0.602738 1.04318 0.615544 0.562456 1.28874 0.540394 0.530702 0.522119
threshold=2444.4131250000005 4.5000000000000009 20759.525000000005 20.500000000000004 1.0210639751283812 22.500000000000004 13795.090000000002 738.60951006535345 1063.5951820704615 25060.810000000001 33.500000000000007 5386.3350000000009 7680.4900000000007 0.76428332810315125 544.66978998000889 0.59456396234255693 29730.907500000005 0.44338132589903551 9634.215000000002 12401.740000000002 2.5000000000000004 16143.647500000001 17824.422500000004 14512.785000000002 5662.5571853440651 34975.570000000007 17018.965 157805.09500000003 61400.81500000001 8990.8600000000024
decision_type=2 2 2 2 2 2 2 2 2 2 2 2 2 2 2 2 2 2 2 2 2 2 2 2 2 2 2 2 2 2
left_child=1 -1 17 18 5 6 -5 -8 -6 10 -10 13 -13 -7 16 -11 -4 -3 22 25 21 -21 -2 24 -24 28 -27 -22 -20 -25
right_child=3 2 14 4 8 11 7 -9 9 15 -12 12 -14 -15 -16 -17 -18 -19 19 20 27 -23 23 29 -26 26 -28 -29 -30 -31
leaf_value=-3.4861180450231313 -2.2455110454700673 96.170782707155269 -8.4341794205753455 19.384364285957872 -11.44586560726685 -6.0016526538974295 -3.9668706988170044 10.036206061916088 7.4064562090994395 -37.645848217541975 -3.2088377347363197 1.0720016011295286 -0.29651277413758781 0.75342799082174017 -13.233257638581657 -1.8327037294788813 4.9081203779532654 -56.137158303341884 2.4291660173351302 -612.77832377274763 -17.307430518224617 2089.4363826819394 -15.651091225251976 -135.15985638334303 -63.646861070813024 1014.1067919880718 3.8483452121173167 0.040328150790507507 -59.925397007449682 -0.49591909867193124
leaf_weight=2584 4445 21 20 20 246 261 70 283 73 119 52 1482 1449 23 84 226 25 1252 38 20 581 96 625 198 702 21 770 502 76 3738
leaf_count=2584 4445 21 20 20 246 261 70 283 73 119 52 1482 1449 23 84 226 25 1252 38 20 581 96 625 198 702 21 770 502 76 3738
internal_value=-0.000295792 -0.000945309 -0.00252924 -0.000135146 0.000150557 0.000319397 0.00158445 0.000994334 -0.000695531 -6.38305e-05 0.00204 0.000172628 0.000285567 -0.000992958 -0.000674419 -0.000826088 0.00166667 -0.0027172 -0.000239249 0.000108364 -0.000422853 0.00191379 -0.000314587 -0.000531827 -0.00125923 0.000812154 0.00109608 -0.000673131 -0.0011579 -0.000286586
internal_weight=20102 3986 1402 16116 4304 3588 373 353 716 470 125 3215 2931 284 129 345 45 1273 11812 2104 1199 116 9708 5263 1327 905 791 1083 114 3936
internal_count=20102 3986 1402 16116 4304 3588 373 353 716 470 125 3215 2931 284 129 345 45 1273 11812 2104 1199 116 9708 5263 1327 905 791 1083 114 3936
is_linear=0
shrinkage=0.03


Tree=289
num_leaves=31
num_cat=0
split_feature=27 26 3 28 28 31 28 28 12 12 16 18 12 17 1 11 20 13 13 11 13 18 10 10 31 25 12 12 7 26
split_gain=2.35202 6.1943 0.51478 0.646994 0.959543 0.493468 0.803459 0.648543 1.07985 1.71764 0.642638 0.795733 0.652643 0.591812 0.493336 0.492906 0.570545 0.383717 0.43071 1.13428 1.67828 1.00194 0.373308 0.582072 0.542634 0.346979 0.317243 0.727169 0.844813 0.866408
threshold=2444.4131250000005 5.5000000000000009 19520.505000000005 8.5000000000000018 10.500000000000002 20.500000000000004 11.500000000000002 8.5000000000000018 4253.9300000000012 3846.1850000000004 -133.30290412304745 0.70535489492460857 8003.1750000000011 0.49297028148839295 26892.957950828131 17143.275000000005 0.11745643083246164 4017.3300000000004 2586.3000000000006 646.25500000000022 2999.7950000000005 2833.1126343760939 10702.415000000003 5386.2875000000013 5.5000000000000009 21673.555000000004 9735.4250000000011 12401.740000000002 37226.357114824321 3.5000000000000004
decision_type=2 2 2 2 2 2 2 2 2 2 2 2 2 2 2 2 2 2 2 2 2 2 2 2 2 2 2 2 2 2
left_child=1 17 -3 25 -5 26 7 10 9 -9 12 -12 -7 -10 -8 -16 -17 18 22 21 -21 -20 23 -1 -24 -4 -2 28 -28 -30
right_child=5 2 3 4 -6 6 14 8 13 -11 11 -13 -14 -15 15 16 -18 -19 19 20 -22 -23 24 -25 -26 -27 27 -29 29 -31
leaf_value=-2.2607527028769852 -2.9234636008994408 -66.72188676516987 -28.111990211820174 14.840605922648667 -11.231543774161382 1.6106404207571681 -29.136578192917675 0.45847284635613056 9.0451897831030355 15.254305609973002 -6.735087263595319 0.85318433043822428 -2.8273726502352892 0.74133108368678935 2.0826665853430142 2.0931453172971972 -10.946591370948237 -124.18519558665255 -23.420500571635142 320.07630601121531 -34.472402190970257 119.95258992533508 -25.634819259077307 -128.42899934018772 48.345073191896056 -0.19671000377788855 -55.615533544847828 -6.9702613414125487 823.06457323983591 4.3165281540562983
leaf_weight=833 9745 1021 178 37 56 531 87 157 135 64 853 348 399 1267 36 81 346 135 97 20 21 31 546 388 585 38 101 1199 25 742
leaf_count=833 9745 1021 178 37 56 531 87 157 135 64 853 348 399 1267 36 81 346 135 97 20 21 31 546 388 585 38 101 1199 25 742
internal_value=-0.000292807 -0.000945309 -0.00261654 -0.00154369 0.000548386 -0.000131423 0.000143587 0.000300479 0.00075231 0.00270136 -4.36422e-05 -0.000502082 0.000548386 0.000445078 -0.000927273 -0.000537798 -0.000822015 -0.000108434 -2.49908e-05 0.00143787 0.00578049 4.68743e-05 -0.000130103 -0.000493858 0.000262599 -0.00244445 -0.00023163 0.00010595 0.00076728 0.00110691
internal_weight=20102 3986 1330 309 93 16116 4304 3754 1623 221 2131 1201 930 1402 550 463 427 2656 2521 169 41 128 2352 1221 1131 216 11812 2067 868 767
internal_count=20102 3986 1330 309 93 16116 4304 3754 1623 221 2131 1201 930 1402 550 463 427 2656 2521 169 41 128 2352 1221 1131 216 11812 2067 868 767
is_linear=0
shrinkage=0.03


Tree=290
num_leaves=31
num_cat=0
split_feature=27 26 22 15 26 18 17 12 28 27 19 12 18 19 31 19 15 6 6 28 9 20 26 7 22 21 6 9 4 15
split_gain=2.47233 5.81055 0.62356 0.557861 0.490803 0.718837 0.64943 1.03809 0.914285 0.726903 0.710687 0.48526 0.376247 0.371578 0.363978 0.513631 0.580645 0.363275 0.832926 0.717822 0.598019 0.581056 0.809213 0.538742 0.427414 0.45903 0.401747 0.358058 0.327652 0.287533
threshold=2444.4131250000005 4.5000000000000009 20825.77 1.0057877094333947 8.5000000000000018 0.83472066941802903 0.65315279860421616 4324.4850000000015 11.500000000000002 4792.7893750000012 0.25138237409101483 2876.8350000000005 0.44338132589903551 0.99873209118467476 8.5000000000000018 0.20365527735752828 0.99399553101226801 18215.796208418393 24465.271266415475 6.5000000000000009 44476.435000000005 0.23954638947520812 1.5000000000000002 25498.535991664943 26606.815000000002 22980.458333333339 26256.957536547448 25444.505000000005 1.0000000180025095e-35 0.59857046731849251
decision_type=2 2 2 2 2 2 2 2 2 2 2 2 2 2 2 2 2 2 2 2 2 2 2 2 2 2 2 2 2 2
left_child=1 13 12 -4 17 6 7 8 -6 -9 11 -8 -3 28 -7 16 -16 23 19 27 -21 26 -23 24 25 -2 -20 -19 -1 -30
right_child=4 2 3 -5 5 14 10 9 -10 -11 -12 -13 -14 -15 15 -17 -18 18 21 20 -22 22 -24 -25 -26 -27 -28 -29 29 -31
leaf_value=-110.78113603208915 -1.1447367137197257 94.054705213487381 -8.4173666155405975 8.6591731987653144 8.1627156713456426 -10.775691388353136 -9.9186405398807764 -1.3138829557261336 -23.456765063267138 4.2143127264594753 -13.402423449105189 0.062378047054898259 -51.307113684759678 -137.49382663405873 10.197595412564791 -3.1048932805138412 -4.1942018896496753 -22.940025916611184 3.9897009007596171 -7.7805308577520726 177.5744003164053 3075.990050726698 -11.727721546305549 359.41687012305414 516.49392345397973 -216.47434742700025 -0.66963879132218029 -43.416066522280389 -107.60688187294839 1.2648556063657963
leaf_weight=67 3747 21 86 29 265 71 67 513 55 1652 75 2351 1266 105 31 323 31 543 318 727 68 38 739 30 33 66 4253 120 28 2384
leaf_count=67 3747 21 86 29 265 71 67 513 55 1652 75 2351 1266 105 31 323 31 543 318 727 68 38 739 30 33 66 4253 120 28 2384
internal_value=-0.000283853 -0.000952836 -0.00250785 -0.000391305 -0.000118392 0.000113728 0.000218159 0.000561367 0.00215625 0.000325634 -0.000123948 -3.47402e-05 -0.00269697 -0.000109134 -0.00102632 -0.000662338 0.00183871 -0.000236473 -0.000368499 -0.00100412 -0.000396227 -0.000195214 -0.000953669 -4.64468e-06 -3.58822e-05 -6.53036e-05 -6.62882e-05 -0.00173303 -3.50955e-05 2.23873e-05
internal_weight=20102 3986 1402 115 16116 5434 4978 2485 320 2165 2493 2418 1287 2584 456 385 62 10682 6806 1458 795 5348 777 3876 3846 3813 4571 663 2479 2412
internal_count=20102 3986 1402 115 16116 5434 4978 2485 320 2165 2493 2418 1287 2584 456 385 62 10682 6806 1458 795 5348 777 3876 3846 3813 4571 663 2479 2412
is_linear=0
shrinkage=0.03


Tree=291
num_leaves=31
num_cat=0
split_feature=27 26 2 31 8 11 23 12 20 13 14 15 18 24 13 2 16 13 13 11 18 10 10 31 20 18 20 6 24 31
split_gain=2.35155 5.92359 0.673785 0.514905 0.499194 0.715289 1.31312 1.08173 1.03442 1.09387 0.512367 0.380797 0.380149 0.379429 0.369735 1.21237 0.630948 0.330537 0.409371 1.06671 0.978474 0.339497 0.549719 0.523035 0.327727 0.67726 0.347574 0.322547 1.09853 0.870471
threshold=2444.4131250000005 4.5000000000000009 20759.525000000005 15.500000000000002 72690.43250000001 50204.42500000001 2689.0505963732298 15665.005000000003 0.12166384107942758 21818.375000000004 32220.340000000004 0.99399553101226801 0.44338132589903551 93083.315833333341 12153.170000000002 12588.185000000001 1.0000000180025095e-35 4017.3300000000004 2586.3000000000006 646.25500000000022 2833.1126343760939 10702.415000000003 5386.2875000000013 5.5000000000000009 0.22174197368306922 28761.044346070277 0.21240460755602272 81256.302785063541 80339.259166666685 12.500000000000002
decision_type=2 2 2 2 2 2 2 2 2 2 2 2 2 2 2 2 2 2 2 2 2 2 2 2 2 2 2 2 2 2
left_child=1 17 12 11 10 6 8 -8 -6 -10 13 -4 -3 14 16 -16 -2 18 21 20 -20 22 -1 -23 25 26 -12 28 -7 -30
right_child=4 2 3 -5 5 27 7 -9 9 -11 24 -13 -14 -15 15 -17 -18 -19 19 -21 -22 23 -24 -25 -26 -27 -28 -29 29 -31
leaf_value=-1.6385518625406716 -0.0032450968614665078 91.2330640570828 -8.3959954529727003 -6.6765193433430543 -34.430240199185143 -0.8555368430492688 -9.3012861289869946 78.378615813354415 11.471815112292399 65.56763065102686 -24.811576615918653 4.8934667294342322 -51.293205821236917 -666.44959006034765 407.27488672182915 0.37672037067642983 -2.957443339068063 -121.41502256633001 -19.766462449965363 183.17080953001781 116.31606655938408 -22.84326225097162 -121.21930205762251 49.264655249624248 -53.15644168317916 394.9374427748624 15.375780784067391 -0.59442986067687176 1.568801687195424 49.612918530476819
leaf_weight=818 5294 21 21 71 20 196 156 36 121 32 410 37 1252 61 20 3338 4770 113 94 37 31 534 378 579 173 25 28 1388 23 25
leaf_count=818 5294 21 21 71 20 196 156 36 121 32 410 37 1252 61 20 3338 4770 113 94 37 31 534 378 579 173 25 28 1388 23 25
internal_value=-0.000285345 -0.000937783 -0.00250785 -0.000441861 -0.000123977 0.000319979 0.00152055 -0.000187501 0.00341618 0.0042549 -0.00018677 0.00165517 -0.0027172 -0.00014752 -0.000136791 0.000135794 -0.000227743 -8.5914e-05 -1.33556e-05 0.00144444 0.000119999 -0.000115635 -0.000466556 0.000261455 -0.00101887 -0.000602593 -0.000876713 5.14699e-05 0.00105738 0.005125
internal_weight=20102 3986 1402 129 16116 1997 365 192 173 153 14119 58 1273 13483 13422 3358 10064 2584 2471 162 125 2309 1196 1113 636 463 438 1632 244 48
internal_count=20102 3986 1402 129 16116 1997 365 192 173 153 14119 58 1273 13483 13422 3358 10064 2584 2471 162 125 2309 1196 1113 636 463 438 1632 244 48
is_linear=0
shrinkage=0.03


Tree=292
num_leaves=31
num_cat=0
split_feature=27 26 2 31 15 16 16 18 13 31 9 23 31 12 15 18 19 4 13 13 8 1 1 22 14 1 4 10 19 18
split_gain=2.34081 5.4491 0.788078 0.498454 0.683159 0.606536 0.669263 0.869815 0.570477 0.50313 1.94023 0.410365 0.407033 0.381209 0.380797 0.37125 0.366659 0.323831 0.317585 0.389941 0.311663 0.87873 0.738868 0.603201 0.603017 0.535821 0.877774 0.785269 0.470874 0.687053
threshold=2444.4131250000005 4.5000000000000009 20759.525000000005 20.500000000000004 1.0210639751283812 1063.5951820704615 1381.4256781650768 0.75086348229378197 3732.3750000000005 22.500000000000004 13795.090000000002 3710.5144648186715 15.500000000000002 7804.5800000000008 0.99399553101226801 0.44338132589903551 0.99873209118467476 1.0000000180025095e-35 4017.3300000000004 3659.8750000000005 36171.740000000013 17162.788147355346 24489.787890937499 16243.720000000003 16707.150000000005 13590.322441594284 33937.81500000001 29431.050000000003 0.16170750343984694 57344.397984489864
decision_type=2 2 2 2 2 2 2 2 2 2 2 2 2 2 2 2 2 2 2 2 2 2 2 2 2 2 2 2 2 2
left_child=1 16 15 20 8 -6 7 -7 -5 10 -10 -8 14 -11 -4 -3 17 -1 19 -19 21 25 23 -23 -24 27 -27 -2 -22 -30
right_child=3 2 12 4 5 6 11 -9 9 13 -12 -13 -14 -15 -16 -17 -18 18 -20 -21 28 22 24 -25 -26 26 -28 -29 29 -31
leaf_value=-107.63769568961477 2.534402973827222 88.496072135370298 -8.1441155893835706 -12.041034992785949 -11.15285810457606 0.47895102994744621 -17.077337607747495 16.175440758378794 19.093870096193747 0.67262920935663928 5.4245858638862154 -0.018686826385972133 -6.4762237630427926 -0.33239570194698781 4.746662727551203 -49.754409646599854 -131.88252872095129 1.2934101938104041 -159.33073919794705 57.454405966677434 -11.489094648879286 -20.00112947839353 -0.56869888594010964 -16.218931651669404 -30.693859105694855 113.95848044055545 -135.24088489161028 -57.317443433600651 0.35365274145189063 719.16737196050542
leaf_weight=67 2242 21 21 46 246 92 113 24 20 1756 347 241 71 1419 37 1252 105 2312 79 21 883 371 2016 1035 424 580 65 1095 3080 21
leaf_count=67 2242 21 21 46 246 92 113 24 20 1756 347 241 71 1419 37 1252 105 2312 79 21 883 371 2016 1035 424 580 65 1095 3080 21
internal_value=-0.000286838 -0.000937783 -0.00244365 -0.000125838 0.000150557 -0.000695531 -6.38305e-05 0.00191379 0.000319397 0.000362506 0.00141417 -0.000711865 -0.000209303 0.000240944 0.00165517 -0.00267007 -0.000120744 -4.71972e-05 9.94953e-06 7.32955e-05 -0.00022655 -0.000336485 -0.000659907 -0.00120768 -0.000344263 -2.41092e-05 0.000767441 -0.000177106 -1.05429e-05 0.000163495
internal_weight=20102 3986 1402 16116 4304 716 470 116 3588 3542 367 354 129 3175 58 1273 2584 2479 2412 2333 11812 7828 3846 1406 2440 3982 645 3337 3984 3101
internal_count=20102 3986 1402 16116 4304 716 470 116 3588 3542 367 354 129 3175 58 1273 2584 2479 2412 2333 11812 7828 3846 1406 2440 3982 645 3337 3984 3101
is_linear=0
shrinkage=0.03


Tree=293
num_leaves=31
num_cat=0
split_feature=1 26 7 31 31 14 6 1 23 4 7 14 16 21 2 17 23 19 6 8 25 25 7 11 18 7 29 8 22 17
split_gain=1.6434 4.95363 2.48858 0.898291 1.03401 0.754658 0.711103 0.648314 0.947024 1.54957 0.60605 0.664866 0.560671 0.565063 0.51979 0.48891 0.542264 0.538262 0.457269 0.474473 0.409414 0.678788 0.387524 0.641114 0.374641 0.388505 0.574717 0.357418 1.19438 0.49596
threshold=24489.787890937499 5.5000000000000009 20482.620245286143 32.500000000000007 34.500000000000007 10540.570000000002 18215.796208418393 24738.009951383985 825.04647238966777 25052.045000000006 25498.535991664943 3757.4850000000006 11603.534397415488 22980.458333333339 43437.795000000006 0.66199764146913231 219.27981061073726 0.20884460921202624 18391.898173320064 16120.232500000002 5849.505000000001 4321.1625000000013 25183.737081252923 7883.1100000000015 0.44338132589903551 18916.025760787878 2.5000000000000004 19018.41 34216.265000000007 0.70337589199111805
decision_type=2 2 2 2 2 2 2 2 2 2 2 2 2 2 2 2 2 2 2 2 2 2 2 2 2 2 2 2 2 2
left_child=1 6 24 15 5 -5 10 8 -2 -10 12 -12 13 -1 -14 17 -17 -4 -9 22 21 -8 23 -20 -3 -26 -27 28 -21 -29
right_child=7 2 3 4 -6 -7 20 18 9 -11 11 -13 14 -15 -16 16 -18 -19 19 27 -22 -23 -24 -25 25 26 -28 29 -30 -31
leaf_value=-2.2300268332614173 -3.5251234236716718 18.709141057146358 -15.463740410459634 9.5776439372475526 -12.973261016867594 1.6568585193306584 -385.6559962745734 630.98097630435893 144.7088212040627 -13.725857849371994 -31.141791901539591 493.34656481847395 417.63245119001886 -314.5677715622171 108.61565727362198 6.7494867697836503 -1.7593065895624638 -5.4982960984430971 -59.897599518315417 5.1621853435431433 -91.906253833539381 309.3393157520224 -476.28430019483517 674.14765355004329 -69.369743478147853 -25.612236551055382 -6.1677918203693523 0.10924950882182674 1185.7860500464105 -4.1201668612326383
leaf_weight=6116 33 33 150 25 44 21 22 20 24 22 21 20 22 79 27 23 165 463 114 126 987 20 189 24 1057 171 187 7994 22 1881
leaf_count=6116 33 33 150 25 44 21 22 20 24 22 21 20 22 79 27 23 165 463 114 126 987 20 189 24 1057 171 187 7994 22 1881
internal_value=-0.000271914 -0.000554129 -0.00175588 -0.000508418 0.00233333 0.00547826 -0.000169812 -1.1198e-05 0.0026962 0.00547826 -5.012e-05 0.00358537 -7.39917e-05 -9.92743e-05 0.00312245 -0.000827716 0.000510638 -0.00123817 -3.18233e-05 -4.05804e-05 -0.000900875 0.002 -0.00116514 4.34775e-05 -0.00252348 -0.00259717 -0.00174302 -3.89177e-06 0.00145946 -2.58235e-05
internal_weight=20102 9653 2339 891 90 46 7314 10449 79 46 6285 41 6244 6195 49 801 188 613 10370 10350 1029 42 327 138 1448 1415 358 10023 148 9875
internal_count=20102 9653 2339 891 90 46 7314 10449 79 46 6285 41 6244 6195 49 801 188 613 10370 10350 1029 42 327 138 1448 1415 358 10023 148 9875
is_linear=0
shrinkage=0.03


Tree=294
num_leaves=31
num_cat=0
split_feature=27 26 3 28 31 28 28 12 12 16 17 19 8 11 17 11 4 13 13 4 11 8 6 20 20 23 7 3 19 18
split_gain=2.2884 5.64935 0.580354 0.667551 0.575006 0.726526 0.732077 1.18594 1.71964 0.718787 0.921786 0.782663 0.600141 0.637547 0.568252 0.51111 0.50643 0.401846 0.399288 0.971695 1.25936 0.33073 0.900051 0.571404 0.89246 0.748513 0.539331 0.543356 0.442181 0.684597
threshold=2419.367777777778 5.5000000000000009 20139.075000000004 8.5000000000000018 20.500000000000004 11.500000000000002 8.5000000000000018 4253.9300000000012 3846.1850000000004 -133.30290412304745 0.64153983068822262 0.32737543874356473 26348.137500000004 17143.275000000005 0.49297028148839295 25408.030000000002 19833.850000000002 4017.3300000000004 2586.3000000000006 5620.2350000000015 488.88500000000005 36171.740000000013 18215.796208418393 0.15205497468736076 0.13753769416969022 1.0000000180025095e-35 25498.535991664943 1.0000000180025095e-35 0.16170750343984694 57344.397984489864
decision_type=2 2 2 2 2 2 2 2 2 2 2 2 2 2 2 2 2 2 2 2 2 2 2 2 2 2 2 2 2 2
left_child=1 17 -3 -4 21 6 9 8 -8 10 -6 -11 -7 -14 -9 -15 -5 18 -1 20 -20 22 26 24 -24 -25 27 -2 -23 -30
right_child=4 2 3 16 5 12 7 14 -10 11 -12 -13 13 15 -16 -17 -18 -19 19 -21 -22 28 23 25 -26 -27 -28 -29 29 -31
leaf_value=-8.5876485336209214 64.455692155058813 -53.005679302656397 -18.958464394636398 16.424200425618618 -0.13450749868882445 -30.144949014023364 0.70567000519608847 9.2079821834485749 13.782445990666044 -0.50500385630848987 3.5014838776347101 -28.363113408082345 3.4879220749137385 -21.756989166094428 0.76725110908091343 -0.33259728891903051 -3.3638155737780462 -110.47413672793326 12.01693183209359 -6.4161974147957981 254.810023510804 -11.147699294677718 -7.3801086784576295 4.7134511871133427 5.1482173899193935 -7.9011367872760392 330.34598879731936 -5.3513804111242518 0.33976567394355983 697.5890733769279
leaf_weight=2340 209 1103 129 21 617 95 166 135 67 1044 318 163 31 126 1269 301 26 124 73 70 21 883 1917 91 229 1743 30 3660 3080 21
leaf_count=2340 209 1103 129 21 617 95 166 135 67 1044 318 163 31 126 1269 301 26 124 73 70 21 883 1917 91 229 1743 30 3660 3080 21
internal_value=-0.000267437 -0.00091912 -0.00255434 -0.000954546 -0.00011022 0.000185595 0.000334215 0.00081185 0.00279399 -3.0813e-05 0.000593582 -0.000514499 -0.000830019 -0.000379913 0.000482905 -0.0006815 0.00210638 -0.000123288 -4.07355e-05 0.00139024 0.00338298 -0.000218242 -0.00033088 -0.000648242 -0.000315937 -0.00103708 -6.92557e-06 -3.7995e-05 4.51736e-06 0.000173169
internal_weight=20102 3907 1279 176 16195 4332 3779 1637 233 2142 935 1207 553 458 1404 427 47 2628 2504 164 94 11863 7879 3980 2146 1834 3899 3869 3984 3101
internal_count=20102 3907 1279 176 16195 4332 3779 1637 233 2142 935 1207 553 458 1404 427 47 2628 2504 164 94 11863 7879 3980 2146 1834 3899 3869 3984 3101
is_linear=0
shrinkage=0.03


Tree=295
num_leaves=31
num_cat=0
split_feature=27 2 0 28 28 14 28 28 17 24 23 21 2 18 2 27 14 16 9 0 15 9 27 11 11 23 17 12 28 9
split_gain=2.28688 5.52305 0.64377 0.981477 1.15238 0.541317 0.437206 0.786031 1.65855 1.13551 1.07961 0.884294 0.644891 0.602497 0.5394 0.666706 0.666337 0.580125 0.516862 1.05054 0.861937 0.72004 0.453195 0.452669 0.716376 0.41426 0.376387 0.348586 0.521759 0.947296
threshold=2419.367777777778 11758.925000000001 18986.514163556978 8.5000000000000018 9.5000000000000018 6746.8300000000008 11.500000000000002 8.5000000000000018 0.65047837707359968 6065.5658333333331 1238.6863469189054 139888.71333333338 34000.070000000007 0.60413786322077001 6034.0200000000013 4075.106180555556 983.19500000000005 -112.8276199577251 24509.135000000006 15101.145803902871 0.99999138352906913 13135.35 5749.045000000001 58791.150000000009 57218.225000000013 2950.703474506035 0.69180743421274415 682.32500000000016 8.5000000000000018 30013.395
decision_type=2 2 2 2 2 2 2 2 2 2 2 2 2 2 2 2 2 2 2 2 2 2 2 2 2 2 2 2 2 2
left_child=1 5 -3 -4 -5 27 7 18 9 -9 -11 12 -10 22 16 -16 -15 -17 19 21 -21 -2 -8 24 -20 -25 -13 28 -1 -30
right_child=6 2 3 4 -6 -7 13 8 11 10 -12 26 -14 14 15 17 -18 -19 23 20 -22 -23 -24 25 -26 -27 -28 -29 29 -31
leaf_value=-36.313109715370572 15.445665522352375 -64.300838595702288 -20.298810565271328 17.856654787228209 -6.6654749972117973 -173.91146390275739 -31.43855634862102 -277.18624058927361 -0.23402147563094153 6.295282273544843 2.3833636391407365 -27.097718492334884 -12.151927323555292 -63.201075289223418 -20.896670548324604 -4.6466705485414268 265.29767213386265 2.2977270803731846 0.1755166965222309 -1.1214319533181856 -9.3998212618972747 -85.930993418275989 -16.900982794951588 0.39135076398037916 19.334476207989301 -21.583638557365884 519.14790155044045 14.101245604928963 1.1185351789372666 322.89959808936959
leaf_weight=1025 1729 947 232 24 56 58 216 67 1049 456 1723 20 760 23 184 151 21 458 4157 1882 1602 394 352 290 74 550 37 1107 436 22
leaf_count=1025 1729 947 232 24 56 58 216 67 1049 456 1723 20 760 23 184 151 21 458 4157 1882 1602 394 352 290 74 550 37 1107 436 22
internal_value=-0.000259975 -0.000911442 -0.00254726 -0.00136539 0.0015 -0.000133687 -0.00010281 -5.47674e-05 0.000297665 0.000846838 0.000965121 -0.000363345 -0.000479271 -0.000608542 -9.67749e-05 -0.000276167 0.00313636 0.00020197 -0.000190486 -0.000388979 -0.00070953 0.000137069 -0.00136268 2.89876e-05 0.000155282 -0.000607144 0.00331579 -6.94988e-05 -0.000370196 0.000471615
internal_weight=20102 3907 1259 312 80 2648 16195 14790 4112 2246 2179 1866 1809 1405 837 793 44 609 10678 5607 3484 2123 568 5071 4231 840 57 2590 1483 458
internal_count=20102 3907 1259 312 80 2648 16195 14790 4112 2246 2179 1866 1809 1405 837 793 44 609 10678 5607 3484 2123 568 5071 4231 840 57 2590 1483 458
is_linear=0
shrinkage=0.03


Tree=296
num_leaves=31
num_cat=0
split_feature=27 26 0 28 28 26 20 20 2 9 15 24 16 14 24 1 22 3 7 28 11 22 12 14 20 0 17 22 9 0
split_gain=2.37302 5.48844 0.622845 0.981477 1.15238 0.546206 0.55648 0.818213 0.952381 0.674472 1.30909 0.598802 0.385176 0.435749 0.327775 0.808776 0.667875 1.49459 0.675052 0.622584 0.55754 1.17307 0.509781 0.423499 0.321136 0.326078 0.320244 0.618708 0.480318 0.312554
threshold=2419.367777777778 5.5000000000000009 18986.514163556978 8.5000000000000018 9.5000000000000018 8.5000000000000018 0.19989804436462874 0.1955732133969178 36647.915000000008 17142.675000000003 0.99003576554828776 28553.522916666672 1573.1885491106716 6746.8300000000008 16244.390833333335 24489.787890937499 17054.005000000001 1587.8000000000002 8896.3960850206004 4.5000000000000009 12818.580000000002 15456.880000000003 18343.895 1951.2450000000001 0.6817065317378368 25913.162696945485 0.72644863861275721 2263.8700000000003 10983.645000000002 67998.790817340559
decision_type=2 2 2 2 2 2 2 2 2 2 2 2 2 2 2 2 2 2 2 2 2 2 2 2 2 2 2 2 2 2
left_child=1 12 -3 -4 -5 14 7 9 -9 10 -7 -11 13 26 16 19 20 -18 -19 -16 23 -22 -21 -2 25 -17 27 -1 -28 -10
right_child=5 2 3 4 -6 6 -8 8 29 11 -12 -13 -14 -15 15 24 17 18 -20 22 21 -23 -24 -25 -26 -27 28 -29 -30 -31
leaf_value=-29.675332920136988 6.8202409324215951 -62.743241436003387 -19.689846248313138 17.320955143611346 -6.4655107472954585 8.4895562839734335 -7.4596070129512357 -5.604702010606931 9.3243048284775565 -6.4077627203899086 0.55653977978458979 0.18704987488990463 22.516795086889914 -221.55006915348733 -25.134661586720743 3.5227915927145426 210.77508544495186 47.094534580126194 5.7195459584775614 -8.9078429991666503 -129.36077160235965 279.69278648965917 1135.6776984060914 -8.3043794100086004 -809.39471130265338 -0.95374983747873654 -70.617192563670415 29.675593637673082 2.7683643097623776 5.5515475707852646
leaf_weight=618 915 967 232 24 56 66 192 28 20 191 375 4565 22 48 617 517 23 30 233 1393 372 33 21 1966 35 4581 652 689 599 22
leaf_count=618 915 967 232 24 56 66 192 28 20 191 375 4565 22 48 617 517 23 30 233 1393 372 33 21 1966 35 4581 652 689 599 22
internal_value=-0.000255498 -0.00091912 -0.00253088 -0.00136539 0.0015 -9.54005e-05 0.000148928 0.000206758 0.00342857 0.000163363 0.00128571 5.92928e-05 -0.000134704 -0.000168074 -0.000219636 -0.000336684 1.51169e-05 0.00140559 0.000764258 -0.000843428 -0.000105905 -0.00114815 -0.000496465 4.06102e-05 -0.000136178 -0.000116517 -0.000114934 0.000213465 -0.000458034 0.00628571
internal_weight=20102 3907 1279 312 80 16195 5459 5267 70 5197 441 4756 2628 2606 10736 7164 3572 286 263 2031 3286 405 1414 2881 5133 5098 2558 1307 1251 42
internal_count=20102 3907 1279 312 80 16195 5459 5267 70 5197 441 4756 2628 2606 10736 7164 3572 286 263 2031 3286 405 1414 2881 5133 5098 2558 1307 1251 42
is_linear=0
shrinkage=0.03


Tree=297
num_leaves=31
num_cat=0
split_feature=27 26 0 28 13 15 4 27 1 23 2 18 28 12 9 23 12 9 1 15 15 24 17 25 25 0 17 23 12 24
split_gain=2.383 5.09926 0.806538 1.22109 1.20803 1.03052 0.483111 0.929063 1.35079 0.833742 0.72622 0.653642 0.603754 0.914822 0.846688 0.595983 0.582696 0.673813 0.848672 0.816291 0.550256 0.583849 0.502468 0.828003 0.477273 0.428073 0.422946 0.419242 0.41799 0.433229
threshold=2444.4131250000005 4.5000000000000009 18986.514163556978 8.5000000000000018 5484.0150000000012 0.99896277921292809 27928.195000000003 3487.9856250000007 13387.454098231447 528.85949481033038 19990.465000000004 0.82907381415902737 4.5000000000000009 4809.6850000000013 17142.675000000003 246.85155896253977 14882.160000000002 25203.525000000005 17162.788147355346 0.82077391357302043 0.97560017874567739 17106.486666666671 2.6506655016706215 24280.775000000005 31147.462500000005 21268.972532087075 0.5981509166522837 557.89184853740994 588.72000000000014 1927.8540000000003
decision_type=2 2 2 2 2 2 2 2 2 2 2 2 2 2 2 2 2 2 2 2 2 2 2 2 2 2 2 2 2 2
left_child=1 28 -3 25 5 -5 10 8 -8 15 16 20 -12 14 -14 -10 17 18 -2 -19 -9 -22 26 -24 -11 -4 -13 -27 -1 -30
right_child=6 2 3 4 -6 -7 7 11 9 24 12 22 13 -15 -16 -17 -18 19 -20 -21 21 -23 23 -25 -26 27 -28 -29 29 -31
leaf_value=-24.953310835847134 2.0424879090541399 -60.359748926577851 -21.463765312715974 0.72864165753283472 -12.028428462192261 11.210172148033418 267.09792794208494 -13.275627952238459 -0.058603837770235222 -0.082589749539269494 -11.942426495842598 53.67488862911236 1.235139724514819 -11.227910385095198 -11.606092355354097 9.1201122429605999 1210.1315470655836 26.511122190783382 -40.494429455482724 259.67146490500733 384.31876365282 0.22494135553711828 -562.17647127736166 1332.1065267360161 16.519877895104031 2.953018748475436 -11.736699705613553 -16.674203029354224 240.59475160774807 2.6942275394053241
leaf_weight=1385 2608 1046 203 22 52 20 20 704 21 308 947 109 923 578 804 47 29 204 517 44 34 7273 31 22 42 25 851 34 77 1122
leaf_count=1385 2608 1046 203 22 52 20 20 704 21 308 947 109 923 578 804 47 29 204 517 44 34 7273 31 22 42 25 851 34 77 1122
internal_value=-0.000265944 -0.00092273 -0.00237946 -0.00114607 0.00178723 0.00557143 -0.0001035 3.42415e-05 0.00138356 0.00101914 -0.00029937 -3.12507e-05 -0.000619927 -0.000357918 -1.21605e-05 0.00405882 7.05396e-06 -2.93514e-05 -0.000148801 0.00147581 5.95424e-05 0.000136718 -0.00074926 0.00209434 0.000428571 -0.00219847 -0.000906251 5.08467e-05 -0.000132354 0.000277731
internal_weight=20102 3986 1402 356 94 42 16116 9462 438 418 6654 9024 3252 2305 1727 68 3402 3373 3125 248 8011 7307 1013 53 350 262 960 59 2584 1199
internal_count=20102 3986 1402 356 94 42 16116 9462 438 418 6654 9024 3252 2305 1727 68 3402 3373 3125 248 8011 7307 1013 53 350 262 960 59 2584 1199
is_linear=0
shrinkage=0.03


Tree=298
num_leaves=31
num_cat=0
split_feature=27 26 0 28 19 17 26 20 20 15 18 9 0 28 18 5 10 3 3 28 12 22 27 10 10 2 12 0 12 31
split_gain=2.4156 5.25017 0.726408 1.03337 0.905318 0.777351 0.596096 0.545385 0.611378 0.982313 0.556077 0.533231 0.428073 0.419242 0.397336 0.364141 0.6306 0.669994 1.03714 0.656195 0.79044 0.549273 0.516752 0.538059 0.968621 0.498701 0.380572 0.351169 0.346651 0.598774
threshold=2444.4131250000005 4.5000000000000009 18986.514163556978 8.5000000000000018 0.27907032601790244 0.63900783273899064 8.5000000000000018 0.19989804436462874 0.1955732133969178 1.0161275023083329 0.83472066941802903 17142.675000000003 21268.972532087075 3.5000000000000004 0.44338132589903551 10638.108125000001 54142.79250000001 9369.5300000000007 19158.795000000002 4.5000000000000009 6393.8000000000011 56430.955000000009 2498.3416666666672 25008.800000000003 21401.487500000007 4918.630000000001 4031.4500000000003 11496.143465746842 588.72000000000014 9.5000000000000018
decision_type=2 2 2 2 2 2 2 2 2 2 2 2 2 2 2 2 2 2 2 2 2 2 2 2 2 2 2 2 2 2
left_child=1 28 14 12 5 -5 15 8 10 -10 11 -8 -4 -14 -3 22 19 26 -19 21 -21 -17 25 24 -24 -2 -18 -25 -1 -30
right_child=6 2 3 4 -6 -7 7 -9 9 -11 -12 -13 13 -15 -16 16 17 18 -20 20 -22 -23 23 27 -26 -27 -28 -29 29 -31
leaf_value=-24.204711510771684 203.18994606056478 88.443735928045328 -20.819852353334451 18.641953142579752 -11.34024352745589 1.5106967314241697 0.91217482863057064 -6.6947217520004809 0.14506092962531544 49.905381688354133 -2.4855151664785908 0.29766539611331877 2.3543488330620157 -15.169441060031442 -58.94175270541168 -24.846860512337535 -28.081252733564803 580.2141707609012 -0.29543957455678449 -1.6204022757726857 -21.960678465424365 334.38290779309472 5.4902998477555318 -80.78415029048675 213.02596328152083 -22.203274328458104 -270.29351914976485 133.37098686880447 23.988276374047281 -78.247910232584715
leaf_weight=1385 22 21 203 20 51 23 403 190 49 21 455 4316 25 34 1025 1232 281 289 3934 2455 282 48 1158 645 88 20 152 76 1030 169
leaf_count=1385 22 21 203 20 51 23 403 190 49 21 455 4316 25 34 1025 1232 281 289 3934 2455 282 48 1158 645 88 20 152 76 1030 169
internal_value=-0.000261467 -0.00092273 -0.00240086 -0.00123034 0.00146808 0.00467442 -9.79158e-05 0.000157894 0.000215102 0.003 0.000177425 0.000273998 -0.00219847 5.08467e-05 -0.00279924 -0.000228048 -0.000312349 -7.4743e-05 4.04918e-05 -0.000587753 -0.00032554 -0.00114844 0.000135888 6.55814e-05 0.000443017 0.00342857 -0.00119862 -0.000586686 -0.000120744 0.00025271
internal_weight=20102 3986 1402 356 94 43 16116 5434 5244 70 5174 4719 262 59 1046 10682 8673 4656 4223 4017 2737 1280 2009 1967 1246 42 433 721 2584 1199
internal_count=20102 3986 1402 356 94 43 16116 5434 5244 70 5174 4719 262 59 1046 10682 8673 4656 4223 4017 2737 1280 2009 1967 1246 42 433 721 2584 1199
is_linear=0
shrinkage=0.03


Tree=299
num_leaves=31
num_cat=0
split_feature=27 26 0 28 19 17 2 17 20 12 31 15 11 19 19 4 31 10 14 22 8 11 25 7 12 26 18 0 12 5
split_gain=2.25383 5.53479 0.919575 1.1677 1.11599 1.564 0.674183 0.641437 0.682811 0.982137 0.690881 0.689624 0.688363 0.992647 0.837119 0.675201 0.731602 0.581418 0.447889 0.465063 0.491974 0.4379 0.416633 0.697568 0.62746 0.40755 0.397945 0.358163 0.355509 0.322689
threshold=2498.3416666666672 4.5000000000000009 18986.514163556978 8.5000000000000018 0.27907032601790244 0.63070860957692176 8735.0750000000025 0.70337589199111805 0.17782048182677604 2397.0600000000004 19.500000000000004 0.72170263567672321 16513.805000000004 0.33363881020828157 0.23093519019794187 967.70000000000016 2.5000000000000004 43524.020000000004 5162.1750000000002 2076.1375000000003 6779.9375000000009 13433.805000000002 6146.4050000000007 8896.3960850206004 5689.4050000000016 1.5000000000000002 0.44338132589903551 13475.433849789251 21449.745000000006 184796.25964843752
decision_type=2 2 2 2 2 2 2 2 2 2 2 2 2 2 2 2 2 2 2 2 2 2 2 2 2 2 2 2 2 2
left_child=1 6 26 21 5 -5 18 8 10 15 22 -11 13 -12 -14 -10 -17 -13 19 25 -21 -4 23 -2 -24 -1 -3 -20 -9 -30
right_child=7 2 3 4 -6 -7 -8 28 9 11 12 17 14 -15 -16 16 -18 -19 27 20 -22 -23 24 -25 -26 -27 -28 -29 29 -31
leaf_value=-6.027496736333732 -1.8493592292211822 85.79042385020395 -21.330877431188778 17.556232158953996 -10.49004568863271 0.83401686342249448 58.073837399306612 -6.5868421356861129 -37.738165827504965 1587.7006812120844 3.8572032243102603 -7.2317136314587991 4.1176551978497384 -1.057313720703168 -0.027801522634138581 -28.04735202051835 154.1830319013437 -0.6081958289168341 -125.42169187586266 24.642142176201244 -14.195762271033743 -1.3843496857034951 -4.6355304873158767 280.79931082148471 1.5556608258297411 -122.1464026558111 -57.227700280219473 16.671723182438431 -215.68619249905569 53.104860000335727
leaf_weight=538 376 21 225 22 70 35 22 4982 24 23 204 780 842 136 1525 33 44 3062 78 1055 622 93 1939 168 1701 297 1046 20 84 35
leaf_count=538 376 21 225 22 70 35 22 4982 24 23 204 780 842 136 1525 33 44 3062 78 1055 622 93 1939 168 1701 297 1046 20 84 35
internal_value=-0.000255498 -0.000878862 -0.0023254 -0.00117978 0.00125197 0.00436842 -4.78731e-05 -9.36215e-05 3.67498e-05 -0.000276854 0.000217239 -0.00035317 0.00059069 0.00185294 0.000409378 0.00264356 0.00401299 -0.000384176 -9.19547e-05 -1.43319e-05 0.000273702 -0.00215094 -2.43793e-05 0.000749999 -0.000140111 -0.000592815 -0.00280319 -0.00208163 -0.000371104 -0.0019916
internal_weight=20102 4144 1512 445 127 57 2632 15958 10857 3966 6891 3865 2707 340 2367 101 77 3842 2610 2512 1677 318 4184 544 3640 835 1067 98 5101 119
internal_count=20102 4144 1512 445 127 57 2632 15958 10857 3966 6891 3865 2707 340 2367 101 77 3842 2610 2512 1677 318 4184 544 3640 835 1067 98 5101 119
is_linear=0
shrinkage=0.03


end of trees

feature_importances:
month_num=931
avg_tx_size=714
exp_inc_ratio=577
rec_ratio=419
user_income_med=383
routine_spend=333
spend_momentum=333
ema_slow=322
user_median=314
routine_ratio=308
spend_diff_1m=293
roll_mean_6=291
tx_count=290
disc_spend=289
user_history_months=286
roll_std_3=277
disc_ratio=236
clean_lag_1=235
user_fixed_max=217
clean_lag_3=216
clean_lag_2=212
anchor_lag_2=202
roll_median_6=187
roll_median_3=185
var_spend=180
anchor_lag_1=173
ema_fast=155
roll_mean_3=142
fixed_spend=135
ema_med=119
quarter=46

parameters:
[boosting: gbdt]
[objective: quantile]
[metric: quantile]
[tree_learner: serial]
[device_type: cpu]
[data_sample_strategy: bagging]
[data: ]
[valid: ]
[num_iterations: 300]
[learning_rate: 0.03]
[num_leaves: 31]
[num_threads: 10]
[seed: 42]
[deterministic: 0]
[force_col_wise: 0]
[force_row_wise: 0]
[histogram_pool_size: -1]
[max_depth: 6]
[min_data_in_leaf: 20]
[min_sum_hessian_in_leaf: 0.001]
[bagging_fraction: 0.85]
[pos_bagging_fraction: 1]
[neg_bagging_fraction: 1]
[bagging_freq: 0]
[bagging_seed: 400]
[bagging_by_query: 0]
[feature_fraction: 0.85]
[feature_fraction_bynode: 1]
[feature_fraction_seed: 30056]
[extra_trees: 0]
[extra_seed: 12879]
[early_stopping_round: 0]
[early_stopping_min_delta: 0]
[first_metric_only: 0]
[max_delta_step: 0]
[lambda_l1: 0]
[lambda_l2: 0]
[linear_lambda: 0]
[min_gain_to_split: 0]
[drop_rate: 0.1]
[max_drop: 50]
[skip_drop: 0.5]
[xgboost_dart_mode: 0]
[uniform_drop: 0]
[drop_seed: 17869]
[top_rate: 0.2]
[other_rate: 0.1]
[min_data_per_group: 100]
[max_cat_threshold: 32]
[cat_l2: 10]
[cat_smooth: 10]
[max_cat_to_onehot: 4]
[top_k: 20]
[monotone_constraints: ]
[monotone_constraints_method: basic]
[monotone_penalty: 0]
[feature_contri: ]
[forcedsplits_filename: ]
[refit_decay_rate: 0.9]
[cegb_tradeoff: 1]
[cegb_penalty_split: 0]
[cegb_penalty_feature_lazy: ]
[cegb_penalty_feature_coupled: ]
[path_smooth: 0]
[interaction_constraints: ]
[verbosity: -1]
[saved_feature_importance_type: 0]
[use_quantized_grad: 0]
[num_grad_quant_bins: 4]
[quant_train_renew_leaf: 0]
[stochastic_rounding: 1]
[linear_tree: 0]
[max_bin: 255]
[max_bin_by_feature: ]
[min_data_in_bin: 3]
[bin_construct_sample_cnt: 200000]
[data_random_seed: 175]
[is_enable_sparse: 1]
[enable_bundle: 1]
[use_missing: 1]
[zero_as_missing: 0]
[feature_pre_filter: 1]
[pre_partition: 0]
[two_round: 0]
[header: 0]
[label_column: ]
[weight_column: ]
[group_column: ]
[ignore_column: ]
[categorical_feature: ]
[forcedbins_filename: ]
[precise_float_parser: 0]
[parser_config_file: ]
[objective_seed: 16083]
[num_class: 1]
[is_unbalance: 0]
[scale_pos_weight: 1]
[sigmoid: 1]
[boost_from_average: 1]
[reg_sqrt: 0]
[alpha: 0.9]
[fair_c: 1]
[poisson_max_delta_step: 0.7]
[tweedie_variance_power: 1.5]
[lambdarank_truncation_level: 30]
[lambdarank_norm: 1]
[label_gain: ]
[lambdarank_position_bias_regularization: 0]
[eval_at: ]
[multi_error_top_k: 1]
[auc_mu_weights: ]
[num_machines: 1]
[local_listen_port: 12400]
[time_out: 120]
[machine_list_filename: ]
[machines: ]
[gpu_platform_id: -1]
[gpu_device_id: -1]
[gpu_device_id_list: ]
[gpu_use_dp: 0]
[num_gpu: 1]

end of parameters

pandas_categorical:[]
