tree
version=v4
num_class=1
num_tree_per_iteration=1
label_index=0
max_feature_idx=31
objective=quantile
feature_names=anchor_lag_1 anchor_lag_2 clean_lag_1 clean_lag_2 clean_lag_3 ema_fast ema_med ema_slow user_median user_fixed_max user_income_med fixed_spend routine_spend disc_spend var_spend spend_momentum spend_diff_1m rec_ratio exp_inc_ratio disc_ratio routine_ratio roll_mean_3 roll_median_3 roll_std_3 roll_mean_6 roll_median_6 tx_count avg_tx_size month_num quarter is_q4 user_history_months
feature_infos=[0:337689.65000000002] [0:337689.65000000002] [0:412906.67999999999] [0:412906.67999999999] [0:412906.67999999999] [0:337689.65000000002] [0:337689.65000000002] [0:337689.65000000002] [0:337689.65000000002] [0:408466.87] [0:1299552.52] [0:408466.87] [0:69022.199999999997] [0:79771.259999999995] [0:110321.20999999999] [0:126675.39867499999] [-127477.84287500003:126675.39867499999] [0:7.3299724807610769] [0:267857.37] [0:3.2882137472400705] [0:2.6499126813055791] [0:337689.65000000002] [0:337689.65000000002] [0:238782.64145151182] [0:337689.65000000002] [0:337689.65000000002] [1:9] [25.23:3072904.0099999998] [1:12] [1:4] [0:1] [1:36]
tree_sizes=2675 2824 2843 2825 2838 2829 2841 2821 2838 2846 2844 2835 2836 2851 2843 2827 2840 2852 2831 2841 2837 2843 2836 2830 2818 2800 2811 2830 2840 2836 2837 2821 2834 2828 2836 2841 2845 2847 2851 2829 2825 2820 2833 2841 2825 2815 2843 2813 2819 2818 2827 2839 2803 2817 2820 2831 2832 2826 2822 2840 2819 2828 2836 2806 2840 2821 2829 2833 2808 2803 2845 2824 2799 2832 2822 2842 2810 2814 2819 2843 2828 2836 2831 2838 2809 2839 2848 2824 2834 2831 2809 2813 2831 2789 2812 2834 2802 2771 2834 2845 2820 2800 2798 2798 2826 2811 2824 2823 2828 2823 2822 2829 2816 2833 2807 2806 2822 2848 2809 2829 2822 2821 2813 2826 2810 2823 2834 2826 2825 2811 2826 2832 2853 2817 2820 2835 2823 2831 2824 2834 2842 2832 2824 2832 2829 2810 2804 2817 2813 2819 2798 2810 2827 2827 2837 2821 2831 2847 2844 2832 2831 2830 2839 2820 2853 2820 2859 2838 2835 2828 2841 2849 2824 2806 2834 2801 2828 2810 2801 2845 2807 2793 2830 2821 2824 2828 2829 2820 2868 2834 2843 2839 2836 2829 2810 2848 2845 2804 2807 2821 2807 2781 2850 2817 2810 2862 2844 2820 2836 2785 2832 2792 2816 2819 2811 2839 2798 2817 2818 2832 2814 2779 2796 2819 2820 2811 2812 2811 2791 2820 2789 2827 2806 2811 2841 2829 2812 2837 2806 2796 2839 2812 2810 2813 2812 2823 2815 2827 2829 2854 2812 2799 2819 2830 2839 2837 2789 2831 2797 2832 2829 2828 2805 2806 2806 2795 2829 2797 2811 2787 2821 2828 2812 2812 2805 2829 2459 2795 2786 2840 2834 2790 2837 2835 2722 2833 2796 2805 2827 2796 2845 2800 2298 2610 2812 2829 2820 2826 2621 2361

Tree=0
num_leaves=31
num_cat=0
split_feature=26 24 10 27 24 21 10 13 10 1 18 2 10 25 27 25 2 13 19 25 1 5 16 26 24 5 18 12 15 14
split_gain=233.754 28.9961 15.8016 5.44768 3.87609 3.04226 3.00168 2.902 2.03475 1.9445 1.9339 1.79763 1.75901 1.67937 1.53914 1.45316 1.39008 1.78795 2.94088 1.43798 1.82202 1.42063 1.2365 1.0765 0.90893 0.843095 0.693109 0.674764 0.800014 0.676794
threshold=7.5000000000000009 14355.050000000001 16423.990000000002 4216.9456250000012 6239.8075000000017 10743.125000000002 46401.530000000006 8343.5650000000023 64982.44000000001 7900.3106958750004 0.46709455420100682 11411.615000000002 100690.32500000003 1529.7625 8985.0116666666672 79069.565000000017 32651.825000000001 726.74500000000012 0.059188214613773035 43413.912500000006 49227.652139977348 11280.763046875001 -479.41639146876327 3.5000000000000004 118115.17000000001 8650.9576562500024 0.80495155470295077 3297.1850000000009 2.1613960542662851 10167.700000000003
decision_type=2 2 2 2 2 2 2 2 2 2 2 2 2 2 2 2 2 2 2 2 2 2 2 2 2 2 2 2 2 2
left_child=1 2 3 4 11 14 13 -7 16 12 -6 -1 -8 -4 -5 27 17 21 -19 26 -21 -3 -15 24 -17 -11 -18 28 -10 -29
right_child=-2 8 6 5 10 7 9 -9 15 25 -12 -13 -14 22 -16 23 19 18 -20 20 -22 -23 -24 -25 -26 -27 -28 29 -30 -31
leaf_value=1970.3025433969538 2549.7978929944343 1976.4399436761844 2034.175242306259 1977.6524537538694 1966.4173631871092 1978.9656429365118 1971.2052744302591 1966.108604216709 1989.1195933466613 1986.8837241625588 1975.1370434111968 1965.260143450749 2033.0024224199865 1979.9883432131126 1981.5778639686066 1957.7394433593749 1990.9860432621363 1957.7394433593749 1981.1458639820239 1957.7394433593749 1986.243463409442 1999.5342444869657 1978.4719641432177 2055.9834483071741 1957.7394433593749 2033.7625926153523 2023.2561431178233 2068.6606955421412 2073.2214432977335 2014.6969963283277
leaf_weight=1171 10813 162 75 352 42 202 222 193 708 149 881 21 82 748 230 41 163 31 878 43 68 711 752 31 48 292 427 154 72 340
leaf_count=1171 10813 162 75 352 42 202 222 193 708 149 881 21 82 748 230 41 163 31 878 43 68 711 752 31 48 292 427 154 72 340
internal_value=2018.29 2018.28 2018.28 2018.28 2018.28 2018.28 2018.29 2018.28 2018.29 2018.29 2018.28 2018.28 2018.28 2018.28 2018.29 2018.29 2018.29 2018.29 2018.28 2018.29 2018.28 2018.29 2018.28 2018.28 2018.28 2018.29 2018.29 2018.29 2018.29 2018.29
internal_weight=20102 9289 5412 3092 2115 977 2320 395 3877 745 923 1192 304 1575 582 1394 2483 1782 909 701 111 873 1500 120 89 441 590 1274 780 494
internal_count=20102 9289 5412 3092 2115 977 2320 395 3877 745 923 1192 304 1575 582 1394 2483 1782 909 701 111 873 1500 120 89 441 590 1274 780 494
is_linear=0
shrinkage=1


Tree=1
num_leaves=31
num_cat=0
split_feature=26 6 10 27 1 12 18 10 5 22 13 19 23 14 21 5 15 25 23 17 5 27 6 4 4 25 1 1 1 18
split_gain=226.825 25.5836 13.3959 5.88594 4.34015 2.94953 2.65067 2.60375 2.25998 2.36455 2.22135 2.84674 1.86821 1.85366 1.82013 1.64206 1.61841 1.52781 1.32997 1.23058 1.23023 1.21106 1.1081 1.01567 0.787981 0.782192 0.576966 0.98632 0.595151 0.449454
threshold=7.5000000000000009 13934.331674913441 16423.990000000002 5046.9274305555564 8416.9179761015639 2016.2050000000002 0.44913564337858308 46754.915000000008 30641.818330078127 28667.822500000006 726.74500000000012 0.059188214613773035 7647.5216914285593 235.45500000000001 10743.125000000002 5566.3365625000006 2.4167985750538885 79069.565000000017 19828.744510363827 2.2125995775136187 12247.55386230469 8985.0116666666672 6807.1844138320002 13899.51 25052.045000000006 102477.63500000001 15261.122736706006 17362.942493528808 9823.6419624999999 0.5519758399339707
decision_type=2 2 2 2 2 2 2 2 2 2 2 2 2 2 2 2 2 2 2 2 2 2 2 2 2 2 2 2 2 2
left_child=1 2 3 4 5 -1 17 15 10 29 20 -12 23 -6 21 22 -14 26 -16 -17 -8 -5 -4 -9 -11 -19 28 -28 -3 -10
right_child=-2 6 7 14 13 -7 8 12 9 24 11 -13 16 -15 18 19 -18 25 -20 -21 -22 -23 -24 -25 -26 -27 27 -29 -30 -31
leaf_value=-46.229536251316112 515.5645128452262 -11.344666852492665 -27.294079228926016 -40.077193920072389 -30.854191082543228 -35.226195565136223 -48.33875829094854 -33.469439686308625 -9.0590116855236626 -50.975034900839901 -58.732183300781244 -37.416784021448386 18.3298650216332 -41.556511173536229 -50.105540083499172 -41.907193103246804 -59.136158232907775 -58.732183300781244 7.7929254488280542 -23.238793833808934 -21.092657367793404 -34.980804985146086 13.217988050286692 -35.154579888910789 -35.274183556320494 -58.732183300781244 -32.101314962026564 -7.245106565273038 46.507097975908223 57.377638216500991
leaf_weight=1460 10813 87 460 249 112 149 78 409 34 156 25 904 227 575 238 894 30 21 26 119 583 234 83 30 451 46 107 1152 167 183
leaf_count=1460 10813 87 460 249 112 149 78 409 34 156 25 904 227 575 238 894 30 21 26 119 583 234 83 30 451 46 107 1152 167 183
internal_value=4.35779e-05 -0.00339466 -0.00476204 -0.00606014 -0.00681272 -0.00766501 -0.00158187 -0.00300799 -0.00220712 -0.000932039 -0.00286792 -0.00381378 -0.00148276 -0.00481659 -0.00374699 -0.00369023 0.000548638 -0.000626582 -0.00575 -0.00440375 -0.00153858 -0.00265217 -0.00235912 -0.00267198 -0.00189292 -0.0050597 -0.000430271 -0.000693407 0.000874016 0.00175576
internal_weight=20102 9289 5295 3043 2296 1609 3994 2252 2414 824 1590 929 696 687 747 1556 257 1580 264 1013 661 483 543 439 607 67 1513 1259 254 217
internal_count=20102 9289 5295 3043 2296 1609 3994 2252 2414 824 1590 929 696 687 747 1556 257 1580 264 1013 661 483 543 439 607 67 1513 1259 254 217
is_linear=0
shrinkage=0.03


Tree=2
num_leaves=31
num_cat=0
split_feature=12 11 24 10 17 21 6 15 10 22 31 14 11 20 24 9 22 7 17 15 13 1 10 3 10 4 1 3 6 31
split_gain=183.973 28.2975 21.7651 14.5149 10.2735 4.82643 3.11443 3.06672 2.66358 2.60891 2.26447 2.00307 1.74056 1.69232 1.66641 1.47404 1.44006 1.42074 1.34476 1.36479 1.31037 1.24753 1.18213 1.13122 1.15358 1.1111 1.07096 1.00165 1.08038 1.00141
threshold=2157.5000000000005 5900.0850000000009 14355.050000000001 14230.972500000002 0.80304264575733286 6694.6400000000012 18034.318472017261 0.62689801559788128 33577.735000000008 10265.505000000001 12.500000000000002 111.05500000000002 9776.465000000002 0.095573751753738931 10281.620000000001 10207.915000000003 63326.835000000006 18345.141719690793 0.8751299483407966 1.7632355416226326 239.23500000000004 9030.6076204687506 47295.652500000004 16031.090000000002 49344.400000000001 24348.795000000006 8090.231664648004 40600.390000000007 17125.302649240413 2.5000000000000004
decision_type=2 2 2 2 2 2 2 2 2 2 2 2 2 2 2 2 2 2 2 2 2 2 2 2 2 2 2 2 2 2
left_child=2 6 3 5 20 7 23 -1 9 21 12 15 22 -13 -9 -7 -8 -11 -14 -20 -3 -5 25 24 -2 -4 -10 28 -25 -6
right_child=1 4 10 8 29 11 16 14 26 17 -12 13 18 -15 -16 -17 -18 -19 19 -21 -22 -23 -24 27 -26 -27 -28 -29 -30 -31
leaf_value=1.2382822333367687 -39.420213635498285 -11.742046416636965 -27.39327248539897 -33.727258766939791 -56.970216522847537 -53.633702682250863 3.8412648781396226 -45.163470428321418 -33.359594886474909 -43.576343161499146 374.80685236718506 -42.645157212562893 17.568554550608152 -39.101441292105704 -21.652162812587918 0.070607986743543807 -59.086331639315539 -45.759287556574876 -35.005880769490275 15.07560855678982 508.81084540638454 -30.861424110218721 -30.436916239194538 15.246537192097897 -8.2995351137969049 -44.475635327723161 -11.435860971639602 -59.768674128339356 -42.537521480276354 -15.143559408550939
leaf_weight=48 496 61 537 722 71 91 572 1380 369 227 94 678 221 227 46 122 28 21 674 253 10725 278 524 153 180 386 406 21 23 468
leaf_count=48 496 61 537 722 71 91 572 1380 369 227 94 678 221 227 46 122 28 21 674 253 10725 278 524 153 180 386 406 21 23 468
internal_value=7.93952e-05 0.00224754 -0.00371961 -0.00496966 0.00275629 -0.00645602 -0.00166395 -0.00758345 -0.00306525 -0.00392308 -0.00157419 -0.00496959 -0.00173988 -0.00558564 -0.0078345 -0.00235211 1.11759e-10 -0.00667742 -0.000867596 -0.00136893 0.00295828 -0.00324 -0.00243193 -0.00280756 -0.00339053 -0.00307801 -0.00168387 -0.000807106 -6.81817e-05 -0.00128571
internal_weight=20102 12798 7304 4615 11325 2592 1473 1474 2023 1248 2689 1118 2595 905 1426 213 600 248 1148 927 10786 1000 1447 873 676 923 775 197 176 539
internal_count=20102 12798 7304 4615 11325 2592 1473 1474 2023 1248 2689 1118 2595 905 1426 213 600 248 1148 927 10786 1000 1447 873 676 923 775 197 176 539
is_linear=0
shrinkage=0.03


Tree=3
num_leaves=31
num_cat=0
split_feature=26 24 10 21 27 17 10 19 17 4 18 21 2 1 31 2 19 6 22 10 25 2 25 9 3 15 5 5 7 15
split_gain=213.979 24.2471 14.1308 4.55684 3.69029 2.70926 2.64534 2.0374 1.73188 1.74955 1.67101 2.04258 1.57775 1.55841 1.52381 1.46569 1.91531 2.00907 1.446 1.40861 1.33362 1.21514 1.20855 1.19229 1.14304 0.732883 0.72512 0.580626 0.493703 0.12463
threshold=7.5000000000000009 14355.050000000001 16423.990000000002 5926.170000000001 3320.2633333333338 0.21894475180777526 46401.530000000006 0.085113652759287992 3.3001293055482477 10906.830000000004 0.35706808986722832 5344.1733333333341 9035.6550000000025 7900.3106958750004 8.5000000000000018 32651.825000000001 0.021696241445997775 39568.98526415119 44760.185000000005 100690.32500000003 49937.50250000001 1984.2550000000003 1529.7625 5063.4400000000014 10634.015000000001 0.67234615367111494 8650.9576562500024 31005.36597589821 19861.325463856618 1.0708303503302445
decision_type=2 2 2 2 2 2 2 2 2 2 2 2 2 2 2 2 2 2 2 2 2 2 2 2 2 2 2 2 2 2
left_child=1 2 3 4 5 -1 12 -6 9 -5 11 14 22 19 -3 16 21 -18 27 -8 28 -12 -4 -14 -20 -22 -15 -17 -13 -2
right_child=29 10 6 8 7 -7 13 -9 -10 -11 15 20 23 26 -16 18 17 -19 24 -21 25 -23 -24 -25 -26 -27 -28 -29 -30 -31
leaf_value=-39.865546166766798 485.66632671427215 -3.8162817667577791 19.52429580003087 -36.987865450790721 -38.254192591428748 -46.776044640937556 -42.972454977655488 -42.368970135879124 14.052396125953273 -40.407317252986772 -35.531747197765384 -12.095727910468947 -28.905824519933567 -29.190343743293116 -57.085455267856076 -22.428461829675509 -38.018151760226324 45.029777372355674 -56.623781371006928 15.179859752174876 -56.057110314581969 -11.010612800110199 -32.640209221620907 -42.306405077000605 -33.418816843039203 -57.285948298927821 15.519184090651303 12.312465822498773 6.3934164867029768 110.66124656300566
leaf_weight=430 10781 21 73 926 194 737 222 155 33 617 199 405 121 149 21 248 809 67 45 82 21 596 991 390 267 92 292 402 684 32
leaf_count=430 10781 21 73 926 194 737 222 155 33 617 199 405 121 149 21 248 809 67 45 82 21 596 991 390 267 92 292 402 684 32
internal_value=0.000125659 -0.0032138 -0.00451109 -0.00583894 -0.00701319 -0.00782262 -0.00274138 -0.00430659 -0.00470939 -0.00485483 -0.00140289 -0.000496784 -0.0034381 -0.00126846 -0.007 -0.00183099 -0.00236804 -0.00333562 -0.000898129 -0.00292105 -0.000269551 -0.00130189 -0.00278008 -0.00480822 -0.00257692 -0.00337168 -0.000129252 -9.23076e-05 5.23417e-05 0.00299445
internal_weight=20102 9289 5412 3092 1516 1167 2320 349 1576 1543 3877 1244 1575 745 42 2633 1671 876 962 304 1202 795 1064 511 312 113 441 650 1089 10813
internal_count=20102 9289 5412 3092 1516 1167 2320 349 1576 1543 3877 1244 1575 745 42 2633 1671 876 962 304 1202 795 1064 511 312 113 441 650 1089 10813
is_linear=0
shrinkage=0.03


Tree=4
num_leaves=31
num_cat=0
split_feature=26 24 18 6 18 1 18 2 27 27 4 14 18 21 17 2 19 9 22 2 31 8 23 7 1 19 18 31 7 23
split_gain=207.043 22.9372 10.2082 6.12462 3.80486 3.31118 3.09344 2.7558 2.38123 1.94894 1.63211 1.55276 1.53947 1.62441 1.50039 1.3385 1.60455 1.70589 1.24044 1.20917 1.16667 1.10341 1.02829 0.859737 0.791397 0.76154 0.870406 0.597155 0.4487 0.42362
threshold=6.5000000000000009 14355.050000000001 0.32828964473806649 6296.5433764500003 1.2960313400333152 4411.1697479877521 0.077335155176398426 268.79000000000002 7725.6238888888902 942.10933333333344 1835.9650000000001 7341.3750000000009 0.35706808986722832 5344.1733333333341 3.3001293055482477 32651.825000000001 0.021696241445997775 3788.6950000000002 44760.185000000005 1984.2550000000003 8.5000000000000018 47741.265000000007 9800.5097780998785 59803.831141329305 47926.47012431085 0.55202628886193394 0.89253883031511327 9.5000000000000018 19861.325463856618 1255.3766165930845
decision_type=2 2 2 2 2 2 2 2 2 2 2 2 2 2 2 2 2 2 2 2 2 2 2 2 2 2 2 2 2 2
left_child=1 2 5 4 9 6 29 -5 -6 -4 -8 22 13 20 -9 16 19 -18 27 -14 -3 28 -7 -23 -20 -2 -27 -17 -15 -1
right_child=25 12 3 7 8 11 10 14 -10 -11 -12 -13 15 21 -16 18 17 -19 24 -21 -22 23 -24 -25 -26 26 -28 -29 -30 -31
leaf_value=-30.579286170145156 470.35359038649767 -3.7017933137550449 -42.530474362672408 13.682580968762482 -38.747384118789185 -37.454233012894754 -29.807967142524511 -38.237611044170528 9.662019014391813 -44.637133070847213 -48.112016800969819 9.120272727101046 -34.465794781832422 -11.812106990406502 32.588714162963051 5.6510634016670585 -14.358398377607003 -40.239393192591137 -53.574353516722887 -10.756128732582779 -55.372891609820392 -56.861413806828352 -8.6512263900696489 -54.356964431259321 -28.35250684606256 136.22733090447235 -35.180175243678079 -36.172558066212005 4.8815010149071005 6.2881621032847201
leaf_weight=165 10818 21 165 78 585 794 219 2139 61 364 248 219 199 402 30 532 189 681 113 595 21 24 265 76 190 25 22 104 695 63
leaf_count=165 10818 21 165 78 585 794 219 2139 61 364 248 219 199 402 30 532 189 681 113 595 21 24 265 76 190 25 22 104 695 63
internal_value=0.000173416 -0.00312861 -0.00439018 -0.00538106 -0.00713617 -0.00267157 -0.00433813 -0.00446328 -0.00559133 -0.00902268 -0.00573662 -0.00176526 -0.00135711 -0.000486683 -0.00466252 -0.00177142 -0.00228245 -0.00317241 -0.000865815 -0.0013073 -0.00628571 -0.000283208 -0.00224079 -0.0033 -0.00244554 0.00298067 -0.000829787 -0.000113207 -8.20408e-06 -0.00147368
internal_weight=20102 9237 5395 3422 1175 1973 695 2247 646 529 467 1278 3842 1239 2169 2603 1664 870 939 794 42 1197 1059 100 303 10865 47 636 1097 228
internal_count=20102 9237 5395 3422 1175 1973 695 2247 646 529 467 1278 3842 1239 2169 2603 1664 870 939 794 42 1197 1059 100 303 10865 47 636 1097 228
is_linear=0
shrinkage=0.03


Tree=5
num_leaves=31
num_cat=0
split_feature=26 24 10 27 21 24 10 21 13 17 27 23 10 5 25 22 24 26 4 2 22 21 7 24 4 22 2 6 1 5
split_gain=201.91 22.228 13.9241 5.20093 3.23218 2.45631 2.43851 2.18026 2.0649 1.57127 1.48145 1.46491 1.44467 1.41977 1.28741 1.06787 1.02472 0.967609 0.98503 0.84919 1.76255 1.58169 1.20085 1.45299 0.797209 0.709069 1.32046 1.00248 0.57444 0.564607
threshold=7.5000000000000009 14355.050000000001 16423.990000000002 4216.9456250000012 6694.6400000000012 10281.620000000001 46401.530000000006 10743.125000000002 8343.5650000000023 0.59176597374057971 2046.1083333333338 7647.5216914285593 64982.44000000001 5566.3365625000006 79069.565000000017 7138.2500000000009 4604.4525000000003 3.5000000000000004 125489.16500000001 32651.825000000001 44760.185000000005 54044.350000000006 43595.17617053126 30209.632500000003 1835.9650000000001 18994.515000000003 3111.3600000000001 17672.185792968176 3679.6305797349037 31005.36597589821
decision_type=2 2 2 2 2 2 2 2 2 2 2 2 2 2 2 2 2 2 2 2 2 2 2 2 2 2 2 2 2 2
left_child=1 2 3 4 5 -1 10 15 -9 -6 16 24 19 -12 25 -5 -4 18 -16 22 29 -22 23 -3 -8 27 -27 -14 -13 -21
right_child=-2 12 6 7 9 -7 11 8 -10 -11 13 28 14 -15 17 -17 -18 -19 -20 20 21 -23 -24 -25 -26 26 -28 -29 -30 -31
leaf_value=-41.460686003327197 456.50963705569376 -28.04183921194814 -30.217642674884726 -35.954422338694485 -26.337627779610123 -3.6451431714252873 -54.573031679479982 -33.942992606936606 -45.858825351854691 -40.419099988419624 -16.769858529063583 -46.24064589771374 -33.043101513294516 -39.175936751487185 -54.276974361821125 -14.217233379701897 -14.401784360773249 27.64354487826354 -52.744688072206735 -20.519209652926715 -54.026470659287426 -25.497657836707731 31.81349123184701 -55.796288305341676 -17.221071084396563 -55.88799119592894 -11.558854699993875 28.385695719911798 13.709929250948358 12.083368591037164
leaf_weight=1350 10813 1534 151 415 242 49 99 202 193 474 228 27 101 830 42 167 366 31 47 257 60 92 114 134 345 59 710 404 274 292
leaf_count=1350 10813 1534 151 415 242 49 99 202 193 474 228 27 101 830 42 167 366 31 47 257 60 92 114 134 345 59 710 404 274 292
internal_value=0.000207741 -0.00303617 -0.00427827 -0.00559638 -0.00643262 -0.00727162 -0.00252155 -0.00378608 -0.00550633 -0.0047933 -0.00319048 -0.00110738 -0.0013023 -0.00383365 -0.000529412 -0.00261856 -0.00187427 -0.0035 -0.00508989 -0.00173621 -0.00085164 -0.00371053 -0.00208417 -0.00228777 -0.0022027 -0.000249607 -0.000823147 0.000623762 0.000508306 -6.01092e-05
internal_weight=20102 9289 5412 3092 2115 1399 2320 977 395 716 1575 745 3877 1058 1394 582 517 120 89 2483 701 152 1782 1668 444 1274 769 505 301 549
internal_count=20102 9289 5412 3092 2115 1399 2320 977 395 716 1575 745 3877 1058 1394 582 517 120 89 2483 701 152 1782 1668 444 1274 769 505 301 549
is_linear=0
shrinkage=0.03


Tree=6
num_leaves=31
num_cat=0
split_feature=26 24 10 27 1 21 10 13 18 27 9 2 18 21 2 19 9 2 23 22 31 22 8 15 3 15 7 27 31 18
split_gain=196.356 20.7775 13.2297 4.68166 3.12099 2.05758 2.049 1.89778 1.82303 1.49992 1.48029 1.37071 1.32354 1.63204 1.32421 1.38434 1.46917 1.26074 1.19067 1.17772 1.16667 1.1378 1.07931 0.967178 0.955923 0.92008 0.878793 0.807051 0.569593 0.44834
threshold=7.5000000000000009 14355.050000000001 16423.990000000002 4329.7236805555558 8828.2527177885131 10743.125000000002 46401.530000000006 8343.5650000000023 2259.6900000000005 2103.061666666667 3209.1400000000003 165.74000000000004 0.35706808986722832 5344.1733333333341 32651.825000000001 0.021696241445997775 3788.6950000000002 1984.2550000000003 7647.5216914285593 44760.185000000005 8.5000000000000018 2859.1225000000004 47741.265000000007 0.64991607291666342 10634.015000000001 2.4167985750538885 59803.831141329305 3353.8266666666668 9.5000000000000018 0.10159511118578814
decision_type=2 2 2 2 2 2 2 2 2 2 2 2 2 2 2 2 2 2 2 2 2 2 2 2 2 2 2 2 2 2
left_child=1 2 3 4 8 21 9 -7 -1 23 -11 -6 13 20 15 17 -17 -14 27 28 -3 -5 29 -4 -21 -20 -24 -8 -16 -15
right_child=-2 12 6 5 11 7 18 -9 -10 10 -12 -13 14 22 19 16 -18 -19 25 24 -22 -23 26 -25 -26 -27 -28 -29 -30 -31
leaf_value=-40.556890682725282 442.81434794402293 -2.7494843379839518 -37.864383559193691 -40.653938843596627 33.91083035515112 -32.373971749325342 -39.805666629511748 -45.524200151479597 -36.462102312128643 -26.56922648398745 -38.155169276015727 -36.042291912496744 -32.590565762019004 -32.786879272455408 5.8410443648826611 -13.086391249920347 -37.705447753933953 -9.5163553777709637 13.882003572093009 -52.210561779288007 -52.08339565412718 -24.397086386882592 -55.56965544437076 -15.420320719892203 -29.949797345225456 -39.90433659859319 -51.11264718372842 -12.259620651388984 -34.896126542718669 1.8562789563768738
leaf_weight=1078 10813 21 52 180 22 195 152 188 483 322 718 562 199 145 543 189 687 596 269 45 21 384 24 483 267 32 77 292 107 956
leaf_count=1078 10813 21 52 180 22 195 152 188 483 322 718 562 199 145 543 189 687 596 269 45 21 384 24 483 267 32 77 292 107 956
internal_value=0.000243558 -0.00295543 -0.00415632 -0.00544114 -0.00621678 -0.00368427 -0.00244397 -0.0053812 -0.00691672 -0.00305714 -0.00372115 -0.00434589 -0.00127908 -0.000472669 -0.00166008 -0.00217056 -0.00299315 -0.00126415 -0.00114765 -0.000773389 -0.00628571 -0.00253191 -0.000269551 -0.00176635 -0.00228846 0.00030897 -0.00323762 -0.00213513 -4.61537e-05 2.72491e-06
internal_weight=20102 9289 5412 3092 2145 947 2320 383 1561 1575 1040 584 3877 1244 2633 1671 876 795 745 962 42 564 1202 535 312 301 101 444 650 1101
internal_count=20102 9289 5412 3092 2145 947 2320 383 1561 1575 1040 584 3877 1244 2633 1671 876 795 745 962 42 564 1202 535 312 301 101 444 650 1101
is_linear=0
shrinkage=0.03


Tree=7
num_leaves=31
num_cat=0
split_feature=26 24 10 21 17 16 10 22 17 4 2 2 5 11 12 12 22 0 22 24 10 21 31 5 9 17 12 4 25 28
split_gain=190.43 20.646 12.581 4.63025 2.6252 2.082 1.88875 1.51152 1.47104 1.57694 1.36769 1.92456 1.27622 1.25263 1.11858 0.991465 1.28134 0.909692 0.842794 1.27425 1.21161 1.09693 0.798245 0.683338 0.972378 0.788208 0.626315 0.563338 0.484393 0.464111
threshold=7.5000000000000009 14355.050000000001 16423.990000000002 5926.170000000001 0.21894475180777526 -2724.0295581086639 46401.530000000006 3325.5150000000008 3.3001293055482477 11271.715000000002 13728.285000000002 21507.010000000006 8846.8636865234403 5627.5900000000011 3297.1850000000009 925.29500000000007 10011.860000000002 1576.7444627465065 18994.515000000003 20185.201666666671 53230.005000000005 6301.6583333333347 5.5000000000000009 11280.763046875001 6569.1650000000009 3.800838894378781 1511.7850000000003 7614.6150000000007 76318.815000000017 3.5000000000000004
decision_type=2 2 2 2 2 2 2 2 2 2 2 2 2 2 2 2 2 2 2 2 2 2 2 2 2 2 2 2 2 2
left_child=1 2 3 4 7 -6 10 -1 9 -5 17 -12 13 -8 15 23 26 -4 21 20 -20 -16 -18 24 -3 -25 -17 -14 -21 -23
right_child=-2 14 6 8 5 -7 12 -9 -10 -11 11 -13 27 -15 18 16 22 -19 19 28 -22 29 -24 25 -26 -27 -28 -29 -30 -31
leaf_value=-36.536658097344997 429.5299175057022 -4.9560699171823464 40.024827259849303 -32.141856461368356 -20.396217851264474 -41.58625411232471 -27.038088255940497 -13.68757719084754 15.37754012904923 -35.740331599638679 -44.594722704963274 -24.194617285171955 19.715313147542982 -53.821627488760498 -41.216643296544603 -24.916540097135464 -29.966610854442191 -30.07702672569928 -56.821958973409082 -9.0955780963613346 8.4619304219182094 -12.505280627641932 -47.024837162156885 -22.792923552519504 -42.336456567700012 142.90005199840925 7.0281153798770459 -1.2180890313169457 -49.856634987776225 28.042443516540217
leaf_weight=463 10813 77 45 948 44 905 373 104 33 595 177 159 159 22 25 60 255 1194 40 496 23 53 263 1899 93 43 141 191 71 338
leaf_count=463 10813 77 45 948 44 905 373 104 33 595 177 159 159 22 25 60 255 1194 40 496 23 53 263 1899 93 43 141 191 71 338
internal_value=0.000285345 -0.002865 -0.00406208 -0.00531501 -0.00649868 -0.00746365 -0.00239224 -0.0048836 -0.0041764 -0.00431043 -0.00298095 -0.00467857 -0.00114765 -0.00231646 -0.00119396 -0.00150371 -0.00246592 -0.00252058 -0.00035564 -0.00104762 -0.00509524 0.000692308 -0.00325483 -0.00117614 -0.003 -0.00101648 -0.000432836 0.000171429 -0.000597883 0.00108184
internal_weight=20102 9289 5412 3092 1516 949 2320 567 1576 1543 1575 336 745 395 3877 2831 719 1239 1046 630 63 416 518 2112 170 1942 201 350 567 391
internal_count=20102 9289 5412 3092 1516 949 2320 567 1576 1543 1575 336 745 395 3877 2831 719 1239 1046 630 63 416 518 2112 170 1942 201 350 567 391
is_linear=0
shrinkage=0.03


Tree=8
num_leaves=31
num_cat=0
split_feature=26 0 10 21 27 18 0 13 16 10 4 18 13 5 22 5 27 26 5 2 8 15 22 4 28 4 12 27 27 26
split_gain=186.669 18.038 8.66554 4.80398 3.68131 3.23384 3.21302 2.37242 2.19734 1.59368 1.56134 1.57969 1.56768 1.46605 1.26516 1.08304 1.23104 1.07726 1.0115 0.876673 0.860936 1.01638 0.602725 1.16667 0.551646 0.534702 0.4612 0.409684 1.02234 0.476405
threshold=7.5000000000000009 11928.84198395115 16423.990000000002 5926.170000000001 3320.2633333333338 0.42415576095854207 18638.150715547486 6456.4950000000017 -2724.0295581086639 72855.927500000005 11976.490000000002 0.46201691125926064 6563.8300000000008 4585.8241015625008 10876.885 5566.3365625000006 8430.3566666666684 1.5000000000000002 4428.1073437500008 32651.825000000001 47741.265000000007 0.70237513773866722 1964.6800000000001 359.43500000000006 8.5000000000000018 99272.275000000009 2016.2050000000002 6662.9630555555568 6336.9368750000003 4.5000000000000009
decision_type=2 2 2 2 2 2 2 2 2 2 2 2 2 2 2 2 2 2 2 2 2 2 2 2 2 2 2 2 2 2
left_child=1 2 3 4 8 20 10 -6 -1 15 11 -7 -12 -5 -15 18 -17 24 -4 -19 27 -22 23 -11 -8 -23 -24 28 -3 -29
right_child=-2 5 9 13 7 6 17 -9 -10 22 12 -13 -14 14 -16 16 -18 19 -20 -21 21 25 26 -25 -26 -27 -28 29 -30 -31
leaf_value=-15.712988042028861 416.64401998053114 -8.0551452099765637 -26.738763057852804 -43.802311337883147 -31.774511789011378 -34.677799827722417 -7.6742631727648254 -38.944147255176283 -38.19360677659656 15.798239128897549 -32.675935519216665 -22.344298316147722 -39.558996414195313 -31.986994200226711 -31.617133601655965 -31.207444514903379 -40.728889191319652 -35.063502966873301 -1.1947946099712141 -20.158099484257772 -51.171448977156551 -51.685080851703972 37.295787614370141 -55.500848182134554 75.561451472286507 115.40826547343865 -14.471558293291414 -1.8573621242250125 -27.973403460719751 38.729654013137988
leaf_weight=60 10813 421 459 35 295 27 215 63 1120 21 390 533 206 1020 233 849 220 621 201 763 20 76 105 21 77 28 79 1040 24 67
leaf_count=60 10813 421 459 35 295 27 215 63 1120 21 390 533 206 1020 233 849 220 621 201 763 20 76 105 21 77 28 79 1040 24 67
internal_value=0.000312208 -0.00280687 -0.00409057 -0.00515287 -0.00628479 -0.00144543 -0.00206356 -0.00362011 -0.00709322 -0.00255499 -0.00328028 -0.00214286 -0.00434899 -0.00380124 -0.00363208 -0.00286466 -0.00345463 -0.00122434 -0.00190909 -0.0015737 -0.000400955 -0.00280645 -0.000185841 -0.00342857 0.000431507 -0.00161538 0.000554348 -0.000208763 -0.000977528 0.000100271
internal_weight=20102 9289 4781 2826 1538 4508 2832 358 1180 1955 1156 560 596 1288 1253 1729 1069 1676 660 1384 1676 124 226 42 292 104 184 1552 445 1107
internal_count=20102 9289 4781 2826 1538 4508 2832 358 1180 1955 1156 560 596 1288 1253 1729 1069 1676 660 1384 1676 124 226 42 292 104 184 1552 445 1107
is_linear=0
shrinkage=0.03


Tree=9
num_leaves=31
num_cat=0
split_feature=26 24 10 21 17 27 10 22 27 17 4 25 12 27 27 8 17 24 22 12 31 6 22 24 18 22 23 7 4 17
split_gain=180.921 18.818 12.3034 4.44429 3.86474 2.36191 2.07708 1.785 1.49001 1.38303 1.37744 1.18114 1.16278 1.15377 1.79364 1.21542 1.12891 0.943421 0.940513 1.60053 0.903278 0.891632 0.820543 1.108 1.73257 0.734113 0.705263 0.64642 0.579746 0.509989
threshold=7.5000000000000009 14355.050000000001 16423.990000000002 5926.170000000001 0.21894475180777526 3320.2633333333338 46401.530000000006 3325.5150000000008 2103.061666666667 3.3001293055482477 11976.490000000002 9196.3325000000023 3297.1850000000009 6776.8472222222235 6136.6050000000005 9567.6075000000019 0.36835669123497211 4604.4525000000003 19328.925000000003 963.18500000000006 6.5000000000000009 12230.279591549999 18994.515000000003 21880.002500000006 0.48032769192903763 3854.6400000000003 2195.2258229220824 19861.325463856618 7855.2000000000007 0.71280490782345207
decision_type=2 2 2 2 2 2 2 2 2 2 2 2 2 2 2 2 2 2 2 2 2 2 2 2 2 2 2 2 2 2
left_child=1 2 3 4 7 -6 8 -1 17 10 -5 26 13 14 15 -3 -10 -4 21 -20 -16 -15 25 24 -24 -14 -8 -27 -13 -25
right_child=-2 12 6 9 5 -7 11 -9 16 -11 -12 28 22 18 20 -17 -18 -19 19 -21 -22 -23 23 29 -26 27 -28 -29 -30 -31
leaf_value=-34.294750151126749 404.14469938111517 -6.7414362097452347 -27.525462350354012 -30.505126827122751 -39.454293239555589 -35.106435599610514 -40.105287670275764 -12.131141671824212 -25.348764362833798 15.875823751184553 -33.683955718251227 60.515031437092226 -50.375317552747163 -28.742140366866614 -40.125378943533661 -30.296525901736143 -35.073010788679255 -11.81352976160329 -24.387044467845861 -47.289693126707796 -54.465029993868121 1.4950906144688483 1.2913803780115163 54.938686961328983 -52.940236433680248 -1.723467505687583 -14.945876594781558 50.342888911317047 -0.34561831059020498 -18.760997685764121
leaf_weight=463 10813 223 157 983 737 212 167 104 313 33 560 79 39 51 32 562 727 378 986 223 33 721 51 101 50 153 359 224 140 428
leaf_count=463 10813 223 157 983 737 212 167 104 313 33 560 79 39 51 32 562 727 378 986 223 33 721 51 101 50 153 359 224 140 428
internal_value=0.00035101 -0.00271967 -0.00386253 -0.00510155 -0.00626121 -0.00743203 -0.00221121 -0.00430159 -0.00282857 -0.00398604 -0.00411601 -0.00090604 -0.00112432 -0.00144013 -0.00236471 -0.00196815 -0.00349038 -0.00154206 -0.00104341 -0.00156576 -0.00715385 -0.000225388 -0.000269598 -0.000952381 -0.00383168 0.000764423 -0.00167681 0.00116976 0.000945206 -0.000402646
internal_weight=20102 9289 5412 3092 1516 949 2320 567 1575 1576 1543 745 3877 2831 850 785 1040 535 1981 1209 65 772 1046 630 101 416 526 377 219 529
internal_count=20102 9289 5412 3092 1516 949 2320 567 1575 1576 1543 745 3877 2831 850 785 1040 535 1981 1209 65 772 1046 630 101 416 526 377 219 529
is_linear=0
shrinkage=0.03


Tree=10
num_leaves=31
num_cat=0
split_feature=26 24 18 6 18 27 27 20 24 18 3 31 16 14 18 25 5 4 22 0 22 4 4 25 27 15 9 5 13 23
split_gain=178.066 18.3026 9.12534 6.37373 3.42842 2.34854 2.01863 1.9899 1.52695 1.22971 1.17483 1.51567 1.10278 1.63257 1.06951 1.39306 1.05982 0.907074 0.873223 0.778997 1.61898 1.54244 1.34644 1.32761 1.25697 0.687304 0.759114 0.622493 0.561865 0.530229
threshold=7.5000000000000009 14355.050000000001 0.32828964473806649 6296.5433764500003 0.67652637903821555 3211.5650000000005 567.00500000000011 0.99912062516713107 4604.4525000000003 0.077335155176398426 2285.3350000000005 7.5000000000000009 -2833.019627392739 446.89000000000004 0.35706808986722832 49937.50250000001 7979.6523437500009 14475.780000000001 6959.5700000000006 25328.51521991636 23187.050000000003 21312.050000000003 22272.190000000002 20294.690000000006 3382.0072916666672 0.67234615367111494 88841.395000000019 22384.338500671391 1951.0150000000001 18296.601606040178
decision_type=2 2 2 2 2 2 2 2 2 2 2 2 2 2 2 2 2 2 2 2 2 2 2 2 2 2 2 2 2 2
left_child=1 2 5 4 6 8 -4 -6 9 -1 11 -7 13 -5 15 16 -3 -14 -10 21 27 23 -23 -16 -22 -17 -27 -21 -18 -12
right_child=-2 14 3 12 7 10 -8 -9 18 -11 29 -13 17 -15 19 25 28 -19 -20 20 24 22 -24 -25 -26 26 -28 -29 -30 -31
leaf_value=-24.423589272811366 392.0203583996817 -30.959936149537288 -39.610030092711405 -2.8973421725355073 -33.707217046968836 -22.638346434151298 -37.428767085647856 9.8354793405249765 -21.532454212931029 -32.554748150485189 -2.2788382689471853 -46.412415646789817 -30.416110369051506 -33.42952821449299 -12.299574636768494 -47.959009366500943 5.4017656289336058 -32.68174541758777 -35.807430360793269 -29.238177064543112 -39.752531361644259 -42.723233183432164 -30.347509816236794 -33.009981146316512 -31.347227317525334 -50.786723673988689 -21.748449427565511 36.604970691727651 -7.4506723628417326 -49.613449210715729
leaf_weight=129 10813 32 56 169 765 220 320 37 432 354 612 78 1360 417 774 21 634 312 128 23 32 29 545 141 846 33 61 243 463 23
leaf_count=129 10813 32 56 169 765 220 320 37 432 354 612 78 1360 417 774 21 634 312 128 23 32 29 545 141 846 33 61 243 463 23
internal_value=0.000371903 -0.00267445 -0.00380155 -0.00473574 -0.00652462 -0.00217713 -0.0088883 -0.00541646 -0.00315532 -0.0043913 -0.0010836 -0.00263758 -0.00380248 -0.00268259 -0.00110111 -0.000376206 -5.58015e-05 -0.00419498 -0.00208929 -0.0014436 -0.000854895 -0.0018959 -0.00311498 -0.00113115 -0.00147608 -0.00352174 -0.00242553 0.00119549 0.000101185 -0.000354331
internal_weight=20102 9289 5412 3436 1178 1976 376 802 1043 483 933 298 2258 586 3877 1244 1129 1672 560 2633 1144 1489 574 915 878 115 94 266 1097 635
internal_count=20102 9289 5412 3436 1178 1976 376 802 1043 483 933 298 2258 586 3877 1244 1129 1672 560 2633 1144 1489 574 915 878 115 94 266 1097 635
is_linear=0
shrinkage=0.03


Tree=11
num_leaves=31
num_cat=0
split_feature=26 24 10 18 27 10 21 21 27 5 17 3 15 8 18 25 5 14 11 2 2 3 13 22 10 22 3 8 3 25
split_gain=172.225 16.8727 11.2789 4.18684 2.75262 2.31267 1.7713 1.71004 1.52944 1.41799 1.29202 1.15839 1.14183 1.01417 0.980124 1.17158 1.04938 0.94763 0.923344 0.868735 1.33164 1.14691 1.12386 1.02919 0.815216 0.802276 0.74486 0.63381 0.55914 0.543856
threshold=7.5000000000000009 14355.050000000001 16423.990000000002 4948.0296415546882 3320.2633333333338 46401.530000000006 11177.560000000003 6118.5250000000005 2103.061666666667 8846.8636865234403 0.36835669123497211 21409.980000000003 0.64991607291666342 2482.5650000000005 0.35706808986722832 49937.50250000001 7979.6523437500009 20545.010000000006 5627.5900000000011 32651.825000000001 30836.615000000002 30373.180000000004 1.0000000180025095e-35 44760.185000000005 329083.84000000008 3606.5550000000003 10634.015000000001 4139.2400000000007 48688.945000000007 32885.662500000013
decision_type=2 2 2 2 2 2 2 2 2 2 2 2 2 2 2 2 2 2 2 2 2 2 2 2 2 2 2 2 2 2
left_child=1 2 3 4 7 8 -6 -1 12 18 -10 13 -4 -5 15 16 -3 24 -7 20 22 -22 -16 28 -17 -13 -25 -11 -21 -18
right_child=-2 14 5 11 6 9 -8 -9 10 27 -12 25 -14 -15 19 17 29 -19 -20 23 21 -23 -24 26 -26 -27 -28 -29 -30 -31
leaf_value=-33.866968516516643 380.25974764769131 -30.031138065051167 -33.46187148530651 -35.82685594550977 -28.048696802792499 -23.544757894187583 -35.597988243467618 -33.319190483036536 -23.935692436809113 -52.916598346336514 -33.268243253074154 -38.595149573129497 -11.898248454923772 -30.470496649866103 -15.001904859787571 -21.824762525299708 -1.9489042814245086 27.743557222403936 -49.953189345076794 5.8051124936461349 -30.870741332836342 -50.278474978231877 -28.417647076586874 -47.908395110296667 -48.645303803558171 5.101682833289936 -26.090744580204234 10.370702607229552 -30.594698303431873 66.257466331998657
leaf_weight=1084 10813 32 52 40 528 373 177 333 313 20 727 21 483 821 758 30 964 32 22 620 38 29 846 45 53 88 267 330 30 133
leaf_count=1084 10813 32 52 40 528 373 177 333 313 20 727 21 483 821 758 30 964 32 22 620 38 29 846 45 53 88 267 330 30 133
internal_value=0.000415183 -0.00258079 -0.00366297 -0.00484929 -0.00559566 -0.0020819 -0.00406383 -0.0063578 -0.00273333 -0.000704698 -0.00340385 -0.00321649 -0.00142991 -0.00358537 -0.00107016 -0.000376206 -8.23737e-05 -0.00326087 -0.00193671 -0.00139802 -0.00181149 -0.00595522 -0.0016384 -0.000679834 -0.00495181 -0.000302752 -0.00209615 0.000685714 1.11759e-10 7.38378e-05
internal_weight=20102 9289 5412 3092 2122 2320 705 1417 1575 745 1040 970 535 861 3877 1244 1129 115 395 2633 1671 67 1604 962 83 109 312 350 650 1097
internal_count=20102 9289 5412 3092 2122 2320 705 1417 1575 745 1040 970 535 861 3877 1244 1129 115 395 2633 1671 67 1604 962 83 109 312 350 650 1097
is_linear=0
shrinkage=0.03


Tree=12
num_leaves=31
num_cat=0
split_feature=26 24 10 18 27 10 21 21 27 5 15 5 11 16 23 18 25 2 2 19 25 24 13 21 25 15 1 15 7 11
split_gain=170.234 16.159 11.4109 4.09714 2.70254 1.97371 1.82982 1.75872 1.39588 1.21796 1.17235 1.16308 0.949817 0.943057 1.28688 0.913187 1.37178 0.917274 1.33164 1.15599 0.998821 1.48091 0.741031 0.733066 0.720238 0.687304 1.11901 0.614474 0.442562 0.413132
threshold=7.5000000000000009 14355.050000000001 16423.990000000002 4948.0296415546882 3320.2633333333338 46401.530000000006 11177.560000000003 6118.5250000000005 2103.061666666667 5566.3365625000006 0.64991607291666342 8846.8636865234403 3995.1900000000001 7614.3388661875024 12310.397948002645 0.35706808986722832 49937.50250000001 32651.825000000001 30836.615000000002 0.021696241445997775 43413.912500000006 55069.526666666665 28681.250000000004 6301.6583333333347 7390.2725 0.67234615367111494 80992.326030102719 2.4167985750538885 19861.325463856618 960.02500000000009
decision_type=2 2 2 2 2 2 2 2 2 2 2 2 2 2 2 2 2 2 2 2 2 2 2 2 2 2 2 2 2 2
left_child=1 2 3 4 7 8 -6 -1 10 -10 -4 12 -7 14 -5 16 23 18 19 -17 29 -22 -20 24 -3 -18 -27 -13 -25 -19
right_child=-2 15 5 13 6 11 -8 -9 9 -11 -12 27 -14 -15 -16 17 25 20 22 -21 21 -23 -24 28 -26 26 -28 -29 -30 -31
leaf_value=-32.850959461021148 368.85195521826057 1.9106669217593495 -32.458015340747316 -29.362796293946872 -27.207235898708728 -21.007190058917075 -34.530048596163596 -32.319614768545442 -12.096309277128141 -32.234677716967482 -11.541301001276059 11.740061547840501 -47.458968011105043 -40.861598203074891 -10.118551407165677 -14.46993093430417 -45.060879971399167 33.310163833242804 -47.647101732709359 -27.612709725522048 -49.079100398406617 -21.812892442724412 -3.0098291790049485 -9.1627359144440295 -36.989495965160408 -49.100118027391879 42.275554127616907 -36.041682127289512 11.497364827470815 -10.897503652301801
leaf_weight=1084 10813 24 52 778 528 352 177 333 218 822 483 324 43 32 160 773 21 109 46 831 61 189 21 397 32 55 39 26 676 603
leaf_count=1084 10813 24 52 778 528 352 177 333 218 822 483 324 43 32 160 773 21 109 46 831 61 189 21 397 32 55 39 26 676 603
internal_value=0.000430107 -0.0025485 -0.00360754 -0.00480078 -0.00553911 -0.00201724 -0.00402128 -0.00629428 -0.00261905 -0.00325962 -0.00137383 -0.000744966 -0.00186076 -0.00318557 -0.00301279 -0.00107016 -0.000400321 -0.00138663 -0.00181149 -0.0016384 -0.000648649 -0.00228 -0.00595522 -8.23737e-05 -0.00342857 -0.00352174 -0.00242553 0.000514286 9.22648e-05 -7.58426e-05
internal_weight=20102 9289 5412 3092 2122 2320 705 1417 1575 1040 535 745 395 970 938 3877 1244 2633 1671 1604 962 250 67 1129 56 115 94 350 1073 712
internal_count=20102 9289 5412 3092 2122 2320 705 1417 1575 1040 535 745 395 970 938 3877 1244 2633 1671 1604 962 250 67 1129 56 115 94 350 1073 712
is_linear=0
shrinkage=0.03


Tree=13
num_leaves=31
num_cat=0
split_feature=12 11 10 24 17 18 27 21 31 10 23 1 7 22 12 18 3 23 15 8 18 23 12 3 14 17 22 24 24 10
split_gain=136.24 21.6447 13.6994 9.2238 8.24285 3.11718 2.40349 2.46188 2.27645 1.96128 1.62845 1.60607 1.54515 1.51164 1.45895 1.25204 1.2384 1.16363 1.627 1.12417 0.965155 0.953267 1.17975 1.05219 0.853471 1.5626 1.02201 0.730711 1.23133 1.15403
threshold=2157.5000000000005 5900.0850000000009 16423.990000000002 14355.050000000001 0.75203763973686633 4948.0296415546882 3417.5625000000009 11177.560000000003 12.500000000000002 37642.797500000008 1477.7344745933431 9030.6076204687506 19861.325463856618 63326.835000000006 13908.035000000002 0.77314429419792485 6510.9450000000006 4761.4577398320862 1.0006732106565741 2482.5650000000005 0.96293747480455993 7806.8892863716674 925.29500000000007 18955.830000000005 172.39000000000001 2.8397691286277449 6246.1150000000007 13598.123333333335 19107.656833333338 49344.400000000001
decision_type=2 2 2 2 2 2 2 2 2 2 2 2 2 2 2 2 2 2 2 2 2 2 2 2 2 2 2 2 2 2
left_child=2 12 3 5 16 6 11 -8 9 10 -4 -1 14 -14 27 -12 -3 18 -7 -19 -18 22 -11 -23 -5 26 -26 29 -29 -2
right_child=1 4 8 24 -6 17 7 -9 -10 21 15 -13 13 -15 -16 -17 20 19 -20 -21 -22 23 -24 -25 25 -27 -28 28 -30 -31
leaf_value=-32.43670721977179 -29.416768146479903 -31.879204341435084 -1.6538433417254921 1.9316177392087166 -15.25056906273308 -29.099050682025382 -26.389657654718274 -33.752387152580823 226.3585554124617 -20.523026474522489 -27.682997770719805 -31.598919612419852 7.2111820086453591 -49.314987862211964 -57.574021402175745 -8.0573037646595704 369.24249910420997 -35.267870111383452 -42.790211594864978 -23.981804920930909 -20.778189727815665 5.5366652475349314 -42.458275984278863 -24.441734317134092 30.405866684114883 -48.347715056437004 -25.542051968760774 10.597930238472587 -47.773833985046643 0.17161456195014529
leaf_weight=1146 462 20 256 239 568 181 481 164 98 490 1240 213 530 28 25 208 10700 33 61 497 37 586 118 662 70 24 537 169 107 152
leaf_count=1146 462 20 256 239 568 181 481 164 98 490 1240 213 530 28 25 208 10700 33 61 497 37 586 118 662 70 24 537 169 107 152
internal_value=0.000461447 0.00232724 -0.00280778 -0.00410916 0.00277219 -0.00495389 -0.00557784 -0.00406977 -0.00151066 -0.00163483 -0.00236972 -0.0062936 -0.00109369 0.000150538 -0.00185246 -0.00275967 0.00295817 -0.0033342 -0.00505785 -0.00254717 0.00297206 -0.000960129 -0.00193421 -0.000485577 -0.00141379 -0.00199208 -0.00169522 -0.00165169 -0.000369565 -0.00222801
internal_weight=20102 12798 7304 3646 11325 2776 2004 645 3658 3560 1704 1359 1473 558 915 1448 10757 772 242 530 10737 1856 608 1248 870 631 607 890 276 614
internal_count=20102 12798 7304 3646 11325 2776 2004 645 3658 3560 1704 1359 1473 558 915 1448 10757 772 242 530 10737 1856 608 1248 870 631 607 890 276 614
is_linear=0
shrinkage=0.03


Tree=14
num_leaves=31
num_cat=0
split_feature=26 24 10 18 27 21 10 12 3 3 5 7 24 11 12 12 24 15 7 9 19 19 27 17 3 7 7 13 7 12
split_gain=161.056 14.6403 10.4251 4.07262 2.59308 2.39133 1.70711 1.57518 1.09145 1.53387 1.08988 1.07076 1.62148 0.984404 0.869033 1.02709 0.986672 1.29584 0.821305 0.820629 0.698256 0.693433 0.683159 1.60496 0.616829 0.607557 1.66598 0.572076 0.499655 0.192481
threshold=7.5000000000000009 14355.050000000001 16423.990000000002 4948.0296415546882 3595.6833333333338 11177.560000000003 46401.530000000006 1622.5500000000002 13257.76 12042.835000000001 8846.8636865234403 1955.2101278437501 2417.5358333333338 3995.1900000000001 2397.0600000000004 963.18500000000006 22808.147500000003 1.3199576553166266 23870.135974716224 286157.09000000003 0.021696241445997775 0.53230992475989813 6721.4134027777791 0.34337830949728648 107816.60500000003 20025.05790480004 19251.929480650037 20082.490000000005 21915.925616625002 1104.5950000000003
decision_type=2 2 2 2 2 2 2 2 2 2 2 2 2 2 2 2 2 2 2 2 2 2 2 2 2 2 2 2 2 2
left_child=1 2 3 4 7 -6 11 -1 9 -5 13 29 -13 -8 15 22 18 -18 -17 25 -10 -2 23 -3 -24 26 -16 -27 -12 -4
right_child=21 14 6 8 5 -7 10 -9 20 -11 28 12 -14 -15 19 16 17 -19 -20 -21 -22 -23 24 -25 -26 27 -28 -29 -30 -31
leaf_value=-31.516009503402202 348.79517436845748 19.912692103794868 26.532387555471992 -29.391525616417873 -25.334371527468118 -33.195162511145512 -20.344754920194724 -26.919094618031743 5.262716103935789 -34.618729487236045 10.601864804092765 -45.595127180276826 -25.796138055853209 -45.575866375796835 -4.1637092592879075 -23.651323983290649 -47.429783529396758 10.738727016439803 27.828336240777212 -49.368966274905866 -12.891845342694342 -42.29054721435778 -11.449352908146018 -26.249564274150419 -46.676313537388893 -1.3459132704901144 -53.894835339515289 50.095691440888302 -18.681530296974774 -12.129077255945557
leaf_weight=1305 10790 106 56 688 476 169 352 172 118 39 314 25 1474 43 347 258 158 33 44 34 125 23 1522 400 100 716 30 129 36 20
leaf_count=1305 10790 106 56 688 476 169 352 172 118 39 314 25 1474 43 347 258 158 33 44 34 125 23 1522 400 100 716 30 129 36 20
internal_value=0.000497264 -0.00239994 -0.00340798 -0.00454851 -0.00528464 -0.00369767 -0.00188793 -0.00597766 -0.00293814 -0.00351994 -0.000704698 -0.00244762 -0.00262375 -0.00178481 -0.000992778 -0.0013037 -0.00253753 -0.00422513 -0.0014702 -0.000343949 -0.00119753 0.00298613 -0.00101786 -0.00198024 -0.000717632 -0.000216039 -0.00121751 0.000230769 0.000514286 0.00102632
internal_weight=20102 9289 5412 3092 2122 645 2320 1477 970 727 745 1575 1499 395 3877 2621 493 191 302 1256 243 10813 2128 506 1622 1222 377 845 350 76
internal_count=20102 9289 5412 3092 2122 645 2320 1477 970 727 745 1575 1499 395 3877 2621 493 191 302 1256 243 10813 2128 506 1622 1222 377 845 350 76
is_linear=0
shrinkage=0.03


Tree=15
num_leaves=31
num_cat=0
split_feature=26 24 10 18 27 21 25 10 4 17 22 21 8 24 6 3 3 1 20 23 4 14 1 11 14 19 15 14 8 6
split_gain=158.172 14.2786 10.2986 3.588 2.41255 2.09674 1.74644 1.3468 1.10953 1.63244 1.09262 1.29192 1.51626 1.15225 2.45125 0.978498 1.53387 0.857537 0.851579 0.799859 0.798585 0.788844 1.01167 0.917543 0.742332 0.693433 0.62741 0.455003 0.793631 0.135082
threshold=7.5000000000000009 14355.050000000001 16423.990000000002 4948.0296415546882 942.10933333333344 15964.55166666667 1171.8725000000002 46401.530000000006 5404.5750000000007 1.5012704062436362 19523.225000000002 25948.905000000002 2754.9875000000006 15412.522500000001 16947.181746932514 13257.76 12042.835000000001 4411.1697479877521 0.20063641095631565 7647.5216914285593 1835.9650000000001 34115.795000000006 12447.379953915939 1105.4200000000003 870.60000000000014 0.53230992475989813 2.4167985750538885 7341.3750000000009 13359.720000000003 20479.401416584999
decision_type=2 2 2 2 2 2 2 2 2 2 2 2 2 2 2 2 2 2 2 2 2 2 2 2 2 2 2 2 2 2
left_child=1 2 3 4 6 -6 -1 8 17 -10 11 12 -3 14 -12 16 -5 -4 -14 20 -9 23 -23 -15 -17 -2 -21 29 -29 -13
right_child=25 10 7 15 5 -7 -8 19 9 -11 13 27 18 21 -16 24 -18 -19 -20 26 -22 22 -24 -25 -26 -27 -28 28 -30 -31
leaf_value=-26.73553093174143 338.3313191374038 -47.641160820264894 -18.434975324355861 -28.509779847925341 -28.019387652340772 -39.685960668281453 -29.83147479890668 -45.341535249292164 -33.075925916965637 -14.963537759490764 20.489944359211101 4.3218002398299129 -18.352251232412566 -40.294928274723574 -33.941768863668756 15.962923468998213 -33.580167602618957 -15.015393289310463 10.562215989000732 13.386860116360456 -10.877742700498962 -48.754540245223744 42.236330411128641 -20.969197898850496 -13.92642054029665 -41.021830797927052 -36.159059895021294 -25.633740186003614 47.046985374624576 77.052306395521171
leaf_weight=131 10790 20 310 688 1528 48 415 99 541 219 24 20 1159 614 22 70 39 505 323 269 345 20 189 1187 173 23 32 50 92 157
leaf_count=131 10790 20 310 688 1528 48 415 99 541 219 24 20 1159 614 22 70 39 505 323 269 345 20 189 1187 173 23 32 50 92 157
internal_value=0.00051965 -0.00235149 -0.00334701 -0.00448059 -0.00517154 -0.00457614 -0.00689011 -0.00183621 -0.00233333 -0.00315789 -0.000961826 -0.000426689 -0.00079494 -0.0014358 -0.00613043 -0.00296907 -0.00351994 -0.00156442 -0.00068421 -0.000785235 -0.00159459 -0.00132836 0.000416268 -0.00153082 -0.00132099 0.00298613 0.000408638 0.00130721 4.22536e-05 0.00232203
internal_weight=20102 9289 5412 3092 2122 1576 546 2320 1575 760 3877 1821 1502 2056 46 970 727 815 1482 745 444 2010 209 1801 243 10813 301 319 142 177
internal_count=20102 9289 5412 3092 2122 1576 546 2320 1575 760 3877 1821 1502 2056 46 970 727 815 1482 745 444 2010 209 1801 243 10813 301 319 142 177
is_linear=0
shrinkage=0.03


Tree=16
num_leaves=31
num_cat=0
split_feature=26 24 10 18 27 21 25 10 3 3 5 11 5 27 24 12 12 24 15 9 7 13 27 27 7 7 17 8 9 15
split_gain=155.503 13.5188 9.85001 3.42298 2.57859 1.77603 1.68346 1.35058 1.05301 1.55582 1.01013 0.984404 0.97929 1.3513 1.15231 0.829828 1.00215 1.05911 1.29584 0.829178 0.778798 0.668928 0.659244 1.60588 0.637709 1.66598 0.590564 0.572511 0.566903 0.497781
threshold=7.5000000000000009 14355.050000000001 16423.990000000002 4948.0296415546882 942.10933333333344 15964.55166666667 1171.8725000000002 46401.530000000006 13257.76 12042.835000000001 8846.8636865234403 3995.1900000000001 5566.3365625000006 1777.6838194444447 4604.4525000000003 2397.0600000000004 963.18500000000006 22808.147500000003 1.3199576553166266 286157.09000000003 23870.135974716224 1.0000000180025095e-35 6721.4134027777791 6136.6050000000005 20025.05790480004 19251.929480650037 3.5011814696576349 4139.2400000000007 20652.900000000005 1.0708303503302445
decision_type=2 2 2 2 2 2 2 2 2 2 2 2 2 2 2 2 2 2 2 2 2 2 2 2 2 2 2 2 2 2
left_child=1 2 3 4 6 -6 -1 12 9 -5 11 -9 14 -14 -4 16 22 20 -19 24 -18 -10 23 -3 25 -17 -24 -12 -26 -2
right_child=29 15 7 8 5 -7 -8 10 21 -11 27 -13 13 -15 -16 19 17 18 -20 -21 -22 -23 26 -25 28 -27 -28 -29 -30 -31
leaf_value=-25.933465003789188 327.92259046700991 -20.462159643816623 -22.168666045766411 -27.654486452487578 -27.178806022770548 -38.495381848233009 -28.936530554939484 -19.444401621728439 4.6752871101859608 -32.572762574540391 -49.954400735892577 -43.730570152873995 -6.7638735463938948 -28.736355345029079 0.91777365390735 -3.8352036039620678 -22.106060450099559 -44.99315974966953 10.982834426661181 -48.670194197298528 27.599009565491048 -12.048868676073338 -15.391323692950023 -44.100296987048587 37.207817916906905 -51.634920721549967 156.69308960663818 10.02000815690592 -4.3366037775683699 7.3959926654336501
leaf_weight=131 10781 467 265 688 1528 48 415 352 117 39 20 43 175 864 271 347 258 158 33 34 44 126 1569 39 240 30 53 330 605 32
leaf_count=131 10781 467 265 688 1528 48 415 352 117 39 20 43 175 864 271 347 258 158 33 34 44 126 1569 39 240 30 53 330 605 32
internal_value=0.000540543 -0.00230628 -0.00327494 -0.00438357 -0.00505844 -0.00444289 -0.00683516 -0.00179741 -0.00290722 -0.00347868 -0.000744966 -0.00178481 -0.00229524 -0.00283253 -0.00125373 -0.000954088 -0.00125792 -0.00247667 -0.00422513 -0.000320064 -0.00137086 -0.00119753 -0.000975564 -0.00192095 -0.000191489 -0.00121751 -0.000680641 0.000428572 0.000266272 0.00298613
internal_weight=20102 9289 5412 3092 2122 1576 546 2320 970 727 745 395 1575 1039 536 3877 2621 493 191 1256 302 243 2128 506 1222 377 1622 350 845 10813
internal_count=20102 9289 5412 3092 2122 1576 546 2320 970 727 745 395 1575 1039 536 3877 2621 493 191 1256 302 243 2128 506 1222 377 1622 350 845 10813
is_linear=0
shrinkage=0.03


Tree=17
num_leaves=31
num_cat=0
split_feature=26 24 10 27 19 21 21 17 16 10 25 12 27 3 10 22 21 8 0 31 29 12 27 14 27 19 21 4 31 25
split_gain=152.294 12.5922 9.03011 3.27083 2.26671 1.51091 1.79254 1.39181 1.32318 1.19809 1.54259 1.7699 1.06103 1.17201 1.02787 0.966049 1.17891 1.51626 1.1255 0.961922 1.26893 0.936091 0.705775 1.91363 0.700824 0.693433 0.683766 0.659358 0.42768 0.420847
threshold=7.5000000000000009 14355.050000000001 16423.990000000002 2621.6650000000004 0.034359536807359266 5926.170000000001 4261.8533333333344 0.78437911297247498 -922.09567685503123 33577.735000000008 10952.660000000002 341.89500000000004 3353.8266666666668 12883.635000000002 5386.2875000000013 19523.225000000002 25948.905000000002 2754.9875000000006 18638.150715547486 7.5000000000000009 2.5000000000000004 4401.0250000000005 3089.1655555555558 1393.0350000000003 6136.6050000000005 0.53230992475989813 20161.345000000005 34871.210000000006 10.500000000000002 53382.545000000006
decision_type=2 2 2 2 2 2 2 2 2 2 2 2 2 2 2 2 2 2 2 2 2 2 2 2 2 2 2 2 2 2
left_child=1 2 3 5 14 6 -1 -6 -7 10 21 -12 13 -11 -5 16 17 -3 19 20 -17 -4 23 -20 -24 -2 -21 -19 -14 -18
right_child=25 15 9 4 7 8 -8 -9 -10 12 11 -13 28 -15 -16 18 29 27 22 26 -22 -23 24 -25 -26 -27 -28 -29 -30 -31
leaf_value=-28.506555491119851 318.34370184927138 -44.950936686194225 -20.763351533543371 -17.617100077888733 -24.65821412539206 -27.647560411814624 -28.069862712208892 -27.708841143284619 -8.9108792511423527 -31.51208021525618 -36.734845551567304 -21.903532565434691 -2.2825616787136864 3.2151231975202443 -24.960890999732115 -26.255010435003562 35.121733465482755 -7.2096109280137473 47.808475110861359 -22.035505528266956 -44.458519147809433 -29.821635879155274 9.9507893273323038 -44.615754573621956 -24.083602497839713 -40.013055653952257 17.544149728103136 -35.471828666047514 -25.969938547540586 -44.100226121886983
leaf_weight=811 10790 20 1051 398 532 435 262 366 97 292 65 79 662 105 191 69 299 1331 31 36 37 29 127 52 1649 23 55 151 37 20
leaf_count=811 10790 20 1051 398 532 435 262 366 97 292 65 79 662 105 191 69 299 1331 31 36 37 29 127 52 1649 23 55 151 37 20
internal_value=0.000565914 -0.00225137 -0.00318625 -0.00424774 -0.00323403 -0.00518692 -0.00583504 -0.00418263 -0.0038797 -0.00177155 -0.00241667 -0.00533333 -0.00105109 -0.00228967 -0.00178778 -0.00094635 -0.000443163 -0.00079494 -0.00139202 -0.00354822 -0.00549057 -0.00202778 -0.00116353 -0.00386747 -0.00103716 0.00298613 -0.00128571 -0.00068421 -0.000347639 0.00121317
internal_weight=20102 9289 5412 3092 1487 1605 1073 898 532 2320 1224 144 1096 397 589 3877 1821 1502 2056 197 106 1080 1859 83 1776 10813 91 1482 699 319
internal_count=20102 9289 5412 3092 1487 1605 1073 898 532 2320 1224 144 1096 397 589 3877 1821 1502 2056 197 106 1080 1859 83 1776 10813 91 1482 699 319
is_linear=0
shrinkage=0.03


Tree=18
num_leaves=31
num_cat=0
split_feature=26 10 18 27 10 7 22 12 3 3 17 25 5 11 11 17 25 17 11 18 7 27 31 4 27 18 22 15 14 23
split_gain=148.586 11.1007 7.74393 3.27263 2.37437 1.94124 2.04029 1.65844 1.54645 1.97262 1.48278 1.28188 1.26352 1.25365 1.92448 1.18136 1.17538 1.08963 1.06778 1.02741 1.00694 0.995462 0.978764 0.84611 0.839892 0.656009 0.527599 0.497042 0.303044 0.268731
threshold=7.5000000000000009 16423.990000000002 4948.0296415546882 3595.6833333333338 37642.797500000008 13646.039735005137 10876.885 1569.1650000000002 13257.76 11647.905000000001 3.1170386222406048 7128.9325000000008 9500.6425000000017 26765.070000000003 23546.335000000003 0.78437911297247498 49118.107500000006 0.29276595783358189 24386.765000000003 0.24961486236448524 50380.140104493716 4963.8600000000015 9.5000000000000018 34871.210000000006 3353.8266666666668 0.46709455420100682 26606.815000000002 1.0708303503302445 1.0000000180025095e-35 10013.313252563375
decision_type=2 2 2 2 2 2 2 2 2 2 2 2 2 2 2 2 2 2 2 2 2 2 2 2 2 2 2 2 2 2
left_child=1 2 3 7 13 6 -5 10 9 11 -1 -4 19 14 17 -9 25 -3 -16 24 -18 -11 23 -10 -6 -14 -7 -2 -15 -24
right_child=27 4 8 5 12 26 -8 15 22 21 -12 -13 16 28 18 -17 20 -19 -20 -21 -22 -23 29 -25 -26 -27 -28 -29 -30 -31
leaf_value=-28.697485173165113 308.53460169752151 -9.3979191142997678 -29.148974526307182 -23.586763485862555 -29.316140166611969 7.5885196389465603 -26.069732259467589 -6.4701811326353109 -23.566456076473703 -42.016266527718585 5.2112692599620978 -18.935567145327937 1.1286713373466795 -6.9840398726103174 -43.143711845244432 -31.294794422530739 -44.405403494176724 -23.831178160815607 -18.355200416343788 -45.146598667167162 -38.006630352367878 -24.285298231112527 -9.5284577322408506 7.9357080542867635 -9.3666160605800304 -20.743422106589971 -34.138807297506553 8.3745045550892243 14.918514165835218 27.553143835518494
leaf_weight=1298 10781 530 404 491 263 128 167 118 608 37 35 591 1728 36 20 81 59 1316 25 21 239 46 20 169 321 340 33 32 74 91
leaf_count=1298 10781 530 404 491 263 128 167 118 608 37 35 591 1728 36 20 81 59 1316 25 21 239 46 20 169 321 340 33 32 74 91
internal_value=0.000592777 -0.00219001 -0.00330299 -0.00446491 -0.00122365 -0.00293407 -0.00365653 -0.00528329 -0.00191353 -0.00267718 -0.00566467 -0.00230653 -0.000685628 -0.00202249 -0.0022036 -0.00272864 -0.000372781 -0.00205417 -0.00833333 -0.00190909 -0.00213423 -0.00712048 -0.000986486 -0.00136293 -0.00167466 -0.000118955 1.86337e-05 0.00298335 0.00109091 0.00164865
internal_weight=20102 9289 4317 2351 4972 819 658 1532 1966 1078 1333 995 2971 2001 1891 199 2366 1846 45 605 298 83 888 777 584 2068 161 10813 110 111
internal_count=20102 9289 4317 2351 4972 819 658 1532 1966 1078 1333 995 2971 2001 1891 199 2366 1846 45 605 298 83 888 777 584 2068 161 10813 110 111
is_linear=0
shrinkage=0.03


Tree=19
num_leaves=31
num_cat=0
split_feature=26 24 10 27 10 10 19 17 17 13 10 5 16 4 26 4 18 12 12 4 22 14 9 15 15 7 27 27 8 17
split_gain=146.166 11.5402 9.26938 3.51492 2.2767 1.67284 1.51498 1.42586 1.58246 1.21251 1.0923 1.00296 0.997039 1.38782 0.961079 0.876786 0.857143 0.844274 0.923238 1.08538 0.872475 1.55936 0.834204 0.800043 0.67759 0.721247 0.637516 1.63354 0.589431 0.579188
threshold=6.5000000000000009 14355.050000000001 16423.990000000002 2621.6650000000004 5386.2875000000013 5878.4600000000019 0.56690531247144993 3.3001293055482477 0.21894475180777526 385.77500000000003 46401.530000000006 8846.8636865234403 356.58800617504772 5404.5750000000007 2.5000000000000004 1490.0100000000002 0.89253883031511327 2397.0600000000004 963.18500000000006 43918.760000000002 74388.510000000024 7906.3550000000005 78081.070000000022 1.8298464202560412 0.76034391249592459 30169.364143518749 6721.4134027777791 6136.6050000000005 4139.2400000000007 3.5011814696576349
decision_type=2 2 2 2 2 2 2 2 2 2 2 2 2 2 2 2 2 2 2 2 2 2 2 2 2 2 2 2 2 2
left_child=1 2 3 7 9 -6 -2 8 -1 -5 12 14 15 -14 -12 -4 -8 18 26 23 24 -22 -21 -20 -19 -26 27 -3 -13 -28
right_child=6 17 10 4 5 -7 16 -9 -10 -11 11 28 13 -15 -16 -17 -18 20 19 22 21 -23 -24 -25 25 -27 29 -29 -30 -31
leaf_value=-23.065793630521721 298.45725699927829 -18.822493263002578 4.0594896910918834 -16.120262599224443 -34.272986004506414 -24.707587941167919 82.12139263953037 8.2057255161420635 -28.414745332587305 -23.047109340024338 -17.718965776766542 -48.421152003574804 -15.863182629646683 -32.198733594144628 -31.077960383075546 -21.927859586944145 -47.087152848402546 31.378553373322902 -25.092818005746619 -42.208481885549681 -45.255261613454685 -37.969985793085968 -7.0776891331444043 10.508615029099998 -13.411139374820483 11.131774336386609 -14.004983910500423 -41.530445921004642 9.7080895901049775 153.50843975489116
leaf_weight=495 10823 466 166 399 26 545 21 38 1065 510 337 20 334 200 58 874 21 310 368 53 20 68 23 40 527 309 1566 39 328 53
leaf_count=495 10823 466 166 399 26 545 21 38 1065 510 337 20 334 200 58 874 21 310 368 53 20 68 23 40 527 309 1566 39 328 53
internal_value=0.00061367 -0.00216077 -0.00305561 -0.0041345 -0.00308108 -0.00456567 0.00297239 -0.00511014 -0.00525 -0.00214851 -0.00162236 -0.000674293 -0.00206989 -0.0031236 -0.00170886 -0.00152885 -0.00271429 -0.000904216 -0.00121012 -0.00239256 -0.000257698 -0.00313636 -0.00568421 -0.00177941 -3.66491e-05 -0.000480861 -0.000940678 -0.00187129 0.0005 -0.000650401
internal_weight=20102 9237 5395 3078 1480 571 10865 1598 1560 909 2317 743 1574 534 395 1040 42 3842 2608 484 1234 88 76 408 1146 836 2124 505 348 1619
internal_count=20102 9237 5395 3078 1480 571 10865 1598 1560 909 2317 743 1574 534 395 1040 42 3842 2608 484 1234 88 76 408 1146 836 2124 505 348 1619
is_linear=0
shrinkage=0.03


Tree=20
num_leaves=31
num_cat=0
split_feature=12 11 10 17 24 21 18 18 31 22 10 24 22 13 28 22 7 10 17 22 31 10 17 31 21 0 12 21 20 23
split_gain=116.233 19.3206 10.8995 7.39781 6.31976 2.16765 2.28235 3.19849 1.99594 1.70217 2.41816 1.25525 1.37781 1.24333 1.17776 1.17688 1.09606 1.71463 0.951302 1.00813 0.891539 0.870102 0.733531 0.809093 0.696842 1.8066 0.88357 0.832636 1.16883 0.820426
threshold=2157.5000000000005 5900.0850000000009 16423.990000000002 0.99994520624625149 14355.050000000001 6694.6400000000012 0.33765340913363567 0.63087388069055206 12.500000000000002 10876.885 5386.2875000000013 13598.123333333335 63326.835000000006 1837.5550000000001 7.5000000000000009 10011.860000000002 56490.23866774726 163521.62500000003 1.9000649903037086 86832.139999999999 2.5000000000000004 70206.742500000008 1.0959601322310191 5.5000000000000009 6882.2750000000005 5161.611002991739 4362.585 9831.9316666666691 0.38456330972698188 10013.313252563375
decision_type=2 2 2 2 2 2 2 2 2 2 2 2 2 2 2 2 2 2 2 2 2 2 2 2 2 2 2 2 2 2
left_child=2 11 4 13 5 6 -1 -8 14 15 -11 24 -13 -3 18 -7 17 -16 21 -20 -5 -4 -22 -24 25 26 -2 28 -26 -29
right_child=1 3 8 20 -6 9 7 -9 -10 10 -12 12 -14 -15 16 -17 -18 -19 19 -21 22 -23 23 -25 27 -27 -28 29 -30 -31
leaf_value=-22.825921796183572 -15.295172870331349 1.6072926000352805 -18.386272503296503 -39.568554694311004 -18.499715481775841 -23.639380191490019 -28.243273263012977 -25.555268471171264 161.35625941451963 -17.522723332141801 -27.187500812175927 0.90962525873463196 -41.81644730558201 296.93953179482384 -21.728167370859925 2.0631901020864851 128.37700788174601 -52.269184594317316 16.388065977268148 -37.218338678522869 -31.69183037335878 2.3992782780073272 44.353996047127751 -21.543129268136976 -34.641973557574509 10.369692854669522 -28.869681033832723 -25.862852108965235 -29.851851549432922 4.7227901062711251
leaf_weight=303 116 132 1301 40 870 759 340 917 98 226 155 804 28 10740 1360 76 96 51 334 20 35 398 125 253 55 138 20 96 99 117
leaf_count=303 116 132 1301 40 870 759 340 917 98 226 155 804 28 10740 1360 76 96 51 334 20 35 398 125 253 55 138 20 96 99 117
internal_value=0.000639041 0.0023624 -0.00238061 0.00278278 -0.00354142 -0.00424063 -0.00498077 -0.00554415 -0.00122362 -0.00329112 -0.00495276 -0.000869654 -0.000100961 0.00293929 -0.00133989 -0.00253293 -0.00197677 -0.00218781 -0.000872382 0.000542373 -0.00097351 -0.00116716 -0.000559322 -0.000174603 -0.00186739 -0.000722628 -0.00317647 -0.00272207 -0.0044026 -0.00150704
internal_weight=20102 12798 7304 11325 3646 2776 1560 1257 3658 1216 381 1473 832 10872 3560 835 1507 1411 2053 354 453 1699 413 378 641 274 136 367 154 213
internal_count=20102 12798 7304 11325 3646 2776 1560 1257 3658 1216 381 1473 832 10872 3560 835 1507 1411 2053 354 453 1699 413 378 641 274 136 367 154 213
is_linear=0
shrinkage=0.03


Tree=21
num_leaves=31
num_cat=0
split_feature=26 24 18 0 18 17 20 1 18 22 27 22 14 14 22 22 21 8 14 8 7 20 19 24 14 8 23 14 27 15
split_gain=141.983 9.65733 6.47335 4.16362 3.09946 2.13711 1.64372 1.52206 1.46385 1.13724 1.46091 1.26782 1.04305 1.02972 0.847264 0.97102 0.947272 1.52365 0.88546 1.289 0.793848 0.716018 0.692694 0.687092 0.561615 0.888922 0.492139 0.476892 0.334235 0.0497221
threshold=7.5000000000000009 14355.050000000001 0.32828964473806649 5987.8048352294054 0.67427160687180498 1.9733962273205639 0.99912062516713107 4411.1697479877521 0.077335155176398426 10876.885 6136.6050000000005 10011.860000000002 7341.3750000000009 6653.8250000000007 19523.225000000002 19715.355000000007 25948.905000000002 2754.9875000000006 34115.795000000006 14950.92 16359.266596905758 0.20063641095631565 0.53230992475989813 95428.618333333332 7341.3750000000009 13359.720000000003 1255.3766165930845 11593.780000000001 2831.9931250000004 1.0708303503302445
decision_type=2 2 2 2 2 2 2 2 2 2 2 2 2 2 2 2 2 2 2 2 2 2 2 2 2 2 2 2 2 2
left_child=1 2 7 4 5 -4 -6 8 26 11 -11 -5 20 -10 16 -16 17 -3 23 -20 -9 -19 29 -17 28 -26 -1 -14 -18 -2
right_child=22 14 3 9 6 -7 -8 12 13 10 -12 -13 27 -15 15 18 24 21 19 -21 -22 -23 -24 -25 25 -27 -28 -29 -30 -31
leaf_value=-18.189797063560569 282.12546888914159 -41.729188846022971 -25.301528052984743 -22.4716091132678 -23.600002783313855 -30.629793985785742 17.646795872485683 -17.033559973421223 -21.970145446632969 -25.057841567597858 -19.065471380857243 1.7846930279096229 29.865335860044702 -36.001595720027005 -34.730333561937393 -20.627705931999927 -1.8236807753157007 -14.816643848986708 -50.315654690572025 45.394666882165104 -33.962301223876736 11.51295462715189 -37.99072316598582 -42.003188143197107 -21.851992177768476 43.206734206483276 15.62771669129085 -9.7617700185025207 69.238510275474852 1019.1356854944572
leaf_weight=165 10770 20 312 1468 767 50 36 959 398 359 332 112 105 69 27 1692 20 1159 23 187 101 323 23 127 50 92 63 116 157 20
leaf_count=165 10770 20 312 1468 767 50 36 959 398 359 332 112 105 69 27 1692 20 1159 23 187 101 323 23 127 50 92 63 116 157 20
internal_value=0.000646503 -0.00207374 -0.00289246 -0.00367928 -0.00513734 -0.00744199 -0.00409838 -0.00152429 -0.00265468 -0.00293131 -0.00394645 -0.00248734 -0.000911007 -0.0036167 -0.000930874 -0.00134825 -0.000459637 -0.000774967 -0.00127304 0.000571429 -0.00130189 -0.000663967 0.00298335 -0.00148598 0.00102508 -0.000380282 -0.00068421 0.000963801 0.00215254 0.00299444
internal_weight=20102 9289 5412 3436 1165 362 803 1976 695 2271 691 1580 1281 467 3877 2056 1821 1502 2029 210 1060 1482 10813 1819 319 142 228 221 177 10790
internal_count=20102 9289 5412 3436 1165 362 803 1976 695 2271 691 1580 1281 467 3877 2056 1821 1502 2029 210 1060 1482 10813 1819 319 142 228 221 177 10790
is_linear=0
shrinkage=0.03


Tree=22
num_leaves=31
num_cat=0
split_feature=26 10 18 27 17 10 23 8 19 21 19 19 17 14 2 2 31 25 5 25 7 1 25 15 10 27 27 4 19 18
split_gain=137.842 9.68251 6.09024 2.31892 2.08526 1.9863 1.8664 2.72449 1.73289 1.62639 1.37824 1.36066 2.19285 1.53495 1.11067 1.21703 1.38632 0.984644 0.979293 1.21862 1.00694 0.952329 0.9 0.879884 0.866075 1.10195 0.810813 0.764665 0.692694 0.692221
threshold=7.5000000000000009 16423.990000000002 4948.0296415546882 3320.2633333333338 0.18431322420627969 37642.797500000008 4761.4577398320862 2482.5650000000005 0.13208536256101266 5926.170000000001 0.46705536598653125 0.18712675820364585 0.80304264575733286 924.2600000000001 38529.515000000007 5332.6800000000012 6.5000000000000009 6785.9025000000011 9061.3407812500027 49118.107500000006 50380.140104493716 10672.644860047947 1912.4350000000002 0.68489708468360944 70206.742500000008 3353.8266666666668 1566.2825 1835.9650000000001 0.53230992475989813 0.46709455420100682
decision_type=2 2 2 2 2 2 2 2 2 2 2 2 2 2 2 2 2 2 2 2 2 2 2 2 2 2 2 2 2 2
left_child=1 2 3 4 17 14 11 22 21 -6 -10 13 -13 -4 15 23 -17 -1 24 29 -21 -5 -8 -3 25 -7 -9 -26 -2 -20
right_child=28 5 6 8 9 18 7 26 10 -11 -12 12 -14 -15 -16 16 -18 -19 19 20 -22 -23 -24 -25 27 -27 -28 -29 -30 -31
leaf_value=-21.336923338407242 273.84481854380647 -21.167732229741741 -28.862287952108819 -19.603467038623272 -27.734317138631262 -29.699668968804744 -14.758326814745196 -20.510047793857854 -25.099024438222205 -23.875498410041768 -20.031034154713961 -22.629720258721598 -36.188164226083188 7.4144724315662183 11.979316925653546 -17.382429390414696 -27.680517755291984 1.1856276953318139 1.0231952107142861 -41.55184708848909 -35.281619582760683 21.87850464833155 -39.08010097396842 -5.2425765767417634 -43.0003405466367 -7.0022743666302949 -13.13267139001333 14.003295932431419 -36.851001471006263 -17.671779497390514
leaf_weight=410 10790 262 113 265 676 204 20 182 83 333 454 194 45 134 119 578 454 46 1761 59 239 84 20 588 53 167 1258 148 23 340
leaf_count=410 10790 262 113 265 676 204 20 182 83 333 454 194 45 134 119 578 454 46 1761 59 239 84 20 588 53 167 1258 148 23 340
internal_value=0.000680828 -0.00199946 -0.00303892 -0.00406933 -0.00480205 -0.00109694 -0.00180671 -0.00127703 -0.00285779 -0.00556293 -0.00392737 -0.00341975 -0.00503347 -0.0018583 -0.00182759 -0.00200531 -0.00269767 -0.00311842 -0.000604847 -0.000338891 -0.00213423 -0.00121203 -0.009 -0.00116471 -0.00172028 -0.00257951 -0.0010625 -0.000134328 0.00298335 -8.42455e-05
internal_weight=20102 9289 4317 2351 1465 4972 1966 1480 886 1009 537 486 239 247 2001 1882 1032 456 2971 2399 298 349 40 850 572 371 1440 201 10813 2101
internal_count=20102 9289 4317 2351 1465 4972 1966 1480 886 1009 537 486 239 247 2001 1882 1032 456 2971 2399 298 349 40 850 572 371 1440 201 10813 2101
is_linear=0
shrinkage=0.03


Tree=23
num_leaves=31
num_cat=0
split_feature=26 24 10 18 27 21 13 10 3 8 25 18 5 7 8 18 22 3 5 11 28 19 9 8 8 12 10 22 21 15
split_gain=135.352 9.08506 7.47496 2.66112 1.61385 1.70626 1.45357 1.02662 0.965475 1.05202 0.857115 1.07223 0.925148 0.882962 1.22862 0.857817 0.851789 1.5142 0.820884 1.12894 0.748481 0.692694 0.675593 0.983889 0.592597 0.552805 0.493196 0.36462 0.344417 0.0497221
threshold=7.5000000000000009 14355.050000000001 16423.990000000002 4948.0296415546882 874.8275000000001 15578.49 1392.2150000000001 46401.530000000006 21409.980000000003 2482.5650000000005 79069.565000000017 0.38595083721627327 7979.6523437500009 57237.927740441308 43130.607500000006 0.24961486236448524 3471.0950000000003 4573.8100000000004 8846.8636865234403 3995.1900000000001 10.500000000000002 0.53230992475989813 170699.00000000003 137255.53750000001 4139.2400000000007 3576.6600000000003 44342.985000000008 12727.255000000001 107342.94750000001 1.0708303503302445
decision_type=2 2 2 2 2 2 2 2 2 2 2 2 2 2 2 2 2 2 2 2 2 2 2 2 2 2 2 2 2 2
left_child=1 2 3 4 6 -6 -1 16 9 -5 11 12 -3 14 -13 -12 20 -18 19 -9 -4 29 28 -24 -20 -15 -14 -10 -17 -2
right_child=21 10 7 8 5 -7 -8 18 27 -11 15 13 26 25 -16 22 17 -19 24 -21 -22 -23 23 -25 -26 -27 -28 -29 -30 -31
leaf_value=-23.183060168505538 265.44636026615314 -24.616023521637576 -14.80909300173127 -25.347932407120094 -22.05360097017709 -30.936672014525456 -32.840651828640105 -14.887904459737904 -6.1881840103478485 -21.269852493465596 -36.07818838589548 -14.971687164681127 20.957396854313107 -5.2800436505131936 -42.814245102686264 48.713348935628147 -27.86532233264424 -17.345206317382264 -46.043578909864841 -39.054321003449495 14.61046998080478 -35.745471426876065 -43.535633862207888 -31.410321948493468 10.18083569085041 145.56403007562193 -0.32163010763405564 26.840908804592129 -26.922389191348401 980.34627037330915
leaf_weight=482 10770 34 415 40 1555 58 27 352 78 821 24 2137 68 135 89 43 347 725 20 43 88 23 29 32 330 67 1193 31 26 20
leaf_count=482 10770 34 415 40 1555 58 27 352 78 821 24 2137 68 135 89 43 347 725 20 43 88 23 29 32 330 67 1193 31 26 20
internal_value=0.000701721 -0.00195425 -0.00274834 -0.0037141 -0.00430914 -0.00384439 -0.00578193 -0.00146121 -0.00241237 -0.00274913 -0.000845757 -0.000755036 -5.79149e-05 -0.00112685 -0.00129919 -0.00303896 -0.00189524 -0.00237313 -0.000543624 -0.00148101 -0.000876739 0.00298335 -0.00207692 -0.00437705 0.000514286 0.000772277 7.37511e-05 0.000247707 -4.34781e-05 0.00299444
internal_weight=20102 9289 5412 3092 2122 1613 509 2320 970 861 3877 3723 1295 2428 2226 154 1575 1072 745 395 503 10813 130 61 350 202 1261 109 69 10790
internal_count=20102 9289 5412 3092 2122 1613 509 2320 970 861 3877 3723 1295 2428 2226 154 1575 1072 745 395 503 10813 130 61 350 202 1261 109 69 10790
is_linear=0
shrinkage=0.03


Tree=24
num_leaves=31
num_cat=0
split_feature=26 10 24 18 10 27 21 13 11 11 11 9 3 3 25 5 26 18 18 4 19 13 8 13 19 5 18 12 14 3
split_gain=133.236 8.80775 6.79225 2.55073 1.89105 1.77249 1.76965 1.45357 1.26807 2.08717 1.06778 1.03414 1.01403 1.89925 1.00046 1.06431 1.01344 0.91413 0.826822 0.70121 0.944898 1.55741 0.715654 0.846612 0.692694 0.632283 0.572243 0.559812 0.438472 0.335731
threshold=7.5000000000000009 16423.990000000002 14355.050000000001 4948.0296415546882 37642.797500000008 874.8275000000001 15578.49 1392.2150000000001 26765.070000000003 23546.335000000003 24386.765000000003 2186.3750000000005 13257.76 11647.905000000001 79069.565000000017 9061.3407812500027 3.5000000000000004 0.24961486236448524 0.23017903166866785 16681.640000000003 0.6792596221855236 17250.905000000002 23148.752500000002 20312.965000000004 0.53230992475989813 17189.940664062506 0.46201691125926064 1863.9850000000004 303.15000000000003 3770.1750000000006
decision_type=2 2 2 2 2 2 2 2 2 2 2 2 2 2 2 2 2 2 2 2 2 2 2 2 2 2 2 2 2 2
left_child=1 2 3 5 8 7 -7 -1 9 11 -11 -3 13 -5 15 18 17 -16 -6 22 25 -22 27 -24 -2 -21 -17 -4 -14 -10
right_child=24 4 19 12 14 6 -8 -9 29 10 -12 -13 28 -15 16 26 -18 -19 -20 20 21 -23 23 -25 -26 -27 -28 -29 -30 -31
leaf_value=-22.487568363450372 257.66608317950772 -9.8437436251076917 -8.7424239434403663 -20.742325792511156 -19.696790584511003 -21.391992941071777 -30.008571854089695 -31.855432273780902 -18.901545925533419 -38.049121163979791 -14.31129936916957 -19.936781005334311 56.925967059941215 -28.520959160293604 -35.855307987988944 0.31789836491266715 53.562151933774793 -38.310060970724393 -34.198367228755721 -29.438577307594855 -37.906901515797344 -32.846138473585683 -30.02898314953039 3.7810575104167627 -34.673107284069786 -10.275188509579491 -16.237546994882148 24.438886162875235 -6.8339487921934712 14.844105084958517
leaf_weight=482 10790 517 312 671 544 1555 58 27 26 20 25 1329 50 56 20 1839 34 72 28 164 27 108 52 32 23 407 434 123 193 84
leaf_count=482 10790 517 312 671 544 1555 58 27 26 20 25 1329 50 56 20 1839 34 72 28 164 27 108 52 32 23 407 434 123 193 84
internal_value=0.00071963 -0.00191549 -0.00290688 -0.00365589 -0.00105471 -0.00423845 -0.00375139 -0.00578193 -0.00176762 -0.00194976 -0.00833333 -0.00179415 -0.00238144 -0.00294223 -0.000574554 -0.000458699 -0.00319048 -0.00482609 -0.00161538 -0.00101633 -0.00163173 -0.00388889 -0.000179191 -0.00271429 0.00298335 -0.00109807 -0.00016762 0.000310345 -0.000703704 0.00136364
internal_weight=20102 9289 4317 3092 4972 2122 1613 509 2001 1891 45 1846 970 727 2971 2845 126 92 572 1225 706 135 519 84 10813 571 2273 435 243 110
internal_count=20102 9289 4317 3092 4972 2122 1613 509 2001 1891 45 1846 970 727 2971 2845 126 92 572 1225 706 135 519 84 10813 571 2273 435 243 110
is_linear=0
shrinkage=0.03


Tree=25
num_leaves=31
num_cat=0
split_feature=26 10 24 18 10 21 3 21 11 11 11 25 5 26 18 17 3 3 18 19 14 1 8 18 25 23 14 3 24 23
split_gain=130.788 8.62429 6.39866 2.86834 1.69101 1.27087 1.63574 1.36521 1.20808 2.13936 1.06778 1.00819 1.0838 1.01344 0.91413 0.88258 0.835715 2.04978 0.826822 0.692694 0.628621 0.808175 2.49593 0.508784 0.506877 0.661986 0.438472 0.335731 0.219393 0.134199
threshold=7.5000000000000009 16423.990000000002 14355.050000000001 4948.0296415546882 37642.797500000008 15578.49 10961.505000000003 5926.170000000001 26765.070000000003 23546.335000000003 24386.765000000003 79069.565000000017 9061.3407812500027 3.5000000000000004 0.24961486236448524 0.29276595783358189 13257.76 11647.905000000001 0.23017903166866785 0.53230992475989813 172.39000000000001 51880.507066532547 44740.30000000001 0.46201691125926064 44803.665000000008 4665.7236871924069 303.15000000000003 3770.1750000000006 82611.44666666667 15462.974673631294
decision_type=2 2 2 2 2 2 2 2 2 2 2 2 2 2 2 2 2 2 2 2 2 2 2 2 2 2 2 2 2 2
left_child=1 2 3 5 8 7 -7 -1 9 15 -11 12 18 14 -13 -3 17 -5 -6 -2 24 22 -22 -14 25 -4 -18 -10 -23 -29
right_child=19 4 20 16 11 6 -8 -9 27 10 -12 13 23 -15 -16 -17 26 -19 -20 -21 21 28 -24 -25 -26 -27 -28 29 -30 -31
leaf_value=-22.474001901734677 249.93610068412252 -6.0897155931487044 -25.709399058569229 -20.12005601873582 -19.105886866975673 -17.067782987932347 -31.603916160959791 -18.339912886157737 -18.334499547767418 -36.907647529060398 -13.881960388094482 -34.779648748349274 0.30836141396528588 51.955287375761536 -37.160759141602661 -19.391335442076908 55.218188048142977 -27.665330385484793 -33.172416211893051 -33.632914065547709 -14.528160969636787 223.91525504819509 -44.089916496862337 -15.750420585035682 -42.859851155838363 19.565093698775883 -6.6289303284276659 8.3580902698787156 -6.5873371784736285 19.449334774986553
leaf_weight=1335 10790 530 28 671 544 23 37 727 26 20 25 20 1839 34 72 1316 50 56 28 23 892 45 23 434 28 183 193 22 26 62
leaf_count=1335 10790 530 28 671 544 23 37 727 26 20 25 20 1839 34 72 1316 50 56 28 23 892 45 23 434 28 183 193 22 26 62
internal_value=0.000740523 -0.00187028 -0.00285129 -0.00357827 -0.0010185 -0.00419604 -0.0085 -0.0040708 -0.00169265 -0.00187044 -0.00833333 -0.000564456 -0.000448155 -0.00319048 -0.00482609 -0.00171289 -0.0022268 -0.0027359 -0.00161538 0.00298335 -0.00101633 -0.00135091 -0.00159016 -0.000154421 0.000364017 0.000867299 -0.000703704 0.00136364 0.00173239 0.00228571
internal_weight=20102 9289 4317 3092 4972 2122 60 2062 2001 1891 45 2971 2845 126 92 1846 970 727 572 10813 1225 986 915 2273 239 211 243 110 71 84
internal_count=20102 9289 4317 3092 4972 2122 60 2062 2001 1891 45 2971 2845 126 92 1846 970 727 572 10813 1225 986 915 2273 239 211 243 110 71 84
is_linear=0
shrinkage=0.03


Tree=26
num_leaves=31
num_cat=0
split_feature=26 24 10 18 8 27 3 17 9 10 4 17 14 21 4 4 19 8 22 24 6 0 19 14 27 24 4 14 0 1
split_gain=127.502 8.24522 6.72199 2.62164 1.7573 1.40716 1.6827 1.39619 0.97728 0.947987 0.95356 1.63707 0.890941 0.846734 0.825 0.822955 0.692694 0.664143 0.713498 0.725777 2.41123 1.05614 0.697095 1.25354 1.11211 0.511409 0.0685948 0.131034 1.42109e-14 8.88178e-16
threshold=7.5000000000000009 14355.050000000001 16423.990000000002 4235.7401738791059 2482.5650000000005 874.8275000000001 2411.7200000000007 0.39417361557864611 2410.7750000000005 46401.530000000006 5404.5750000000007 1.4741561511579861 1871.0450000000003 1406.8400000000004 257.08500000000004 4420.2900000000009 0.53230992475989813 2754.9875000000006 19523.225000000002 15412.522500000001 16947.181746932514 15606.535083920049 0.021696241445997775 17756.940000000006 2152.6606250000004 3895.2708333333335 13899.51 7449.7350000000015 114991.36214251997 152470.19238514514
decision_type=2 2 2 2 2 2 2 2 2 2 2 2 2 2 2 2 2 2 2 2 2 2 2 2 2 2 2 2 2 2
left_child=1 2 3 5 7 12 -7 -5 -6 10 15 -12 -1 14 -11 -4 26 -3 22 20 -20 -21 24 -24 -19 -15 27 -2 -28 -30
right_child=16 17 9 4 8 6 -8 -9 -10 13 11 -13 -14 25 -16 -17 -18 18 19 21 -22 -23 23 -25 -26 -27 28 -29 29 -31
leaf_value=-21.46039728223646 40.960308728088457 -37.160900382373953 -14.287194535347274 -4.5854456885155033 -5.5889324782198271 -18.14489625207456 -22.879969640679001 -31.868299600435623 -21.688711472504792 2.8128978138030121 -26.697710466686136 -7.5818258023037215 -21.819057331972413 70.998863003806363 -40.614652230291533 7.5374838706886198 -32.623926643581264 -17.46534860242712 23.80359811517955 -38.37508185838103 -26.665495699015171 -17.766744913165397 -18.224366607028223 9.1191051160096013 13.001358263081508 -6.0593976373281873 242.22537265074828 9.2992555495932194 3087.5668057158659 4236.9293469109834
leaf_weight=461 38 29 715 22 265 677 868 40 722 24 531 229 37 42 20 100 23 140 24 41 22 1969 633 266 753 659 10204 20 337 191
leaf_count=461 38 29 715 22 265 677 868 40 722 24 531 229 37 42 20 100 23 140 24 41 22 1969 633 266 753 659 10204 20 337 191
internal_value=0.000768879 -0.00180891 -0.00256541 -0.00348124 -0.00226215 -0.0041072 -0.00366019 -0.00716129 -0.00195441 -0.00134483 -0.0017619 -0.00252632 -0.00549398 -0.000463087 -0.0045 -0.00104908 0.00298335 -0.000752902 -0.000718815 -0.00110019 -0.00482609 -0.00101493 -0.00028125 -0.000870968 0.00031243 -0.0002097 0.00299444 0.00196552 0.003 0.003
internal_weight=20102 9289 5412 3092 1049 2043 1545 62 987 2320 1575 760 498 745 44 815 10813 3877 3848 2056 46 2010 1792 899 893 701 10790 58 10732 528
internal_count=20102 9289 5412 3092 1049 2043 1545 62 987 2320 1575 760 498 745 44 815 10813 3877 3848 2056 46 2010 1792 899 893 701 10790 58 10732 528
is_linear=0
shrinkage=0.03


Tree=27
num_leaves=31
num_cat=0
split_feature=26 10 24 10 10 22 8 15 21 14 20 18 22 7 25 26 5 18 27 27 25 16 8 1 5 19 28 28 9 15
split_gain=125.277 7.65973 5.6489 2.5405 1.58896 1.58157 1.58139 1.33217 2.17228 1.74902 1.32092 1.16784 1.49781 2.01667 1.03945 1.01344 0.976352 0.91413 0.907739 0.751716 0.734976 0.697358 0.890531 3.1746 0.8476 0.692694 0.560712 0.47934 0.154306 0.0497221
threshold=7.5000000000000009 16423.990000000002 14355.050000000001 2405.4450000000002 37642.797500000008 3748.2350000000001 2754.9875000000006 1.0840884833226558 14239.146666666669 500.93000000000006 0.99912062516713107 0.89253883031511327 25243.315000000006 16359.266596905758 79069.565000000017 3.5000000000000004 8846.8636865234403 0.24961486236448524 1736.1893750000002 16358.649166666668 5532.7975000000015 -14083.116890673808 44740.30000000001 49227.652139977348 31607.230423524383 0.53230992475989813 10.500000000000002 11.500000000000002 99558.070000000022 1.0708303503302445
decision_type=2 2 2 2 2 2 2 2 2 2 2 2 2 2 2 2 2 2 2 2 2 2 2 2 2 2 2 2 2 2
left_child=1 2 3 5 11 10 -7 8 -5 -9 -1 12 18 -14 16 17 20 -16 -3 26 -6 28 24 -24 -23 29 -13 -18 -4 -2
right_child=25 4 21 7 14 6 -8 9 -10 -11 -12 19 13 -15 15 -17 27 -19 -20 -21 -22 22 23 -25 -26 -27 -28 -29 -30 -31
leaf_value=-21.234820526183665 234.98814276273723 -4.6831249058113897 108.4655414042976 -22.998821742075574 -5.1086505311259094 -25.037763186699209 -14.608825101165166 3.7318688806486437 -28.092683698627305 -18.075290468556137 20.350460529635622 0.7219070812407159 3.7811024437763834 -37.418021235868636 -33.20188407381093 50.929631101883651 0.27436594692040894 -35.512934019959616 -17.64777071189264 12.419675991942873 -29.316382755962145 -15.505878266775719 -41.570304609342557 2.0139021574051683 19.673246894824093 -31.645208844273824 -38.238769639636693 -19.08382631707369 38.947469411548632 929.13983372014252
leaf_weight=626 10770 449 43 973 329 36 843 99 41 448 26 121 24 40 20 34 2075 72 1274 71 219 873 21 42 213 23 22 222 33 20
leaf_count=626 10770 449 43 973 329 36 843 99 41 448 26 121 24 40 20 34 2075 72 1274 71 219 873 21 42 213 23 22 222 33 20
internal_value=0.00078828 -0.00176693 -0.00269145 -0.00337451 -0.000964199 -0.0025062 -0.00167577 -0.00422614 -0.00486982 -0.00303291 -0.00362577 -0.00161769 -0.00186849 -0.006375 -0.000524066 -0.00319048 -0.000405975 -0.00482609 -0.0017011 0.000476636 -0.0015438 -0.000967347 -0.00115144 -0.00461905 -0.000950276 0.00298335 -0.000776224 -0.000134523 0.00181579 0.00299444
internal_weight=20102 9289 4317 3092 4972 1531 879 1561 1014 547 652 2001 1787 64 2971 126 2845 92 1723 214 548 1225 1149 63 1086 10813 143 2297 76 10790
internal_count=20102 9289 4317 3092 4972 1531 879 1561 1014 547 652 2001 1787 64 2971 126 2845 92 1723 214 548 1225 1149 63 1086 10813 143 2297 76 10790
is_linear=0
shrinkage=0.03


Tree=28
num_leaves=31
num_cat=0
split_feature=26 10 18 27 13 10 25 1 8 23 28 27 17 17 18 27 17 25 26 5 9 18 8 27 14 25 19 0 18 4
split_gain=122.735 7.0916 4.91135 1.64755 1.53312 1.5317 1.49207 4.09771 1.40264 1.72142 1.39473 1.33906 1.28982 1.25009 1.13464 1.37832 1.38081 1.04733 1.01344 0.994533 0.947985 0.91413 0.78802 0.751716 0.737147 0.734976 0.692694 0.601522 0.469163 0.0685948
threshold=7.5000000000000009 16423.990000000002 4948.0296415546882 942.10933333333344 385.77500000000003 37642.797500000008 1912.4350000000002 3086.519759203125 2482.5650000000005 4761.4577398320862 11.500000000000002 2999.8762500000007 0.80304264575733286 0.34337830949728648 0.89253883031511327 1736.1893750000002 0.29276595783358189 79069.565000000017 3.5000000000000004 8846.8636865234403 8286.4250000000011 0.24961486236448524 4484.3600000000006 16358.649166666668 303.15000000000003 5532.7975000000015 0.53230992475989813 20281.086692077846 0.44913564337858308 13899.51
decision_type=2 2 2 2 2 2 2 2 2 2 2 2 2 2 2 2 2 2 2 2 2 2 2 2 2 2 2 2 2 2
left_child=1 2 3 6 11 14 13 -8 20 10 -10 -5 -6 -1 15 22 -17 19 21 25 -4 -19 -3 27 -11 -7 29 -16 -21 -2
right_child=26 5 8 4 12 17 7 -9 9 24 -12 -13 -14 -15 23 16 -18 18 -20 28 -22 -23 -24 -25 -26 -27 -28 -29 -30 -31
leaf_value=-9.9519930362958622 24.60346114182768 -15.055237720813471 -14.610919822198461 -21.192363176355421 -16.950451727992281 -4.9553910151921317 -23.773628117419918 -19.618782298847449 -21.236486585402567 6.8732437050551516 -24.66149286374597 -13.487178898048265 -21.65374191510783 -25.242878307441913 25.063099495095109 -5.4797234496931688 -21.151499824299417 -32.205827551596599 49.401742168827155 0.68986441883206395 -34.07663629973365 -34.447545999360827 15.6103100130372 12.04708571218459 -15.536082708390479 -28.43689127328328 -30.695852578945612 -29.585892147444934 -14.92375507489588 235.05271315631086
leaf_weight=143 58 207 27 399 649 329 20 284 449 315 26 349 396 111 30 336 994 20 34 1837 24 72 250 71 1125 219 23 113 460 10732
leaf_count=143 58 207 27 399 649 329 20 284 449 315 26 349 396 111 30 336 994 20 34 1837 24 72 250 71 1125 219 23 113 460 10732
internal_value=0.000810666 -0.00171848 -0.00260806 -0.00353339 -0.00309035 -0.000946098 -0.00495699 -0.006375 -0.00150153 -0.00137076 -0.00293684 -0.00205348 -0.00383254 -0.00325984 -0.00158771 -0.00183492 -0.00232331 -0.000513968 -0.00319048 -0.00039543 -0.00641176 -0.00482609 -0.000413567 0.000476636 -0.000854167 -0.0015438 0.00298335 -0.000776224 -0.000121463 0.00299444
internal_weight=20102 9289 4317 2351 1793 4972 558 304 1966 1915 475 748 1045 254 2001 1787 1330 2971 126 2845 51 92 457 214 1440 548 10813 143 2297 10790
internal_count=20102 9289 4317 2351 1793 4972 558 304 1966 1915 475 748 1045 254 2001 1787 1330 2971 126 2845 51 92 457 214 1440 548 10813 143 2297 10790
is_linear=0
shrinkage=0.03


Tree=29
num_leaves=31
num_cat=0
split_feature=12 11 10 15 24 13 10 31 14 21 3 13 28 10 4 22 7 2 15 8 18 9 18 22 4 4 8 28 12 3
split_gain=95.8718 16.1981 7.49449 6.00712 4.61012 2.00281 1.79331 1.74834 1.45487 1.51582 1.26588 1.26291 1.033 1.02816 1.06488 1.01873 1.20069 1.36284 0.996825 0.990629 1.38825 1.31705 0.827255 0.824 1.23349 1.59259 0.723666 0.962059 1.20417 0.853769
threshold=2157.5000000000005 5900.0850000000009 16423.990000000002 1.0708303503302445 16875.122500000001 1837.5550000000001 3496.8600000000001 12.500000000000002 111.05500000000002 18107.85666666667 1363.7450000000001 18992.270000000004 7.5000000000000009 39714.325000000004 2428.0300000000002 63326.835000000006 26878.196514658306 25596.370000000006 0.82792860156930292 3620.377500000001 1633.5215057543717 3400.6200000000003 1.0689021959005431 25494.150000000005 30228.845000000005 7855.2000000000007 21630.667500000003 5.5000000000000009 379.04000000000002 13998.095000000003
decision_type=2 2 2 2 2 2 2 2 2 2 2 2 2 2 2 2 2 2 2 2 2 2 2 2 2 2 2 2 2 2
left_child=2 11 4 5 6 -3 19 12 10 -10 -8 15 -4 18 -15 16 17 -2 -14 20 -1 -21 -7 -5 25 -25 -6 29 -29 -28
right_child=1 3 7 23 26 22 8 -9 9 -11 -12 -13 13 14 -16 -17 -18 -19 -20 21 -22 -23 -24 24 -26 -27 27 28 -30 -31
leaf_value=-17.920046114078819 -12.649291560594788 -1.257393034299249 -10.6222501738171 9.4211288730920089 4.2390887706292943 231.36526722482583 4.8289391342135426 95.27701982810828 -20.052974738891926 -25.698517379804692 -19.436160467804559 39.025110901681366 -16.793378765047173 -37.355906520981982 -6.1756887866774743 -39.858818527825512 26.616030643409129 -50.070828047190268 -19.434578328003976 -4.6085016421748239 -20.911833031027292 -19.927214314309509 -9.0045728219396572 10.864659469875013 2.3005139527020662 -55.565356483758066 -36.658525472884833 55.004016376721886 -32.990633986037544 -20.513644584881433
leaf_weight=170 983 193 2053 244 382 10656 92 98 1175 35 192 165 318 109 636 24 281 20 444 273 375 682 30 32 123 47 31 79 20 140
leaf_count=170 983 193 2053 244 382 10656 92 98 1175 35 192 165 318 109 636 24 281 20 444 273 375 682 30 32 123 47 31 79 20 140
internal_value=0.000830067 0.00239522 -0.00191238 0.00278013 -0.00287493 0.00292003 -0.00337275 -0.00095298 -0.00410843 -0.00456198 -0.00217606 -0.000564155 -0.0010618 -0.00165826 -0.000865772 -0.000876147 -0.000761682 -0.00124726 -0.00243307 -0.00264 -0.00366055 -0.00205759 0.00297473 -0.000632287 -0.0020495 -0.00497468 -0.000588957 -0.00177778 0.000575758 -0.00314035
internal_weight=20102 12798 7304 11325 3646 10879 2994 3658 1494 1210 284 1473 3560 1507 745 1308 1284 1003 762 1500 545 955 10686 446 202 79 652 270 99 171
internal_count=20102 12798 7304 11325 3646 10879 2994 3658 1494 1210 284 1473 3560 1507 745 1308 1284 1003 762 1500 545 955 10686 446 202 79 652 270 99 171
is_linear=0
shrinkage=0.03


Tree=30
num_leaves=31
num_cat=0
split_feature=26 10 5 10 10 5 21 10 17 15 8 25 5 12 26 25 8 10 19 3 6 14 22 22 7 8 0 8 16 25
split_gain=116.622 6.10743 3.39217 1.75146 2.13882 1.43386 1.40296 1.37074 1.2897 1.21613 1.0606 0.987298 0.932321 0.910474 0.90222 0.79595 1.30836 0.922663 0.691216 0.686672 0.65028 0.648772 0.458563 0.445294 0.68465 0.594101 0.382659 0.101453 0.0473402 0.0453613
threshold=7.5000000000000009 37642.797500000008 17189.940664062506 16423.990000000002 2405.4450000000002 9061.3407812500027 15964.55166666667 33577.735000000008 0.36835669123497211 0.84482466141442969 44740.30000000001 86544.707500000019 8846.8636865234403 486.20000000000005 3.5000000000000004 5532.7975000000015 5768.1950000000015 63840.865000000013 0.53230992475989813 4573.8100000000004 128177.37431583222 8986.0750000000025 24691.045000000002 18994.515000000003 90112.911013170975 3848.605 103708.86129107491 13572.2325 8367.4685110312512 14048.345000000003
decision_type=2 2 2 2 2 2 2 2 2 2 2 2 2 2 2 2 2 2 2 2 2 2 2 2 2 2 2 2 2 2
left_child=1 2 3 4 8 19 -6 9 -1 22 -11 12 15 -7 20 17 -17 -3 27 -5 26 -9 -4 25 -25 -14 -13 -2 29 -29
right_child=18 11 7 5 6 13 -8 21 -10 10 -12 14 23 -15 -16 16 -18 -19 -20 -21 -22 -23 -24 24 -26 -27 -28 28 -30 -31
leaf_value=-7.4181512204100519 11.255267010648458 -20.844167290414713 42.300468414900244 -15.221785448708806 -18.632934228601822 -22.237755189465336 -24.457320424260377 -20.473565718907487 -19.813812363909083 -11.120364410124802 -37.781869850177493 -28.941929964599471 -43.171329887774121 -13.267341518004052 16.379450570821859 -34.589079300838812 -23.27440591870408 19.318319716143471 -29.754193711642724 0.6640390921783772 -31.787096569882188 -8.2500096007366714 -17.353734397919563 -12.998093266386711 125.24947484341887 4.4870193842897788 -34.756971376129449 35.676480765555624 2793.0797650558638 222.30199841780961
leaf_weight=625 39 198 166 506 1544 349 52 32 1110 1054 60 23 51 292 31 24 195 131 23 387 36 25 116 1046 62 1154 20 22 21 10708
leaf_count=625 39 198 166 506 1544 349 52 32 1110 1054 60 23 51 292 31 24 195 131 23 387 36 25 116 1046 62 1154 20 22 21 10708
internal_value=0.000859915 -0.00160545 -0.00213295 -0.00251285 -0.00289913 -0.00167405 -0.00369173 -0.000860977 -0.00217003 -0.000674785 -0.00112029 -0.000483675 -0.000376442 -0.00275663 -0.00327273 -0.00148905 -0.00289041 -0.000556231 0.0029778 -0.000896976 -0.00497468 -0.00542105 0.00108511 -0.00011284 -0.000546931 0.000286307 -0.00746512 0.00298888 0.00299442 0.0029972
internal_weight=20102 9289 6318 4865 3331 1534 1596 1453 1735 1396 1114 2971 2861 641 110 548 219 329 10813 893 79 57 282 2313 1108 1205 43 10790 10751 10730
internal_count=20102 9289 6318 4865 3331 1534 1596 1453 1735 1396 1114 2971 2861 641 110 548 219 329 10813 893 79 57 282 2313 1108 1205 43 10790 10751 10730
is_linear=0
shrinkage=0.03


Tree=31
num_leaves=31
num_cat=0
split_feature=26 24 10 10 17 17 3 3 10 24 12 16 22 21 8 10 13 21 14 8 24 7 3 21 14 11 12 24 12 15
split_gain=114.658 5.9744 4.58494 2.33871 1.39746 2.65418 1.04935 1.46327 0.819949 1.18382 0.830292 0.813216 0.742392 1.058 1.57484 0.812315 1.12654 0.692289 0.684465 0.972733 0.731873 1.11635 0.619293 0.613284 0.580854 0.566993 0.512585 0.497862 0.198888 0.193939
threshold=7.5000000000000009 14355.050000000001 16423.990000000002 2405.4450000000002 3.1170386222406048 2.6506655016706215 13257.76 12042.835000000001 46401.530000000006 8222.6025000000027 4104.4700000000012 4575.915779600783 23187.050000000003 25948.905000000002 2754.9875000000006 97768.152500000011 2999.7950000000005 15393.850000000004 34115.795000000006 14950.92 95428.618333333332 57237.927740441308 33289.730000000003 1406.8400000000004 870.60000000000014 6502.8350000000009 28104.580000000005 3895.2708333333335 1667.3650000000002 0.69108903068795635
decision_type=2 2 2 2 2 2 2 2 2 2 2 2 2 2 2 2 2 2 2 2 2 2 2 2 2 2 2 2 2 2
left_child=1 2 3 6 5 -5 7 -1 9 11 -11 -4 13 14 -3 -15 -17 -16 20 -20 21 -14 -22 29 -8 -2 -21 -25 -27 -10
right_child=25 12 8 4 -6 -7 24 -9 23 10 -12 -13 18 15 17 16 -18 -19 19 26 22 -23 -24 27 -26 28 -28 -29 -30 -31
leaf_value=-17.146470330309398 -1.3094359035692225 -35.052836381316702 -7.5843780508159098 -18.686189035112761 30.274657161913179 -24.208410553950102 26.179481568659515 -19.489306955950116 -35.76179522275163 -18.309449591887613 -30.059490635686867 -33.111781868788164 -22.794718596344648 23.416465973516043 0.93033587711715882 52.723828275808067 -43.940411379972396 -9.9529088422536507 -45.360315990901711 49.212651874073124 -41.774451649358504 54.1585727780271 -30.141898242530186 69.085153922170889 -4.7620589062167884 75.229639261571251 -47.694931681480455 -3.6348266502794386 212.52387796272458 -10.799153522826153
leaf_weight=1226 28 20 743 1498 35 28 76 48 20 751 49 32 1130 247 697 118 62 1077 21 136 25 209 98 42 181 20 37 659 10765 24
leaf_count=1226 28 20 743 1498 35 28 76 48 20 751 49 32 1130 247 697 118 62 1077 21 136 25 209 98 42 181 20 37 659 10765 24
internal_value=0.000877823 -0.00156669 -0.00221064 -0.00296701 -0.00378411 -0.00392005 -0.0021339 -0.00248666 -0.00120259 -0.00159048 -0.0024 -0.000754839 -0.000667784 -0.00030932 -0.000628762 0.00103279 -0.0005 -0.000534385 -0.00114855 0.000525773 -0.00137072 -0.00116729 -0.00358537 -0.00038255 -0.000385214 0.0029778 0.0012659 -0.000166904 0.00298887 -0.00381818
internal_weight=20102 9289 5412 3092 1561 1526 1531 1274 2320 1575 800 775 3877 2221 1794 427 180 1774 1656 194 1462 1339 123 745 257 10813 173 701 10785 44
internal_count=20102 9289 5412 3092 1561 1526 1531 1274 2320 1575 800 775 3877 2221 1794 427 180 1774 1656 194 1462 1339 123 745 257 10813 173 701 10785 44
is_linear=0
shrinkage=0.03


Tree=32
num_leaves=31
num_cat=0
split_feature=26 24 10 10 19 22 18 8 17 17 4 18 3 17 4 25 7 8 14 18 19 27 21 27 7 15 10 14 7 18
split_gain=113.046 5.76372 4.5164 2.44063 1.15444 1.1517 1.32326 1.11954 1.01758 2.67291 0.914218 1.81644 2.03219 1.32808 1.26297 0.747328 1.03212 1.82802 1.16128 0.967105 0.880704 0.696612 0.678788 0.649574 0.595181 0.576689 0.49208 0.325684 0.277747 0.196325
threshold=6.5000000000000009 14355.050000000001 16423.990000000002 2405.4450000000002 0.56690531247144993 3748.2350000000001 74.90000000000002 2754.9875000000006 3.1170386222406048 2.6506655016706215 5404.5750000000007 0.61032984517189071 7633.8350000000019 1.4524094705957289 4420.2900000000009 79069.565000000017 60705.983390112953 44740.30000000001 24237.400000000005 0.24961486236448524 0.021696241445997775 127530.13166666667 23205.801666666666 26701.980833333335 67618.252925591936 0.72170263567672321 318332.92000000004 752.60000000000002 14047.583032704482 0.55433320564078314
decision_type=2 2 2 2 2 2 2 2 2 2 2 2 2 2 2 2 2 2 2 2 2 2 2 2 2 2 2 2 2 2
left_child=1 2 3 5 28 6 -1 -7 9 -5 14 13 -13 -12 25 16 17 20 -19 -17 -3 26 -6 -18 -25 -4 -21 -16 29 -2
right_child=4 15 10 8 22 7 -8 -9 -10 -11 11 12 -14 -15 27 19 23 18 -20 21 -22 -23 -24 24 -26 -27 -28 -29 -30 -31
leaf_value=4.1476600268769737 9.0177382259391923 -0.65004967727209273 -24.092224227956603 -18.277359575969182 32.76876799917801 -22.180410516367388 -18.476641134777825 -12.325104372636906 29.366417447055785 -23.482158237331603 -20.221393905088007 -29.608854142079942 -20.758932258355685 2.100174880034495 -6.3043934236230283 -28.961256165217371 112.80979160954863 -38.134064575849258 226.70796159275133 -28.321061140977587 -12.353374730321155 -34.691635509753247 -38.601638909498611 243.65650829499293 -38.483142053364134 -7.5542583253771864 149.67864216684171 23.118708222742239 207.75164651984181 -1.452970775108823
leaf_weight=63 37 1535 193 1492 22 34 588 838 35 28 778 29 45 310 33 24 125 94 29 81 1731 22 20 43 133 813 25 116 10766 20
leaf_count=63 37 1535 193 1492 22 34 588 838 35 28 778 29 45 310 33 24 125 94 29 81 1731 22 20 43 133 813 25 116 10766 20
internal_value=0.000889762 -0.00155018 -0.00218258 -0.00293567 0.0029641 -0.00208207 -0.00303687 -0.00136927 -0.0037717 -0.00388816 -0.00118213 -0.00177625 -0.00632432 -0.00146691 -0.000584415 -0.000662155 -0.000577236 -0.000726763 -0.00431707 -0.00272368 -0.000591549 -0.0016875 -0.002 0.00110631 -6.81817e-05 -0.000966203 -0.000679245 0.00199329 0.00298337 0.000894737
internal_weight=20102 9237 5395 3078 10865 1523 651 872 1555 1520 2317 1162 74 1088 1155 3842 3690 3389 123 152 3266 128 42 301 176 1006 106 149 10823 57
internal_count=20102 9237 5395 3078 10865 1523 651 872 1555 1520 2317 1162 74 1088 1155 3842 3690 3389 123 152 3266 128 42 301 176 1006 106 149 10823 57
is_linear=0
shrinkage=0.03


Tree=33
num_leaves=31
num_cat=0
split_feature=26 24 18 21 18 2 5 17 20 27 23 2 25 7 25 18 24 13 19 31 11 2 19 11 9 5 24 22 5 7
split_gain=110.825 5.06727 4.15234 1.68129 2.14952 2.27294 1.26615 1.07518 1.01263 0.926812 0.845599 0.995065 0.844009 0.935905 1.6073 0.934708 0.826762 0.814891 0.802485 0.728233 0.728139 0.702269 0.68974 0.671086 0.587316 0.566419 0.479784 0.429501 0.4 0.298923
threshold=7.5000000000000009 14355.050000000001 0.32828964473806649 5926.170000000001 1.2960313400333152 11047.755000000003 4765.7750781250006 0.60511739670426368 0.75163614004136414 3353.8266666666668 9598.0239824679902 165.74000000000004 79069.565000000017 57237.927740441308 49118.107500000006 0.44913564337858308 118115.17000000001 385.77500000000003 0.021696241445997775 10.500000000000002 960.02500000000009 181095.22500000003 0.53230992475989813 42373.585000000014 19797.465000000004 63293.886757812506 8772.5675000000028 158078.46000000002 4251.7115625000015 14047.583032704482
decision_type=2 2 2 2 2 2 2 2 2 2 2 2 2 2 2 2 2 2 2 2 2 2 2 2 2 2 2 2 2 2
left_child=1 2 9 4 5 -4 28 -8 -6 10 11 -1 13 14 18 16 -14 -16 -3 24 -21 -17 29 -15 -11 -25 -12 -18 -5 -2
right_child=22 12 3 6 8 -7 7 -9 -10 19 26 -13 15 23 17 21 27 -19 -20 20 -22 -23 -24 25 -26 -27 -28 -29 -30 -31
leaf_value=-19.083493600608104 5.490570645321001 -1.5006930141825012 -19.940964230809989 -11.853752806080312 -16.888330276180458 -30.211643693280688 -9.9318195670896134 -16.217134626967489 4.0185693539685028 -8.1320397222738077 12.054183037954466 -15.973592285553714 -34.777600823726338 63.972572213683897 -37.108905617834075 9.3777737493220616 134.13569857119097 -9.392164166354684 -11.934355709739494 -27.419444299689122 5.4389453316821816 -33.370508114135482 -29.501173384590373 -56.410354406999687 14.55523835558084 65.671126886036419 -9.0408202690953434 -30.843637166778542 -21.060690857286289 202.46970018612507
leaf_weight=41 53 1521 535 20 622 30 738 1392 79 778 61 869 26 220 54 66 21 41 1752 22 20 21 23 22 84 113 101 20 20 10737
leaf_count=41 53 1521 535 20 622 30 738 1392 79 778 61 869 26 220 54 66 21 41 1752 22 20 21 23 22 84 113 101 20 20 10737
internal_value=0.000907671 -0.00149564 -0.00208869 -0.00271886 -0.00358768 -0.0049646 -0.00221198 -0.00211268 -0.00247789 -0.000992915 -0.00158955 -0.00194505 -0.000667784 -0.00057776 -0.000732185 -0.00284416 -0.00550746 -0.00457895 -0.000620531 -0.000285398 -0.00414286 -0.000793103 0.00297226 0.000887324 -9.74477e-05 -0.000777778 0.000407408 -0.00285366 -0.0075 0.00298332
internal_weight=20102 9289 5412 3436 1266 565 2170 2130 701 1976 1072 910 3877 3723 3368 154 67 95 3273 904 42 87 10813 355 862 135 162 41 40 10790
internal_count=20102 9289 5412 3436 1266 565 2170 2130 701 1976 1072 910 3877 3723 3368 154 67 95 3273 904 42 87 10813 355 862 135 162 41 40 10790
is_linear=0
shrinkage=0.03


Tree=34
num_leaves=31
num_cat=0
split_feature=26 10 10 7 8 17 13 10 22 18 22 25 19 3 22 21 27 8 16 18 24 5 18 8 15 10 25 12 18 24
split_gain=109.115 5.02717 4.21833 1.78243 1.74733 1.1417 1.77114 1.09005 1.25374 2.25327 1.58728 1.08722 1.04111 1.53045 1.03561 1.01128 0.949163 0.87091 0.920754 0.853489 0.826762 0.81219 0.915327 0.691872 0.650369 0.640071 0.554113 0.522056 0.507379 0.480827
threshold=7.5000000000000009 15369.357500000002 2405.4450000000002 15298.345470001144 3749.2950000000005 0.36835669123497211 3901.9750000000004 37642.797500000008 5738.5350000000008 0.80844087054043567 25243.315000000006 79069.565000000017 0.047008427599187601 12042.835000000001 23807.280000000006 8063.8333333333348 2046.1083333333338 3969.2325000000005 -6052.7813440551563 0.44913564337858308 118115.17000000001 9061.3407812500027 0.23017903166866785 14281.317500000003 0.99996692010788557 35364.55000000001 4321.1625000000013 4401.0250000000005 0.44913564337858308 6065.5658333333331
decision_type=2 2 2 2 2 2 2 2 2 2 2 2 2 2 2 2 2 2 2 2 2 2 2 2 2 2 2 2 2 2
left_child=1 2 4 14 5 16 -7 8 25 10 -10 21 -5 -14 15 -4 -1 -6 -19 20 -13 22 -9 -2 -11 29 -27 -21 -23 -3
right_child=23 7 3 12 17 6 -8 11 9 24 -12 19 13 -15 -16 -17 -18 18 -20 27 -22 28 -24 -25 -26 26 -28 -29 -30 -31
leaf_value=-14.524997528536154 5.130386682864347 -13.890310030877902 -18.730434840879976 30.953480369043309 26.301055572807883 -18.071083740735592 -20.194684097567112 -15.174533371157649 -16.432294781959623 -20.183934545568793 -32.353769156056138 -33.734272799014555 -14.820563789307364 1.0225477489451968 -38.66163274507069 -14.422148375534462 4.748916984115465 7.1545214967601067 -14.842521769613439 20.626836850513641 -26.369858115385579 1.6135580598977444 -27.142301702088098 204.85668863711348 12.348518818539018 -30.990028770366241 5.0368966700062714 -30.040638546498286 -12.367338043324128 1.7236366445717743
leaf_weight=150 115 364 995 55 47 299 27 544 895 128 57 26 31 61 23 485 114 256 1638 39 41 1813 28 10698 157 33 21 20 460 482
leaf_count=150 115 364 995 55 47 299 27 544 895 128 57 26 31 61 23 485 114 256 1638 39 41 1813 28 10698 157 33 21 20 460 482
internal_value=0.000918118 -0.00146657 -0.00223798 -0.00341818 -0.00146859 -0.0028983 -0.00408589 -0.00083516 -0.0013519 -0.00197171 -0.00267227 -0.00046348 -0.000265306 -0.00221739 -0.00372655 -0.00362838 -0.00143182 -0.001034 -0.00113411 -0.00319048 -0.00550746 -0.000342706 -0.00135315 0.00296671 0.000368421 -0.0005 -0.00366667 -0.000559322 -8.84293e-05 -0.000297872
internal_weight=20102 9289 4181 1650 2531 590 326 5108 2137 1237 952 2971 147 92 1503 1480 264 1941 1894 126 67 2845 572 10813 285 900 54 59 2273 846
internal_count=20102 9289 4181 1650 2531 590 326 5108 2137 1237 952 2971 147 92 1503 1480 264 1941 1894 126 67 2845 572 10813 285 900 54 59 2273 846
is_linear=0
shrinkage=0.03


Tree=35
num_leaves=31
num_cat=0
split_feature=26 10 10 8 7 22 17 13 19 3 10 22 18 22 25 27 8 23 18 12 5 18 25 15 25 10 4 12 18 11
split_gain=106.854 4.70527 3.85693 1.68162 1.66122 1.07525 1.0639 1.81572 1.04111 1.53045 1.02224 1.17246 2.16083 1.62877 1.08722 0.949163 0.864249 0.97844 0.853489 0.834812 0.81219 0.915327 0.805415 0.650369 0.642996 0.640071 0.666667 0.522056 0.507379 0.44747
threshold=7.5000000000000009 15369.357500000002 2405.4450000000002 3749.2950000000005 15298.345470001144 23807.280000000006 0.36835669123497211 3901.9750000000004 0.047008427599187601 12042.835000000001 37642.797500000008 5738.5350000000008 0.80844087054043567 25243.315000000006 79069.565000000017 2046.1083333333338 3969.2325000000005 4761.4577398320862 0.44913564337858308 1569.1650000000002 9061.3407812500027 0.23017903166866785 14764.370000000001 0.99996692010788557 102477.63500000001 35364.55000000001 3531.4700000000007 4401.0250000000005 0.44913564337858308 6967.3850000000011
decision_type=2 2 2 2 2 2 2 2 2 2 2 2 2 2 2 2 2 2 2 2 2 2 2 2 2 2 2 2 2 2
left_child=1 2 3 6 5 19 15 -8 -6 -10 11 25 13 -13 20 -1 -5 -18 24 -4 21 -12 -2 -14 -16 -3 -27 -20 -22 -24
right_child=22 10 4 16 8 -7 7 -9 9 -11 14 12 23 -15 18 -17 17 -19 27 -21 28 -23 29 -25 -26 26 -28 -29 -30 -31
leaf_value=-14.08924760268007 5.0086858695107983 -2.1844383718093585 -16.83700279177685 25.512023905623643 30.024875957972014 -37.501783762718567 -17.528951228513524 -19.588843574640098 -14.37594687562814 0.99187131647683879 -14.71929737002292 -15.939325938500835 -19.57841650920173 -31.383156081374452 -36.029961670399551 4.6064494745919973 -17.069599669815716 -7.7793837735868969 20.008031744998231 -12.449402350329562 1.5651513181008123 -26.328032651025453 -5.6493402260156929 11.978063253982844 -23.213215699649645 3.6640751609020867 -35.456094854243837 -29.139419390103338 -11.996317902024408 205.69988897667207
leaf_weight=150 146 846 1335 47 55 23 299 27 31 61 544 895 128 57 21 114 516 1378 39 145 1813 28 20 157 46 27 27 20 460 10647
leaf_count=150 146 846 1335 47 55 23 299 27 31 61 544 895 128 57 21 114 516 1378 39 145 1813 28 20 157 46 27 27 20 460 10647
internal_value=0.00092558 -0.00143428 -0.00218058 -0.00144488 -0.00330909 -0.00360679 -0.00284746 -0.00399386 -0.000265306 -0.00221739 -0.000823414 -0.00132382 -0.0019232 -0.00260924 -0.00046348 -0.00143182 -0.00101855 -0.00111827 -0.00319048 -0.00350676 -0.000342706 -0.00135315 0.00295283 0.000368421 -0.00550746 -0.0005 -0.00366667 -0.000559322 -8.84293e-05 0.00298313
internal_weight=20102 9289 4181 2531 1650 1503 590 326 147 92 5108 2137 1237 952 2971 264 1941 1894 126 1480 2845 572 10813 285 67 900 54 59 2273 10667
internal_count=20102 9289 4181 2531 1650 1503 590 326 147 92 5108 2137 1237 952 2971 264 1941 1894 126 1480 2845 572 10813 285 67 900 54 59 2273 10667
is_linear=0
shrinkage=0.03


Tree=36
num_leaves=31
num_cat=0
split_feature=26 6 18 6 18 1 4 17 17 3 4 20 25 22 21 4 25 8 16 14 8 14 4 7 12 18 14 19 12 19
split_gain=104.996 4.49826 3.73798 1.89658 2.24296 2.08833 1.53663 1.49557 2.51297 1.24898 1.66759 1.08914 0.921825 0.852261 0.872865 1.04635 1.48423 0.830348 0.805054 0.767272 0.9475 0.858607 0.744317 0.72072 0.568709 0.568663 0.582078 0.448026 0.371712 0.36322
threshold=7.5000000000000009 14945.064154979087 0.32828964473806649 5965.8111148469998 0.89253883031511327 5966.7293558744213 19833.850000000002 0.55710522667885598 1.2080280668131915 4573.8100000000004 5404.5750000000007 0.75163614004136414 14985.452500000001 23187.050000000003 25948.905000000002 19436.685000000001 15435.480000000001 23148.752500000002 -2833.019627392739 34115.795000000006 14950.92 33652.975000000013 30228.845000000005 15815.897368937774 28104.580000000005 0.46201691125926064 1697.8450000000003 0.53230992475989813 2648.7250000000004 0.37240091966209998
decision_type=2 2 2 2 2 2 2 2 2 2 2 2 2 2 2 2 2 2 2 2 2 2 2 2 2 2 2 2 2 2
left_child=1 2 6 4 5 -4 9 18 -9 10 -1 -6 29 14 15 17 -17 -3 -5 21 -21 22 -15 -11 -22 26 -16 -14 -8 -2
right_child=12 13 3 7 11 -7 28 8 -10 23 -12 -13 27 19 25 16 -18 -19 -20 20 24 -23 -24 -25 -26 -27 -28 -29 -30 -31
leaf_value=-11.160396892885544 7.7508203715087136 2.17884102451896 -18.912724098942604 3.0690747808069991 -13.80695343107879 -22.419967665400069 24.417336479168011 -20.395431210391365 -12.414293171189563 -0.90647135574812232 -25.291458585427907 4.7902959076326894 201.12120028968673 -23.194949916258288 54.145636631748914 -25.853536485510386 -3.7392879344768581 -30.584356541481792 -11.669584078706265 -41.961263280295455 51.408598453380058 -44.209659269075793 -16.752677258065678 -27.078332975670314 -46.274413069996719 34.943613820336665 -5.7766786300845929 -9.6988900288455984 -7.7668243509548205 -14.262475946191136
leaf_weight=770 158 1001 358 242 576 66 146 672 891 791 264 81 10615 586 75 199 346 75 634 22 135 20 871 42 37 194 157 20 38 20
leaf_count=770 158 1001 358 242 576 66 146 672 891 791 264 81 10615 586 75 199 346 75 634 22 135 20 871 42 37 194 157 20 38 20
internal_value=0.000940504 -0.00139875 -0.00193807 -0.00253125 -0.00357724 -0.0052783 -0.000920039 -0.00206765 -0.0026238 -0.00117783 -0.00187427 -0.00247945 0.00295006 -0.00059064 -0.000180264 -0.000497841 -0.00156881 4.46098e-05 -0.00107534 -0.00109336 0.000680412 -0.00132634 -0.00124159 -0.000313325 0.00143023 0.00102817 2.58622e-05 0.0029859 0.00169565 0.000808989
internal_weight=20102 9289 5571 3520 1081 424 2051 2439 1563 1867 1034 657 10813 3718 2047 1621 545 1076 876 1671 194 1477 1457 833 172 426 232 10635 184 178
internal_count=20102 9289 5571 3520 1081 424 2051 2439 1563 1867 1034 657 10813 3718 2047 1621 545 1076 876 1671 194 1477 1457 833 172 426 232 10635 184 178
is_linear=0
shrinkage=0.03


Tree=37
num_leaves=31
num_cat=0
split_feature=26 10 25 13 13 31 10 21 10 22 11 11 25 25 9 27 3 11 22 27 8 23 20 27 7 10 4 11 31 16
split_gain=104.24 4.50403 3.68248 1.49398 1.94913 1.37516 1.20843 1.5731 1.05171 1.28487 1.56028 1.78428 1.03955 1.03066 1.01971 1.41542 0.939008 0.926828 0.915472 0.883799 0.768995 1.12915 1.10204 0.766618 0.725808 0.667305 0.666667 0.654407 0.616258 0.38989
threshold=7.5000000000000009 15369.357500000002 7128.9325000000008 1.0000000180025095e-35 1279.8900000000001 5.5000000000000009 3496.8600000000001 18107.85666666667 37642.797500000008 5738.5350000000008 26765.070000000003 23546.335000000003 15192.087500000003 86544.707500000019 2410.7750000000005 1073.2358333333336 12883.635000000002 12637.455000000004 6742.9050000000016 2562.1027777777786 22652.820000000003 13190.534590407697 0.29772483128639943 127530.13166666667 7502.7621702542228 35364.55000000001 3531.4700000000007 1780.4350000000002 9.5000000000000018 9064.9671589361969
decision_type=2 2 2 2 2 2 2 2 2 2 2 2 2 2 2 2 2 2 2 2 2 2 2 2 2 2 2 2 2 2
left_child=1 2 6 20 5 -5 14 18 9 25 11 -11 -2 19 15 -1 -16 -6 -8 24 21 -4 -22 27 -10 -3 -27 -15 -21 -14
right_child=12 8 3 4 17 -7 7 -9 13 10 -12 -13 29 23 16 -17 -18 -19 -20 28 22 -23 -24 -25 -26 26 -28 -29 -30 -31
leaf_value=-15.338659536361622 4.7968646628713696 -1.6571543542555853 -10.936480870817359 -11.405706624068221 -13.361714402182962 -26.494807389019019 -15.836109055566713 -21.948303634653605 -27.076705445173577 -15.234432101273704 11.902061212012116 -25.296512002005649 199.47448602308486 -28.752265616468222 -22.172467634560768 -2.4561863007502045 -3.272179980235963 5.4741313663208961 -10.192820565063851 0.82892706163810004 -18.30496296884758 22.837540087938951 -45.263396810384378 -27.58126183660703 -9.0049032415331993 3.8889648128615915 -33.803240974939783 -3.566239953910173 -18.340971253684348 290.14118333384835
leaf_weight=170 210 846 394 55 875 38 933 20 112 1102 96 39 10580 22 496 348 109 178 141 2113 147 256 21 21 260 27 27 67 376 23
leaf_count=170 210 846 394 55 875 38 933 20 112 1102 96 39 10580 22 496 348 109 178 141 2113 147 256 21 21 260 27 27 67 376 23
internal_value=0.000944981 -0.00138583 -0.002116 -0.00117006 -0.00186911 -0.00603226 -0.00295399 -0.00366362 -0.000788175 -0.00129574 -0.0019232 -0.00223225 0.00294729 -0.00042309 -0.00226269 -0.00128571 -0.00309917 -0.00150142 -0.00350838 -0.000313527 -0.000190709 0.000276923 -0.002 -0.00327273 -0.00167742 -0.000433333 -0.00366667 -0.00205618 -0.000109682 0.00298868
internal_weight=20102 9289 4181 1964 1146 93 2217 1094 5108 2137 1237 1141 10813 2971 1123 518 605 1053 1074 2861 818 650 168 110 372 900 54 89 2489 10603
internal_count=20102 9289 4181 1964 1146 93 2217 1094 5108 2137 1237 1141 10813 2971 1123 518 605 1053 1074 2861 818 650 168 110 372 900 54 89 2489 10603
is_linear=0
shrinkage=0.03


Tree=38
num_leaves=31
num_cat=0
split_feature=26 24 18 6 18 1 7 17 17 20 9 16 27 18 25 15 5 26 15 5 4 22 4 12 28 15 25 16 31 17
split_gain=100.804 4.46822 3.54206 1.49743 2.35037 2.14903 1.27145 1.07695 2.11126 0.999453 0.798796 1.01428 0.892483 0.768689 1.14968 1.11063 0.932745 0.765619 0.996133 0.906752 0.751363 0.727383 0.726779 0.721498 0.792262 1.0006 0.690857 0.594136 0.692015 0.488285
threshold=7.5000000000000009 12969.171666666667 0.32828964473806649 5965.8111148469998 0.89253883031511327 5966.7293558744213 15444.036356416507 0.55710522667885598 1.2494292246084824 0.75163614004136414 19494.755000000001 3061.713833409151 3353.8266666666668 0.42415576095854207 49937.50250000001 0.66383809896941237 6602.2439062500007 1.5000000000000002 0.66383809896941237 18733.124003906254 7614.6150000000007 10011.860000000002 11271.715000000002 3333.2100000000005 8.5000000000000018 1.0080921686617015 32885.662500000013 -14083.116890673808 6.5000000000000009 1.18358613563019
decision_type=2 2 2 2 2 2 2 2 2 2 2 2 2 2 2 2 2 2 2 2 2 2 2 2 2 2 2 2 2 2
left_child=1 2 10 4 5 -4 23 22 -9 -6 11 12 -1 14 16 -16 -3 27 19 -19 -13 -20 -5 -2 25 -25 -18 -15 -29 -17
right_child=6 13 3 7 9 -7 -8 8 -10 -11 -12 20 -14 17 15 29 26 18 21 -21 -22 -23 -24 24 -26 -27 -28 28 -30 -31
leaf_value=-13.737351385666191 10.105033317741015 -15.104354960267369 -17.894329347633079 -4.2480237016765399 -12.932585042055578 -21.272285363771065 200.50682953263853 -19.328398941445638 -11.505415693072106 4.7202726194262139 22.100936982573781 -27.407639494720545 0.56873925244410095 75.048634877204961 -27.782916121326522 -35.920984384940539 -0.0024073550638382987 -35.258565192946811 3.575483879013778 -4.9087725196559466 -39.370743471468309 -13.009016450520189 -13.355287218465364 10.850455823099445 17.860473035410617 -3.4965498404269293 69.139651534340672 -13.218456536795648 6.2590057626072317 0.74661933461788976
leaf_weight=974 203 24 358 541 576 66 10540 584 713 81 129 106 615 72 23 48 1345 39 341 36 20 1696 175 28 22 20 161 268 227 71
leaf_count=974 203 24 358 541 576 66 10540 584 713 81 129 106 615 72 23 48 1345 39 341 36 20 1696 175 28 22 20 161 268 227 71
internal_value=0.000964382 -0.0013277 -0.00194532 -0.00256561 -0.00346623 -0.00520755 0.00293341 -0.00208197 -0.00259753 -0.00234247 -0.000904555 -0.0010758 -0.000870359 -0.000626752 -0.000122009 -0.00270423 0.000117647 -0.000941769 -0.00120455 -0.0046 -0.00366667 -0.00107953 -0.00114804 0.000912088 -0.00171429 -0.003875 0.000211155 3.70371e-05 -0.000333333 -0.00153781
internal_weight=20102 9289 4938 3094 1081 424 10813 2013 1297 657 1844 1715 1589 4351 1672 142 1530 2679 2112 75 126 2037 716 273 70 48 1506 567 495 119
internal_count=20102 9289 4938 3094 1081 424 10813 2013 1297 657 1844 1715 1589 4351 1672 142 1530 2679 2112 75 126 2037 716 273 70 48 1506 567 495 119
is_linear=0
shrinkage=0.03


Tree=39
num_leaves=31
num_cat=0
split_feature=26 24 10 3 10 15 31 21 22 20 20 16 2 8 22 22 6 10 7 8 17 8 4 31 9 26 20 28 2 16
split_gain=98.9791 4.24081 3.44236 1.4334 1.35097 1.23013 1.6832 1.50305 0.88763 1.00072 0.984263 0.811323 1.19985 1.05923 0.774909 0.664153 0.839543 0.743818 0.723402 2.0403 0.648126 0.599363 1.05882 0.698209 0.594883 0.528257 0.45746 0.608295 1.25837 0.405986
threshold=7.5000000000000009 12969.171666666667 16423.990000000002 15120.760000000002 3496.8600000000001 1.0840884833226558 8.5000000000000018 15020.714166666668 3748.2350000000001 0.10144945197678666 0.99912062516713107 2414.52846559297 21754.825000000004 10008.512500000003 18092.960000000003 94354.317500000019 70693.031171244584 64982.44000000001 60705.983390112953 43130.607500000006 1.4524094705957289 49599.892500000009 70794.290000000008 8.5000000000000018 286157.09000000003 3.5000000000000004 0.21027830064479328 8.5000000000000018 14965.670000000002 9064.9671589361969
decision_type=2 2 2 2 2 2 2 2 2 2 2 2 2 2 2 2 2 2 2 2 2 2 2 2 2 2 2 2 2 2
left_child=1 2 4 26 8 7 -7 -6 10 -10 -1 14 13 -13 20 17 -17 18 19 -3 -4 23 -23 -19 25 -18 -2 28 -28 -5
right_child=3 15 11 29 5 6 -8 -9 9 -11 -12 12 -14 -15 -16 16 24 21 -20 -21 -22 22 -24 -25 -26 -27 27 -29 -30 -31
leaf_value=-15.29948510052524 9.7639523670697006 -8.2164502651596845 -11.635697115228838 185.70446956218169 -16.663618530405824 -13.34581796756299 7.5080592727939592 -23.081017758694188 -14.0395765126482 2.0835997556790238 22.73335443794927 -20.540784279380141 -3.4978418484446507 -25.670851033528606 -18.870469787078569 -38.847385796730677 -20.680979684677766 12.07065512363695 65.374711673753296 -33.700311982447495 4.9075378787686033 1.3883044559063147 -34.443052230442902 -17.113195804506443 -36.791082005341998 121.10211988269862 1.5232118688003862 32.422804580431944 -6.8699165965322706 127.78762887377364
leaf_weight=645 111 2726 1285 10596 902 395 107 20 497 302 26 181 159 41 23 22 83 849 72 66 355 102 51 314 28 38 42 22 20 22
leaf_count=645 111 2726 1285 10596 902 395 107 20 497 302 26 181 159 41 23 22 83 849 72 66 355 102 51 314 28 38 42 22 20 22
internal_value=0.00098229 -0.00128894 -0.00189064 0.00293341 -0.00255632 -0.00321489 -0.00201992 -0.00386551 -0.00191837 -0.0012428 -0.0027228 -0.000948141 -0.00219685 -0.00362162 -0.000662056 -0.000606067 -0.0024386 -0.0005311 -0.000802374 -0.00087894 -0.000585366 5.92706e-05 -0.00170588 0.000291488 -0.00163087 -0.000719008 0.000384615 -0.00128571 -0.00280645 0.00298022
internal_weight=20102 9289 4938 10813 2894 1424 502 922 1470 799 671 2044 381 222 1663 4351 171 4180 2864 2792 1640 1316 153 1163 149 121 195 84 62 10618
internal_count=20102 9289 4938 10813 2894 1424 502 922 1470 799 671 2044 381 222 1663 4351 171 4180 2864 2792 1640 1316 153 1163 149 121 195 84 62 10618
is_linear=0
shrinkage=0.03


Tree=40
num_leaves=31
num_cat=0
split_feature=26 24 18 4 21 24 8 20 17 5 8 8 11 8 16 15 22 7 17 8 3 4 31 23 4 18 31 18 8 21
split_gain=95.2488 4.2311 3.40557 1.88663 1.48932 2.09055 2.05385 1.1655 1.0996 1.12124 0.748471 0.90639 0.746989 0.898242 1.08804 0.730555 0.674244 0.898454 0.852992 0.655008 1.0953 0.587778 0.469999 0.466299 0.403078 0.305284 0.2538 0.450606 0.220492 0.43659
threshold=7.5000000000000009 14355.050000000001 0.32828964473806649 16182.795000000002 5926.170000000001 10069.112500000001 7635.1375000000016 0.25592891553534763 3.3001293055482477 4765.7750781250006 2754.9875000000006 11184.700000000003 806.4100000000002 7798.670000000001 -4014.7341390407823 0.59857046731849251 106856.02500000002 57237.927740441308 2.3795112442195574 6326.5825000000013 1985.7000000000003 14993.555000000002 3.5000000000000004 27257.559249891481 7202.8699999999999 8184.2490966235937 7.5000000000000009 0.57809227150556175 14281.317500000003 14239.146666666669
decision_type=2 2 2 2 2 2 2 2 2 2 2 2 2 2 2 2 2 2 2 2 2 2 2 2 2 2 2 2 2 2
left_child=1 2 12 7 5 6 -4 26 9 -6 -3 15 13 14 -1 -12 17 -13 -18 22 -21 -9 -14 -17 -15 -7 27 -2 29 -28
right_child=3 10 4 -5 8 25 -8 21 -10 -11 11 16 19 24 -16 23 18 -19 -20 20 -22 -23 -24 -25 -26 -27 28 -29 -30 -31
leaf_value=-32.768048004462422 7.5063807146732229 -29.022183093950058 -15.081561961317789 207.21253969066171 -18.067234188057707 34.535090469741114 -19.985348796310575 -0.40480710209772525 30.36785336895667 -11.823763937757461 -40.534955148509084 -10.576915533027289 -8.4068370851317766 40.875965677106535 -13.327007036614958 0.32458003619110604 -21.763444132977071 36.638275291732491 -38.631066591291834 -29.227207215536733 -0.21310237195309778 -4.6593070734936806 15.44630907199592 19.516860658500541 -3.6739086594316439 -5.6288071808825473 19.162260395640988 -5.8866633624475719 13.548921564883488 -2.0499824719872146
leaf_weight=70 71 29 1142 10417 39 52 51 25 41 2090 23 2545 118 79 1065 579 98 358 25 48 204 20 222 220 170 21 35 23 183 39
leaf_count=70 71 29 1142 10417 39 52 51 25 41 2090 23 2545 118 79 1065 579 98 358 25 48 204 20 222 220 170 21 35 23 183 39
internal_value=0.000997214 -0.00123081 -0.00177273 0.00291122 -0.00234342 -0.00316114 -0.0034627 0.000878788 -0.00186636 -0.00196007 -0.000474336 -0.00043815 -0.000780364 -0.00116185 -0.00151982 0.000445256 -0.000678123 -0.000585945 -0.00285366 0.000111487 -0.00104762 -0.00366667 0.000970588 0.000596996 0.00046988 0.00176712 0.00146154 0.00012766 0.00194942 0.000567568
internal_weight=20102 9289 5412 10813 3436 1266 1193 396 2170 2129 3877 3848 1976 1384 1135 822 3026 2903 123 592 252 45 340 799 249 73 351 94 257 74
internal_count=20102 9289 5412 10813 3436 1266 1193 396 2170 2129 3877 3848 1976 1384 1135 822 3026 2903 123 592 252 45 340 799 249 73 351 94 257 74
is_linear=0
shrinkage=0.03


Tree=41
num_leaves=31
num_cat=0
split_feature=26 10 25 8 9 17 10 12 13 13 7 24 10 22 18 22 25 24 5 24 8 20 16 22 2 18 3 10 12 8
split_gain=94.2535 3.97653 3.01022 2.06862 1.35328 1.40904 1.89053 1.30346 1.26531 1.41448 1.44231 1.21561 0.917934 1.18234 1.63329 1.47195 0.91704 0.872655 0.868306 1.17337 0.777092 1.10204 0.775074 0.761823 1.11823 0.726117 0.689297 0.668182 0.909632 0.711886
threshold=7.5000000000000009 15369.357500000002 6958.7875000000013 15687.497500000003 4291.4700000000012 1.115804668575906 13327.500000000002 3846.1850000000004 1.0000000180025095e-35 1279.8900000000001 10200.585839123401 3506.4033333333336 37642.797500000008 5738.5350000000008 0.80844087054043567 25243.315000000006 86544.707500000019 17859.49833333334 7979.6523437500009 10485.005833333335 22652.820000000003 0.29772483128639943 -1666.454134410327 3185.5900000000006 5555.6000000000013 3636.0525624999996 15556.295 334556.23750000005 4852.3450000000003 137255.53750000001
decision_type=2 2 2 2 2 2 2 2 2 2 2 2 2 2 2 2 2 2 2 2 2 2 2 2 2 2 2 2 2 2
left_child=1 2 4 7 23 6 -6 -2 20 10 -10 -7 13 -3 15 -15 18 -11 19 -14 26 -22 -16 24 -1 -25 -4 28 -18 -29
right_child=3 12 8 -5 5 11 -8 -9 9 17 -12 -13 16 14 22 -17 27 -19 -20 -21 21 -23 -24 25 -26 -27 -28 29 -30 -31
leaf_value=-13.898719907052151 7.5822721530619868 -4.5783004801654092 -8.0317876312562237 199.72827154418735 -22.906466617931567 -16.419508043690811 -20.028122213820641 -4.5206948811226768 -21.664920394964657 -12.881698430876131 -14.845427016307109 -12.345358126916519 -9.3423465900667342 -13.253532350053831 -17.758237092314975 -28.334708470946044 15.774907493781695 -2.3708772150960935 0.097513273654257202 -25.60177701361409 -16.80174261232094 -42.951423415827286 12.106014620517604 -9.5932771844564613 -24.424394365207942 4.7146895881643127 13.431940929522776 -27.931147917154952 -28.051745176690947 -19.816928497957157
leaf_weight=751 339 900 402 10426 214 97 21 48 28 650 67 584 392 895 98 57 42 416 2397 72 147 21 187 234 85 193 271 21 24 23
leaf_count=751 339 900 402 10426 214 97 21 48 28 650 67 584 392 895 98 57 42 416 2397 72 147 21 187 234 85 193 271 21 24 23
internal_value=0.00100169 -0.00121466 -0.00190074 0.00290567 -0.00267233 -0.00355022 -0.00555319 0.000751938 -0.00106094 -0.00170284 -0.00521053 -0.00285903 -0.000653093 -0.00112728 -0.00172918 -0.00232563 -0.000312016 -0.00139024 -0.000208668 -0.00139655 -0.000174792 -0.002 0.000263158 -0.00203563 -0.0025622 -0.00100468 0.000280832 -0.003 -0.00109091 -0.00586364
internal_weight=20102 9289 4181 10813 2179 916 235 387 2002 1161 95 681 5108 2137 1237 952 2971 1066 2861 464 841 168 285 1263 836 427 673 110 66 44
internal_count=20102 9289 4181 10813 2179 916 235 387 2002 1161 95 681 5108 2137 1237 952 2971 1066 2861 464 841 168 285 1263 836 427 673 110 66 44
is_linear=0
shrinkage=0.03


Tree=42
num_leaves=31
num_cat=0
split_feature=26 10 25 4 18 21 9 17 17 24 19 20 17 2 15 14 24 10 14 12 28 20 16 31 18 28 7 10 19 25
split_gain=91.9865 3.84466 3.07038 2.39832 1.32769 1.5067 1.16248 1.42832 1.66221 1.3149 1.30717 1.08845 0.91432 0.849083 0.846659 0.794359 0.960567 1.29471 0.76791 0.824931 0.784038 0.674128 0.511853 0.503491 1.17328 0.474234 0.424338 1.64374 0.312963 0.273606
threshold=7.5000000000000009 15369.357500000002 7128.9325000000008 16681.640000000003 1.197864210988042 14655.388333333334 4291.4700000000012 1.115804668575906 1.0299389858982659 3506.4033333333336 2.4625501852561036 0.25592891553534763 3.5011814696576349 16637.065000000006 3.1508698363319403 29963.780000000002 98597.498333333337 66383.337500000009 111.05500000000002 1911.0850000000003 5.5000000000000009 0.030081360496618543 195.07256090690592 8.5000000000000018 0.58207345759671625 4.5000000000000009 19861.325463856618 70695.880000000019 0.26002147838794726 55514.217500000006
decision_type=2 2 2 2 2 2 2 2 2 2 2 2 2 2 2 2 2 2 2 2 2 2 2 2 2 2 2 2 2 2
left_child=1 2 6 11 5 13 10 8 -8 -9 14 23 15 -4 -1 16 17 -3 20 -20 -6 -18 -13 24 28 -14 27 -17 -2 -28
right_child=3 12 4 -5 18 -7 7 9 -10 -11 -12 22 25 -15 -16 26 21 -19 19 -21 -22 -23 -24 -25 -26 -27 29 -29 -30 -31
leaf_value=-11.27450369330934 8.3719117431251195 -11.374377505009821 -14.724633892999243 204.94423907862426 -14.443913602997936 -25.630172068806161 -17.512257524870062 -15.926922802380087 -23.705445591881837 -11.590806049302751 -27.361818867760373 -4.3862410549575674 -5.8367587040819586 29.860666258280112 29.280579383606273 10.714690924052267 -20.475788673538279 0.3185382758925403 -11.554989499246162 0.72330177300576382 29.326753566945943 -27.190595185866503 0.78719975108463081 13.042884903359649 -16.98164343703953 20.768430806607441 50.551622301126756 -46.514683767598882 -1.7633491189869783 -19.903110709951854
leaf_weight=1219 60 3166 167 10329 132 32 202 97 41 605 22 26 33 25 31 85 62 1359 951 482 175 36 27 301 22 122 179 26 48 40
leaf_count=1219 60 3166 167 10329 132 32 202 97 41 605 22 26 33 25 31 85 62 1359 951 482 175 36 27 301 22 122 179 26 48 40
internal_value=0.00101363 -0.00117591 -0.00185051 0.00289457 -0.000986762 -0.00316071 -0.0026157 -0.0034127 -0.00539506 -0.0027265 -0.00202358 0.000830579 -0.000623727 -0.00215625 -0.001896 -0.00069473 -0.000796236 -0.000732597 -0.000706896 -0.000998604 0.000654723 -0.00373469 -0.00322641 0.00132947 -0.000230769 0.00164516 0.000727273 -0.000783784 0.00105556 0.00149315
internal_weight=20102 9289 4181 10813 1964 224 2217 945 243 702 1272 484 5108 192 1250 4953 4623 4525 1740 1433 307 98 53 431 130 155 330 111 108 219
internal_count=20102 9289 4181 10813 1964 224 2217 945 243 702 1272 484 5108 192 1250 4953 4623 4525 1740 1433 307 98 53 431 130 155 330 111 108 219
is_linear=0
shrinkage=0.03


Tree=43
num_leaves=31
num_cat=0
split_feature=12 8 17 10 24 11 10 21 31 31 22 17 17 22 14 20 22 4 8 31 21 6 17 25 4 17 4 4 11 28
split_gain=69.4512 15.0012 5.81696 4.26174 2.30176 1.49921 1.46587 1.72503 1.45522 1.34249 1.21473 1.44192 1.20985 1.13733 1.09948 0.977988 0.916909 1.41301 1.34392 0.986356 1.23715 1.02623 0.803172 0.775721 1.06509 0.753104 0.72875 1.1599 0.706425 0.705963
threshold=2157.5000000000005 16675.075000000001 0.80304264575733286 15369.357500000002 16875.122500000001 960.02500000000009 5386.2875000000013 18107.85666666667 12.500000000000002 19.500000000000004 7138.2500000000009 1.18358613563019 0.36835669123497211 106856.02500000002 111.05500000000002 0.10270558108410713 26348.265000000003 35942.865000000005 11423.410000000002 3.5000000000000004 16342.106666666668 15818.873670428775 2.2125995775136187 44803.665000000008 57707.860000000008 0.78437911297247498 27595.425000000007 24348.795000000006 8944.0300000000007 3.5000000000000004
decision_type=2 2 2 2 2 2 2 2 2 2 2 2 2 2 2 2 2 2 2 2 2 2 2 2 2 2 2 2 2 2
left_child=3 9 5 4 6 -3 10 14 22 16 12 -12 -1 26 -8 -15 19 18 -18 20 -2 -21 25 28 -25 -5 27 -4 -6 -30
right_child=1 2 13 8 23 -7 7 -9 -10 -11 11 -13 -14 15 -16 -17 17 -19 -20 21 -22 -23 -24 24 -26 -27 -28 -29 29 -31
leaf_value=-8.4856574485327005 -10.418721781795718 2.483907602041608 -1.6784187796947285 -6.0045201932241961 -11.182593204618541 218.4605937147152 -9.4376039766240538 -20.454995852475101 44.522915102157434 11.750867505790074 -14.167776104287555 5.1591217588359495 -17.330188066930177 -32.812937429027954 -13.351551896147681 17.002266420419875 -18.589733660603383 6.9612531496043246 -48.88307573686253 -2.3427701596849491 -48.665087277695697 15.382142477414227 2.692874415034634 -32.720125095156924 -0.82356523709382023 -13.618836966998996 26.242511275166088 -34.49442498179824 -16.127947684177968 51.769771816400571
leaf_weight=443 345 166 207 1480 311 10248 224 29 98 191 355 217 686 22 943 25 23 45 21 747 41 407 499 23 35 1698 287 23 75 188
leaf_count=443 345 166 207 1480 311 10248 224 29 98 191 355 217 686 22 943 25 23 45 21 747 41 407 499 23 35 1698 287 23 75 188
internal_value=0.00102557 0.00235771 0.00277592 -0.0013086 -0.00205809 0.00293662 -0.00241595 -0.00322074 -0.000607947 -0.000164835 -0.00185009 -0.000723776 -0.00242073 -0.000191489 -0.00304113 -0.00465957 -0.00044383 -0.00340449 -0.00722727 -0.000272727 -0.00158549 0.000166378 -0.000704106 -0.000417721 -0.00372414 -0.000879798 0.0002147 -0.00104348 -8.36236e-05 0.00106084
internal_weight=20102 12798 10978 7304 3529 10414 2897 1196 3775 1820 1701 572 1129 564 1167 47 1629 89 44 1540 386 1154 3677 632 58 3178 517 230 574 263
internal_count=20102 12798 10978 7304 3529 10414 2897 1196 3775 1820 1701 572 1129 564 1167 47 1629 89 44 1540 386 1154 3677 632 58 3178 517 230 574 263
is_linear=0
shrinkage=0.03


Tree=44
num_leaves=31
num_cat=0
split_feature=26 10 6 18 9 10 4 25 8 8 0 13 27 7 2 8 4 4 14 13 22 10 10 31 4 12 18 14 17 23
split_gain=88.5974 3.44676 2.94717 2.80601 1.39302 1.47135 1.65601 1.38193 1.35458 1.17755 2.43275 1.14896 1.47468 1.08922 0.961702 0.85736 0.815518 1.78823 0.805225 1.02172 0.781042 0.987108 0.803324 0.714667 0.604499 0.514501 1.1305 0.475682 0.412318 0.553729
threshold=7.5000000000000009 15369.357500000002 16034.517062500001 0.81537271216322782 4600.5100000000011 8328.7275000000027 7042.0750000000016 7128.9325000000008 15525.757500000002 7334.7700000000013 8402.9191261883607 1.0000000180025095e-35 1127.1200000000001 3096.6324800000002 20223.885000000002 22652.820000000003 1054.5350000000001 3147.5950000000007 29963.780000000002 26370.215000000004 96825.400000000009 66383.337500000009 118432.02750000001 5.5000000000000009 257.08500000000004 3405.8450000000007 0.56559529777457052 28184.295000000002 0.54214340608846523 501.16314690585779
decision_type=2 2 2 2 2 2 2 2 2 2 2 2 2 2 2 2 2 2 2 2 2 2 2 2 2 2 2 2 2 2
left_child=1 3 8 4 16 6 -6 9 25 14 -11 15 -13 -7 -5 -9 24 -18 19 20 21 -3 -22 -21 -1 28 -27 -25 29 -2
right_child=2 18 -4 7 5 13 -8 11 -10 10 -12 12 -14 -15 -16 -17 17 -19 -20 23 22 -23 -24 27 -26 26 -28 -29 -30 -31
leaf_value=-14.234830353289432 -2.1461405083575076 -9.759284318257226 176.95930459594828 -9.9462837957394168 -22.409008713547163 16.740247908830138 -9.1724877867489791 7.0793305481361948 -3.2828431263388134 -25.814382938010429 -11.129061873616994 -18.999043582983113 -7.1907501554839888 -12.402173196681776 -22.706541928106603 -26.125616862602019 -18.179657232729355 -4.1117125708518545 12.668761839184699 -40.991107650946425 -32.341471528525631 0.48044404930635859 -16.813009021819436 41.700448060231167 7.3468442619477203 5.8829900653953775 -5.6232354184294433 -22.822861815028865 9.1812411859865293 7.4054860612683058
leaf_weight=71 43 3179 10462 1189 64 21 26 612 36 29 47 51 1039 240 112 168 201 188 333 27 21 1419 86 20 123 46 20 23 135 71
leaf_count=71 43 3179 10462 1189 64 21 26 612 36 29 47 51 1039 240 112 168 201 188 333 27 21 1419 86 20 123 46 20 23 135 71
internal_value=0.00103751 -0.00111131 0.00288347 -0.00175006 -0.00319914 -0.00469231 -0.008 -0.00133323 0.000179487 -0.00205447 -0.00568421 -0.000802139 -0.00143119 -0.00355172 -0.00184243 7.69232e-05 -0.00230017 -0.00309254 -0.000588489 -0.000687958 -0.000634431 -0.000575467 -0.00316822 -0.00428571 -0.00071134 0.000809524 -0.00154545 -0.00188372 0.00143374 0.000105263
internal_weight=20102 9289 10813 4181 934 351 90 3247 351 1377 76 1870 1090 261 1301 780 583 389 5108 4775 4705 4598 107 70 194 315 66 43 249 114
internal_count=20102 9289 10813 4181 934 351 90 3247 351 1377 76 1870 1090 261 1301 780 583 389 5108 4775 4705 4598 107 70 194 315 66 43 249 114
is_linear=0
shrinkage=0.03


Tree=45
num_leaves=31
num_cat=0
split_feature=26 8 10 18 9 10 4 25 8 0 7 20 13 14 4 4 0 8 3 14 13 24 10 31 9 24 14 10 7 10
split_gain=87.1287 3.44276 3.42362 2.76513 1.4536 1.47135 1.65601 1.28744 1.20599 2.43275 1.08922 1.08033 1.05062 1.17285 0.92488 1.78823 0.886683 0.822971 0.726422 0.688203 1.03605 0.916566 0.907954 0.714667 0.669643 0.638357 0.475682 0.449221 0.433934 1.1193
threshold=7.5000000000000009 16237.375000000002 15369.357500000002 0.81537271216322782 4600.5100000000011 8328.7275000000027 7042.0750000000016 7128.9325000000008 7334.7700000000013 8402.9191261883607 3096.6324800000002 0.25592891553534763 1.0000000180025095e-35 1951.2450000000001 1054.5350000000001 3147.5950000000007 8946.5850026562493 22652.820000000003 1363.7450000000001 29963.780000000002 26370.215000000004 98597.498333333337 66383.337500000009 5.5000000000000009 7984.5300000000007 127775.58416666667 28184.295000000002 30823.727500000005 19861.325463856618 70695.880000000019
decision_type=2 2 2 2 2 2 2 2 2 2 2 2 2 2 2 2 2 2 2 2 2 2 2 2 2 2 2 2 2 2
left_child=2 11 3 4 14 6 -6 8 16 -10 -7 27 17 -14 18 -16 -5 -9 -1 20 21 22 -4 -22 -13 -23 -25 -2 29 -21
right_child=1 -3 19 7 5 10 -8 12 9 -11 -12 24 13 -15 15 -17 -18 -19 -20 28 23 25 -24 26 -26 -27 -28 -29 -30 -31
leaf_value=7.608860327523038 6.8127690102194673 188.51244508611717 -9.3936291618360048 -9.1382681204687035 -21.736738452140752 16.238040471565235 -8.8973131531465093 6.8669506316921076 -25.039951449870117 -10.795190017408483 -12.030108000781322 2.7526189607345777 -19.027804274127579 -6.7705856438324048 -17.634267515747474 -3.9883611937262988 -19.877533281143531 -25.341848356723961 -15.02057593491377 10.193322946951879 -39.761374421418026 -30.37184898284065 0.60737472683214189 40.449434618424235 -4.2315943135361822 -7.8103600346083715 -22.138175960578 -4.0918206626438209 44.435460856933275 -45.204955760852769
leaf_weight=124 395 10329 3182 1075 64 21 26 612 29 47 240 21 100 990 201 188 226 168 70 85 27 56 1420 20 27 47 23 41 222 26
leaf_count=124 395 10329 3182 1075 64 21 26 612 29 47 240 21 100 990 201 188 226 168 70 85 27 56 1420 20 27 47 23 41 222 26
internal_value=0.001039 0.0028696 -0.00109194 -0.00172853 -0.00316702 -0.00469231 -0.008 -0.00131475 -0.00201089 -0.00568421 -0.00355172 0.000396694 -0.000802139 -0.00140367 -0.00224871 -0.00309254 -0.00179631 3.84616e-05 -0.000556701 -0.000570869 -0.000662827 -0.000608927 -0.000546284 -0.00428571 -0.003875 -0.00340777 -0.00188372 0.000866973 0.000747748 -0.000783784
internal_weight=20102 10813 9289 4181 934 351 90 3247 1377 76 261 484 1870 1090 583 389 1301 780 194 5108 4775 4705 4602 70 48 103 43 436 333 111
internal_count=20102 10813 9289 4181 934 351 90 3247 1377 76 261 484 1870 1090 583 389 1301 780 194 5108 4775 4705 4602 70 48 103 43 436 333 111
is_linear=0
shrinkage=0.03


Tree=46
num_leaves=31
num_cat=0
split_feature=26 25 10 18 8 27 13 9 10 9 20 4 4 13 27 25 3 25 10 25 15 9 11 11 21 31 22 21 20 15
split_gain=85.4323 3.25981 2.93328 2.48615 1.13714 1.15802 1.14566 1.12861 1.30704 0.989011 0.94937 0.86948 1.65949 0.787887 0.913274 0.740778 0.726422 0.70049 0.642595 1.03529 1.06036 0.896676 1.16776 2.887 0.818948 0.730357 0.648252 0.84283 0.59841 0.577618
threshold=7.5000000000000009 16997.027500000004 15369.357500000002 0.81537271216322782 2608.7150000000006 273.25500000000005 4928.5650000000014 4600.5100000000011 8011.8725000000004 17949.375000000004 0.25592891553534763 1054.5350000000001 3147.5950000000007 239.23500000000004 1127.1200000000001 2265.3375000000005 1363.7450000000001 5991.4125000000013 49478.415000000001 49118.107500000006 0.65488440094690248 5343.0850000000009 24724.540000000005 23546.335000000003 50385.236666666679 9.5000000000000018 1891.8500000000001 5344.1733333333341 0.27126989932893047 0.68489708468360944
decision_type=2 2 2 2 2 2 2 2 2 2 2 2 2 2 2 2 2 2 2 2 2 2 2 2 2 2 2 2 2 2
left_child=2 10 3 7 5 -5 -7 11 15 -10 -2 16 -13 17 -15 -9 -1 -6 21 26 -21 29 23 -23 -22 -24 27 -20 -12 -4
right_child=1 -3 18 4 13 6 -8 8 9 -11 28 12 -14 14 -16 -17 -18 -19 19 20 24 22 25 -25 -26 -27 -28 -29 -30 -31
leaf_value=7.3805945176973458 6.3930265421899222 188.42114855002683 -12.839216561678386 -11.919749122608964 -13.61423512916452 -11.541196894842432 -12.498699142789528 -15.329608013182138 -12.339963770891151 57.763328178129584 -3.6419090352869516 -17.10523949027505 -3.8687103579145101 -13.37162750495253 -8.5164788904272921 -18.500070248684178 -14.569958656866358 -0.013319850306233096 -29.598011073384694 -27.92814301381102 -30.559938860672659 -11.598746473969319 14.212129410293901 -27.877121220996568 -13.033068489686821 -22.057122058924961 1.4400631494681224 23.931700603911644 -1.3932949604963027 0.69051109444097758
leaf_weight=124 481 10279 116 36 353 346 51 21 260 20 25 201 188 94 1489 50 70 878 77 25 30 1475 164 34 233 42 1962 47 28 903
leaf_count=124 481 10279 116 36 353 346 51 21 260 20 25 201 188 94 1489 50 70 878 77 25 30 1475 164 34 233 42 1962 47 28 903
internal_value=0.00105691 0.0028696 -0.00105318 -0.00164243 -0.00125008 -0.00268129 -0.00221411 -0.00300642 -0.00435043 -0.00342857 0.00058427 -0.00219726 -0.00301542 -0.00102985 -0.00147252 -0.00798592 -0.000556701 -0.000460601 -0.000570869 -0.000209772 -0.00189583 -0.000884418 -0.00130321 -0.00159245 -0.0013346 0.000815534 2.30107e-05 -0.00208065 -0.00322641 -0.000179588
internal_weight=20102 10813 9289 4181 3247 433 397 934 351 280 534 583 389 2814 1583 71 194 1231 5108 2374 288 2734 1715 1509 263 206 2086 124 53 1019
internal_count=20102 10813 9289 4181 3247 433 397 934 351 280 534 583 389 2814 1583 71 194 1231 5108 2374 288 2734 1715 1509 263 206 2086 124 53 1019
is_linear=0
shrinkage=0.03


Tree=47
num_leaves=31
num_cat=0
split_feature=26 25 24 17 12 31 19 17 27 22 12 29 22 19 19 15 31 17 15 12 14 7 8 8 14 25 22 27 3 19
split_gain=83.9508 3.56336 2.56997 1.4571 1.07285 0.8432 1.0633 0.828572 1.05645 0.818641 0.768731 0.757576 0.755557 0.696293 1.19651 0.743528 0.672382 1.12634 0.637121 0.59332 0.633395 0.54345 1.53774 1.14603 0.720038 0.588105 0.771429 0.447167 0.415827 0.344112
threshold=7.5000000000000009 16997.027500000004 12969.171666666667 3.1170386222406048 1569.1650000000002 8.5000000000000018 0.26002147838794726 0.5557114687103093 355.26000000000005 106856.02500000002 3885.5100000000007 1.5000000000000002 3185.5900000000006 0.11572198508949787 0.18712675820364585 0.68146002488313961 2.5000000000000004 2.5076109343812916 1.0026423806426552 3405.8450000000007 6746.8300000000008 60705.983390112953 45108.645000000011 57490.922500000008 172.39000000000001 71065.247500000012 88029.160000000018 63211.695000000007 125607.57500000001 0.5176442584822416
decision_type=2 2 2 2 2 2 2 2 2 2 2 2 2 2 2 2 2 2 2 2 2 2 2 2 2 2 2 2 2 2
left_child=2 5 3 4 7 6 10 12 -9 21 -2 -8 -1 15 -15 -6 -11 28 -13 -7 -21 22 24 -24 -4 27 -27 -23 -18 -3
right_child=1 29 9 -5 13 19 11 8 -10 16 -12 18 -14 14 -16 -17 17 -19 -20 20 -22 25 23 -25 -26 26 -28 -29 -30 -31
leaf_value=-11.446617815029359 6.6915156655861194 183.67758391958296 5.7392981975290152 14.932940139644495 -27.645318575544465 9.4935106968879133 11.083041397756093 -13.158178715382254 -12.200770809030407 -22.919918395116202 -4.5799101893057008 -4.4040349590466299 -4.8303005456270247 -26.910724220572195 -14.840383522581105 0.55586877831969894 94.416081714211842 -37.561081173144352 -2.424421918059295 -3.789832898655463 3.7916681951858866 80.816867390877306 -32.871703613066863 2.7373792832654438 -5.9544640757017691 -25.81773272068672 48.882497645683635 -7.3834237857883291 -19.450822923073677 13.758167644926711
leaf_weight=877 64 10253 706 131 26 269 22 94 2110 44 28 20 751 32 306 611 33 20 24 22 85 173 91 38 3056 56 24 79 31 26
leaf_count=877 64 10253 706 131 26 269 22 94 2110 44 28 20 751 32 306 611 33 20 24 22 85 173 91 38 3056 56 24 79 31 26
internal_value=0.00106437 0.00286128 -0.00102734 -0.00149575 -0.00158082 0.00047191 -0.00136709 -0.00180689 -0.00218603 -0.000495748 0.000717391 -0.00427273 -0.00129361 -0.000692308 -0.0017929 -0.00010832 -0.00285937 -0.00128571 -0.00654545 0.00124468 -0.00064486 -0.000424106 -0.000523516 -0.00374419 -0.000413078 0.000740964 -0.0015 0.00145238 0.00065625 0.00298541
internal_weight=20102 10813 9289 4938 4807 534 158 3832 2204 4351 92 66 1628 975 338 637 128 84 44 376 107 4223 3891 129 3762 332 80 252 64 10279
internal_count=20102 10813 9289 4938 4807 534 158 3832 2204 4351 92 66 1628 975 338 637 128 84 44 376 107 4223 3891 129 3762 332 80 252 64 10279
is_linear=0
shrinkage=0.03


Tree=48
num_leaves=31
num_cat=0
split_feature=8 20 17 10 18 11 31 5 5 25 13 25 9 17 17 3 9 3 27 7 14 13 7 10 12 7 17 17 3 11
split_gain=61.936 18.8088 3.82194 3.00213 2.13813 1.68401 1.62866 1.23109 1.64969 1.13599 1.57178 1.16934 1.01222 1.16939 1.48911 0.923332 0.910373 0.878882 1.54364 1.0159 0.839322 1.93785 0.799798 0.723366 0.716348 1.01467 0.994865 0.524106 0.519553 0.51314
threshold=16898.162500000002 0.084539928968186615 0.81765997107515676 15369.357500000002 0.91930442533403145 7883.1100000000015 19.500000000000004 31234.295733836745 28629.522237301178 20294.690000000006 16277.645000000002 24280.775000000005 4600.5100000000011 3.1170386222406048 2.6506655016706215 13257.76 286157.09000000003 36122.390000000007 127530.13166666667 55481.700012903115 10873.435000000001 13375.220000000001 6632.9257978996657 15369.357500000002 12401.740000000002 28188.334462377861 2.2125995775136187 2.0819558126735029 3294.2600000000007 3590.5050000000006
decision_type=2 2 2 2 2 2 2 2 2 2 2 2 2 2 2 2 2 2 2 2 2 2 2 2 2 2 2 2 2 2
left_child=3 16 5 4 12 -3 9 8 15 24 11 -11 20 14 -14 -6 17 27 19 -19 22 -22 -1 -7 26 -26 -5 28 -2 -4
right_child=1 2 29 6 7 23 -8 -9 -10 10 -12 -13 13 -15 -16 -17 -18 18 -20 -21 21 -23 -24 -25 25 -27 -28 -29 -30 -31
leaf_value=-12.055380036090231 -16.154333528600461 2.5784911652277733 33.474925534770513 -5.5229317789033043 -11.053823113521727 -3.0663165533893353 10.875004194885184 90.214371881071727 -32.532514530842398 -33.97626836913534 -43.59558468570296 62.969429165832906 -12.126906849684552 24.724494462829902 -14.255551943955917 -2.6204671732484894 -29.251961320255006 -27.892304643201584 -30.280947506650286 42.418015285564849 -24.635173172866949 14.560753910978978 3.1487845158112515 187.26582362042498 -49.52027412837122 7.4199060752012098 5.4807791313712357 50.625650270090127 -0.59278570265807573 -9.7241633675974875
leaf_weight=491 100 207 233 3281 1772 22 242 74 25 31 28 37 362 28 22 633 35 318 29 182 21 26 94 10213 23 22 480 106 718 247
leaf_count=491 100 207 233 3281 1772 22 242 74 25 31 28 37 362 28 22 633 35 318 29 182 21 26 94 10213 23 22 480 106 718 247
internal_value=0.00106288 0.00237389 0.00280498 -0.00105226 -0.00169278 0.0029253 -0.000503861 -0.00121725 -0.00133333 -0.000651973 -0.003875 -0.00141176 -0.00283333 -0.00399029 -0.00442187 -0.00125364 -0.000790322 -0.000675155 -0.00165028 -0.00126 -0.00207911 -0.00593617 -0.00176923 0.00297948 -0.000570678 -0.00433333 -0.000525658 -0.000116883 -0.000374083 0.0001875
internal_weight=20102 12410 10922 7692 3548 10442 4144 2504 2430 3902 96 68 1044 412 384 2405 1488 1453 529 500 632 47 585 10235 3806 45 3761 924 818 480
internal_count=20102 12410 10922 7692 3548 10442 4144 2504 2430 3902 96 68 1044 412 384 2405 1488 1453 529 500 632 47 585 10235 3806 45 3761 924 818 480
is_linear=0
shrinkage=0.03


Tree=49
num_leaves=31
num_cat=0
split_feature=26 8 10 3 9 11 10 19 14 4 18 14 14 10 31 21 20 25 10 10 24 25 5 25 4 10 1 22 8 31
split_gain=80.7145 3.89162 2.45573 1.23533 1.38997 2.0579 1.41068 1.67619 1.0885 0.980979 0.971395 0.941611 0.947368 0.902346 0.857428 1.071 1.01277 0.806245 0.860005 1.33626 1.02954 0.745387 0.634154 1.06381 2.03774 0.833361 0.631017 0.484697 0.51962 0.418248
threshold=7.5000000000000009 16898.162500000002 37642.797500000008 13257.76 4600.5100000000011 9646.9950000000008 11179.895000000002 2.4625501852561036 752.60000000000002 46034.010000000009 0.79231009460507995 1623.8650000000002 1393.0350000000003 31706.922500000004 19.500000000000004 17325.66166666667 0.25592891553534763 49118.107500000006 329083.84000000008 441522.53500000009 53075.24500000001 2657.7825000000007 8846.8636865234403 5532.7975000000015 2106.9650000000006 61400.81500000001 4135.611945483266 106856.02500000002 3848.605 2.5000000000000004
decision_type=2 2 2 2 2 2 2 2 2 2 2 2 2 2 2 2 2 2 2 2 2 2 2 2 2 2 2 2 2 2
left_child=2 14 3 4 6 9 7 -1 13 -6 -7 12 -10 -5 15 16 -2 22 20 -20 -19 -13 23 25 -25 -4 -8 28 -24 -21
right_child=1 -3 17 8 5 10 26 -9 11 -11 -12 21 -14 -15 -16 -17 -18 18 19 29 -22 -23 27 24 -26 -27 -28 -29 -30 -31
leaf_value=-8.9516463811960669 3.3137481134354547 181.21367919181083 -18.374751436092318 7.7947099088877438 -13.766260841686883 -10.72366630382851 -6.8797636458888043 -27.101255721809114 -14.713333522644819 -31.325207432627565 0.70596677714020806 -21.684058660979431 -18.552865373758813 -22.436431868327155 10.548754069038603 -53.583888930753034 -3.6021661951678152 -31.04878342756604 -32.21306181715439 -19.880545298637944 -0.35003724594934726 -4.9600971763269373 -36.708221733719121 -31.191756610330554 -14.137225351225139 15.52173217944358 3.2139871792282371 -32.201971964605121 2.1338343483011952 32.814378624637271
leaf_weight=1320 298 10212 172 476 1429 250 302 24 162 60 457 23 38 33 242 21 40 21 36 20 190 1207 52 27 192 157 537 20 2053 31
leaf_count=1320 298 10212 172 476 1429 250 302 24 162 60 457 23 38 33 242 21 40 21 36 20 190 1207 52 27 192 157 537 20 2053 31
internal_value=0.00108825 0.00285018 -0.000962752 -0.00129725 -0.00157639 -0.00210929 -0.00104031 -0.00164286 -0.000666838 -0.00274211 -0.00077652 -0.00109091 -0.003 0.000524558 0.00050416 -0.000426184 -1.77514e-05 -0.00025143 -0.00173154 -0.00424138 -0.000696682 -0.000780488 -8.64196e-05 -0.00099635 -0.00261644 8.2067e-05 -7.50893e-05 0.000148235 0.000192399 -0.00111765
internal_weight=20102 10813 9289 6318 4379 2196 2183 1344 1939 1489 707 1430 200 509 601 359 338 2971 298 87 211 1230 2673 548 219 329 839 2125 2105 51
internal_count=20102 10813 9289 6318 4379 2196 2183 1344 1939 1489 707 1430 200 509 601 359 338 2971 298 87 211 1230 2673 548 219 329 839 2125 2105 51
is_linear=0
shrinkage=0.03


Tree=50
num_leaves=31
num_cat=0
split_feature=26 25 10 12 29 12 16 17 3 19 12 12 25 27 2 7 22 18 18 29 20 22 18 8 31 8 11 5 2 27
split_gain=79.5926 4.06064 2.22326 1.09974 1.09046 1.01793 0.939089 1.03476 1.40477 0.993375 0.897748 1.88972 0.833325 0.955955 0.894634 0.834824 1.83203 0.85385 0.796072 0.729798 1.07344 0.704574 1.74078 0.855903 0.56676 0.789544 0.564433 0.722169 0.504533 0.486496
threshold=6.5000000000000009 17631.892500000005 37642.797500000008 1863.9850000000004 1.5000000000000002 3750.4050000000002 14470.965216926192 0.4978066258031803 13257.76 2.4625501852561036 3147.8650000000002 3444.4750000000004 49118.107500000006 3089.1655555555558 3111.3600000000001 7502.7621702542228 5219.5850000000019 0.085149979529750383 0.91930442533403145 3.5000000000000004 0.23954638947520812 26348.265000000003 1.2960313400333152 2993.4650000000006 10.500000000000002 30278.245000000003 161753.01500000004 56508.898828125006 16148.555000000002 5125.6575000000012
decision_type=2 2 2 2 2 2 2 2 2 2 2 2 2 2 2 2 2 2 2 2 2 2 2 2 2 2 2 2 2 2
left_child=2 5 3 6 10 -2 7 9 -9 -1 29 -12 13 15 -14 16 -4 -17 -3 20 -7 23 -23 -6 -15 -26 27 -16 -22 -5
right_child=1 18 12 4 21 19 -8 8 -10 -11 11 -13 14 24 26 17 -18 -19 -20 -21 28 22 -24 -25 25 -27 -28 -29 -30 -31
leaf_value=-6.2756969523406712 5.9123933218071398 183.12262091268622 -13.834070334898129 -12.39971031356464 -14.174688663595909 -13.529686483688259 43.897640195593247 -12.163858482060306 -7.9619533387748396 -23.11818368462734 -35.992291555189496 -16.80478694700232 -27.293345889568634 2.4282403463415503 -29.368376520174568 -46.544487497013506 -17.172027875115653 -1.0860178131965617 -47.001156945869596 9.5572845718546642 -3.7028195009604437 -30.843328622042659 -1.8959137982754177 7.4231741721899471 -11.747380856660671 -48.105672027620869 -22.394814043227509 12.03231295863362 3.4545421501157034 17.917184198120779
leaf_weight=1705 554 10159 105 93 60 23 97 2182 1077 33 26 153 27 2033 54 23 27 315 20 33 34 21 113 689 136 21 45 168 42 34
leaf_count=1705 554 10159 105 93 60 23 97 2182 1077 33 26 153 27 2033 54 23 27 315 20 33 34 21 113 689 136 21 45 168 42 34
internal_value=0.00108825 0.00282881 -0.000959077 -0.00127821 -0.000456686 0.000594752 -0.00146996 -0.00152672 -0.00184198 -0.000935558 -0.002 -0.00336871 -0.000280298 -0.000112782 -0.00179592 -0.00134043 -0.00336364 -0.000550296 0.00297937 -0.00177273 -0.00306061 7.81428e-05 -0.00192537 0.000436582 0.000150685 -0.00158599 -0.00126966 -0.000648649 -0.00134211 -7.0866e-05
internal_weight=20102 10865 9237 6283 1189 686 5094 4997 3259 1738 306 179 2954 2660 294 470 132 338 10179 132 99 883 134 749 2190 157 267 222 76 127
internal_count=20102 10865 9237 6283 1189 686 5094 4997 3259 1738 306 179 2954 2660 294 470 132 338 10179 132 99 883 134 749 2190 157 267 222 76 127
is_linear=0
shrinkage=0.03


Tree=51
num_leaves=31
num_cat=0
split_feature=26 8 10 17 9 18 11 25 1 4 27 14 22 12 5 24 15 10 20 26 4 27 5 20 10 29 4 21 16 16
split_gain=77.9697 4.85736 2.09744 1.02551 1.99002 1.03475 1.29767 0.998112 0.964987 0.940223 0.913128 0.912456 0.855588 0.855273 0.845521 1.34483 0.814864 0.803557 0.784801 0.719741 0.694705 1.65071 0.986526 0.619162 0.787202 0.530055 0.45896 0.58937 0.447811 0.914773
threshold=6.5000000000000009 17554.760000000006 37642.797500000008 0.5557114687103093 13135.35 0.32828964473806649 1.0000000180025095e-35 86544.707500000019 3481.5112305986754 22839.685000000001 2419.367777777778 172.39000000000001 2992.7750000000005 3576.6600000000003 7289.1137500000013 10485.005833333335 0.66020439139275044 32360.165000000005 0.21452285618596414 3.5000000000000004 1490.0100000000002 1891.0500000000002 3502.8461328125009 0.033727486025578152 334556.23750000005 2.5000000000000004 239450.44000000003 102870.20833333336 -2833.019627392739 -1053.2480222018676
decision_type=2 2 2 2 2 2 2 2 2 2 2 2 2 2 2 2 2 2 2 2 2 2 2 2 2 2 2 2 2 2
left_child=2 13 3 8 5 6 -5 10 20 -7 14 17 -13 -2 15 -4 -16 -6 -15 23 22 -22 -1 24 -9 -20 27 -12 -10 -30
right_child=1 -3 7 4 11 9 -8 19 28 -11 26 12 -14 18 16 -17 -18 -19 25 -21 21 -23 -24 -25 -26 -27 -28 -29 29 -31
leaf_value=0.42456094141628425 5.7029715182966481 183.45787068150477 -14.423905047493845 -16.725096510489422 4.5967041778730851 -11.964067526966563 5.0873329262995135 3.9843586998650116 4.5813484709095009 -20.93482091278258 -0.1904698556119627 -19.828184782416717 -9.6517212106828385 -8.1178470323794194 -17.948933873494354 -23.289200968685435 10.794454923029141 -21.958861639086432 -3.0443981726388363 98.429928413023234 -15.206685441889759 -5.7260363218065669 -13.097464150492819 -23.465045102336738 -21.315706607168135 7.4661640051431188 -27.989775193813266 274.87800011732054 -10.343390960069613 -0.90869278342817916
leaf_weight=238 550 10115 139 220 453 1393 219 32 414 74 2422 116 1453 22 51 20 134 27 86 29 129 133 80 23 24 92 20 60 431 903
leaf_count=238 550 10115 139 220 453 1393 219 32 414 74 2422 116 1453 22 51 20 134 27 86 29 129 133 80 23 24 92 20 60 431 903
internal_value=0.00108676 0.00280948 -0.000939591 -0.00124956 -0.00154362 -0.00224134 -0.000963553 -0.000280298 -0.00075 -0.00262372 -0.000172874 -0.000894583 -0.00124474 0.00048 -0.00162209 -0.00322641 -0.000243243 0.00025 -0.0012 -0.00311111 -0.00181034 -0.0029542 -0.000867924 -0.00459494 -0.00289286 -0.000539326 2.6379e-05 6.28526e-05 -0.000398169 -0.000665667
internal_weight=20102 10865 9237 6283 3955 1906 439 2954 2328 1467 2846 2049 1569 750 344 159 185 480 200 108 580 262 318 79 56 178 2502 2482 1748 1334
internal_count=20102 10865 9237 6283 3955 1906 439 2954 2328 1467 2846 2049 1569 750 344 159 185 480 200 108 580 262 318 79 56 178 2502 2482 1748 1334
is_linear=0
shrinkage=0.03


Tree=52
num_leaves=31
num_cat=0
split_feature=26 8 10 31 25 17 3 11 14 12 28 2 25 6 3 3 26 19 20 10 8 5 25 4 10 8 14 31 17 2
split_gain=76.2235 4.85736 1.89837 1.12813 1.00529 0.976744 1.32485 1.27661 1.21193 0.855273 0.867645 0.824351 0.80119 1.07128 1.02995 0.965598 0.719741 0.710385 0.619162 0.787202 0.594293 0.586287 1.34384 1.27708 0.650885 0.498706 0.500476 0.488113 1.27368 0.702759
threshold=6.5000000000000009 17554.760000000006 37642.797500000008 9.5000000000000018 86544.707500000019 0.5557114687103093 13257.76 9646.9950000000008 752.60000000000002 3576.6600000000003 8.5000000000000018 17651.000000000004 2657.7825000000007 5965.8111148469998 3123.7400000000002 4387.5000000000009 3.5000000000000004 2.4625501852561036 0.033727486025578152 334556.23750000005 16237.375000000002 7979.6523437500009 5532.7975000000015 2309.5300000000002 61400.81500000001 12203.230000000001 16401.615000000005 8.5000000000000018 0.54371672291001183 14397.135000000002
decision_type=2 2 2 2 2 2 2 2 2 2 2 2 2 2 2 2 2 2 2 2 2 2 2 2 2 2 2 2 2 2
left_child=2 9 3 5 21 17 7 -7 -8 27 11 20 -5 15 -15 -14 18 -1 19 -6 -11 22 24 -24 -4 26 -23 28 29 -2
right_child=1 -3 4 12 16 6 8 -9 -10 10 -12 -13 13 14 -16 -17 -18 -19 -20 -21 -22 25 23 -25 -26 -27 -28 -29 -30 -31
leaf_value=-6.2838112663448777 2.1409042366752722 177.95413456105965 -18.55689711923398 11.734765068468059 3.8648279388690625 -14.558296440318756 5.6162533687055225 -6.611037844869843 -12.886958207883064 -3.2916846687376742 18.635937647468108 -9.3534219982294342 -5.4573191580318285 -16.414233836773409 2.0325925267040663 -17.886368288049816 95.477030560632542 -20.778074372537336 -22.761093749266639 -20.67623540895309 6.5350794411298878 9.1468302869334295 -30.733539166889685 -14.582981174372616 13.338349406060741 -5.7104815359951546 -5.2072608258255624 6.8587060695738247 7.6322815460144948 -3.2275888472582239
leaf_weight=1982 26 10115 159 111 32 1564 369 602 854 60 74 34 61 161 511 30 29 38 23 24 32 709 20 134 151 1550 123 398 80 46
leaf_count=1982 26 10115 159 111 32 1564 369 602 854 60 74 34 61 161 511 30 29 38 23 24 32 709 20 134 151 1550 123 398 80 46
internal_value=0.00110616 0.00280948 -0.000897369 -0.00119226 -0.000270142 -0.00135385 -0.00166509 -0.0021108 -0.000875715 0.00048 -0.0012 -0.00271429 -0.00019222 -0.000538663 -0.000125 -0.00359341 -0.00311111 -0.000831683 -0.00459494 -0.00289286 -0.00123913 -0.000162333 -0.00113793 -0.00342857 1.11759e-10 2.77079e-05 0.000620192 0.00109091 -0.000355263 -0.00325
internal_weight=20102 10865 9237 6283 2954 5409 3389 2166 1223 750 200 126 874 763 672 91 108 2020 79 56 92 2846 464 154 310 2382 832 550 152 72
internal_count=20102 10865 9237 6283 2954 5409 3389 2166 1223 750 200 126 874 763 672 91 108 2020 79 56 92 2846 464 154 310 2382 832 550 152 72
is_linear=0
shrinkage=0.03


Tree=53
num_leaves=31
num_cat=0
split_feature=26 8 10 12 28 25 27 7 7 12 28 23 18 20 18 19 17 9 25 17 28 16 16 6 4 21 17 6 27 19
split_gain=75.1075 5.25514 1.7513 0.96378 0.949824 0.944806 0.92023 1.02465 2.17156 0.893318 0.920759 0.947543 0.891601 1.14796 0.902475 0.870058 1.01371 1.52914 0.736364 0.655185 0.618043 0.727513 0.5543 0.505307 0.460115 0.587025 0.453704 0.838363 0.544649 0.377813
threshold=7.5000000000000009 17554.760000000006 37642.797500000008 1863.9850000000004 3.5000000000000004 86544.707500000019 2419.367777777778 7502.7621702542228 5660.5507848074585 3576.6600000000003 8.5000000000000018 654.06445656304788 9456.9704884649927 0.27513963100178918 0.78330826170684176 2.4625501852561036 0.4978066258031803 14906.825000000003 97519.415000000023 0.5644060173622728 2.5000000000000004 -19092.316337202094 -2833.019627392739 9172.0839216599979 239450.44000000003 102870.20833333336 0.29276595783358189 5423.3061255000002 51278.097500000011 0.23504392286145323
decision_type=2 2 2 2 2 2 2 2 2 2 2 2 2 2 2 2 2 2 2 2 2 2 2 2 2 2 2 2 2 2
left_child=2 9 3 15 12 6 7 8 -4 -2 11 29 14 -14 -5 16 22 -18 -7 -13 -20 -22 -1 -9 25 -8 27 -6 -28 -11
right_child=1 -3 5 4 26 18 24 23 -10 10 -12 19 13 -15 -16 -17 17 -19 20 -21 21 -23 -24 -25 -26 -27 28 -29 -30 -31
leaf_value=4.5873119817996235 5.3238196460040363 172.83219976505961 -11.979081061775416 -17.534966322077754 -10.547112873523297 -25.126483777626461 0.12458383316121809 38.526167294857892 -28.100671896056607 12.191273457609588 22.225952847647402 -5.456061307514422 -13.217366690372266 -27.441737655972887 20.328793505358004 -22.308715322051338 -10.726534748187794 -8.7547183291850317 -20.39381005694041 -5.1801027858687814 -14.532801043576537 67.804854536342646 -6.2220769922979606 -10.732643250801789 -26.978767491919012 266.80297455988079 -0.990068313918405 15.303366235186578 -43.584617792736921 -3.5813292915458805
leaf_weight=315 529 10095 85 102 35 22 2437 45 21 49 70 21 63 49 97 37 1999 1356 34 23 21 33 1400 193 20 60 652 190 23 26
leaf_count=315 529 10095 85 102 35 22 2437 45 21 49 70 21 63 49 97 37 1999 1356 34 23 21 33 1400 193 20 60 652 190 23 26
internal_value=0.00110616 0.00280579 -0.000872322 -0.0011548 -0.000393889 -0.000271626 -0.000166725 -0.00162209 -0.00407547 0.000325905 -0.00144444 -0.00305042 -0.00182315 -0.00396429 -0.00061809 -0.00133523 -0.00130178 -0.00160507 -0.003 -0.00654545 -0.00177273 0.000222222 -0.000708455 -0.000529412 3.21813e-05 6.84823e-05 0.0001 0.00126667 -0.000288889 -0.001
internal_weight=20102 10813 9289 6318 1211 2971 2861 344 106 718 189 119 311 112 199 5107 5070 3355 110 44 88 54 1715 238 2517 2497 900 225 675 75
internal_count=20102 10813 9289 6318 1211 2971 2861 344 106 718 189 119 311 112 199 5107 5070 3355 110 44 88 54 1715 238 2517 2497 900 225 675 75
is_linear=0
shrinkage=0.03


Tree=54
num_leaves=31
num_cat=0
split_feature=26 25 7 10 5 21 8 4 6 12 8 7 18 14 6 8 18 17 16 8 9 4 6 9 22 23 23 29 20 2
split_gain=73.6409 5.36075 1.70156 1.11903 1.52535 1.6804 1.70642 1.39409 1.17621 1.01656 0.835143 1.10444 1.14713 1.10446 1.05926 1.27604 0.979413 0.753233 0.75184 2.36403 0.960821 0.834154 0.72304 0.813395 0.720764 0.579937 0.929627 0.565906 0.628571 0.68061
threshold=6.5000000000000009 17824.422500000004 10837.33518949368 12740.612500000001 15529.114960937501 8844.9291666666704 7635.1375000000016 12835.180000000002 12919.467027797347 3750.4050000000002 45108.645000000011 60705.983390112953 40737.12706550664 24237.400000000005 118215.00889425767 137255.53750000001 0.36615932825513231 0.81765997107515676 -4397.9847880351099 4139.2400000000007 24860.180000000004 4995.0700000000006 31726.801362414801 5343.0850000000009 94354.317500000019 7988.8675919153766 5084.6234605270884 3.5000000000000004 0.24333993545834295 16353.170000000002
decision_type=2 2 2 2 2 2 2 2 2 2 2 2 2 2 2 2 2 2 2 2 2 2 2 2 2 2 2 2 2 2
left_child=2 9 3 4 5 6 -1 8 -6 -2 16 12 13 -12 -13 -16 25 -3 19 -5 21 -20 23 -18 -24 26 -4 28 -11 -30
right_child=1 17 10 18 7 -7 -8 -9 -10 27 11 14 -14 -15 15 -17 22 -19 20 -21 -22 -23 24 -25 -26 -27 -28 -29 29 -31
leaf_value=-9.7437343042775684 5.1347052014540964 167.03298981159151 1.5539034257503841 -48.107794371416723 -24.642117947177649 0.50871961682915534 -13.463518840577294 -27.388238473321451 -2.1938416435468322 -10.006649743240001 -29.411521381964388 17.12492808848506 -30.829303915395673 248.68926538949148 -27.564741645210372 -14.410869768922236 1.2614427141031623 -18.363551421585406 -1.4257382911162551 2.3244218107448948 22.054036632395647 -10.288848127874543 9.7097548181094915 -10.785528384145248 -29.036795323770352 5.2467692910909864 -22.945067044637664 8.7209894608545042 -3.6958908885667241 10.434188179399193
leaf_weight=1570 590 10108 294 22 29 478 125 22 54 40 82 197 26 24 24 40 619 21 987 54 91 860 511 1859 35 1076 158 36 39 31
leaf_count=1570 590 10108 294 22 29 478 125 22 54 40 82 197 26 24 24 40 619 21 987 54 91 860 511 1859 35 1076 158 36 39 31
internal_value=0.00110765 0.00278187 -0.000861643 -0.0012987 -0.00175417 -0.00158352 -0.00202655 -0.00528571 -0.00350602 0.000309783 -0.000482305 -0.00180916 -0.00404545 -0.00266038 -0.000678161 -0.00403125 -0.00036775 0.0029615 -0.000783515 -0.00371053 -0.000668731 -0.000817 -0.000680555 -0.000898305 0.000307692 0.000251309 -0.000650442 -0.00193151 -0.003 -0.00128571
internal_weight=20102 10865 9237 4292 2278 2173 1695 105 83 736 4945 393 132 106 261 64 4552 10129 2014 76 1938 1847 3024 2478 546 1528 452 146 110 70
internal_count=20102 10865 9237 4292 2278 2173 1695 105 83 736 4945 393 132 106 261 64 4552 10129 2014 76 1938 1847 3024 2478 546 1528 452 146 110 70
is_linear=0
shrinkage=0.03


Tree=55
num_leaves=31
num_cat=0
split_feature=26 25 7 28 16 7 18 25 18 18 20 9 21 21 25 16 13 9 31 6 0 16 23 16 11 7 28 15 23 18
split_gain=71.6394 6.41037 1.53917 1.50783 1.56644 1.23884 1.04291 0.991476 1.00082 0.923152 0.785831 0.762702 0.832588 0.70662 1.57121 0.642786 0.625842 0.618449 0.617395 0.58243 1.05254 0.570241 0.46824 0.464927 1.05644 0.467755 0.45382 0.656589 0.343704 0.33389
threshold=7.5000000000000009 18930.505000000005 10837.33518949368 8.5000000000000018 268.66360214608363 17356.802145377795 0.093681125895742637 79069.565000000017 0.39677385917918911 0.24961486236448524 0.25592891553534763 24860.180000000004 21317.841666666671 107342.94750000001 121733.16750000003 -16067.854572713157 3380.8850000000007 5343.0850000000009 9.5000000000000018 5041.5708148034018 4167.9371113767911 -4785.7576076733349 1341.3754694028742 5777.3315379927526 42373.585000000014 77128.815264525663 11.500000000000002 1.0133334977007242 64492.004182345881 1.1339677330447653
decision_type=2 2 2 2 2 2 2 2 2 2 2 2 2 2 2 2 2 2 2 2 2 2 2 2 2 2 2 2 2 2
left_child=2 3 6 4 10 -6 19 8 23 -9 16 12 18 28 -15 -10 -2 -17 -8 20 22 -13 -1 24 -4 -25 -5 -28 -11 -23
right_child=1 -3 7 26 5 -7 11 9 15 13 -12 21 -14 14 -16 17 -18 -19 -20 -21 -22 29 -24 25 -26 -27 27 -29 -30 -31
leaf_value=-5.3025932779051175 8.5266946753370529 188.54225273549832 0.47384043842496915 34.081162664052805 -0.9424784284694695 -9.3497212030074568 -9.5012163932581881 -15.054522822278972 57.690215982367391 95.249347882755899 -3.2049453843397986 -22.511995082185305 -31.199116015117003 -23.670093489272595 -13.978543629057038 0.47260362553957619 -0.53871438841921859 -9.1191170939678994 -3.6829468532983585 32.018356574766294 -30.066335208058646 23.437111643173832 18.453239661476729 42.171377825029552 -49.713764426761578 -51.388213401699851 6.1578770613089624 -3.8644734239840246 -25.958726965263704 -2.720916188103133
leaf_weight=189 149 9867 1468 238 43 22 3237 24 128 29 32 29 28 26 50 634 392 2333 464 117 36 96 73 223 22 20 43 27 25 38
leaf_count=189 149 9867 1468 238 43 22 3237 24 128 29 32 29 28 26 50 634 392 2333 464 117 36 96 73 223 22 20 43 27 25 38
internal_value=0.0010987 0.00275862 -0.000833566 0.000399577 -0.000432602 -0.00484615 -0.0012489 -0.000474508 -0.000398923 -0.00284416 6.80629e-05 -0.00140134 -0.00148914 -0.00184615 -0.00371053 -0.000722132 0.000338263 -0.000811931 -0.00145015 0.000180723 -0.00052349 0.000607362 0.000137405 0.000178304 -2.01341e-05 0.00139506 0.00212338 1.11759e-10 0.000777778 0.00143284
internal_weight=20102 10813 9289 946 638 65 4307 4982 4828 154 573 3892 3729 130 76 3095 541 2967 3701 415 298 163 262 1733 1490 243 308 70 54 134
internal_count=20102 10813 9289 946 638 65 4307 4982 4828 154 573 3892 3729 130 76 3095 541 2967 3701 415 298 163 262 1733 1490 243 308 70 54 134
is_linear=0
shrinkage=0.03


Tree=56
num_leaves=31
num_cat=0
split_feature=8 17 11 31 10 10 17 3 17 10 3 8 27 27 8 8 7 31 3 6 8 12 4 10 9 4 22 9 12 18
split_gain=54.9843 16.021 3.92555 2.28646 1.80039 1.78986 1.4978 1.24285 1.15863 1.10029 0.930084 0.929484 0.90858 0.880799 0.854826 0.849525 1.19452 1.32493 1.54155 1.10279 1.58378 0.828639 0.833439 0.819212 0.988529 0.772913 2.19688 0.757203 0.712164 0.887757
threshold=17934.095000000005 0.78437911297247498 9100.965000000002 9.5000000000000018 15369.357500000002 3496.8600000000001 0.36835669123497211 18717.995000000003 1.161572480306081 20222.345000000005 27415.690000000006 17737.175000000007 14089.035833333335 2860.8025000000002 10008.512500000003 47741.265000000007 60705.983390112953 3.5000000000000004 58515.885000000009 118215.00889425767 137255.53750000001 12401.740000000002 8369.5000000000018 10702.415000000003 617.19500000000005 27595.425000000007 25243.315000000006 92692.945000000022 3576.6600000000003 0.79231009460507995
decision_type=2 2 2 2 2 2 2 2 2 2 2 2 2 2 2 2 2 2 2 2 2 2 2 2 2 2 2 2 2 2
left_child=3 2 -2 4 5 6 -1 12 -8 -9 14 21 -4 28 -7 -3 17 -17 -19 -18 -21 27 -23 24 -15 26 -25 -6 29 -5
right_child=1 15 7 13 11 10 8 9 -10 -11 -12 -13 -14 23 -16 16 19 18 -20 20 -22 22 -24 25 -26 -27 -28 -29 -30 -31
leaf_value=1.3359343945000726 0.52387069185236557 -1.7388843910642426 7.0314051548854195 6.2538225929345606 -3.781086097583644 -9.9958698842852982 -14.568884443963857 -2.1379427830226936 -5.1166548652056649 183.35930619162986 -20.244988846545333 -16.475633140228421 -38.913678973563364 -19.537541044369064 -0.6465008013909963 -4.141955168162136 20.634351408685252 -23.792659918316193 -33.619008806691852 -26.454631725379411 -13.245132318863531 5.8992939446882016 -47.875362427177947 -10.638372096268958 12.747193732055763 31.467810112378849 -29.602342298028148 55.711178479480687 -1.6124959456803416 -4.6862788196137757
leaf_weight=600 447 1151 130 627 3177 1101 565 44 646 9911 39 26 21 35 151 43 159 21 23 22 41 22 32 382 212 77 21 86 156 134
leaf_count=600 447 1151 130 627 3177 1101 565 44 646 9911 39 26 21 35 151 43 159 21 23 22 41 22 32 382 212 77 21 86 156 134
internal_value=0.00110317 0.00239066 0.00279816 -0.000808876 -0.00106362 -0.00158414 -0.000975704 0.00291985 -0.00158299 0.00296082 -0.00243765 -0.000580616 0.000218543 0.000189781 -0.00229553 -0.000554794 -0.00195146 -0.00493103 -0.00859091 -0.000783784 -0.00414286 -0.000536328 -0.00422222 -0.000590096 0.000813765 -0.0013125 -0.00183871 -0.000475329 0.00080807 0.0011866
internal_weight=20102 12013 10553 8089 6445 3102 1811 10106 1211 9955 1291 3343 151 1644 1252 1460 309 87 44 222 63 3317 54 727 247 480 403 3263 917 761
internal_count=20102 12013 10553 8089 6445 3102 1811 10106 1211 9955 1291 3343 151 1644 1252 1460 309 87 44 222 63 3317 54 727 247 480 403 3263 917 761
is_linear=0
shrinkage=0.03


Tree=57
num_leaves=31
num_cat=0
split_feature=26 3 10 28 12 31 25 17 9 28 1 10 12 13 25 1 23 21 13 2 23 9 24 22 31 7 22 14 21 28
split_gain=70.2654 6.33676 1.4846 1.44289 1.2602 1.12783 0.886801 0.883949 1.63152 1.01261 0.746685 0.954576 0.740201 1.15226 0.73128 1.15068 0.773906 0.715204 0.644445 0.605042 0.573805 0.647097 0.504818 0.500433 0.49492 0.448238 0.58706 1.03846 0.465767 0.440895
threshold=7.5000000000000009 19158.795000000002 37642.797500000008 8.5000000000000018 3660.6300000000006 9.5000000000000018 79069.565000000017 0.5557114687103093 13135.35 7.5000000000000009 4589.4044515734176 2405.4450000000002 4072.4600000000005 4410.3050000000012 2657.7825000000007 3679.6305797349037 2258.0647282023724 6483.3900000000003 3380.8850000000007 19018.410000000003 34566.677603075448 170699.00000000003 4064.4105000000004 17859.990000000002 12.500000000000002 90112.911013170975 73420.565000000017 7243.4500000000016 9018.1700000000019 11.500000000000002
decision_type=2 2 2 2 2 2 2 2 2 2 2 2 2 2 2 2 2 2 2 2 2 2 2 2 2 2 2 2 2 2
left_child=2 3 5 4 18 7 25 10 9 -9 11 -1 13 -6 -7 -16 -17 -10 -2 -8 -21 -22 -12 -14 -20 26 28 -28 -4 -5
right_child=1 -3 6 29 12 14 19 8 17 -11 22 -13 23 -15 15 16 -18 -19 24 20 21 -23 -24 -25 -26 -27 27 -29 -30 -31
leaf_value=-3.0907236012732926 7.9722538186499845 180.68869726176456 -11.95868031138801 33.338306756394942 -2.2473639723321619 11.429467299560493 -20.547554810458461 -8.722515760577382 -10.255880265074829 -14.968217727816963 -16.498948784228702 -10.719146776414888 -4.5839218821569583 -8.8492253276088295 -20.380396931346805 -15.814974596415752 0.48714824127523404 -7.0716739863501603 -1.8496831113623946 -19.818007074825189 81.680214828516412 -16.283284651607183 -1.1445643997653336 9.9498311603313052 3.9338383780831658 84.245563491361096 -28.128652364088481 84.131644570589131 0.5905759392023272 2.8639030608727034
leaf_weight=278 126 9838 606 223 54 112 24 1135 23 542 35 441 42 29 20 36 712 1711 144 29 31 42 1273 35 263 73 39 39 2088 59
leaf_count=278 126 9838 606 223 54 112 24 1135 23 542 35 441 42 29 20 36 712 1711 144 29 31 42 1273 35 263 73 39 39 2088 59
internal_value=0.00110914 0.00275308 -0.0008045 0.000446154 -0.000290043 -0.00106458 -0.00025143 -0.00122582 -0.00152067 -0.00218784 -0.00072965 -0.00150626 -0.002625 -0.00459036 -6.81817e-05 -0.000398437 -0.000208556 -0.000875432 0.000410882 -0.00271429 -0.00170588 -0.000287671 -0.000302752 -0.000506493 -0.000169533 -0.000142355 -0.000203463 -0.00276923 -0.000129176 0.00225532
internal_weight=20102 10813 9289 975 693 6318 2971 5438 3411 1677 2027 719 160 83 880 768 748 1734 533 126 102 73 1308 77 407 2845 2772 78 2694 282
internal_count=20102 10813 9289 975 693 6318 2971 5438 3411 1677 2027 719 160 83 880 768 748 1734 533 126 102 73 1308 77 407 2845 2772 78 2694 282
is_linear=0
shrinkage=0.03


Tree=58
num_leaves=31
num_cat=0
split_feature=26 25 6 28 17 16 20 17 8 8 28 19 11 4 8 1 15 8 27 25 20 31 27 25 5 13 19 27 17 23
split_gain=68.5795 6.68679 1.37939 1.32891 1.09949 1.00959 0.886864 0.878265 0.853608 1.11245 0.787686 1.1105 0.765127 0.747383 1.06609 0.794413 1.11304 0.67907 0.677703 0.670925 1.69118 0.616476 0.609498 0.836899 1.64762 1.12686 0.587412 0.569267 0.380952 0.263675
threshold=7.5000000000000009 19675.390000000007 13516.705960609672 8.5000000000000018 0.58579843413570332 256.65022514294475 0.21938063349880196 0.54371672291001183 107222.05250000001 137255.53750000001 11.500000000000002 0.36881541138466029 161753.01500000004 359.43500000000006 499.23750000000001 815.09831250000002 2.0616982020415864 11184.700000000003 83829.624583333338 9433.1975000000002 1.0000000180025095e-35 12.500000000000002 8811.4988888888911 5849.505000000001 8472.4276562500017 4613.9050000000007 0.10628648165206843 3353.8266666666668 0.59675698538299227 219.27981061073726
decision_type=2 2 2 2 2 2 2 2 2 2 2 2 2 2 2 2 2 2 2 2 2 2 2 2 2 2 2 2 2 2
left_child=2 3 13 4 5 21 29 -7 17 -10 -5 -12 -11 22 -15 -16 -17 18 26 20 -19 -2 23 25 -25 -1 -4 -21 -8 -6
right_child=1 -3 8 10 6 7 28 -9 9 12 11 -13 -14 14 15 16 -18 19 -20 27 -22 -23 -24 24 -26 -27 -28 -29 -30 -31
leaf_value=3.9156552496543537 -3.1315181157597469 192.70917197262062 14.559759722016535 32.366499573215499 0.19749899508534063 -0.96912624106739709 0.10214424134166691 -4.2809493340504154 -22.817953035909532 174.33143112888575 4.5396479757286619 -4.9924767880995713 -16.024280339250613 -25.909267859084974 17.648606344728371 -7.0482119590452941 -17.927077377006732 -34.88764653580229 -25.936296442796106 -11.935518927549976 47.53149296452586 2.3696510068687449 20.930448732140547 -25.272052227902513 9.0427749598106253 -11.087826598734642 -1.054190782819967 -3.4574933500499605 -4.6894957485409732 7.5963487044231348
leaf_weight=234 155 9685 459 284 52 33 21 25 26 24 63 23 29 35 54 4326 307 23 36 322 35 261 102 23 34 40 499 2681 21 190
leaf_count=234 155 9685 459 284 52 33 21 25 26 24 63 23 29 35 54 4326 307 23 36 322 35 261 102 23 34 40 499 2681 21 190
internal_value=0.00111511 0.0027392 -0.000775433 0.000553192 -0.000166227 -0.00105063 0.00130986 -0.00475862 -0.000367199 -0.0034557 0.00202703 -0.000488372 -0.000962264 -0.00110281 -0.0012122 -0.00117325 -0.00121541 -0.000307028 0.000374246 -0.000528259 -0.00372414 -0.000533654 9.00694e-05 -0.000534743 -0.00384211 0.000153285 0.000526096 -0.000466533 -0.00271429 0.00200826
internal_weight=20102 10813 9289 1128 758 474 284 58 4134 79 370 86 53 5155 4722 4687 4633 4055 994 3061 58 416 433 331 57 274 958 3003 42 242
internal_count=20102 10813 9289 1128 758 474 284 58 4134 79 370 86 53 5155 4722 4687 4633 4055 994 3061 58 416 433 331 57 274 958 3003 42 242
is_linear=0
shrinkage=0.03


Tree=59
num_leaves=31
num_cat=0
split_feature=26 8 24 28 14 28 18 9 22 18 18 18 0 4 5 7 22 28 9 16 4 15 28 19 16 11 23 4 4 25
split_gain=67.843 6.57398 1.36658 1.31571 1.37317 0.993037 0.980335 0.909431 0.906868 0.889916 0.853466 1.21753 1.72835 1.16272 0.828725 1.09221 0.845278 0.784439 0.734988 0.904792 0.891524 0.767497 0.723046 0.997463 0.690105 0.625071 0.55855 0.432374 1.19166 1.50396
threshold=7.5000000000000009 19203.105000000007 12969.171666666667 8.5000000000000018 8626.510000000002 4.5000000000000009 0.58709054174759001 10471.940000000001 106856.02500000002 0.32828964473806649 0.81537271216322782 0.66006214064313273 2549.8900398929841 19231.660000000003 15529.114960937501 9649.5975080684384 4765.4800000000005 2.5000000000000004 19494.755000000001 3061.713833409151 7614.6150000000007 2.1613960542662851 11.500000000000002 0.36881541138466029 -102.47940883215414 9257.510000000002 219.27981061073726 23462.825000000004 25052.045000000006 25030.305000000004
decision_type=2 2 2 2 2 2 2 2 2 2 2 2 2 2 2 2 2 2 2 2 2 2 2 2 2 2 2 2 2 2
left_child=2 3 9 4 7 6 -6 24 27 18 11 12 -11 -13 16 -16 -12 -10 19 21 -21 -1 -5 -24 -2 -7 -9 -4 29 -29
right_child=1 -3 8 22 5 25 -8 26 17 10 14 13 -14 -15 15 -17 -18 -19 -20 20 -22 -23 23 -25 -26 -27 -28 28 -30 -31
leaf_value=-7.1029652441337019 3.7798532550978239 185.39337110375374 -0.27657751088984445 30.945032423795212 5.9535754410092752 -8.2763580399380743 -5.241464999068767 -1.4789515060370579 -18.138333868794131 -16.497641781581507 -7.2184029716370128 -14.54924306007779 -6.2280046239054361 -11.917920681700533 -22.688731600245859 -10.170147924496908 -1.2051216371067741 -17.537948870923898 20.935902972645479 -21.886990992851807 -34.566519529365415 14.049682007122552 4.7082892414028397 -4.6164857267398842 -2.6091119529865039 -8.0595459122629212 7.5822833160682368 -21.226733967371587 -3.8101668429717415 -34.167151831755305
leaf_weight=1536 160 9695 2467 278 43 38 26 46 38 35 905 189 944 22 40 70 889 90 129 106 20 53 66 25 245 24 167 97 1637 22
leaf_count=1536 160 9695 2467 278 43 38 26 46 38 35 905 189 944 22 40 70 889 90 129 106 20 53 66 25 245 24 167 97 1637 22
internal_value=0.00112108 0.00273643 -0.000759285 0.00055814 -0.000164219 -0.0029542 -0.000478261 0.000427185 -0.000371639 -0.00110085 -0.00141176 -0.00204202 -0.00159653 -0.004109 -0.00101786 -0.00354545 -0.000862876 -0.00285937 -0.000579176 -0.00074344 -0.00319048 -0.000549402 0.00202439 -0.000296703 -0.000407407 -0.00570968 0.00201408 -0.000296235 -0.000656036 -0.00355462
internal_weight=20102 10813 9289 1118 749 131 69 618 4351 4938 3094 1190 979 211 1904 110 1794 128 1844 1715 126 1589 369 91 405 62 213 4223 1756 119
internal_count=20102 10813 9289 1118 749 131 69 618 4351 4938 3094 1190 979 211 1904 110 1794 128 1844 1715 126 1589 369 91 405 62 213 4223 1756 119
is_linear=0
shrinkage=0.03


Tree=60
num_leaves=31
num_cat=0
split_feature=26 7 28 0 12 19 31 17 19 21 7 17 19 22 9 20 8 7 18 14 6 25 18 28 9 5 14 14 8 24
split_gain=66.5281 6.68932 1.6413 1.43773 1.39303 1.01909 0.98353 0.84427 1.47254 1.80821 1.37061 1.00184 0.924456 1.225 0.78652 0.783702 0.715197 1.10615 1.24132 0.996779 0.913716 0.953373 0.660716 0.64029 0.803441 0.624359 0.610283 1.95561 0.588465 0.576859
threshold=6.5000000000000009 19706.57607711852 8.5000000000000018 11928.84198395115 2487.9350000000004 0.25021685596986942 13.500000000000002 0.78437911297247498 1.3384887022941345 7103.4900000000007 16023.301803669156 3.1170386222406048 2.4625501852561036 2859.1225000000004 9492.9600000000009 0.22578024457861171 45108.645000000011 60705.983390112953 40737.12706550664 24237.400000000005 118215.00889425767 137586.21750000003 0.35706808986722832 11.500000000000002 9053.5000000000018 59057.773260399212 702.39000000000021 1871.0450000000003 19203.105000000007 9344.8283333333347
decision_type=2 2 2 2 2 2 2 2 2 2 2 2 2 2 2 2 2 2 2 2 2 2 2 2 2 2 2 2 2 2
left_child=3 2 4 7 -2 15 -7 12 10 -10 11 -9 29 -14 -11 -6 22 18 19 -18 25 -22 -5 -4 -25 -19 -24 -28 -3 -1
right_child=1 28 23 16 5 6 -8 8 9 14 -12 -13 13 -15 -16 -17 17 20 -20 -21 21 -23 26 24 -26 -27 27 -29 -30 -31
leaf_value=-5.9819310714004681 11.726102191937279 -25.298725473601632 30.637205578341387 2.343832750299812 5.3455086322393788 -5.0342479938380675 -1.172031774415903 -9.0406506519848833 -18.354809269614751 26.787861832219118 -26.021804417949529 7.2876043572007312 -19.093016771303411 5.8509301203855273 -7.9142781064174601 -2.3195148509128769 -26.483223434313189 -22.487391920346333 -29.106472788226178 240.79403885463807 -28.19074827068409 7.9165704543294453 3.2369994393317594 -3.7228789781954887 5.4859009129702851 62.995215812966485 -16.117406003869863 -5.0244661638331394 186.01482902363102 1.6901664589095069
leaf_weight=1846 165 27 290 1259 182 128 204 2023 20 21 35 153 20 20 22 122 82 51 26 24 28 36 610 38 52 146 226 1979 9657 610
leaf_count=1846 165 27 290 1259 182 128 204 2023 20 21 35 153 20 20 22 122 82 51 26 24 28 36 610 38 52 146 226 1979 9657 610
internal_value=0.00112705 0.00271836 0.000586791 -0.000744722 -0.00018352 -0.000820755 -0.00196988 -0.00110692 -0.00152507 -0.00604762 -0.0013962 -0.00130147 -0.000725961 -0.00525 -0.0025814 0.000434211 -0.000357958 -0.00158015 -0.00381818 -0.00237736 -0.000448276 -0.0035625 -0.000240059 0.00221053 1.11759e-10 0.000563452 -0.000495559 -0.000727891 0.00297831 -0.00065228
internal_weight=20102 10865 1181 9237 801 636 332 4770 2274 63 2211 2176 2496 40 43 304 4467 393 132 106 261 64 4074 380 90 197 2815 2205 9684 2456
internal_count=20102 10865 1181 9237 801 636 332 4770 2274 63 2211 2176 2496 40 43 304 4467 393 132 106 261 64 4074 380 90 197 2815 2205 9684 2456
is_linear=0
shrinkage=0.03


Tree=61
num_leaves=31
num_cat=0
split_feature=26 2 20 28 0 25 28 9 22 8 9 9 7 19 27 19 4 20 2 5 4 27 3 22 17 8 12 31 2 5
split_gain=65.0233 7.1562 1.3291 1.43481 1.23894 0.933378 0.861125 0.879331 0.830464 0.797746 0.734317 1.1468 0.919457 0.7094 0.703601 0.700915 1.20033 0.757989 0.688567 0.9855 0.864286 0.657589 0.480484 0.565049 1.42161 0.436662 0.211512 0.235714 0.114894 0.0740701
threshold=7.5000000000000009 19600.860000000004 0.13294988725635731 8.5000000000000018 11928.84198395115 79069.565000000017 11.500000000000002 9053.5000000000018 19715.355000000007 17934.095000000005 4600.5100000000011 14906.825000000003 16023.301803669156 2.4625501852561036 942.10933333333344 0.24926129472547709 16681.640000000003 0.22578024457861171 19018.410000000003 106422.78610268979 121051.86000000002 174.00500000000002 205896.97000000006 73420.565000000017 2.4407948578502237 11184.700000000003 2207.8500000000004 22.500000000000004 86832.139999999999 20226.181718750002
decision_type=2 2 2 2 2 2 2 2 2 2 2 2 2 2 2 2 2 2 2 2 2 2 2 2 2 2 2 2 2 2
left_child=4 2 -2 15 8 22 -5 -8 10 -3 13 21 -13 14 -1 17 -17 -4 -7 28 -21 -12 23 25 -25 -6 27 -11 -20 -28
right_child=1 9 3 6 5 18 7 -9 -10 26 11 12 -14 -15 -16 16 -18 -19 19 20 -22 -23 -24 24 -26 -27 29 -29 -30 -31
leaf_value=-7.6555532519250153 15.301099556626433 -56.782693585745839 4.2923935837718554 27.923739667834827 1.3550342971309559 -22.214385355129302 -3.6876545581220492 5.7321326757459197 -13.907596526370661 -15.454525464444796 4.6100301553120744 0.019520453654329917 -19.171556153097583 -18.359036124399829 -3.9494619097407964 0.82962824815910896 -4.2180595150102826 -2.3389114170180938 1.3403490061096901 -22.214911292987207 -13.399797737297451 -9.4934951090501691 300.02089695178336 -4.4849221121622085 -29.855626584411009 -4.6529291465529061 11.798244082956282 55.619659816715973 24.788980819714013 191.35552128040544
leaf_weight=560 149 31 201 192 1145 27 31 23 21 20 25 539 23 39 1971 161 190 115 20 35 45 1603 40 75 22 3072 120 22 27 9558
leaf_count=560 149 31 201 192 1145 27 31 23 21 20 25 539 23 39 1971 161 190 115 20 35 45 1603 40 75 22 3072 120 22 27 9558
internal_value=0.00113004 0.00271146 0.000372881 -5.58597e-05 -0.000710841 -0.000354037 0.00190244 -0.00144444 -0.00104727 0.00296616 -0.00102101 -0.00142466 -0.000256228 -0.000677043 -0.000615172 -0.000778111 -0.00170085 0.000246836 -0.00264935 -0.00172441 -0.00375 -0.00182801 -0.000272852 -0.000303199 -0.00256701 -0.000251126 0.00298148 0.000857143 0.0017234 0.0029907
internal_weight=20102 10813 1062 913 9289 4508 246 54 4781 9751 4760 2190 562 2570 2531 667 351 316 154 127 80 1628 4354 4314 97 4217 9720 42 47 9678
internal_count=20102 10813 1062 913 9289 4508 246 54 4781 9751 4760 2190 562 2570 2531 667 351 316 154 127 80 1628 4354 4314 97 4217 9720 42 47 9678
is_linear=0
shrinkage=0.03


Tree=62
num_leaves=31
num_cat=0
split_feature=26 25 31 19 0 18 19 11 4 11 9 9 25 9 18 13 27 18 26 2 31 28 14 20 5 2 2 22 5 1
split_gain=63.7317 7.46632 1.64261 1.42254 1.19849 0.926836 1.06017 0.833019 1.10579 0.857143 0.810157 0.943052 0.796598 0.781214 0.708366 0.945188 0.704607 0.650694 0.66743 0.733085 0.689478 0.634799 0.594091 0.578787 0.458145 0.44774 0.731113 0.649855 0.421836 0.406152
threshold=7.5000000000000009 20516.315000000006 8.5000000000000018 0.24926129472547709 11928.84198395115 0.093681125895742637 2.4625501852561036 10407.545000000002 20034.280000000002 9646.9950000000008 4600.5100000000011 14906.825000000003 79069.565000000017 170699.00000000003 0.55671953277786224 4713.2100000000009 942.10933333333344 0.41583233434241484 1.5000000000000002 1588.3450000000003 7.5000000000000009 8.5000000000000018 3757.4850000000006 0.25592891553534763 74893.332324371353 2732.1650000000004 2317.8200000000006 1891.8500000000001 106422.78610268979 15261.122736706006
decision_type=2 2 2 2 2 2 2 2 2 2 2 2 2 2 2 2 2 2 2 2 2 2 2 2 2 2 2 2 2 2
left_child=4 2 3 23 5 25 10 8 21 -10 16 -12 17 24 -5 -16 -7 29 20 -20 -19 -4 -15 -2 -14 26 27 -1 -26 -6
right_child=1 -3 7 14 12 6 -8 -9 9 -11 11 -13 13 22 15 -17 -18 18 19 -21 -22 -23 -24 -25 28 -27 -28 -29 -30 -31
leaf_value=-8.6948053347794829 4.486823224708246 196.51403079358562 0.25954746871061707 -1.0912909657958665 20.007566035694438 -7.856124708624205 -17.843257198615358 12.526122745999126 -4.7081086905577472 7.5853970325063829 -9.3780796968759965 -2.5770843452342742 -21.246742898231286 -21.107494779516362 -10.905350654626739 -7.8136890835272403 -3.8481143470320927 -2.9274453172720469 -27.864155311142977 -7.2723462866763002 27.271669426865703 13.435408559072389 -11.613243510987084 -3.300660328585991 68.408215702239488 17.664438709093393 -32.057371606519958 24.349643773039706 -16.22426475417608 -0.20526986960368526
leaf_weight=182 155 9495 332 71 340 484 31 345 21 21 1573 562 20 30 22 57 1688 370 38 2202 174 266 39 28 34 176 20 65 31 1230
leaf_count=182 155 9495 332 71 340 484 31 345 21 21 1573 562 20 30 22 57 1688 370 38 2202 174 266 39 28 34 176 20 65 31 1230
internal_value=0.0011375 0.00270314 0.000587254 -0.00123423 -0.000685004 -0.0010159 -0.00114938 0.00120305 0.0005625 -0.00414286 -0.00110959 -0.00152459 -0.000334073 -0.00245455 -0.0034 -0.00535443 -0.000701657 -0.000259072 -0.000534483 -0.000763393 0.000408088 0.000892977 -0.00482609 0.000540984 -0.000529412 0.000291196 -0.000483146 -3.64371e-05 0.000692308 0.000229299
internal_weight=20102 10813 1318 333 9289 4781 4338 985 640 42 4307 2135 4508 154 150 79 2172 4354 2784 2240 544 598 69 183 85 443 267 247 65 1570
internal_count=20102 10813 1318 333 9289 4781 4338 985 640 42 4307 2135 4508 154 150 79 2172 4354 2784 2240 544 598 69 183 85 443 267 247 65 1570
is_linear=0
shrinkage=0.03


Tree=63
num_leaves=31
num_cat=0
split_feature=26 11 28 0 25 31 25 28 10 2 2 17 19 7 22 23 9 19 22 14 23 23 8 16 12 12 20 20 10 12
split_gain=63.2979 7.49294 1.52901 1.17653 0.848354 0.861085 0.796598 0.778155 0.977327 0.751611 0.760183 0.718256 1.48918 1.43257 1.38318 0.971645 0.858665 0.66652 0.9 0.554561 0.784846 0.535185 0.53003 0.507746 1.09408 1.67619 0.544425 0.62552 0.497097 0.493013
threshold=7.5000000000000009 10407.545000000002 8.5000000000000018 11928.84198395115 20516.315000000006 6.5000000000000009 79069.565000000017 11.500000000000002 27014.235000000004 19018.410000000003 181095.22500000003 0.78437911297247498 1.3384887022941345 16023.301803669156 6959.5700000000006 6376.7832320623174 14906.825000000003 2.4625501852561036 2859.1225000000004 6171.0650000000014 328.62232885908412 34566.677603075448 11912.067500000001 256.65022514294475 4072.4600000000005 3576.6600000000003 0.25592891553534763 0.17902012557479999 57833.040000000008 2397.0600000000004
decision_type=2 2 2 2 2 2 2 2 2 2 2 2 2 2 2 2 2 2 2 2 2 2 2 2 2 2 2 2 2 2
left_child=3 2 23 11 5 19 29 -4 -9 -8 21 17 13 16 -14 -16 -13 22 -19 -3 -21 -11 28 26 25 -25 27 -2 -1 -5
right_child=1 4 7 6 -6 -7 9 8 -10 10 -12 12 14 -15 15 -17 -18 18 -20 20 -22 -23 -24 24 -26 -27 -28 -29 -30 -31
leaf_value=-5.3339228898324027 -2.3227843395400072 11.759909753877189 31.271621838186672 -5.0738238603868444 198.69323229290836 11.474742302476296 -20.910551507528481 -3.9473177729472324 8.5430542052021323 -14.378479669446827 -18.173351973968199 -8.5086321701970373 -16.485127629045934 -24.588691070461088 23.534999848305723 -8.810463522598118 -0.267304467927442 -17.434157468473853 6.7614710164644158 -2.4345191512811848 0.21370001581641787 35.662224428738497 18.003021115566881 8.5609934698397634 0.29652880596510289 -7.381692909235519 -3.7767339307618473 1.518103691843347 3.9112662961070916 1.342848762744032
leaf_weight=2127 168 21 232 3035 9418 371 27 24 58 36 37 1628 22 35 22 20 553 20 20 20 38 54 65 20 39 22 34 348 269 1319
leaf_count=2127 168 21 232 3035 9418 371 27 24 58 36 37 1628 22 35 22 20 553 20 20 20 38 54 65 20 39 22 34 348 269 1319
internal_value=0.00113451 0.00269481 0.000142857 -0.000681774 0.0029392 0.00166667 -0.000334073 0.0018535 -0.000658536 -0.00245455 -0.00148819 -0.00100962 -0.00139474 -0.00126444 -0.00590625 -0.00271429 -0.00116781 -0.000658536 -0.0045 -0.00117722 -0.00268966 1.11759e-10 -0.000596099 -0.000708399 -0.00292593 -0.00628571 -0.000381818 -0.000139535 -0.000668614 -0.000259072
internal_weight=20102 10813 945 9289 9868 450 4508 314 82 154 127 4781 2280 2216 64 42 2181 2501 40 79 58 90 2461 631 81 42 550 516 2396 4354
internal_count=20102 10813 945 9289 9868 450 4508 314 82 154 127 4781 2280 2216 64 42 2181 2501 40 79 58 90 2461 631 81 42 550 516 2396 4354
is_linear=0
shrinkage=0.03


Tree=64
num_leaves=31
num_cat=0
split_feature=26 8 28 17 24 17 9 8 4 2 9 18 15 8 18 10 20 4 18 28 8 21 19 17 28 4 28 11 19 20
split_gain=62.3498 7.59699 1.69562 1.54854 1.09972 0.903301 1.03851 1.10319 0.935433 1.29647 0.933686 0.892563 1.40805 0.890985 0.873585 1.44508 0.862518 0.853577 0.753905 0.735866 0.681195 0.931359 0.667806 0.602789 0.585016 0.573938 0.546519 1.04216 0.595238 0.485541
threshold=7.5000000000000009 20046.330000000005 8.5000000000000018 0.58579843413570332 9344.8283333333347 0.61034630956153391 17775.330000000005 45108.645000000011 6538.7850000000008 2317.8200000000006 286157.09000000003 0.58709054174759001 1.0153304238631551 6779.9375000000009 0.093681125895742637 68066.880000000019 0.21938063349880196 20296.235000000004 0.35706808986722832 11.500000000000002 6779.9375000000009 16552.23166666667 2.4625501852561036 0.18431322420627969 4.5000000000000009 30228.845000000005 11.500000000000002 8944.0300000000007 0.36881541138466029 0.24127632949150016
decision_type=2 2 2 2 2 2 2 2 2 2 2 2 2 2 2 2 2 2 2 2 2 2 2 2 2 2 2 2 2 2
left_child=4 2 3 11 14 19 8 18 9 -7 -9 17 -13 -10 -1 22 -5 -2 -8 24 -21 -22 23 -16 25 -6 -4 28 -28 -18
right_child=1 -3 26 16 5 6 7 10 13 -11 -12 12 -14 -15 15 -17 29 -19 -20 20 21 -23 -24 -25 -26 -27 27 -29 -30 -31
leaf_value=1.1123952878166901 0.21443499518881265 189.76988214601693 31.092606832007348 6.5258911782845548 -8.9452131840050431 -15.031139932643956 6.6768856163778425 -16.178522681389246 -16.411531176689252 2.6305015861793701 -28.228632321566138 -2.8434033434670951 -8.1876700365156267 -11.430634405745328 -3.6166287101120655 -37.419282654966942 -4.4652202063417494 -3.8680171080575652 -4.8320927544783228 8.8738180349255433 -17.715585369351814 38.842717118948784 -16.758690640793819 -7.02666744301803 6.2050488154413506 30.106798350565892 3.3473328772308522 8.8303386486638509 -4.823157034775317 0.51211140548718725
leaf_weight=402 373 9453 332 314 503 41 836 341 112 271 26 133 20 633 855 23 20 34 1812 42 88 35 27 2210 935 97 21 69 21 23
leaf_count=402 373 9453 332 314 503 41 836 341 112 271 26 133 20 633 855 23 20 34 1812 42 88 35 27 2210 935 97 21 69 21 23
internal_value=0.00114347 0.00269204 0.000595588 -0.000140676 -0.000659167 -0.000404366 -0.000646856 -0.000363184 -0.00145601 -7.6923e-05 -0.00190463 -0.001125 -0.00307843 -0.00203356 -0.00107734 -0.00124719 0.00140336 -0.000390663 -0.000149547 0.000176471 -0.00172727 -0.00285366 -0.00119146 -0.00115008 0.000381108 -0.00035 0.00211964 0.000297297 -0.00342857 -0.0025814
internal_weight=20102 10813 1360 917 9289 5772 4072 3015 1057 312 367 560 153 745 3517 3115 357 407 2648 1700 165 123 3092 3065 1535 600 443 111 42 43
internal_count=20102 10813 1360 917 9289 5772 4072 3015 1057 312 367 560 153 745 3517 3115 357 407 2648 1700 165 123 3092 3065 1535 600 443 111 42 43
is_linear=0
shrinkage=0.03


Tree=65
num_leaves=31
num_cat=0
split_feature=8 17 31 11 3 8 3 15 18 14 14 25 6 24 10 11 28 16 20 20 20 13 7 8 10 23 14 25 3 3
split_gain=48.2641 14.61 2.92039 2.62276 1.18164 0.882075 0.939111 0.91685 0.881819 0.818477 0.962886 0.959366 0.905505 0.771672 0.755189 0.661479 0.956109 0.905797 0.724613 0.650842 0.984848 0.648982 0.699484 1.05757 0.578438 0.54982 0.439547 0.410256 0.4 0.392222
threshold=20315.625000000004 0.78437911297247498 18.500000000000004 10407.545000000002 13257.76 17361.400000000005 10961.505000000003 0.68800816708790635 0.35706808986722832 752.60000000000002 2775.0450000000005 20774.480000000003 12441.458011717501 95428.618333333332 11179.895000000002 11045.900000000001 8.5000000000000018 203.69541900823063 0.17128332989474146 0.10270558108410713 0.013520377496754048 8666.6000000000004 77128.815264525663 45108.645000000011 19703.005000000005 6982.7431702600579 23690.270000000004 97519.415000000023 17577.565000000006 26323.800000000003
decision_type=2 2 2 2 2 2 2 2 2 2 2 2 2 2 2 2 2 2 2 2 2 2 2 2 2 2 2 2 2 2
left_child=2 3 4 24 5 6 14 -8 -5 29 12 -12 -11 21 -1 16 17 18 -4 20 27 22 23 -3 25 26 -2 -15 -19 -6
right_child=1 13 15 8 9 -7 7 -9 -10 10 11 -13 -14 19 -16 -17 -18 28 -20 -21 -22 -23 -24 -25 -26 -27 -28 -29 -30 -31
leaf_value=-7.1491319789089509 -3.8872552588715958 -10.757598745224289 -2.3374709275446657 -25.752544850374061 14.178346549679333 11.98855663217333 7.8568172603865749 -13.703800511901493 190.29067980676146 -14.643782369207251 0.20800200361415447 -27.660877810093162 -3.8224279057852386 -37.025930377596254 -3.4065479557272518 16.902751770336337 18.956560479155282 -2.2352238310465382 5.6664777631384275 51.252736930117166 -20.503665676742763 20.245789097802081 92.183842375708295 -24.786834728077519 13.090590688497876 2.5229888938430753 -32.470254701211623 -1.0734970439991125 -2.8814081508213256 0.27305405800265503
leaf_weight=2274 21 597 79 28 331 149 69 342 9467 220 1793 88 265 26 2607 178 222 20 151 39 32 295 68 111 247 55 20 52 20 236
leaf_count=2274 21 597 79 28 331 149 69 342 9467 220 1793 88 265 26 2607 178 222 20 151 39 32 295 68 111 247 55 20 52 20 236
internal_value=0.00115242 0.00248182 -0.000473021 0.00286583 -0.000625507 -0.000887153 -0.000951247 -0.00232847 0.00295893 -0.000140129 -0.000385461 -7.81498e-05 -0.00157732 -0.000614754 -0.00083528 0.00143284 0.000865854 -0.000333333 0.000391304 -0.00263758 -0.00381818 -0.000333333 -0.00078866 -0.0010678 0.00028863 -0.0016875 -0.00431707 -0.002 -0.0045 0.000883598
internal_weight=20102 11058 9044 9838 8374 5441 5292 411 9495 2933 2366 1881 485 1220 4881 670 492 270 230 149 110 1071 776 708 343 96 41 78 40 567
internal_count=20102 11058 9044 9838 8374 5441 5292 411 9495 2933 2366 1881 485 1220 4881 670 492 270 230 149 110 1071 776 708 343 96 41 78 40 567
is_linear=0
shrinkage=0.03


Tree=66
num_leaves=31
num_cat=0
split_feature=26 11 28 18 24 17 10 11 17 4 8 10 18 25 2 3 23 28 11 21 23 4 2 15 13 3 15 4 23 1
split_gain=59.8889 7.5038 1.83492 1.13213 0.923423 1.03154 0.896329 0.884222 0.853073 1.03032 0.818106 0.797456 1.38135 0.783877 0.795947 0.692897 0.668182 0.612641 0.864286 0.585854 0.623853 0.543654 0.517644 0.516837 0.512253 0.485656 0.465266 1.47759 0.407671 0.265402
threshold=6.5000000000000009 11224.380000000003 8.5000000000000018 0.58468836272515379 14355.050000000001 3.1170386222406048 46401.530000000006 10032.095000000001 0.5557114687103093 37253.325000000004 2754.9875000000006 29730.907500000005 0.62651615327543964 79069.565000000017 19018.410000000003 3464.1300000000006 528.85949481033038 11.500000000000002 8944.0300000000007 14046.436666666666 7391.6682669541824 17919.140000000003 181095.22500000003 0.97993281736550075 6154.4300000000012 205896.97000000006 2.4167985750538885 967.70000000000016 7647.5216914285593 13175.942440783178
decision_type=2 2 2 2 2 2 2 2 2 2 2 2 2 2 2 2 2 2 2 2 2 2 2 2 2 2 2 2 2 2
left_child=4 2 3 7 5 6 8 23 15 -10 -6 16 -13 19 -15 -1 -5 -4 24 20 -12 -3 -16 -2 -19 -21 28 -28 -8 -7
right_child=1 21 17 11 10 29 26 -9 9 -11 13 12 -14 14 22 -17 -18 18 -20 25 -22 -23 -24 -25 -26 -27 27 -29 -30 -31
leaf_value=-6.7588475704484079 6.4184246745428002 1.7842005212682226 29.179964234185995 1.8509099109018921 -23.016654644519679 22.91879418005918 -4.7435881322984175 13.245560853174771 -7.8360633618382405 -20.189001398822036 -5.2942026849713191 -11.988297293536412 -0.35600187054836618 -20.300945831730747 -0.36011022975887091 0.026493418018448314 -2.8624886346262524 3.1689403391894597 8.6218063436423815 -3.7705056809885851 14.423555888770952 157.17790667876503 -17.082988023252124 -1.6473891403931056 -4.604895867550141 290.0375390303463 26.518357629834682 -29.209395388394629 19.257890403955059 -19.861097560709545
leaf_weight=1027 54 45 303 90 29 118 425 147 2570 22 220 21 24 27 88 916 108 22 60 3102 299 9586 37 382 23 40 26 20 251 20
leaf_count=1027 54 45 303 90 29 118 425 147 2570 22 220 21 24 27 88 916 108 22 60 3102 299 9586 37 382 23 40 26 20 251 20
internal_value=0.00116436 0.00267418 0.000471637 -0.000341404 -0.000611562 -0.000864689 -0.0009319 0.000375643 -0.0010882 -0.00144444 -0.000256116 -0.00206173 -0.00566667 -0.000217939 -0.00232895 -0.00061297 -0.00124242 0.00211765 0.000142857 -0.000130292 0.000803468 0.00295639 -0.00132 -0.000302752 -0.003 -0.000284532 4.98616e-05 -0.00286957 0.000248521 0.00169565
internal_weight=20102 10865 1234 826 9237 5395 5257 583 4535 2592 3842 243 45 3813 152 1943 198 408 105 3661 519 9631 125 436 45 3142 722 46 676 138
internal_count=20102 10865 1234 826 9237 5395 5257 583 4535 2592 3842 243 45 3813 152 1943 198 408 105 3661 519 9631 125 436 45 3142 722 46 676 138
is_linear=0
shrinkage=0.03


Tree=67
num_leaves=31
num_cat=0
split_feature=8 17 10 3 18 10 18 5 4 4 11 9 10 3 23 28 7 23 25 14 28 20 3 13 8 8 27 27 1 4
split_gain=48.2444 13.2753 3.23958 2.03931 1.28491 0.873135 1.29752 1.10977 1.18749 1.03752 0.898197 1.80815 0.839157 0.740917 1.3035 1.17854 1.10063 0.9996 0.772524 0.762873 0.735053 0.787694 0.693537 0.689275 0.674175 2.24599 0.791748 0.652909 0.646266 0.607367
threshold=20315.625000000004 0.78437911297247498 19703.005000000005 13257.76 0.43377942803085245 11179.895000000002 0.81166274981758268 4585.8241015625008 609.07500000000016 3147.5950000000007 8028.0650000000005 31547.865000000002 8011.8725000000004 27415.690000000006 9416.5043054024991 8.5000000000000018 10200.585839123401 2112.5995533746568 21049.375000000004 2567.6850000000004 4.5000000000000009 0.064975279542594286 31719.315000000006 26370.215000000004 53646.890000000007 57490.922500000008 127530.13166666667 2046.1083333333338 17777.784892987987 5404.5750000000007
decision_type=2 2 2 2 2 2 2 2 2 2 2 2 2 2 2 2 2 2 2 2 2 2 2 2 2 2 2 2 2 2
left_child=3 2 20 5 -4 6 7 8 -1 -9 11 -8 -12 15 -15 18 28 -17 27 -19 21 23 -18 -2 -3 -26 -27 -5 -16 -7
right_child=1 24 4 13 -6 29 10 9 -10 -11 12 -13 -14 14 16 17 22 19 -20 -21 -22 -23 -24 -25 25 26 -28 -29 -30 -31
leaf_value=4.5533787272841977 8.9806991582194122 -4.0219068339469786 4.4929728517527652 -2.1435039568458447 173.71650784494031 0.041577165247520906 -6.1386175293203253 -14.313808403427066 -10.016440589360826 -5.1070651088635994 9.5496750488998501 -28.878304675162749 -11.409539915498476 -19.142546045331823 -18.887853605909083 16.065177715676114 -18.549543228997113 9.2676344588444444 -2.2049673235809886 -8.6259538583545723 22.379318061759232 -35.749727841136163 6.4758613513157011 -30.311637982485241 -34.807701038732311 -1.9067075018519415 -13.372557660674712 1.5094203800118362 38.297173314379563 -6.6086698243234983
leaf_weight=106 36 966 190 586 9506 1308 1528 69 313 78 325 32 41 22 107 449 141 242 20 286 51 29 534 26 28 198 28 1192 22 1643
leaf_count=106 36 966 190 586 9506 1308 1528 69 313 78 325 32 41 22 107 449 141 242 20 286 51 29 534 26 28 198 28 1192 22 1643
internal_value=0.00115541 0.00248454 0.00285058 -0.000469704 0.00291646 -0.00083612 -0.0012496 -0.00251237 -0.00172554 -0.0047551 -0.000878505 -0.00119231 0.000459016 8.41434e-05 -0.0007046 0.000318919 -0.000507463 0.00115763 -0.000136819 0.000272727 -0.00164789 -0.00326374 -2.22221e-05 -0.00135484 -0.000467213 -0.00184252 -0.000849557 -7.0866e-05 -0.00304651 -0.000486953
internal_weight=20102 11058 9838 9044 9696 5443 2492 566 419 147 1926 1560 366 3601 826 2775 804 977 1798 528 142 91 675 62 1220 254 226 1778 129 2951
internal_count=20102 11058 9838 9044 9696 5443 2492 566 419 147 1926 1560 366 3601 826 2775 804 977 1798 528 142 91 675 62 1220 254 226 1778 129 2951
is_linear=0
shrinkage=0.03


Tree=68
num_leaves=31
num_cat=0
split_feature=26 1 28 12 10 31 16 1 7 8 28 9 4 8 1 2 16 24 16 23 23 23 1 20 10 27 24 1 9 12
split_gain=57.9795 8.59236 2.16113 1.06729 0.847501 0.807513 0.732415 0.711352 1.3515 0.707997 0.702009 0.776276 0.689954 0.681332 1.44196 1.14081 0.642439 0.631788 0.752465 0.59419 0.768154 0.544444 0.524125 0.510753 0.481911 0.471921 0.464451 0.17759 0.171494 0.165809
threshold=7.5000000000000009 21400.404353444526 8.5000000000000018 2157.5000000000005 37642.797500000008 9.5000000000000018 -14083.116890673808 55189.550774771618 47060.757565471395 80045.37000000001 11.500000000000002 8590.8650000000034 46034.010000000009 45108.645000000011 49227.652139977348 32651.825000000001 -3459.0952885271854 4251.0066666666671 1693.4707296552081 1455.4515912298887 878.61753563845753 36085.975144303673 50888.086475607699 0.38456330972698188 38769.415000000008 2419.367777777778 127775.58416666667 19232.424974370242 99558.070000000022 2347.5100000000007
decision_type=2 2 2 2 2 2 2 2 2 2 2 2 2 2 2 2 2 2 2 2 2 2 2 2 2 2 2 2 2 2
left_child=4 2 3 -2 5 6 28 22 12 23 -4 -12 -9 15 -15 -8 21 -18 -19 20 -5 -7 24 -10 -6 -26 -11 -13 -1 -3
right_child=1 29 10 19 7 16 13 8 9 26 11 27 -14 14 -16 -17 17 18 -20 -21 -22 -23 -24 -25 25 -27 -28 -29 -30 -31
leaf_value=69.078953527714745 24.811123237039435 44.344340136040593 28.792694421729053 -1.9256639361722097 42.23891754883438 20.400766123555805 -6.5519729769153825 -32.005262110736645 26.74890450180013 -19.325971340671256 -4.0249588817266249 1.702845379862681 -42.596906301053465 -30.844185367973182 -2.7915997891291315 3.4013527558140391 7.0215887231288594 -7.1801021888696308 3.6004395007710017 -1.7860179953720741 3.6374502190402969 -4.506991488919299 130.32466610801066 -54.22426644463453 -9.179287022684413 0.66194109631545828 -7.336757164249712 16.53995679486189 6.3542863495701152 186.48725642743256
leaf_weight=50 99 24 364 717 46 160 4852 21 228 54 30 44 20 23 41 440 77 372 251 21 166 20 52 20 324 2164 42 42 32 9306
leaf_count=50 99 24 364 717 46 160 4852 21 228 54 30 44 20 23 41 440 77 372 251 21 166 20 52 20 324 2164 42 42 32 9306
internal_value=0.00115988 0.0026532 0.00053203 -0.000260219 -0.000578426 -0.000774929 -0.000911364 -0.000160552 -0.00136364 -0.00075 0.0021875 0.000155173 -0.00651219 -0.000954443 -0.00403125 -0.000917233 6.81819e-05 -0.000342857 -0.000659711 -0.000584071 -0.000465459 0.00166667 1.85616e-05 9.67743e-05 -4.26203e-05 -9.88745e-05 -0.0029375 0.00160465 0.00190244 0.00299035
internal_weight=20102 10813 1483 1003 9289 6318 5438 2971 385 344 480 116 41 5356 64 5292 880 700 623 904 883 180 2586 248 2534 2488 96 86 82 9330
internal_count=20102 10813 1483 1003 9289 6318 5438 2971 385 344 480 116 41 5356 64 5292 880 700 623 904 883 180 2586 248 2534 2488 96 86 82 9330
is_linear=0
shrinkage=0.03


Tree=69
num_leaves=31
num_cat=0
split_feature=26 25 28 12 18 25 10 16 8 5 1 12 9 15 28 9 6 4 21 21 17 5 1 28 7 31 4 15 0 31
split_gain=57.4015 8.71567 2.03472 1.07789 0.843388 0.757903 0.965329 0.84762 0.845159 1.08036 0.926383 0.701747 0.687982 0.849353 0.655541 0.776276 0.63287 0.439486 0.606921 0.858462 0.294553 0.23341 0.17759 0.151807 0.137076 0.0897383 0.0891374 0.0498927 0.039899 0.028154
threshold=7.5000000000000009 21416.020000000008 8.5000000000000018 2157.5000000000005 0.49651946627826671 79069.565000000017 37642.797500000008 -14083.116890673808 45108.645000000011 32153.860395431522 49227.652139977348 3750.4050000000002 95739.400000000009 0.68800816708790635 11.500000000000002 8590.8650000000034 118215.00889425767 239450.44000000003 102870.20833333336 90941.823333333348 1.359319796093889 106422.78610268979 19232.424974370242 8.5000000000000018 21445.847144552365 6.5000000000000009 14475.780000000001 0.93886311617014107 19724.950561686779 34.500000000000007
decision_type=2 2 2 2 2 2 2 2 2 2 2 2 2 2 2 2 2 2 2 2 2 2 2 2 2 2 2 2 2 2
left_child=5 2 3 28 25 6 7 23 9 -9 -10 -6 -7 -14 26 -16 21 18 19 -8 -18 -15 -17 -1 -3 -5 -4 -26 -2 -28
right_child=1 24 14 4 11 12 17 8 10 -11 -12 -13 13 16 15 22 20 -19 -20 -21 -22 -23 -24 -25 27 -27 29 -29 -30 -31
leaf_value=70.189907935226614 24.017367083223608 11.350510356685616 23.581461521842986 0.89675861280679858 -0.83922772088875564 -17.614245638814776 -0.51447930234613537 -5.5445775355150912 -31.126859830360768 18.884982917885534 12.589252685947466 -4.0778028442587262 -12.89707350282036 101.64213700350398 -3.9042101152748456 1.6517600184667911 -10.805887485398021 -22.351136026815041 231.60434495962849 -38.330785579426802 -19.268901340397953 -9.059831135359671 15.865935403088749 -4.8059291081276019 2092.2476273516622 5.5417372579049253 27.875977079140927 180.28082272647848 30.122381671869121 19.560024404092896
leaf_weight=63 79 29 36 29 630 23 2743 5891 22 270 24 178 20 34 30 44 34 20 58 24 20 23 42 20 20 54 291 9299 20 32
leaf_count=63 79 29 36 29 630 23 2743 5891 22 270 24 178 20 34 30 44 34 20 58 24 20 23 42 20 20 54 291 9299 20 32
internal_value=0.00116735 0.0026532 0.000501707 -0.000272727 -0.000602693 -0.000562278 -0.000527093 -0.000734499 -0.00077477 -0.000744522 -0.00482609 -0.000898515 -0.00264935 -0.00180916 0.00211579 0.000155173 -0.000783784 -6.85412e-05 -3.7168e-05 -0.000100831 -0.00311111 0.00142105 0.00160465 0.00227711 0.00299037 0.00227711 0.0027493 0.00299678 0.00269697 0.00290712
internal_weight=20102 10813 1465 990 891 9289 9135 6290 6207 6161 46 808 154 131 475 116 111 2845 2825 2767 54 57 86 83 9348 83 359 9319 99 323
internal_count=20102 10813 1465 990 891 9289 9135 6290 6207 6161 46 808 154 131 475 116 111 2845 2825 2767 54 57 86 83 9348 83 359 9319 99 323
is_linear=0
shrinkage=0.03


Tree=70
num_leaves=31
num_cat=0
split_feature=26 25 28 12 18 28 11 10 18 9 23 2 21 19 28 17 13 21 17 2 25 25 12 10 8 17 17 4 8 23
split_gain=56.6956 8.57283 1.68145 1.01291 0.785261 0.747 0.890786 0.699195 1.12826 0.821724 1.67853 1.04758 0.97038 0.790542 0.689424 0.749815 0.673438 0.615642 0.58092 0.532587 0.491528 0.757895 0.573204 0.751677 0.608404 0.571921 0.740595 0.631125 0.541385 0.445455
threshold=7.5000000000000009 21416.020000000008 8.5000000000000018 2157.5000000000005 0.49651946627826671 11.500000000000002 8624.7250000000004 13691.847500000002 0.81537271216322782 6569.1650000000009 4154.96259279068 10751.405000000001 3202.3433333333337 2.4625501852561036 10.500000000000002 0.5557114687103093 5287.5800000000008 4113.088333333334 1.9294479043978832 11411.615000000002 86544.707500000019 97519.415000000023 4910.6650000000009 285748.64000000007 16675.075000000001 2.2125995775136187 2.7511809658760966 5404.5750000000007 49041.072500000009 34566.677603075448
decision_type=2 2 2 2 2 2 2 2 2 2 2 2 2 2 2 2 2 2 2 2 2 2 2 2 2 2 2 2 2 2
left_child=7 2 3 -2 -5 -4 -7 8 9 11 17 12 -1 14 15 -10 -6 -11 -12 -16 22 -22 25 24 -24 27 -27 -9 -25 -23
right_child=1 -3 5 4 16 6 -8 20 13 10 18 -13 -14 -15 19 -17 -18 -19 -20 -21 21 29 23 28 -26 26 -28 -29 -30 -31
leaf_value=-7.1722335593876494 23.309638466645399 171.14772189683688 25.555480547224189 4.8039818137082451 -0.55711261823130698 -4.2572654849333027 7.3422332207617105 -0.47439375348110746 -0.26897746446346399 -11.540169577415648 0.51518109563168901 -15.494791721405115 0.74669986762467822 -19.141784158937924 -0.94559098428971844 -8.6724544543529127 -3.3372577894023121 -16.730529639663931 -6.5169437168136142 15.414874898188266 -18.202872929975467 -21.131716587823064 0.23016332796442104 -27.721308783277106 45.435959904695224 31.281261812088488 -7.8691486706221268 -7.9498759955346401 -34.455862896016399 0.83978245728186085
leaf_weight=348 99 9348 359 83 582 33 83 1473 933 20 70 31 220 23 297 1730 226 27 75 202 24 24 280 115 247 303 311 2450 20 66
leaf_count=348 99 9348 359 83 582 33 83 1473 933 20 70 31 220 23 297 1730 226 27 75 202 24 24 280 115 247 303 311 2450 20 66
internal_value=0.00117929 0.00265597 0.000522184 -0.000181818 -0.000501683 0.00198947 -0.000103448 -0.00053967 -0.000840543 -0.00185461 -0.0035625 -0.00130718 -0.00101408 -0.000588697 -0.000548387 -0.000740143 -0.000787129 -0.00848936 -0.00196552 0.00047495 -0.000314511 -0.00226316 -0.000271783 0.00055287 0.00106452 -0.000392109 0.000459283 -0.000525363 -0.00144444 -0.001
internal_weight=20102 10813 1465 990 891 475 116 9289 3976 791 192 599 568 3185 3162 2663 808 47 145 499 5313 114 5199 662 527 4537 614 3923 135 90
internal_count=20102 10813 1465 990 891 475 116 9289 3976 791 192 599 568 3185 3162 2663 808 47 145 499 5313 114 5199 662 527 4537 614 3923 135 90
is_linear=0
shrinkage=0.03


Tree=71
num_leaves=31
num_cat=0
split_feature=26 25 28 12 28 19 13 31 25 10 3 3 3 10 4 9 8 7 9 24 23 15 28 5 22 7 10 24 28 20
split_gain=56.5649 8.43116 1.63485 0.991695 0.747 0.735632 0.722512 0.851524 0.64231 0.840655 0.766603 0.908828 0.872284 0.956526 0.801035 0.745135 0.61248 1.53899 0.61066 1.18691 0.593212 0.561626 0.526008 0.880944 0.50253 0.435936 0.407088 0.368343 0.319187 0.178801
threshold=7.5000000000000009 21416.020000000008 8.5000000000000018 2157.5000000000005 11.500000000000002 0.36881541138466029 5287.5800000000008 13.500000000000002 79069.565000000017 100690.32500000003 12883.635000000002 10961.505000000003 19726.710000000003 90736.520000000019 690.49500000000012 95739.400000000009 47741.265000000007 51353.202796090198 170699.00000000003 127775.58416666667 850.05919002302312 0.68146002488313961 7.5000000000000009 11554.839033203125 58960.625000000007 7338.6932881157809 27014.235000000004 70411.393333333355 3.5000000000000004 0.030081360496618543
decision_type=2 2 2 2 2 2 2 2 2 2 2 2 2 2 2 2 2 2 2 2 2 2 2 2 2 2 2 2 2 2
left_child=8 2 3 -2 -4 26 20 -8 9 10 11 21 25 -14 -13 -10 22 -18 29 -20 -5 -1 24 -24 -11 -12 -6 -19 -21 -17
right_child=1 -3 4 6 5 -7 7 -9 15 16 12 14 13 -15 -16 18 17 27 19 28 -22 -23 23 -25 -26 -27 -28 -29 -30 -31
leaf_value=-7.8900786669780851 22.610349312646019 166.01329023993182 24.788816130807472 -1.1303583027226733 -1.4051572402333183 -4.343691689377069 -7.070568785658728 -0.84683064429506372 -16.442214125970388 29.653524434403909 8.6414986030757071 -18.909271381546848 -3.6128479921328909 -42.238993114329908 -10.400189626120357 113.76976204683942 -28.887401937858609 146.78433123871969 -19.842181468439229 -11.254201230570557 3.6102853040365859 -4.5771428064161244 -25.529731202573846 1.5673535237868761 -16.685486268990569 1.2627787779725279 9.3106590641530911 -31.871614084907254 72.638868155762694 -15.044998942688702
leaf_weight=365 99 9348 359 520 36 29 76 164 23 511 170 26 1851 68 312 33 23 48 22 24 131 4542 46 398 25 709 51 41 23 29
leaf_count=365 99 9348 359 520 36 29 76 164 23 511 170 26 1851 68 312 33 23 48 22 24 131 4542 46 398 25 709 51 41 23 29
internal_value=0.00118376 0.00265874 0.000542662 -0.000151515 0.00198947 -0.000103448 -0.000468013 -0.001875 -0.000533211 -0.000500821 -0.000606863 -0.000820782 -0.000205861 -0.000564356 -0.00232544 -0.00245455 0.00028022 -0.00182143 -0.00158015 -0.00352174 5.06914e-05 -0.000717139 0.000520408 -0.000243243 0.00115299 0.000576792 0.00127586 -3.37078e-05 -0.000829787 0.000580645
internal_weight=20102 10813 1465 990 475 116 891 240 9289 9135 8043 5245 2798 1919 338 154 1092 112 131 69 651 4907 980 444 536 879 87 89 47 62
internal_count=20102 10813 1465 990 475 116 891 240 9289 9135 8043 5245 2798 1919 338 154 1092 112 131 69 651 4907 980 444 536 879 87 89 47 62
is_linear=0
shrinkage=0.03


Tree=72
num_leaves=31
num_cat=0
split_feature=26 25 28 12 18 19 28 11 17 22 4 8 17 2 15 18 17 8 8 22 12 28 19 21 3 11 10 18 28 3
split_gain=55.1272 8.34572 1.56199 1.01543 0.82658 0.679979 0.652146 0.805553 0.605497 0.700845 1.11648 1.17277 1.19666 0.644961 1.02451 1.59235 0.7559 0.650346 0.572572 0.575513 0.391738 0.547834 0.561194 0.310496 0.293407 0.270462 0.264669 0.150467 0.148077 0.0574468
threshold=6.5000000000000009 21953.745000000006 8.5000000000000018 2157.5000000000005 0.49651946627826671 0.25138237409101483 11.500000000000002 8624.7250000000004 3.5011814696576349 2992.7750000000005 359.43500000000006 499.23750000000001 2.2642478089272946 701.48500000000001 0.63998411355000417 2.3262716669534362 2.2125995775136187 44082.615000000013 5768.1950000000015 711.48500000000013 588.72000000000014 5.5000000000000009 0.10628648165206843 9437.4483333333355 1473.5800000000002 10554.205000000002 27499.652500000004 0.48955572051367119 8.5000000000000018 18485.340000000004
decision_type=2 2 2 2 2 2 2 2 2 2 2 2 2 2 2 2 2 2 2 2 2 2 2 2 2 2 2 2 2 2
left_child=8 2 3 -2 29 -6 27 -8 9 10 18 -12 -13 17 15 -15 -16 23 24 -20 28 -22 -23 -11 -1 -3 -9 -4 -10 -5
right_child=1 25 6 4 5 -7 7 26 20 13 11 12 -14 14 16 -17 -18 -19 19 -21 21 22 -24 -25 -26 -27 -28 -29 -30 -31
leaf_value=2.9607134044868517 21.965961344213977 27.847636983685295 19.510923502747975 3.1556647599902452 0.13334144336364212 -2.5209997807413744 -3.7977303340787025 0.66688507107425055 53.324987361994467 10.455683824283232 -23.263688505456734 -6.1399451089849393 -17.191403345465641 -26.619753182221285 -4.895031573584018 87.193936260657708 3.7110760117290562 -28.548085613397419 15.175327090862496 -19.966659871511968 -10.174878483552186 41.800750525165228 -1.8723424797124366 1.038213283888082 8.6712236135195671 175.73393441076706 9.3105277142971019 25.617596370715759 15.095510984273622 6.3717357849028708
leaf_weight=169 110 33 21 40 419 465 36 36 77 175 33 1384 122 65 6023 31 655 20 26 24 32 47 20 195 99 9232 53 366 40 54
leaf_count=169 110 33 21 40 419 465 36 36 77 175 33 1384 122 65 6023 31 655 20 26 24 32 47 20 195 99 9232 53 366 40 54
internal_value=0.00118973 0.00263829 0.0006375 -5.51459e-06 -0.000312883 -0.000597285 0.00200391 0.00012 -0.000514128 -0.000551713 -0.00107108 -0.00140546 -0.00128287 -0.000417085 -0.000485385 -0.0035625 -0.00044115 0.000769231 0.00054717 -0.0024 0.00105556 -0.000333333 0.00120896 0.00105405 0.00109702 0.00298381 0.00165169 0.0026124 0.00223077 0.0023617
internal_weight=20102 10865 1600 1088 978 884 512 125 9237 9021 1857 1539 1506 7164 6774 96 6678 390 318 50 216 99 67 370 268 9265 89 387 117 94
internal_count=20102 10865 1600 1088 978 884 512 125 9237 9021 1857 1539 1506 7164 6774 96 6678 390 318 50 216 99 67 370 268 9265 89 387 117 94
is_linear=0
shrinkage=0.03


Tree=73
num_leaves=31
num_cat=0
split_feature=26 25 31 19 18 12 29 12 13 10 18 19 0 16 9 21 25 31 6 8 27 22 15 23 26 8 23 12 9 14
split_gain=53.9456 8.65324 1.23973 0.864234 1.01665 1.43236 0.751478 0.808976 0.896723 0.587733 1.24923 0.891347 0.678488 1.33355 1.41943 0.87223 1.59964 0.593963 1.03537 0.565807 0.554814 0.511183 1.878 0.84916 0.55843 0.532741 0.500925 0.49959 0.45779 0.429009
threshold=7.5000000000000009 21673.555000000004 8.5000000000000018 0.25138237409101483 0.55860882835505865 3444.4750000000004 2.5000000000000004 2347.5100000000007 6774.1650000000009 11179.895000000002 0.81166274981758268 2.4625501852561036 4825.3435710060576 -2384.7072965625002 617.19500000000005 3202.3433333333337 1912.4350000000002 9.5000000000000018 7957.1894894999996 14281.317500000003 26701.980833333335 73420.565000000017 0.66792207015826099 34566.677603075448 5.5000000000000009 80045.37000000001 752.7949920796417 4910.6650000000009 286157.09000000003 6029.4500000000007
decision_type=2 2 2 2 2 2 2 2 2 2 2 2 2 2 2 2 2 2 2 2 2 2 2 2 2 2 2 2 2 2
left_child=9 2 3 29 -5 -6 7 -4 -9 10 12 17 15 -14 -15 16 -1 20 -19 26 -12 24 -23 -24 25 27 -8 -11 -25 -2
right_child=1 -3 6 4 5 -7 19 8 -10 21 11 -13 13 14 -16 -17 -18 18 -20 -21 -22 22 23 28 -26 -27 -28 -29 -30 -31
leaf_value=-4.2316909842943167 9.1975935238329232 160.6465661945679 12.452946116945427 -0.35492370659119904 -2.3881420195841856 -48.677787466216003 -3.8181360578154386 -0.023250974636773458 -5.0887642118585177 -3.1992342710077755 -3.7103887273473801 -18.103917502651466 7.6800540608682439 4.0120777227813065 -14.587626765819243 0.83333742571551606 -12.785659698998327 -8.3546458992352726 12.176530824216293 9.8426311803712245 -22.853577440513131 -20.873149720154466 -23.427837746247135 10.265726142604283 19.939691770595239 -15.989384427715736 26.825015631597928 3.7548304653784652 -18.569790641745005 -0.37780601132801955
leaf_weight=179 42 9304 75 82 58 20 24 379 28 4658 2407 22 36 22 98 151 104 110 299 600 274 20 39 112 109 23 23 603 23 178
leaf_count=179 42 9304 75 82 58 20 24 379 28 4658 2407 22 36 22 98 151 104 110 299 600 274 20 39 112 109 23 23 603 23 178
internal_value=0.00120167 0.0026421 0.000534791 -0.000947368 -0.002625 -0.00507692 0.00103366 0.00013693 -0.000390663 -0.000475078 -0.000768233 -0.000528278 -0.0020339 -0.00373077 -0.00525 -0.00142396 -0.00240636 -0.000485437 0.000579462 0.0017017 -0.000647892 -0.00028083 -0.00179381 -0.000793103 -0.000226404 -0.00027025 -0.00146808 -0.000250333 0.000333333 0.000272727
internal_weight=20102 10813 1509 380 160 78 1129 482 407 9289 3702 3112 590 156 120 434 283 3090 409 647 2681 5587 194 174 5393 5284 47 5261 135 220
internal_count=20102 10813 1509 380 160 78 1129 482 407 9289 3702 3112 590 156 120 434 283 3090 409 647 2681 5587 194 174 5393 5284 47 5261 135 220
is_linear=0
shrinkage=0.03


Tree=74
num_leaves=31
num_cat=0
split_feature=26 25 28 12 28 18 10 17 22 4 10 16 25 17 7 10 8 15 14 23 4 3 12 28 14 18 31 10 0 9
split_gain=52.6903 8.92053 1.67692 0.939312 0.808104 0.801297 0.654183 0.646272 0.635157 1.04156 0.907019 1.21372 0.633088 0.701308 0.69139 0.555337 0.555277 0.534224 0.525611 0.518047 0.514427 0.296713 0.271627 0.513984 0.222345 0.161278 0.0732026 0.0494569 0.039899 0.0387795
threshold=7.5000000000000009 22198.325000000004 8.5000000000000018 2157.5000000000005 11.500000000000002 0.49651946627826671 26768.392500000005 3.800838894378781 2992.7750000000005 359.43500000000006 11179.895000000002 752.73280871506734 79069.565000000017 0.9094658378561451 90112.911013170975 167688.03500000003 5768.1950000000015 0.68489708468360944 2040.5600000000002 1477.7344745933431 6303.0000000000009 1473.5800000000002 1010.0600000000001 5.5000000000000009 10772.420000000002 0.49160194135454488 6.5000000000000009 29730.907500000005 19724.950561686779 12002.215000000002
decision_type=2 2 2 2 2 2 2 2 2 2 2 2 2 2 2 2 2 2 2 2 2 2 2 2 2 2 2 2 2 2
left_child=7 2 3 28 25 26 -6 8 9 16 11 -11 14 -14 20 -12 21 -15 -18 -7 -10 -1 -9 -24 -8 -4 -5 -3 -2 -29
right_child=1 27 4 5 6 19 24 22 12 10 15 -13 13 17 -16 -17 18 -19 -20 -21 -22 -23 23 -25 -26 -27 -28 29 -30 -31
leaf_value=3.1961690746807805 20.886679213513354 6.9133391653289795 16.66390340506209 1.3538350535324897 -3.3038123112479432 -1.0422174809134499 6.0859722640393299 24.334976793784623 0.14060908889309928 -7.8843433359455624 -3.7361491653827184 -14.198433762933552 -25.203438613173855 -12.875886590384303 140.78884994614697 -30.014238084858025 -10.417025713001346 -7.247360113666061 5.9995133947352715 -10.930616042171449 -5.1363198852743608 8.8078077007188131 -8.7306741582286342 71.415834881662846 -1.3145709114098707 25.030324157339138 5.1672635090713763 29.069840970308462 26.808543364499531 186.6562653333406
leaf_weight=170 79 20 20 34 37 886 67 84 2362 711 674 150 20 20 73 22 25 114 26 22 4677 101 23 37 20 381 56 102 20 9069
leaf_count=170 79 20 20 34 37 886 67 84 2362 711 674 150 20 20 73 22 25 114 26 22 4677 101 23 37 20 381 56 102 20 9069
internal_value=0.00120466 0.00262823 0.000577065 -9.0246e-05 0.00197143 -0.000366733 -0.000145161 -0.000452471 -0.000483871 -0.000975519 -0.00129672 -0.00194774 -0.00035673 -0.00225974 -0.000315523 -0.000491379 0.00057764 -0.00147761 -0.00229412 -0.000634361 -0.000345646 0.00111808 0.00154167 1.11759e-10 0.00127586 0.00262594 0.00233333 0.00299021 0.00269697 0.00299346
internal_weight=20102 10813 1622 1097 525 998 124 9289 9145 1879 1557 861 7266 154 7112 696 322 134 51 908 7039 271 144 60 87 401 90 9191 99 9171
internal_count=20102 10813 1622 1097 525 998 124 9289 9145 1879 1557 861 7266 154 7112 696 322 134 51 908 7039 271 144 60 87 401 90 9191 99 9171
is_linear=0
shrinkage=0.03


Tree=75
num_leaves=31
num_cat=0
split_feature=26 25 28 12 18 28 11 21 14 14 11 28 12 12 14 16 8 10 10 8 31 14 4 3 16 11 4 22 19 1
split_gain=51.6376 8.84828 1.54229 0.92097 0.783555 0.76506 0.851216 0.602919 1.09101 1.03758 1.03369 0.664112 1.02884 0.820991 1.01982 1.27927 0.892933 0.760397 1.12239 0.72652 0.696639 0.645914 0.968741 0.656193 0.618641 1.03759 0.606078 0.590924 0.567313 0.456269
threshold=7.5000000000000009 22198.325000000004 8.5000000000000018 2157.5000000000005 0.49651946627826671 11.500000000000002 8624.7250000000004 6483.3900000000003 10063.985000000002 11283.51 11997.635000000002 3.5000000000000004 1511.7850000000003 2397.0600000000004 983.19500000000005 -261.22845431248965 40304.025000000001 75640.017500000016 45415.385000000009 9161.0700000000015 5.5000000000000009 2567.6850000000004 7419.5100000000011 3609.7700000000004 1914.621490327396 6270.3450000000003 20296.235000000004 26348.265000000003 0.25138237409101483 3823.768396705856
decision_type=2 2 2 2 2 2 2 2 2 2 2 2 2 2 2 2 2 2 2 2 2 2 2 2 2 2 2 2 2 2
left_child=7 2 3 -2 -5 -4 -7 8 10 -10 24 12 21 14 16 -16 -13 18 -14 -19 26 22 -9 -23 25 -1 -15 -22 -6 -11
right_child=1 -3 5 4 28 6 -8 11 9 29 -12 13 17 20 15 -17 -18 19 -20 -21 27 23 -24 -25 -26 -27 -28 -29 -30 -31
leaf_value=-4.2060215840164528 20.260078849123854 164.50071648515214 23.891107439509049 4.4827110936215462 0.16070351857789822 -3.6716464086097389 5.9602366790284984 9.8565305031512747 -20.080658069176678 -12.021229024012062 -7.6384791877393985 2.4905422598324667 -12.716349213072458 35.818147974371392 -8.8843644496885386 -0.11127576266054492 -21.698291674986546 -42.608554269112972 -36.578987058159967 2.332304333455137 4.4591972945256746 -17.72843637778017 -9.4065775932777225 8.0442623514368119 3.1002839160800222 -13.860000536852635 1.2882919917716318 -17.25717239727636 -2.3082224082946117 22.899065326429536
leaf_weight=2334 99 9191 401 90 436 33 91 80 35 20 20 1292 301 207 1182 1262 92 22 65 131 670 76 358 453 140 80 165 281 472 23
leaf_count=2334 99 9191 401 90 436 33 91 80 35 20 20 1292 301 207 1182 1262 92 22 65 131 670 76 358 453 140 80 165 281 472 23
internal_value=0.00121063 0.0026199 0.000577065 -6.28987e-05 -0.000336673 0.00191429 -0.000145161 -0.000429863 -0.000812217 -0.00430769 -0.000706294 -0.000277083 -0.000835801 -0.0001159 -0.000338558 -0.000707038 0.000312139 -0.00191329 -0.00265574 -0.000137255 0.000528345 -0.000257497 -0.00110959 0.000448015 -0.000653093 -0.000765534 0.00162903 9.77919e-05 -0.000601321 -0.00118605
internal_weight=20102 10813 1622 1097 998 525 124 9289 2652 78 2574 6637 1486 5151 3828 2444 1384 519 366 153 1323 967 438 529 2554 2414 372 951 908 43
internal_count=20102 10813 1622 1097 998 525 124 9289 2652 78 2574 6637 1486 5151 3828 2444 1384 519 366 153 1323 967 438 529 2554 2414 372 951 908 43
is_linear=0
shrinkage=0.03


Tree=76
num_leaves=31
num_cat=0
split_feature=26 8 28 27 28 12 11 18 17 22 4 8 17 22 22 17 28 19 12 4 17 21 19 4 7 9 18 0 6 11
split_gain=50.2713 9.12703 1.48083 1.26165 0.908193 0.836649 0.730315 0.652757 0.622761 0.570025 0.816805 0.915117 1.14579 0.598081 0.521976 0.597216 0.539739 0.427552 0.595274 0.375517 0.443898 0.348347 0.285749 0.281676 0.236443 0.230152 0.153653 0.149474 0.49 0.0895957
threshold=7.5000000000000009 22120.385000000006 8.5000000000000018 2831.9931250000004 11.500000000000002 2111.4850000000001 8624.7250000000004 0.49651946627826671 3.5011814696576349 3185.5900000000006 359.43500000000006 499.23750000000001 2.2642478089272946 3606.5550000000003 106856.02500000002 2.2125995775136187 1.5000000000000002 0.27265320483991734 682.32500000000016 1.0000000180025095e-35 0.52813924676535506 11177.560000000003 0.26912568260529995 181719.62000000002 4215.7769438846572 617.19500000000005 0.49160194135454488 11496.143465746842 19150.513565048379 11045.900000000001
decision_type=2 2 2 2 2 2 2 2 2 2 2 2 2 2 2 2 2 2 2 2 2 2 2 2 2 2 2 2 2 2
left_child=8 2 3 5 26 -2 -6 -7 9 10 19 -12 -13 17 15 -15 -16 21 -19 20 -1 -11 -8 24 -10 -21 -4 -26 -29 -3
right_child=1 29 4 -5 6 7 22 -9 23 13 11 12 -14 14 16 -17 -18 18 -20 25 -22 -23 -24 -25 27 -27 -28 28 -30 -31
leaf_value=3.5296704441694375 20.052271858279269 22.364315496899902 15.447253079725058 -147.25571467259689 -3.4943282044763642 4.3412704147510386 -1.9658704769422011 -0.51622175925267433 -1.8327937133226768 10.471129889184455 -21.861770945254655 -4.6270041833395705 -16.245887132436643 -4.2681204605522423 -23.374947749271183 4.2998388882543983 -13.95096676447889 3.8591885053404273 -4.2377916772245907 2.1694868392834601 -5.3853769599895589 -16.952242069810072 11.153066911440767 -6.442024133575627 16.374426047299668 17.321129873464901 23.69526167883426 -18.738938465526186 89.016084557169606 175.39521231490073
leaf_weight=122 83 44 20 20 34 89 36 946 20 126 33 1521 140 6000 22 698 103 62 24 88 52 20 69 25 71 62 394 20 80 9078
leaf_count=122 83 44 20 20 34 89 36 946 20 126 33 1521 140 6000 22 698 103 62 24 88 52 20 69 25 71 62 394 20 80 9078
internal_value=0.00122107 0.00261158 0.000587227 -3.16343e-05 0.00186076 0.000101968 -0.00023741 -0.000130435 -0.000397567 -0.000435468 -0.000880079 -0.00114404 -0.00104576 -0.000308292 -0.000359226 -0.00032338 -0.00228 0.00118966 -0.000488372 0.0005 -0.000448276 0.00217808 0.001 0.00119444 0.00158639 0.0016 0.00256522 0.00194737 0.0012 0.00298685
internal_weight=20102 10813 1691 1138 553 1118 139 1035 9289 9073 2018 1694 1661 7055 6823 6698 125 232 86 324 174 146 105 216 191 150 414 171 100 9122
internal_count=20102 10813 1691 1138 553 1118 139 1035 9289 9073 2018 1694 1661 7055 6823 6698 125 232 86 324 174 146 105 216 191 150 414 171 100 9122
is_linear=0
shrinkage=0.03


Tree=77
num_leaves=31
num_cat=0
split_feature=8 17 10 31 18 28 20 28 15 13 24 17 4 20 31 10 14 10 25 18 8 16 6 31 0 0 10 3 0 6
split_gain=41.7949 11.9053 2.90298 2.24508 0.99497 0.772003 1.00227 0.641862 0.853651 0.62799 0.606343 0.730063 0.769007 0.547418 0.858766 0.521008 0.516625 0.791985 1.06425 1.04119 1.01145 0.649733 0.549578 0.493829 0.604107 1.77178 0.59152 0.5663 1.5594 0.512279
threshold=21839.275000000005 0.78437911297247498 29898.310000000001 18.500000000000004 0.43377942803085245 3.5000000000000004 0.064975279542594286 8.5000000000000018 0.9925547640686796 26370.215000000004 12969.171666666667 3.1170386222406048 33937.81500000001 0.14211145159770644 25.500000000000004 11179.895000000002 23870.745000000003 329083.84000000008 53382.545000000006 0.44338132589903551 95227.645000000019 -14083.116890673808 30857.122902523752 3.5000000000000004 45253.219555641226 55030.299800574743 121909.31000000001 35035.385000000009 17142.723517536997 16034.517062500001
decision_type=2 2 2 2 2 2 2 2 2 2 2 2 2 2 2 2 2 2 2 2 2 2 2 2 2 2 2 2 2 2
left_child=3 2 5 10 -4 6 9 8 -5 -2 11 12 15 -10 -15 -1 17 19 21 -3 -20 -19 -21 27 26 -26 -25 29 -29 -12
right_child=1 16 4 7 -6 -7 -8 -9 13 -11 23 -13 -14 14 -16 -17 -18 18 20 22 -22 -23 -24 24 25 -27 -28 28 -30 -31
leaf_value=-5.3549871803231959 9.6977929827380365 10.882438437806947 7.1227469434667396 8.8862971564037672 153.26871386805507 18.817133677680477 -27.803074666831382 14.293416328188812 6.4742622381233899 -28.07564374124415 3.4010447297839193 14.130900140221724 -14.13126952862946 4.4101689256024406 -3.4746467831621843 -3.1187110744630151 20.157890911493798 -51.97354528387698 -28.291560622896881 -17.623609009520539 -9.907832430852233 209.63091008071717 -6.8080415653703286 0.12586899135990282 -49.836040147148289 90.189201478522165 38.883552484242855 -34.814583170865362 14.003347663240536 -7.2121440515611575
leaf_weight=2369 38 199 162 133 9226 68 24 341 77 28 235 131 38 77 142 2401 204 24 24 191 28 44 399 2755 49 41 194 24 35 401
leaf_count=2369 38 199 162 133 9226 68 24 341 77 28 235 131 38 77 142 2401 204 24 24 191 28 44 399 2755 49 41 194 24 35 401
internal_value=0.00122555 0.00251309 0.00285544 -0.000227788 0.00292331 -0.00117722 -0.003 0.00132468 0.000552448 -0.00109091 -0.000365617 -0.000583721 -0.000643927 -0.000344594 -0.00110959 -0.000610063 -0.00042318 -0.000729373 -0.003 -0.00038403 -0.00623077 -0.000529412 -0.00101695 -7.7129e-05 8.7858e-05 -0.00233333 0.00016175 -0.000798561 -0.00361017 -0.000537736
internal_weight=20102 10659 9546 9443 9388 158 90 770 429 66 8673 4939 4808 296 219 4770 1113 909 120 789 52 68 590 3734 3039 90 2949 695 59 636
internal_count=20102 10659 9546 9443 9388 158 90 770 429 66 8673 4939 4808 296 219 4770 1113 909 120 789 52 68 590 3734 3039 90 2949 695 59 636
is_linear=0
shrinkage=0.03


Tree=78
num_leaves=31
num_cat=0
split_feature=26 1 28 20 28 11 20 17 22 11 16 17 4 8 18 2 8 17 1 17 8 23 12 25 18 12 28 19 18 28
split_gain=49.5022 9.25762 1.62539 0.87833 0.787229 0.854891 0.698996 0.60711 0.634801 0.91937 1.04398 0.842062 0.711436 1.09815 0.579637 0.509188 0.689871 0.523345 0.808124 0.63489 0.495717 0.424819 0.699595 0.416311 0.344447 0.271627 0.513984 0.214878 0.139756 0.0601569
threshold=7.5000000000000009 23033.546199590237 8.5000000000000018 0.14211145159770644 11.500000000000002 8624.7250000000004 0.1443887524688208 3.800838894378781 2602.2800000000002 11997.635000000002 5457.5949355800785 2.0387283287005551 359.43500000000006 499.23750000000001 0.49651946627826671 543.2600000000001 38971.37750000001 2.2125995775136187 14498.366539524688 0.71280490782345207 5768.1950000000015 308.23259113439741 2157.5000000000005 2923.7650000000008 0.70759983552289774 1010.0600000000001 5.5000000000000009 0.23303940636623249 0.49160194135454488 10.500000000000002
decision_type=2 2 2 2 2 2 2 2 2 2 2 2 2 2 2 2 2 2 2 2 2 2 2 2 2 2 2 2 2 2
left_child=7 2 3 21 28 -6 -5 8 9 12 -11 -12 20 -14 -8 16 23 19 -19 -17 -1 22 -2 -10 -7 -9 -27 -23 -4 -30
right_child=1 -3 4 6 5 24 14 25 15 10 11 -13 13 -15 -16 17 -18 18 -20 -21 -22 27 -24 -25 -26 26 -28 -29 29 -31
leaf_value=5.0187095179119385 20.009462456719415 176.04538344141929 16.946472874784849 -4.766391818885916 -3.8004643557749778 7.2204426981953462 4.1515814822421158 22.615051436550473 -6.3031090628118385 -22.821791555119287 67.51796554079867 -22.874786148010276 -21.146538160006333 -5.3036626472281352 -1.1553706652791553 -1.0362977764714831 -29.498498318737845 11.199081557505016 -8.9251655772949476 -6.1887365291219769 -4.445734192574994 13.45197724380734 -2.3570718141754812 9.4474879345907681 -2.5192172004165241 -7.2569385648449316 67.5588355553149 4.5168540680171247 27.930853198755695 18.995414876611004
leaf_weight=246 27 9017 21 20 33 67 101 84 28 28 21 26 31 1257 800 2593 26 324 453 3763 37 111 38 312 37 23 37 113 289 139
leaf_count=246 27 9017 21 20 33 67 101 84 28 28 21 26 31 1257 800 2593 26 324 453 3763 37 111 38 312 37 23 37 113 289 139
internal_value=0.0012151 0.00259493 0.000628062 1.11759e-10 0.00192491 -6.56933e-05 -0.000452769 -0.000391108 -0.000421542 -0.000955042 -0.0042 -0.00146808 -0.000800127 -0.00109938 -0.000329634 -0.00030444 0.000786885 -0.000360437 0.000374517 -0.000450283 0.000561838 0.00144291 -0.000692308 0.00114706 0.00126923 0.00154167 1.11759e-10 0.0020625 0.00253229 0.00264953
internal_weight=20102 10813 1796 1210 586 137 921 9289 9145 1646 75 47 1571 1288 901 7499 366 7133 777 6356 283 289 65 340 104 144 60 224 449 428
internal_count=20102 10813 1796 1210 586 137 921 9289 9145 1646 75 47 1571 1288 901 7499 366 7133 777 6356 283 289 65 340 104 144 60 224 449 428
is_linear=0
shrinkage=0.03


Tree=79
num_leaves=31
num_cat=0
split_feature=26 25 28 12 28 11 21 11 14 1 4 19 20 28 12 3 3 12 14 14 5 22 3 27 3 1 22 31 18 18
split_gain=48.315 9.47421 1.75132 0.719618 0.682938 0.804428 0.505171 1.02876 0.734769 0.743148 0.834483 0.634172 0.546991 0.538211 1.00102 0.813946 1.05599 0.748449 1.03292 1.15995 0.800966 0.782346 0.683203 0.65683 0.695379 0.572522 0.497051 0.458061 2.13934 0.548401
threshold=7.5000000000000009 23027.465000000004 7.5000000000000009 2111.4850000000001 11.500000000000002 8624.7250000000004 6483.3900000000003 11997.635000000002 10063.985000000002 3234.8682209923945 2210.7750000000005 1.6982376071916676 0.1274301549680725 3.5000000000000004 1511.7850000000003 13637.01 10290.595000000003 2397.0600000000004 983.19500000000005 1469.9600000000003 9061.3407812500027 24691.045000000002 4760.2050000000008 127530.13166666667 3609.7700000000004 61999.052369165001 10011.860000000002 1.5000000000000002 0.59200678430077158 0.47770817722425124
decision_type=2 2 2 2 2 2 2 2 2 2 2 2 2 2 2 2 2 2 2 2 2 2 2 2 2 2 2 2 2 2
left_child=6 2 3 -2 -4 -6 7 8 11 -10 -11 12 -1 14 23 16 -16 18 25 -20 22 -22 -19 24 -8 -15 -17 28 -5 -29
right_child=1 -3 4 27 5 -7 13 -9 9 10 -12 -13 -14 17 15 26 -18 20 19 -21 21 -23 -24 -25 -26 -27 -28 29 -30 -31
leaf_value=-6.8273853938371172 18.310782574649149 168.87413028024633 13.517656290545924 12.16390150962421 -3.6864504251017505 5.4276156486213889 -16.52603075749883 -6.3903546855651516 -11.912185675264974 5.5910266100189121 -21.126179774063996 6.2419255904710376 -1.5280850367138996 2.3608263274070609 -14.626360987449733 -34.664578728208049 -23.814567008617072 -18.242395980040609 -12.579682532498701 -4.173786444684386 16.144676044139835 -3.390503767887231 2.3173311450259173 -10.217715202787415 1.2167348087782515 -18.106428850473403 -6.9646905229785174 6.0468190912898745 -9.9917759057015463 -0.61634125437798881
leaf_weight=1476 76 9026 597 31 33 109 115 20 29 29 20 59 1019 1301 159 22 47 53 219 2225 785 420 65 27 825 83 291 44 23 874
leaf_count=1476 76 9026 597 31 33 109 115 20 29 29 20 59 1019 1301 159 22 47 53 219 2225 785 420 65 27 825 83 291 44 23 874
internal_value=0.0012151 0.00257829 0.000582541 -0.000206107 0.00170095 -0.000169014 -0.00037173 -0.000721719 -0.000670213 -0.00353846 -0.00128571 -0.000582615 -0.00065531 -0.000231882 -0.000734859 -0.00179769 -0.00326214 -8.67792e-05 -0.000299373 -0.000670213 0.000528345 0.000759336 -0.00183051 -0.000164426 -3.19148e-05 0.000355491 -0.000833866 -0.000425926 -0.00311111 -0.000267974
internal_weight=20102 10813 1787 1048 739 142 9289 2652 2632 78 49 2554 2495 6637 1486 519 206 5151 3828 2444 1323 1205 118 967 940 1384 313 972 54 918
internal_count=20102 10813 1787 1048 739 142 9289 2652 2632 78 49 2554 2495 6637 1486 519 206 5151 3828 2444 1323 1205 118 967 940 1384 313 972 54 918
is_linear=0
shrinkage=0.03


Tree=80
num_leaves=31
num_cat=0
split_feature=26 25 29 8 22 14 13 17 22 11 16 17 31 3 14 21 31 15 15 13 27 15 17 10 11 12 24 17 3 11
split_gain=47.1569 10.061 1.50779 0.935607 0.860789 0.73786 0.73023 0.584997 0.472408 0.98238 1.04398 0.842062 0.532679 0.795844 0.703326 0.468704 0.410834 0.403625 0.959678 1.006 0.695352 0.687013 0.596383 0.449622 0.275364 0.271627 0.490909 0.235427 0.107869 0.0696577
threshold=7.5000000000000009 23286.197500000006 2.5000000000000004 19203.105000000007 20076.445000000003 6029.4500000000007 2907.2150000000006 3.800838894378781 2602.2800000000002 11997.635000000002 5457.5949355800785 2.0387283287005551 9.5000000000000018 29789.380000000001 111.05500000000002 17325.66166666667 8.5000000000000018 0.75037399211118638 0.97892194675848543 1147.7750000000003 101108.73500000002 0.67234615367111494 2.2125995775136187 175947.00250000003 11792.555000000002 1010.0600000000001 24074.437500000004 0.46294448738902488 15349.665000000003 14787.155000000002
decision_type=2 2 2 2 2 2 2 2 2 2 2 2 2 2 2 2 2 2 2 2 2 2 2 2 2 2 2 2 2 2
left_child=7 2 5 4 16 28 -7 8 9 12 -11 -12 13 -1 -14 -8 -4 20 19 -19 23 -22 -20 -10 27 -9 -27 -3 -2 -5
right_child=1 24 3 29 -6 6 15 25 17 10 11 -13 14 -15 -16 -17 -18 18 22 -21 21 -23 -24 -25 -26 26 -28 -29 -30 -31
leaf_value=-4.9185119299566598 3.1680789676440462 40.910193520813543 -2.6019656070874992 13.735066617155532 -19.229370097037073 -3.5573267601695515 1.3102811543550665 21.865775103631751 1.4343344284518311 -22.207962598287921 65.617640167915255 -22.182822206357223 -17.111555033400752 -16.441033408253048 9.0088387212098802 -1.5123969001759505 5.8088888380086345 -1.8001556512767054 -1.99116713234416 -8.8435988187584957 -36.879782470477153 58.362271521784635 13.237030461699147 -23.44913678341371 183.20529879596484 17.871610804458683 -6.7122752436025932 -0.78438307932643392 11.872965899316629 17.018365725437267
leaf_weight=1368 26 26 71 326 28 24 234 84 1606 28 21 26 44 22 137 577 457 875 3618 994 45 21 246 94 8916 27 33 31 61 36
leaf_count=1368 26 26 71 326 28 24 234 84 1606 28 21 26 44 22 137 577 457 875 3618 994 45 21 246 94 8916 27 33 31 61 36
internal_value=0.00121212 0.00255886 0.000538044 0.00139869 0.000625899 -0.000318872 -0.000592814 -0.000355582 -0.000385456 -0.000845686 -0.0042 -0.00146808 -0.00068555 -0.000884892 0.000845304 -0.000440197 0.000897727 -0.000284438 -0.000406593 -0.000964687 0.000112118 -0.00290909 -0.000136646 0.000229412 0.00297325 0.00154167 1.11759e-10 0.000894737 0.00231034 0.00258564
internal_weight=20102 10813 1840 918 556 922 835 9289 9145 1646 75 47 1571 1390 181 811 528 7499 5733 1869 1766 66 3864 1700 8973 144 60 57 87 362
internal_count=20102 10813 1840 918 556 922 835 9289 9145 1646 75 47 1571 1390 181 811 528 7499 5733 1869 1766 66 3864 1700 8973 144 60 57 87 362
is_linear=0
shrinkage=0.03


Tree=81
num_leaves=31
num_cat=0
split_feature=26 1 28 20 28 20 9 10 19 17 12 20 8 12 10 20 15 10 21 23 12 15 10 3 2 12 28 16 17 19
split_gain=46.3669 10.1462 1.66513 1.13469 0.961386 0.666463 0.638782 0.703247 0.589727 0.584681 0.502649 0.926887 1.22766 0.78405 1.31072 0.607409 0.525696 0.805681 0.542462 0.435448 0.671329 0.404528 0.600924 0.417418 0.359744 0.271627 0.513984 0.257871 0.227797 0.189279
threshold=6.5000000000000009 23250.411718592386 8.5000000000000018 0.14211145159770644 11.500000000000002 0.1443887524688208 9204.345000000003 27014.235000000004 0.25138237409101483 3.800838894378781 3297.1850000000009 0.33002340009404335 42616.950000000004 3147.8650000000002 30096.090000000004 0.37058961787160294 1.0431846353265988 175947.00250000003 25948.905000000002 308.23259113439741 2157.5000000000005 1.8298464202560412 42451.535000000011 692.68500000000017 24117.430000000004 1010.0600000000001 5.5000000000000009 -607.68254935092079 0.59414465455161836 0.23303940636623249
decision_type=2 2 2 2 2 2 2 2 2 2 2 2 2 2 2 2 2 2 2 2 2 2 2 2 2 2 2 2 2 2
left_child=9 2 3 19 -4 -5 7 -6 -7 10 13 21 15 16 -15 -13 17 -1 -18 20 -2 23 -23 -12 27 -11 -27 -3 -8 -21
right_child=1 24 4 5 6 8 28 -9 -10 25 11 12 -14 14 -16 -17 18 -19 -20 29 -22 22 -24 -25 -26 26 -28 -29 -30 -31
leaf_value=-4.5967328508733081 18.630418333461456 -1.118222134316845 22.438975116879011 -4.3064011761338126 -4.3873131620190158 0.22387268932776599 6.2879173743479173 6.4747394951261494 -1.6527936904684106 21.209801850522801 -9.7010712379816209 -24.148067173311823 -35.704312201494965 -25.122427406712973 22.67223105898363 0.28531800934215262 -1.4646461194434834 -25.282883741742726 7.2914923212386542 12.832655331554866 -2.5578668408684986 26.453765348136585 -11.159378636509398 17.942083804744627 207.22865802668977 -6.5109070594104352 64.760474113634245 15.327436287140845 -1.3138722135407876 4.6013832375471511
leaf_weight=4777 27 20 467 20 20 466 64 22 486 84 20 91 37 37 36 624 2192 150 478 114 39 38 65 548 8762 23 37 195 39 124
leaf_count=4777 27 20 467 20 20 466 64 22 486 84 20 91 37 37 36 624 2192 150 478 114 39 38 65 548 8762 23 37 195 39 124
internal_value=0.00120764 0.00253613 0.000537076 -7.99372e-05 0.00182353 -0.000580247 -0.000310345 -0.00342857 -0.000466386 -0.000354985 -0.000385021 0.000132818 -0.000590425 -0.000481095 -0.00357534 -0.000314685 -0.000451362 -0.000635072 -0.000112359 0.00151974 -0.000636364 0.000943368 -0.000786408 0.00125704 0.00295656 0.00154167 1.11759e-10 0.00174419 0.000961165 0.00211765
internal_weight=20102 10865 1888 1276 612 972 145 42 952 9237 9093 1423 752 7670 73 715 7597 4927 2670 304 66 671 103 568 8977 144 60 215 103 238
internal_count=20102 10865 1888 1276 612 972 145 42 952 9237 9093 1423 752 7670 73 715 7597 4927 2670 304 66 671 103 568 8977 144 60 215 103 238
is_linear=0
shrinkage=0.03


Tree=82
num_leaves=31
num_cat=0
split_feature=26 8 28 14 12 28 11 17 2 13 2 13 31 21 11 14 15 1 21 25 21 1 19 12 5 18 12 28 18 7
split_gain=46.2196 10.2251 1.75501 0.941491 0.918336 0.87392 1.03207 0.579037 0.563455 0.478139 0.472894 0.826718 1.47649 0.409025 1.03832 0.751223 0.85395 0.743148 0.485729 0.720907 0.818856 0.700112 0.582678 0.564768 0.507644 0.285407 0.271627 0.513984 0.133466 0.084016
threshold=7.5000000000000009 22941.712500000005 8.5000000000000018 12129.92 2111.4850000000001 11.500000000000002 8944.0300000000007 3.800838894378781 22242.040000000005 6154.4300000000012 23885.415000000005 6105.4250000000002 16.500000000000004 6483.3900000000003 11997.635000000002 10063.985000000002 2.4167985750538885 3234.8682209923945 10946.896666666669 6287.5950000000012 16932.570000000003 2701.1112727009377 1.9694608770185926 2397.0600000000004 10638.108125000001 0.70759983552289774 1010.0600000000001 5.5000000000000009 0.49160194135454488 17597.874616684141
decision_type=2 2 2 2 2 2 2 2 2 2 2 2 2 2 2 2 2 2 2 2 2 2 2 2 2 2 2 2 2 2
left_child=7 2 3 4 -2 28 9 13 -6 -7 11 -3 -13 14 15 16 -1 -17 21 20 -20 22 -15 -21 -23 -8 -9 -28 -4 -30
right_child=1 10 5 -5 8 6 25 26 -10 -11 -12 12 -14 18 -16 17 -18 -19 19 23 -22 24 -24 -25 -26 -27 27 -29 29 -31
leaf_value=-4.2314425068607182 18.049502969052906 15.292663841654907 15.185113081178315 -59.67879777363833 -0.61381247233138503 0.73696958720133998 8.1601412780324818 20.573507795007114 6.4469359677063167 -4.2720920466900321 194.07934327396117 -11.890542751255152 14.835888817763948 -19.487923556007171 -5.4884657834662525 -11.363325363525018 6.1892635353395669 -16.903144144713568 -11.803495828760733 -5.0224153066886821 0.17539481247847111 0.10024809106234253 18.275803426850448 1.2402877060276478 8.0208573929380886 -1.1206960198071865 -6.3155798476281229 62.817659890225208 14.199027667776374 29.377699405910111
leaf_weight=2441 85 117 21 28 1014 22 69 84 118 20 8788 23 26 41 20 29 103 49 339 3014 148 1268 26 1286 381 42 23 37 154 286
leaf_count=2441 85 117 21 28 1014 22 69 84 118 20 8788 23 26 41 20 29 103 49 339 3014 148 1268 26 1286 381 42 23 37 154 286
internal_value=0.00120615 0.00253944 0.000514793 -0.00013253 -7.39512e-06 0.00182736 -0.000137255 -0.000345893 -0.000233215 -0.00414286 0.00295979 0.00137349 -0.00189796 -0.000375615 -0.000690386 -0.000638444 -0.000549528 -0.00353846 -0.000247732 -0.000402966 -0.00149692 0.000185315 -0.0028209 -0.00027907 0.000307459 0.00137838 0.00154167 1.11759e-10 0.00247939 0.00259091
internal_weight=20102 10813 1859 1245 1217 614 153 9289 1132 42 8954 166 49 9145 2642 2622 2544 78 6503 4787 487 1716 67 4300 1649 111 144 60 461 440
internal_count=20102 10813 1859 1245 1217 614 153 9289 1132 42 8954 166 49 9145 2642 2622 2544 78 6503 4787 487 1716 67 4300 1649 111 144 60 461 440
is_linear=0
shrinkage=0.03


Tree=83
num_leaves=31
num_cat=0
split_feature=26 25 28 20 28 11 20 17 19 19 21 11 14 15 1 4 4 24 15 9 0 15 23 20 19 18 7 22 20 4
split_gain=45.3653 10.5095 1.83132 0.923984 0.857795 1.1188 0.625378 0.571139 0.534062 0.439547 0.41363 1.04179 0.757163 0.84644 0.743148 0.52127 1.12361 0.991481 0.593112 0.708671 0.626241 0.448427 0.332094 0.424655 0.337322 0.312745 0.270727 0.501465 0.255497 0.191856
threshold=7.5000000000000009 24111.765000000003 8.5000000000000018 0.14211145159770644 11.500000000000002 8944.0300000000007 0.1443887524688208 3.800838894378781 0.25138237409101483 0.36881541138466029 6483.3900000000003 11997.635000000002 10063.985000000002 2.4167985750538885 3234.8682209923945 7855.2000000000007 8142.670000000001 11532.905833333336 2.0616982020415864 99558.070000000022 22036.734234731939 1.0431846353265988 308.23259113439741 0.12100097452830443 0.23303940636623249 0.70759983552289774 24324.382089154566 24918.575000000001 0.2477322656648189 18611.885000000002
decision_type=2 2 2 2 2 2 2 2 2 2 2 2 2 2 2 2 2 2 2 2 2 2 2 2 2 2 2 2 2 2
left_child=7 2 3 22 29 9 -5 10 -8 -6 11 12 13 -1 -14 18 17 -17 19 -12 -20 -18 23 -2 -24 -7 27 -3 -9 -4
right_child=1 26 4 6 5 25 8 28 -10 -11 15 -13 14 -15 -16 16 21 -19 20 -21 -22 -23 24 -25 -26 -27 -28 -29 -30 -31
leaf_value=-4.1044992316548967 7.9826536836994864 22.48734099920366 13.873480503139866 -3.7704280210806487 -0.06182216581212515 8.5014906872151403 0.24834781813145712 14.151597126936654 -1.3806511414714959 -4.1439292852893548 3.5702274113760675 -5.3238118099622644 -11.022425602619268 6.003585629279379 -16.396049820372159 35.531249373641423 -5.224231791679899 -16.779585874451119 -13.40314257292861 -24.976723987306627 20.338965874344805 0.40179024512798317 13.906183385650847 -1.8786991598032439 3.2159155964998214 -1.3124321355760196 213.05788780930416 -3.944290995437667 -0.10109774581687986 34.286503878580291
leaf_weight=2441 41 70 232 21 21 75 537 113 513 20 1620 20 29 103 49 23 2975 37 379 42 115 1312 126 29 122 41 8661 21 31 283
leaf_count=2441 41 70 232 21 21 75 537 113 513 20 1620 20 29 103 49 23 2975 37 379 42 115 1312 126 29 122 41 8661 21 31 283
internal_value=0.00120466 0.00252557 0.000598253 -2.3758e-05 0.00188393 -5.73247e-05 -0.000445378 -0.000332974 -0.000342857 -0.00431707 -0.000362493 -0.000679031 -0.000627002 -0.000537736 -0.00353846 -0.000233892 -0.00042305 -0.0045 0.000147495 0.000418773 -0.000765182 -0.00036599 0.00139623 -0.000428571 0.00191129 0.00144828 0.00297943 0.00135165 0.00154167 0.00247573
internal_weight=20102 10813 2061 1389 672 157 1071 9289 1050 41 9145 2642 2622 2544 78 6503 4347 60 2156 1662 494 4287 318 70 248 116 8752 91 144 515
internal_count=20102 10813 2061 1389 672 157 1071 9289 1050 41 9145 2642 2622 2544 78 6503 4347 60 2156 1662 494 4287 318 70 248 116 8752 91 144 515
is_linear=0
shrinkage=0.03


Tree=84
num_leaves=31
num_cat=0
split_feature=26 25 28 23 12 28 11 23 17 22 11 27 14 4 8 2 8 17 1 17 19 21 18 8 12 28 11 10 25 5
split_gain=45.1749 10.6384 1.62462 0.811103 0.844648 0.780703 1.1188 0.700742 0.449501 0.458293 1.00385 1.03714 0.9 0.663422 1.16329 0.575648 0.671095 0.615431 0.807098 0.574652 0.439547 0.385344 0.312745 0.303376 0.279034 0.380764 0.263014 0.373333 0.223872 0.804969
threshold=7.5000000000000009 24111.765000000003 8.5000000000000018 1641.2441857591468 2111.4850000000001 11.500000000000002 8944.0300000000007 1.0000000180025095e-35 3.800838894378781 2602.2800000000002 11997.635000000002 13009.044000000002 1951.2450000000001 359.43500000000006 499.23750000000001 788.54500000000019 38971.37750000001 2.2125995775136187 14498.366539524688 0.71280490782345207 0.36881541138466029 9437.4483333333355 0.70759983552289774 5768.1950000000015 588.72000000000014 5.5000000000000009 12499.165000000001 46969.560000000005 15937.185000000001 15924.494531250002
decision_type=2 2 2 2 2 2 2 2 2 2 2 2 2 2 2 2 2 2 2 2 2 2 2 2 2 2 2 2 2 2
left_child=8 2 3 4 -2 28 20 -6 9 10 13 12 -12 23 -15 16 21 19 -19 -17 -7 -11 -8 -1 -10 -26 27 -3 29 -4
right_child=1 26 5 -5 7 6 22 -9 24 15 11 -13 -14 14 -16 17 -18 18 -20 -21 -22 -23 -24 -25 25 -27 -28 -29 -30 -31
leaf_value=5.4723540104542332 17.266948574182273 -4.546037896164945 16.069171837683037 -140.49280040207091 -6.0513692980724807 -0.05996750083778124 8.2464459665986443 0.10071928818282627 19.566097548798815 8.2671029429637155 -18.543602588875341 1.2381269727774058 -14.13579714751299 -19.692767206315452 -4.5631746211295008 -0.62311763200883619 -26.915008130292176 14.304717572443346 -5.2661968033902591 -5.7491206698648112 -4.0196114067306992 1.1943374610575073 -1.2730591715087587 -3.3525302139176958 -5.5693150963106417 34.527315252641529 198.14761678513506 35.22290699952903 26.067932760946665 -14.195905967604901
leaf_weight=246 84 25 69 20 63 21 75 1222 75 222 20 35 20 31 1257 2556 26 312 440 3722 20 221 41 37 25 44 8692 35 425 21
leaf_count=246 84 25 69 20 63 21 75 1222 75 222 20 35 20 31 1257 2556 26 312 440 3722 20 221 41 37 25 44 8692 35 425 21
internal_value=0.00120466 0.0025228 0.000583697 -2.15972e-06 8.5464e-05 0.00179464 -5.73247e-05 -0.000105058 -0.000329745 -0.000355932 -0.000809234 -0.0042 -0.0075 -0.000647358 -0.000936335 -0.000256434 0.000761194 -0.000324324 0.000486702 -0.000421472 -0.00431707 0.00103612 0.00144828 0.000667845 0.00133333 -4.34781e-05 0.00297943 0.001 0.00235922 0.001
internal_weight=20102 10813 2061 1389 1369 672 157 1285 9289 9145 1646 75 40 1571 1288 7499 469 7030 752 6278 41 443 116 283 144 69 8752 60 515 90
internal_count=20102 10813 2061 1389 1369 672 157 1285 9289 9145 1646 75 40 1571 1288 7499 469 7030 752 6278 41 443 116 283 144 69 8752 60 515 90
is_linear=0
shrinkage=0.03


Tree=85
num_leaves=31
num_cat=0
split_feature=26 7 28 12 28 11 19 31 13 21 11 9 13 28 4 10 13 14 14 22 4 4 8 7 5 9 16 22 19 21
split_gain=44.6792 10.3992 1.47506 0.840537 0.839252 1.09006 0.764171 1.65197 0.679743 0.500397 1.046 0.630074 1.35246 1.27463 0.834745 0.705739 0.610422 0.483367 1.96317 1.4027 1.64215 1.43112 1.09521 1.404 0.697022 0.484637 0.943811 0.508921 0.439547 0.414996
threshold=7.5000000000000009 24324.382089154566 8.5000000000000018 2111.4850000000001 11.500000000000002 8944.0300000000007 0.25138237409101483 13.500000000000002 2907.2150000000006 6483.3900000000003 11997.635000000002 6125.6350000000011 385.77500000000003 3.5000000000000004 6303.0000000000009 285748.64000000007 9900.9150000000009 983.19500000000005 1469.9600000000003 13731.855000000001 28583.540000000005 27055.890000000003 40304.025000000001 45753.736562500002 141155.06198715212 48920.865000000013 4575.915779600783 88029.160000000018 0.36881541138466029 186049.20666666669
decision_type=2 2 2 2 2 2 2 2 2 2 2 2 2 2 2 2 2 2 2 2 2 2 2 2 2 2 2 2 2 2
left_child=9 2 3 -2 -4 28 8 -8 -5 10 11 15 14 -14 -13 16 -1 22 19 21 -21 -19 25 -24 -25 26 -11 -27 -6 -20
right_child=1 -3 4 6 5 -7 7 -9 -10 17 -12 12 13 -15 -16 -17 -18 18 29 20 -22 -23 23 24 -26 27 -28 -29 -30 -31
leaf_value=-1.3956375154884813 16.836331079914917 199.36424664800626 21.043881568840465 -2.7201224626771818 -0.058168475812642555 5.5255941760056979 -3.8935064417430354 1.5912389904406925 2.5026091108312154 1.6842828395978067 -4.6077893779971344 -9.8885892502174197 10.140363496049826 -14.815826046742192 7.9276079837189544 -31.437110329915225 -11.44925201512547 -2.1486129815980934 -1.3214357948295985 -21.744785966381645 -7.364925258605254 -15.777935050105409 -26.107557886383407 0.79442042170166438 -14.278932982939295 50.866769217885398 -14.321483988366298 -18.450070559103803 -3.8990230645288126 -26.449487693635756
leaf_weight=2065 85 8669 527 68 21 125 216 398 684 1173 20 195 21 136 139 20 56 163 4610 47 31 20 26 104 20 261 142 20 20 20
leaf_count=2065 85 8669 527 68 21 125 216 398 684 1173 20 195 21 136 139 20 56 163 4610 47 31 20 26 104 20 261 142 20 20 20
internal_value=0.00120913 0.00252002 0.000649254 0.000105445 0.00178788 -7.2289e-05 -7.46705e-05 -0.000859935 0.000566489 -0.000316826 -0.000665158 -0.000613222 -0.00158248 -0.00387898 -0.000502994 -0.000390939 -0.000338048 -0.00017764 -0.000330607 -0.00286207 -0.00623077 -0.00142623 0.000250859 -0.0022 -0.000870968 0.000481203 0.000239544 0.0016121 -0.00431707 -0.000187905
internal_weight=20102 10813 2144 1451 693 166 1366 614 752 9289 2652 2632 491 157 334 2141 2121 6637 4891 261 78 183 1746 150 124 1596 1315 281 41 4630
internal_count=20102 10813 2144 1451 693 166 1366 614 752 9289 2652 2632 491 157 334 2141 2121 6637 4891 261 78 183 1746 150 124 1596 1315 281 41 4630
is_linear=0
shrinkage=0.03


Tree=86
num_leaves=31
num_cat=0
split_feature=26 25 31 13 19 9 18 2 20 12 21 11 10 9 13 27 4 4 3 25 10 14 24 19 27 2 31 11 2 8
split_gain=43.6805 11.0084 1.56481 1.10817 0.775092 0.700336 0.563707 0.610963 0.478836 0.881859 0.463922 1.05294 0.583565 0.644009 1.4156 0.570405 0.478877 0.66998 0.662254 0.666403 0.804644 0.664866 0.627517 0.480362 0.412111 0.569611 0.322493 0.311861 0.381927 0.279397
threshold=7.5000000000000009 24740.815000000006 7.5000000000000009 6041.1550000000016 0.32261405804232118 10471.940000000001 0.68149743756242087 19600.860000000004 0.13294988725635731 2648.7250000000004 6483.3900000000003 11997.635000000002 285748.64000000007 6125.6350000000011 385.77500000000003 3417.5625000000009 7855.2000000000007 8142.670000000001 107816.60500000003 4082.1875000000005 55317.817500000005 11593.780000000001 11532.905833333336 0.55202628886193394 567.00500000000011 2317.8200000000006 32.500000000000007 13254.320000000002 25371.990000000002 17934.095000000005
decision_type=2 2 2 2 2 2 2 2 2 2 2 2 2 2 2 2 2 2 2 2 2 2 2 2 2 2 2 2 2 2
left_child=10 2 3 8 -5 6 7 -4 -2 -10 11 12 13 15 -15 -1 18 22 19 20 -12 -20 -18 -21 -19 -26 29 28 -3 -7
right_child=1 27 5 4 -6 26 -8 -9 9 -11 16 -13 -14 14 -16 -17 17 24 21 23 -22 -23 -24 -25 25 -27 -28 -29 -30 -31
leaf_value=-2.9198049314041499 11.037777662371504 -9.565506646968835 0.15525393560979467 -8.8296499422325656 -0.05708779428625721 0.17803206890642029 -3.0872251363371324 13.401105965808332 -2.5428213435458238 -0.39021235711709779 -3.5700245487645903 -4.4695556966572196 -29.746807757935894 -1.7827597749069437 -11.92012272061957 2.4557574923376553 34.577885932134279 3.0914100558995825 -39.713287037947381 8.1207385737195015 -42.051264881470232 14.691519048154667 -16.064081604276751 -1.9349431207151846 -7.5035338260683959 -1.4262252817855443 22.572576916815851 214.32977057050257 38.155208725829333 10.521812358227709
leaf_weight=1568 65 23 553 38 31 94 32 134 37 326 292 20 21 333 157 553 23 104 20 1148 22 21 37 676 566 3728 122 8530 28 800
leaf_count=1568 65 23 553 38 31 94 32 134 37 326 292 20 21 333 157 553 23 104 20 1148 22 21 37 676 566 3728 122 8530 28 800
internal_value=0.00120167 0.00249783 0.000620968 -0.000863179 -0.0043913 0.00104611 0.000329625 0.000510917 -0.000294392 -0.000719008 -0.000307137 -0.000642534 -0.000590425 -0.000550364 -0.00153061 -0.000323904 -0.00017312 -0.000351278 0.000191372 0.000263798 -0.00101274 -0.00358537 -0.0035 0.000483553 -0.000308322 -0.000353516 0.00155315 0.00298602 0.000647059 0.0013557
internal_weight=20102 10813 2232 497 69 1735 719 687 428 363 9289 2652 2632 2611 490 2121 6637 4458 2179 2138 314 41 60 1824 4398 4294 1016 8581 51 894
internal_count=20102 10813 2232 497 69 1735 719 687 428 363 9289 2652 2632 2611 490 2121 6637 4458 2179 2138 314 41 60 1824 4398 4294 1016 8581 51 894
is_linear=0
shrinkage=0.03


Tree=87
num_leaves=31
num_cat=0
split_feature=26 25 28 28 11 19 31 18 17 17 17 23 17 21 11 9 13 4 3 4 7 24 24 18 11 2 23 25 5 14
split_gain=42.808 10.7867 1.4363 1.01727 1.1103 0.808251 1.35442 1.03188 0.611573 0.542001 0.477016 0.524168 0.406349 0.394087 1.0592 0.704297 1.37614 0.509343 0.950496 0.660263 0.636868 0.627517 0.448957 0.427327 0.351903 0.604396 0.251348 0.21826 0.804969 0.204167
threshold=7.5000000000000009 24740.815000000006 8.5000000000000018 11.500000000000002 9100.965000000002 0.25138237409101483 13.500000000000002 0.55860882835505865 0.51119704605361271 3.800838894378781 0.66709532099278379 1.0000000180025095e-35 0.48500218280461288 6483.3900000000003 11997.635000000002 6125.6350000000011 385.77500000000003 7855.2000000000007 107816.60500000003 8142.670000000001 10200.585839123401 11532.905833333336 7046.9333333333343 9456.9704884649927 13581.470000000003 25371.990000000002 808.2807495422843 15937.185000000001 15924.494531250002 983.19500000000005
decision_type=2 2 2 2 2 2 2 2 2 2 2 2 2 2 2 2 2 2 2 2 2 2 2 2 2 2 2 2 2 2
left_child=9 2 5 27 12 10 7 -7 -8 13 11 -2 -5 14 15 23 -17 18 20 21 -15 -19 -21 -1 25 -3 -6 28 -4 -11
right_child=1 24 3 4 26 6 8 -9 -10 29 -12 -13 -14 17 -16 16 -18 19 -20 22 -22 -23 -24 -25 -26 -27 -28 -29 -30 -31
leaf_value=-2.3102308562359188 -3.41568405111942 -7.4813146103468648 14.950985948688471 -0.76976705431449 1.8974973080117603 -0.37066921151316268 5.6173628568428704 -5.7579357384650338 -0.66435050055167155 18.842159647410178 11.422982960949362 1.1957385363122028 -6.2773921548255212 -3.4537893669903603 -4.3354690257575017 -1.9394859130870781 -11.667647413654517 33.540549354170253 -32.358568387593607 6.5968940108140739 6.9365858409789878 -15.582159156148451 -4.0445588779780293 13.823284420918663 210.3048277425342 41.847971013238535 7.1144007589337308 24.695941346807558 -14.406002853710266 2.9251939015438198
leaf_weight=2106 33 26 69 21 67 113 167 121 269 54 206 593 24 953 20 326 156 23 35 143 1168 37 4144 34 8511 44 62 466 21 90
leaf_count=2106 33 26 69 21 67 113 167 121 269 54 206 593 24 953 20 326 156 23 35 143 1168 37 4144 34 8511 44 62 466 21 90
internal_value=0.00120913 0.00249228 0.000634409 0.00172603 -0.000275862 0.000103862 -0.000671642 -0.00251282 0.000316514 -0.00028453 0.000728365 0.000316294 -0.00433333 -0.000313286 -0.000622256 -0.000569794 -0.00160581 -0.000187759 0.000189239 -0.000374741 0.000270156 -0.0035 -0.000331001 -0.000336448 0.00297553 0.000857143 0.00113953 0.00235252 0.001 0.00154167
internal_weight=20102 10813 2232 730 174 1502 670 234 436 9289 832 626 45 9145 2642 2622 482 6503 2156 4347 2121 60 4287 2140 8581 70 129 556 90 144
internal_count=20102 10813 2232 730 174 1502 670 234 436 9289 832 626 45 9145 2642 2622 482 6503 2156 4347 2121 60 4287 2140 8581 70 129 556 90 144
is_linear=0
shrinkage=0.03


Tree=88
num_leaves=31
num_cat=0
split_feature=26 25 28 20 28 18 9 9 3 3 3 4 25 10 27 9 14 14 26 7 13 22 1 20 14 27 27 6 18 19
split_gain=43.1931 10.6656 1.62836 0.974256 0.827576 0.691247 0.662627 0.629479 0.330308 1.1932 0.890792 1.23485 0.893382 0.733387 0.68644 1.46812 0.628887 0.926608 1.15346 0.639968 0.503363 0.498901 0.447843 0.421491 0.370148 0.965431 0.524789 0.333314 0.286219 0.245154
threshold=7.5000000000000009 25310.057500000006 8.5000000000000018 0.14211145159770644 11.500000000000002 0.47770817722425124 8590.8650000000034 14787.055000000002 13257.76 19726.710000000003 10961.505000000003 359.43500000000006 25897.472500000003 66383.337500000009 83829.624583333338 11626.780000000002 31438.400000000001 25930.235000000004 3.5000000000000004 10200.585839123401 31640.295000000002 2076.1375000000003 6123.2436387500011 0.44320830561537577 446.89000000000004 942.10933333333344 41628.508333333339 30857.122902523752 0.74863637839774433 0.23303940636623249
decision_type=2 2 2 2 2 2 2 2 2 2 2 2 2 2 2 2 2 2 2 2 2 2 2 2 2 2 2 2 2 2
left_child=8 2 3 29 -4 -5 -6 -7 10 24 13 -12 22 14 27 -16 17 19 -19 -11 21 -15 -13 -18 -10 -26 -27 -1 -8 -2
right_child=1 -3 4 5 6 7 28 -9 9 16 11 12 -14 20 15 -17 23 18 -20 -21 -22 -23 -24 -25 25 26 -28 -29 -30 -31
leaf_value=-2.9647249299709526 9.3787089831480053 210.09941698479426 21.429631014091914 4.9534938734243719 -2.3258060815184138 -1.2221659610662072 5.9282367364072126 10.701171389863001 26.799044472259983 -10.917912929522569 -20.810654732964636 -9.4023227568877239 -29.721628803284275 -15.939049056021766 194.48649710286944 -23.763580246895515 23.986432575196783 -38.420200451025771 67.828734908523032 -1.2634019038967663 -15.800344698127596 16.781718158142045 -4.3494029145261459 -36.232655640567835 -9.119272540118617 4.6878151021414203 -30.033285427910634 7.025658089717604 -1.0994897246204116 3.242529307830341
leaf_weight=4577 195 8479 584 72 30 1030 132 101 188 308 20 27 24 74 20 21 160 77 28 1975 29 510 381 30 38 673 37 92 23 167
leaf_count=4577 195 8479 584 72 30 1030 132 101 188 308 20 27 24 74 20 21 160 77 28 1975 29 510 381 30 38 673 37 92 23 167
internal_value=0.00120615 0.00249505 0.000699229 0.00014377 0.00182965 -0.000266833 8.10812e-05 -0.000448276 -0.000294219 -6.48832e-05 -0.000433766 -0.00171239 -0.001375 -0.000325192 -0.000452229 -0.00431707 -0.000397983 -0.000530151 -0.00328571 -0.000403416 0.000650897 0.000842466 -0.00104412 0.00126316 0.000852564 0.000553476 0.000802817 -0.000418291 0.000870968 0.00150829
internal_weight=20102 10813 2334 1565 769 1203 185 1131 9289 3514 5775 452 432 5323 4710 41 2578 2388 105 2283 613 584 408 190 936 748 710 4669 155 362
internal_count=20102 10813 2334 1565 769 1203 185 1131 9289 3514 5775 452 432 5323 4710 41 2578 2388 105 2283 613 584 408 190 936 748 710 4669 155 362
is_linear=0
shrinkage=0.03


Tree=89
num_leaves=31
num_cat=0
split_feature=26 25 31 27 15 19 8 21 28 12 20 21 9 18 10 9 28 27 14 14 8 4 18 22 14 15 27 9 28 23
split_gain=42.7506 10.9943 1.69655 1.00679 0.892215 0.816918 0.789089 0.990268 0.894789 0.57355 0.539526 0.416017 1.0329 1.32326 0.60061 0.516063 1.48923 0.513468 0.491572 1.64015 1.11062 1.07459 1.04533 0.820738 0.796412 0.579257 1.19167 0.543182 0.525459 0.554733
threshold=7.5000000000000009 25310.057500000006 7.5000000000000009 3027.6379861111118 1.0054782974811871 0.24702469454108497 18538.760000000006 19531.643333333337 7.5000000000000009 3405.8450000000007 0.12166384107942758 6483.3900000000003 12002.215000000002 0.35706808986722832 285748.64000000007 6125.6350000000011 3.5000000000000004 3417.5625000000009 983.19500000000005 1469.9600000000003 40304.025000000001 11976.490000000002 0.24256028598279955 7296.7450000000017 1261.4200000000003 0.63998411355000417 3089.1655555555558 286157.09000000003 10.500000000000002 36085.975144303673
decision_type=2 2 2 2 2 2 2 2 2 2 2 2 2 2 2 2 2 2 2 2 2 2 2 2 2 2 2 2 2 2
left_child=11 2 3 4 5 -2 7 9 10 -4 -8 12 14 -14 15 17 -17 -1 20 21 28 23 -22 -20 -23 26 -21 -27 29 -13
right_child=1 -3 6 -5 -6 -7 8 -9 -10 -11 -12 18 13 -15 -16 16 -18 -19 19 25 22 24 -24 -25 -26 27 -28 -29 -30 -31
leaf_value=-2.6739621098758191 -1.1384383477896138 203.79643447525044 3.8916641383574953 -14.392603519516509 1.9159491467190841 -3.1901391061601387 17.231501272460811 -3.6997334609000685 17.561403567561225 -1.1688025305862906 1.5790038020955108 0.34539213001505514 13.202435962304001 -8.9062013668819819 -28.306925138192032 17.126318995737744 -9.8635667170452201 2.5403334411537326 9.9097851413739271 -24.575564922268963 -30.311880908918802 -14.749846129957085 -12.963695937376464 -10.212733166671349 -18.576478137997352 -0.97748299158583629 8.9430968802049815 -24.655479763465543 10.743470633437036 94.522053555650245
leaf_weight=1568 218 8479 498 29 138 117 77 30 570 228 429 1159 21 39 21 60 390 553 59 33 25 86 125 60 56 4524 32 41 290 147
leaf_count=1568 218 8479 498 29 138 117 77 30 570 228 429 1159 21 39 21 60 390 553 59 33 25 86 125 60 56 4524 32 41 290 147
internal_value=0.00120167 0.00248395 0.000660668 -0.000884462 -0.000551797 -0.00138806 0.00108406 0.00034127 0.00160595 0.000561984 0.000687747 -0.000290989 -0.000608597 -0.0045 -0.000518518 -0.000477246 -0.0014 -0.000281471 -0.00016408 -0.00031834 0.000268041 -0.00263218 -0.0022 -0.000529412 -0.00439437 -0.000187905 -0.003 -0.000147864 0.0005 0.000243492
internal_weight=20102 10813 2334 502 473 335 1832 756 1076 726 506 9289 2652 60 2592 2571 450 2121 6637 4891 1746 261 150 119 142 4630 65 4565 1596 1306
internal_count=20102 10813 2334 502 473 335 1832 756 1076 726 506 9289 2652 60 2592 2571 450 2121 6637 4891 1746 261 150 119 142 4630 65 4565 1596 1306
is_linear=0
shrinkage=0.03


Tree=90
num_leaves=31
num_cat=0
split_feature=26 7 28 28 11 17 23 18 18 17 22 3 3 16 10 10 17 31 3 18 25 9 16 2 25 1 0 11 28 22
split_gain=42.0707 10.7986 1.39958 1.05936 1.11282 1.05299 0.988393 2.2846 0.739996 0.406349 0.392735 0.447431 0.882295 0.486086 0.771074 0.417015 0.371777 0.613403 0.415827 0.333048 0.224636 0.658823 0.206174 0.300704 0.198109 0.170071 0.078144 0.0538468 0.145205 0.0231362
threshold=7.5000000000000009 25183.737081252923 8.5000000000000018 11.500000000000002 9100.965000000002 0.66199764146913231 1.0000000180025095e-35 0.59200678430077158 0.47770817722425124 0.48500218280461288 106856.02500000002 205896.97000000006 154097.12000000002 -16067.854572713157 329083.84000000008 486485.44500000001 2.5076109343812916 2.5000000000000004 125607.57500000001 0.74863637839774433 15937.185000000001 8411.3750000000018 -46.964762746983972 22483.150000000005 25310.057500000006 137950.42636224182 17921.119567963018 14089.440000000002 4.5000000000000009 25810.115000000002
decision_type=2 2 2 2 2 2 2 2 2 2 2 2 2 2 2 2 2 2 2 2 2 2 2 2 2 2 2 2 2 2
left_child=10 2 5 20 9 6 7 -2 -8 -5 11 12 13 14 -1 -15 17 25 -19 -6 21 -4 -7 -24 -3 -12 -22 28 -26 -29
right_child=1 24 3 4 19 22 8 -9 -10 -11 16 -13 -14 15 -16 -17 -18 18 -20 -21 26 -23 23 -25 27 -27 -28 29 -30 -31
leaf_value=22.965623200011496 4.6775592826065937 17.107709751935143 20.152058801604174 -0.56590786319981701 6.9870214748968715 15.581371977260066 8.0618306885790822 -9.5333960590462805 -0.38635877442104144 -6.0297763370411683 -15.590102350280809 239.23740514432259 -36.476365305963128 -2.1169460716511037 -10.625924730847196 55.702367148081159 -30.851713456469295 77.045298976737755 -11.010436971793297 -1.0830798721353945 11.143724845307927 -3.1446828755835754 1.2894671161013533 11.443179208069381 15.201417127417423 -5.2284840782913156 26.397593325784616 15.632440231586479 27.929756674615746 221.81145472774875
leaf_weight=177 38 20 56 21 118 101 71 23 1209 24 20 38 23 8807 36 80 21 33 31 23 69 34 79 76 20 23 419 43 53 8316
leaf_count=177 38 20 56 21 118 101 71 23 1209 24 20 38 23 8807 36 80 21 33 31 23 69 34 79 76 20 23 419 43 53 8316
internal_value=0.00120913 0.00248118 0.000687421 0.00174346 -0.000225806 0.000182217 -0.000154362 -0.00388525 2.34376e-05 -0.00433333 -0.000271611 -0.000248554 -0.000262085 -0.000247253 0.00116901 -0.000281197 -0.00192187 -0.00120561 0.00065625 0.00108511 0.00237716 0.001 0.00194531 0.00125806 0.00298225 -0.00397674 0.00263115 0.00298933 0.00217808 0.00299641
internal_weight=20102 10813 2361 764 186 1597 1341 61 1280 45 9289 9161 9123 9100 213 8887 128 107 64 141 578 90 256 155 8452 43 488 8432 73 8359
internal_count=20102 10813 2361 764 186 1597 1341 61 1280 45 9289 9161 9123 9100 213 8887 128 107 64 141 578 90 256 155 8452 43 488 8432 73 8359
is_linear=0
shrinkage=0.03


Tree=91
num_leaves=31
num_cat=0
split_feature=26 7 28 17 23 0 28 11 20 9 28 16 3 12 15 12 0 20 10 9 5 19 15 27 25 5 19 25 12 14
split_gain=41.9013 10.885 1.54074 1.09835 0.964828 1.16567 0.77647 0.851053 0.705621 0.396577 1.24163 0.471836 0.488006 0.92351 0.413461 0.65415 0.504399 0.36386 0.534787 0.351865 0.313756 0.28597 0.209568 0.328952 0.208022 0.804969 0.197638 0.110779 0.270799 0.091747
threshold=7.5000000000000009 25183.737081252923 8.5000000000000018 0.66199764146913231 1.0000000180025095e-35 17550.914997061023 11.500000000000002 8624.7250000000004 0.14211145159770644 286157.09000000003 6.5000000000000009 -16067.854572713157 107816.60500000003 682.32500000000016 1.0431846353265988 15665.005000000003 44027.151609488697 0.12100097452830443 329083.84000000008 138772.80000000002 44728.449776653062 0.26912568260529995 0.99764031669640885 2498.3416666666672 15937.185000000001 15924.494531250002 0.5176442584822416 26188.175000000003 5980.7050000000017 9683.3500000000022
decision_type=2 2 2 2 2 2 2 2 2 2 2 2 2 2 2 2 2 2 2 2 2 2 2 2 2 2 2 2 2 2
left_child=9 2 3 4 5 -2 24 -8 -6 11 -11 17 14 -14 16 -16 -13 18 20 -15 -1 -9 -5 -24 25 -4 27 28 -3 -26
right_child=1 26 6 22 8 -7 7 21 -10 10 -12 12 13 19 15 -17 -18 -19 -20 -21 -22 -23 23 -25 29 -27 -28 -29 -30 -31
leaf_value=31.963976666542983 6.3427679461432973 27.457332444356325 13.278036130851051 15.158886632935863 4.3185523429414934 -7.7542760504433046 -2.8767117906894968 -0.88658054635772898 -0.44975833810696386 -20.357715770588129 173.37339423024525 -2.6790239880262408 -15.189746489507273 -6.5497053039972899 0.20190374539896835 -17.64491452049084 -31.778132983958262 106.09058949506763 -24.196898627313512 33.549423782212202 -12.051391165180171 7.7761854065405602 0.53447604901238699 11.544049049581284 16.847307891963986 -14.639121136404952 98.979163250437054 218.3002798899862 -0.34635217310371558 31.569162027673933
leaf_weight=88 22 118 69 102 184 39 33 58 1096 35 29 5512 31 29 3141 79 145 62 35 20 83 95 76 78 255 21 20 8290 24 233
leaf_count=88 22 118 69 102 184 39 33 58 1096 35 29 5512 31 29 3141 79 145 62 35 20 83 95 76 78 255 21 20 8290 24 233
internal_value=0.00120615 0.00247563 0.000674714 0.000144646 -0.000199105 -0.00388525 0.00178272 9.67743e-05 -2.34374e-05 -0.000271611 -0.002625 -0.000255284 -0.000292397 -0.002625 -0.000271375 1.11759e-10 -0.000425844 0.000985075 0.000378641 -6.12244e-05 0.00107018 0.00103922 0.00194531 0.00124675 0.00232526 0.001 0.0029787 0.00298577 0.00215493 0.00256967
internal_weight=20102 10813 2361 1597 1341 61 764 186 1280 9289 64 9225 8957 80 8877 3220 5657 268 206 49 171 153 256 154 578 90 8452 8432 142 488
internal_count=20102 10813 2361 1597 1341 61 764 186 1280 9289 64 9225 8957 80 8877 3220 5657 268 206 49 171 153 256 154 578 90 8452 8432 142 488
is_linear=0
shrinkage=0.03


Tree=92
num_leaves=31
num_cat=0
split_feature=26 7 28 28 11 11 12 31 22 10 19 21 9 28 19 10 27 28 12 3 12 21 31 2 15 12 14 18 25 5
split_gain=41.5496 10.938 1.46775 0.892934 1.05678 0.833439 0.956284 0.624091 0.513969 0.510417 0.439547 0.428253 0.725845 1.37354 1.37425 0.723479 0.495154 0.44005 1.13007 0.846632 0.666473 0.859306 0.546092 0.422035 0.388185 0.775758 0.41958 0.341949 0.208022 0.804969
threshold=7.5000000000000009 25183.737081252923 8.5000000000000018 11.500000000000002 8944.0300000000007 14922.795 2111.4850000000001 14.500000000000002 106856.02500000002 98540.755000000019 0.36881541138466029 6483.3900000000003 6125.6350000000011 3.5000000000000004 0.059188214613773035 285748.64000000007 3417.5625000000009 3.5000000000000004 1511.7850000000003 2563.8200000000002 2397.0600000000004 11905.60666666667 5.5000000000000009 965.72000000000014 1.0023001400978797 3030.0600000000009 3757.4850000000006 0.74863637839774433 15937.185000000001 15924.494531250002
decision_type=2 2 2 2 2 2 2 2 2 2 2 2 2 2 2 2 2 2 2 2 2 2 2 2 2 2 2 2 2 2
left_child=8 2 5 28 10 6 -2 -8 11 -10 -5 12 15 -14 -15 16 -1 18 23 -20 21 -19 -22 -13 25 -11 -26 -6 29 -4
right_child=1 -3 3 4 27 -7 7 -9 9 24 -12 17 13 14 -16 -17 -18 20 19 -21 22 -23 -24 -25 26 -27 -28 -29 -30 -31
leaf_value=-2.4498641447892235 15.151898900800504 188.75161185017288 12.879695046925535 -0.21974855638553775 6.1016571368917312 9.0593945641386906 -1.5028547300507504 1.1381108446150894 -14.259133298787619 14.174896737686968 -3.4542505223795712 23.436645615571319 12.350940017550171 -3.9033310722057553 -12.286718721235172 -28.167832588579778 2.5215747077066837 1.6884003081315979 -17.341877183357823 -10.214986303544217 20.157502986085063 -4.1476392609546657 1.0524540028280476 -0.68134330238533225 -9.933918214040947 -31.211000593569722 54.562786157126858 -1.2318964339304763 22.795833185544399 -14.199947502312822
leaf_weight=1568 84 8452 69 21 122 186 597 730 32 24 20 59 64 305 142 20 553 1332 36 458 363 2450 929 882 22 20 30 23 488 21
leaf_count=1568 84 8452 69 21 122 186 597 730 32 24 20 59 64 305 142 20 553 1332 36 458 363 2450 929 882 22 20 30 23 488 21
internal_value=0.00120316 0.00246731 0.000662008 0.00174346 -6.4516e-05 0.000144646 -0.000104181 -0.000300678 -0.000268382 -0.00215625 -0.00431707 -0.000242004 -0.000563348 -0.00157926 -0.00216779 -0.000320878 -0.000267327 -0.000111077 -0.000574913 -0.00173684 2.01026e-05 -0.000180857 0.000608359 3.50692e-05 -0.0010625 -0.00313636 0.000692308 0.00113793 0.00232526 0.001
internal_weight=20102 10813 2361 764 186 1597 1411 1327 9289 128 41 9161 2652 511 447 2141 2121 6509 1435 494 5074 3782 1292 941 96 44 52 145 578 90
internal_count=20102 10813 2361 764 186 1597 1411 1327 9289 128 41 9161 2652 511 447 2141 2121 6509 1435 494 5074 3782 1292 941 96 44 52 145 578 90
is_linear=0
shrinkage=0.03


Tree=93
num_leaves=31
num_cat=0
split_feature=26 2 31 17 25 29 3 11 14 15 18 25 25 7 0 5 4 6 27 7 12 3 11 2 18 1 27 3 13 23
split_gain=40.8919 11.4902 1.32627 0.711702 0.611538 0.58805 0.806829 0.576315 0.590963 0.542841 0.493994 0.444604 0.626116 0.487415 0.70966 2.22224 1.47146 0.843655 0.591654 0.668518 0.675462 0.537421 0.394951 0.390867 0.568343 0.328378 0.302803 0.284444 0.248571 0.185075
threshold=7.5000000000000009 26434.210000000003 7.5000000000000009 0.65911561968615595 24280.775000000005 2.5000000000000004 15556.295 14922.795 5867.0250000000005 1.0057877094333947 0.49651946627826671 79069.565000000017 93837.585000000021 60705.983390112953 44519.444790252361 54530.131343994151 81416.735000000015 34874.680779210728 26701.980833333335 67618.252925591936 963.18500000000006 68066.175000000017 24724.540000000005 108107.06000000001 1.0689021959005431 23419.681249662874 8352.3188888888908 121165.61000000002 5812.9000000000005 360.69069079020989
decision_type=2 2 2 2 2 2 2 2 2 2 2 2 2 2 2 2 2 2 2 2 2 2 2 2 2 2 2 2 2 2
left_child=11 2 7 5 -3 10 -7 8 -2 -10 -4 13 -13 14 17 16 -16 22 -15 -20 -21 -17 -1 28 27 -9 -19 -25 -14 -5
right_child=1 4 3 29 -6 6 -8 25 9 -11 -12 12 23 18 15 21 -18 26 19 20 -22 -23 -24 24 -26 -27 -28 -29 -30 -31
leaf_value=-2.3014039816623666 8.7693920588620191 -29.699261679880017 4.0050840408162998 5.6515129742426806 208.92994160171048 -1.4116908785074083 7.5648198214321836 -0.71079337447619395 -2.9358138294131644 0.18997856434786645 -0.47378779818381883 -12.33111603166698 47.388375820128061 88.516885786760525 -30.989108646603981 49.197816590237544 -47.9593369295076 -12.525893224275144 246.24479297073802 21.730819244029266 -44.803610042625536 -19.335378316198703 3.0874322136768484 4.0525536250401881 -13.746332911919188 22.594649850432049 19.623057636439807 -8.0907246202626499 -6.5243430255556891 14.552341181387906
leaf_weight=7688 30 26 67 77 8289 107 853 20 296 131 627 36 29 125 64 137 21 64 45 89 46 69 465 25 23 54 322 20 21 236
leaf_count=7688 30 26 67 77 8289 107 853 20 296 131 627 36 29 125 64 137 21 64 45 89 46 69 465 25 23 54 322 20 21 236
internal_value=0.00118824 0.00244234 0.000658127 0.00101729 0.00297835 0.000769045 0.00125 -0.000672316 -0.00107002 -0.00135597 0.000103747 -0.000271611 -0.00187013 -0.000244663 -0.000285391 -0.00174227 -0.00582353 -0.000235742 0.000934426 -0.000166667 -0.00122222 -5.82523e-05 -0.000300625 -0.000813559 -0.00229412 0.00178378 0.00113472 -0.000333333 0.0012 0.00232907
internal_weight=20102 10813 2498 1967 8315 1654 960 531 457 427 694 9289 154 9135 8830 291 85 8539 305 180 135 206 8153 118 68 74 386 45 50 313
internal_count=20102 10813 2498 1967 8315 1654 960 531 457 427 694 9289 154 9135 8830 291 85 8539 305 180 135 206 8153 118 68 74 386 45 50 313
is_linear=0
shrinkage=0.03


Tree=94
num_leaves=31
num_cat=0
split_feature=26 8 28 12 28 9 19 19 24 8 9 0 4 18 10 22 18 13 1 22 16 27 25 22 10 4 22 4 9 2
split_gain=40.7248 11.5674 1.51284 1.10298 0.917878 0.89034 0.725857 0.557374 0.550344 0.476389 0.755679 1.02542 0.916237 1.15775 0.530359 0.721992 0.643212 0.51501 1.07143 0.582159 1.24459 0.510711 0.48824 0.485155 0.45191 0.404859 0.37077 0.280982 0.302387 0.28091
threshold=7.5000000000000009 25387.247500000005 8.5000000000000018 6447.3700000000008 11.500000000000002 9382.1150000000016 0.23303940636623249 0.32261405804232118 17859.49833333334 45108.645000000011 286157.09000000003 64094.159782527277 71776.415000000023 40737.12706550664 100690.32500000003 77921.520000000004 28761.044346070277 28055.600000000002 29915.686727873272 1891.8500000000001 -46.964762746983972 8811.4988888888911 71065.247500000012 23187.050000000003 27499.652500000004 37253.325000000004 74388.510000000024 18611.885000000002 8411.3750000000018 25896.980000000003
decision_type=2 2 2 2 2 2 2 2 2 2 2 2 2 2 2 2 2 2 2 2 2 2 2 2 2 2 2 2 2 2
left_child=9 2 3 6 27 24 8 -8 -2 14 11 12 13 -11 15 16 23 19 -19 20 -16 -21 -13 -1 -6 -18 -24 28 -4 -3
right_child=1 29 4 -5 5 -7 7 -9 -10 10 -12 22 -14 -15 17 -17 25 18 -20 21 -22 -23 26 -25 -26 -27 -28 -29 -30 -31
leaf_value=-1.5733193960538523 -0.29100754765368197 10.341550887642793 20.263289406285352 -13.553066078028465 -2.797946152990658 5.3282527379340543 -1.1198777295339613 3.1992758800312107 6.2562734034121625 3.2375692352133925 -18.876572097781317 86.086478664939847 -29.554646544987847 -21.898986284000898 -25.014694527462009 -23.530312399086601 5.6070742096846802 -42.594422863874748 103.52860770496811 -10.12722477007437 177.42797144346585 32.670613155681501 -6.3777902273727411 -9.159084920018179 1.0384772115776033 43.544053642380533 0.11083411215717789 29.354397404072973 2.108743791341579 206.04186358369824
leaf_weight=6873 199 56 76 22 21 164 683 198 569 92 26 80 36 27 33 20 134 35 21 240 23 619 26 811 23 81 112 388 156 8258
leaf_count=6873 199 56 76 22 21 164 683 198 569 92 26 80 36 27 33 20 134 35 21 240 23 619 26 811 23 81 112 388 156 8258
internal_value=0.00118526 0.00243679 0.000647059 0.000127469 0.00169565 -2.8846e-05 0.000216495 -0.000371169 0.000890625 -0.000271611 -0.00128571 -0.000941019 -0.00280645 -0.00153781 -0.000226097 -0.000307236 -0.000292822 0.000435633 -0.00235714 0.000606557 -0.00235714 0.000799767 0.000385321 -0.000338105 -0.00381818 0.00132558 -0.000695652 0.00227419 0.00144828 0.00297474
internal_weight=20102 10813 2499 1671 828 208 1649 881 768 9289 399 373 155 119 8890 7919 7899 971 56 915 56 859 218 7684 44 215 138 620 232 8314
internal_count=20102 10813 2499 1671 828 208 1649 881 768 9289 399 373 155 119 8890 7919 7899 971 56 915 56 859 218 7684 44 215 138 620 232 8314
is_linear=0
shrinkage=0.03


Tree=95
num_leaves=31
num_cat=0
split_feature=26 7 28 12 28 11 20 0 17 22 10 21 9 28 13 10 14 2 9 15 13 0 17 17 17 18 27 15 23 2
split_gain=40.3645 11.7521 1.31609 1.30829 0.970544 1.09402 0.935235 0.621206 0.406349 0.395816 0.585938 0.398633 0.659698 1.33459 1.44249 0.723479 0.486835 0.85101 1.45257 0.606584 0.440555 0.372071 0.411607 0.34381 0.510546 0.31245 0.296182 0.392903 0.288494 0.275881
threshold=7.5000000000000009 25784.226693053777 8.5000000000000018 6540.9250000000011 11.500000000000002 9100.965000000002 0.14211145159770644 22467.880774557434 0.48500218280461288 106856.02500000002 98540.755000000019 6483.3900000000003 6125.6350000000011 3.5000000000000004 385.77500000000003 285748.64000000007 752.60000000000002 2732.1650000000004 7984.5300000000007 0.74674929726784545 9900.9150000000009 6471.7545184226847 1.9294479043978832 1.161572480306081 2.3795112442195574 0.74863637839774433 2227.5083333333337 1.0197759647808582 308.23259113439741 25596.370000000006
decision_type=2 2 2 2 2 2 2 2 2 2 2 2 2 2 2 2 2 2 2 2 2 2 2 2 2 2 2 2 2 2
left_child=9 2 3 6 26 8 28 -8 -6 11 -11 12 15 -14 -15 20 21 18 -18 -19 -1 -13 -23 -12 -25 -7 27 -4 -2 -3
right_child=1 29 4 -5 5 25 7 -9 -10 10 23 16 13 14 -16 -17 17 19 -20 -21 -22 22 -24 24 -26 -27 -28 -29 -30 -31
leaf_value=-0.69408997773373737 0.72132116939777102 2.2762027443357513 12.144836623554228 -6.7758257604290071 -0.61710066890193838 5.9005386981296946 -0.89605727311727124 1.8452335507093727 -5.7211717820621688 -13.365332090888417 -7.6473623620006626 8.4951360307123824 12.096653518355152 -3.3843678272912214 -12.571523996137861 -26.5479770522759 8.9211342727651299 6.5828235266206274 -13.830521218261394 -2.043396570055322 -10.999362779202391 -1.4149674922128508 5.5070205091274236 18.988202537727215 -15.432700810246869 -1.5817317176935355 23.941788587990256 -0.21751387257770011 6.5082835682224687 191.37908733301865
leaf_weight=2065 78 32 142 20 21 127 871 398 24 32 21 101 64 310 137 20 157 612 320 3870 56 991 458 52 23 23 420 41 293 8323
leaf_count=2065 78 32 142 20 21 127 871 398 24 32 21 101 64 310 137 20 157 612 320 3870 56 991 458 52 23 23 420 41 293 8323
internal_value=0.00118526 0.00243124 0.000607811 0.000126506 0.00160902 -0.000230769 0.000219512 -0.000167849 -0.00433333 -0.000265152 -0.00192187 -0.000242004 -0.000552036 -0.00152055 -0.00210067 -0.000320878 -0.000115686 -0.000260738 -0.00146541 -0.00013253 -0.000267327 0.000348387 0.000225673 -0.00075 0.0002 0.001 0.00220398 0.00119672 0.00154447 0.00296768
internal_weight=20102 10813 2458 1660 798 195 1640 1269 45 9289 128 9161 2652 511 447 2141 6509 4959 477 4482 2121 1550 1449 96 75 150 603 183 371 8355
internal_count=20102 10813 2458 1660 798 195 1640 1269 45 9289 128 9161 2652 511 447 2141 6509 4959 477 4482 2121 1550 1449 96 75 150 603 183 371 8355
is_linear=0
shrinkage=0.03


Tree=96
num_leaves=31
num_cat=0
split_feature=26 8 28 20 19 3 25 17 28 23 20 9 28 17 11 8 1 4 1 2 11 10 10 28 18 18 7 4 10 3
split_gain=40.1293 11.9116 1.48419 0.931597 0.960462 0.847529 0.735184 0.708239 0.623259 1.08651 0.492711 0.397666 1.24163 0.481633 0.384648 0.375044 0.646798 0.542645 0.472875 0.448718 0.371008 0.323538 0.278438 0.254062 0.301989 0.250216 0.153396 0.306708 0.070261 0.0382353
threshold=7.5000000000000009 25747.987500000007 8.5000000000000018 0.26791450808957806 0.23303940636623249 26025.510000000006 18479.765000000003 0.54371672291001183 11.500000000000002 752.7949920796417 0.11900216685943647 286157.09000000003 6.5000000000000009 3.800838894378781 8188.6200000000008 499.23750000000001 815.09831250000002 359.43500000000006 3086.519759203125 12588.185000000001 13980.365000000003 20923.257500000003 2405.4450000000002 11.500000000000002 0.74863637839774433 4235.7401738791059 26878.196514658306 27328.140000000003 33392.902500000004 40600.390000000007
decision_type=2 2 2 2 2 2 2 2 2 2 2 2 2 2 2 2 2 2 2 2 2 2 2 2 2 2 2 2 2 2
left_child=11 2 3 4 10 -6 8 -5 14 -10 -2 13 -13 15 -4 17 19 22 -18 -17 -3 25 -1 28 -25 -15 27 -22 -8 -23
right_child=1 20 6 7 5 -7 23 -9 9 -11 -12 12 -14 21 -16 16 18 -19 -20 -21 26 29 -24 24 -26 -27 -28 -29 -30 -31
leaf_value=17.864198458158292 15.348990789063471 -2.9431168554203029 20.049264343299999 -0.72249746446806862 -0.39578890108796233 -6.4547125169747552 22.608703323308539 -3.4068615696074924 -3.5379324505289791 2.6578421966553227 2.0624615803723962 -18.767357640456162 166.8375204299951 -0.38470366359943992 1.3134520411626009 26.706506577757729 -4.1230875262897335 -18.371664356137678 -1.5456943860342947 -10.274522041897226 13.37470110456835 42.849823056226704 -3.0039886322345266 9.8413961812990607 -1.3444162368014219 21.081719593385213 209.75141054444333 -1.5838205547285906 29.808272219361406 60.093616861126392
leaf_weight=37 98 24 69 31 845 28 127 22 28 35 686 35 29 20 143 91 782 38 8057 39 83 65 54 126 25 22 8127 20 296 20
leaf_count=37 98 24 69 31 845 28 127 22 28 35 686 35 29 20 143 91 782 38 8057 39 83 65 54 126 25 22 8127 20 296 20
internal_value=0.00117779 0.00242014 0.000631888 0.000122807 0.000248039 -0.000436426 0.00165724 -0.00379245 0.000381818 -0.0022381 0.0010102 -0.000268382 -0.002625 -0.000252032 0.00116038 -0.000277643 -0.000254543 -0.00188372 -0.000285439 0.00184615 0.00297456 0.00158268 -0.000626374 0.00226829 0.00121192 -0.000571428 0.00298542 0.00183495 0.00264539 0.00264706
internal_weight=20102 10813 2559 1710 1657 873 849 53 275 63 784 9289 64 9225 212 9098 8969 129 8839 130 8254 127 91 574 151 42 8230 103 423 85
internal_count=20102 10813 2559 1710 1657 873 849 53 275 63 784 9289 64 9225 212 9098 8969 129 8839 130 8254 127 91 574 151 42 8230 103 423 85
is_linear=0
shrinkage=0.03


Tree=97
num_leaves=31
num_cat=0
split_feature=26 25 28 17 18 23 8 28 13 18 1 13 17 21 3 8 1 3 15 11 12 12 23 8 28 10 10 1 1 9
split_gain=39.5111 11.7164 1.76094 1.03488 0.830231 1.1537 0.776306 0.627816 0.86243 0.547082 0.531776 1.29273 0.424409 0.425847 0.455931 0.382783 0.666797 0.468655 0.30739 0.265506 0.239446 0.500888 0.20032 0.405093 0.176973 0.168533 0.139627 0.490962 0.0995009 0.1
threshold=7.5000000000000009 27686.117500000004 8.5000000000000018 0.63276733492315196 0.58468836272515379 1.0000000180025095e-35 19018.41 11.500000000000002 6154.4300000000012 0.47770817722425124 18701.448479722789 3301.1050000000005 3.5011814696576349 186049.20666666669 205896.97000000006 499.23750000000001 815.09831250000002 361.3250000000001 1.0122253348064467 8188.6200000000008 588.72000000000014 1333.9550000000002 38553.507080611824 17361.400000000005 7.5000000000000009 31706.922500000004 33392.902500000004 22380.576545718581 27795.965267429685 16733.580000000005
decision_type=2 2 2 2 2 2 2 2 2 2 2 2 2 2 2 2 2 2 2 2 2 2 2 2 2 2 2 2 2 2
left_child=12 2 3 4 9 -6 7 19 -9 -2 11 -5 13 14 15 17 -17 -1 -12 -4 24 -22 -23 -24 -14 -26 27 -8 29 -3
right_child=1 28 6 10 5 -7 26 8 -10 -11 18 -13 20 -15 -16 16 -18 -19 -20 -21 21 22 23 -25 25 -27 -28 -29 -30 -31
leaf_value=-4.4860729317152339 8.7040292706077231 20.225079041002935 19.2159636285228 3.7019575751479388 -8.9767021440992298 -1.6433229919387682 19.315136352088441 0.61290881121949992 -3.38889649860181 0.088688025378496196 9.4502642441307927 -7.1932028531633909 59.852659440287361 -17.009657250679492 190.61284803119545 6.414761831830404 -2.0306571286887922 -17.819378768922551 -0.3559644749418836 6.3366423948942234 -3.3479975853294057 16.708417453050139 -17.902238296128196 145.32129462583634 -2.265722074820292 30.885007360646739 22.294065545201203 -1.1159552147851646 222.12350585531559 42.749457030540654
leaf_weight=99 84 20 70 45 22 479 97 54 32 785 394 20 66 25 38 131 8751 29 40 195 21 30 27 21 20 31 448 33 7975 20
leaf_count=99 84 20 70 45 22 479 97 54 32 785 394 20 66 25 38 131 8751 29 40 195 21 30 27 21 20 31 448 33 7975 20
internal_value=0.0011763 0.00240904 0.00073767 0.000207063 -0.000218978 -0.00119162 0.00180517 0.000692308 -0.00153488 0.000341772 0.00137675 -0.00115385 -0.000258693 -0.000289981 -0.000279178 -0.000293008 -0.000269534 -0.00192187 0.00175576 0.00141509 0.00105556 -3.03029e-05 0.00107692 -0.000125 0.00197436 0.000647059 0.00248097 0.00161538 0.00299251 0.0015
internal_weight=20102 10813 2798 1869 1370 501 929 351 86 869 499 65 9289 9073 9048 9010 8882 128 434 265 216 99 78 48 117 51 578 130 8015 40
internal_count=20102 10813 2798 1869 1370 501 929 351 86 869 499 65 9289 9073 9048 9010 8882 128 434 265 216 99 78 48 117 51 578 130 8015 40
is_linear=0
shrinkage=0.03


Tree=98
num_leaves=31
num_cat=0
split_feature=26 2 31 19 20 27 20 1 28 16 17 31 16 27 27 8 8 7 9 17 13 3 3 16 3 25 22 17 0 22
split_gain=38.843 12.5905 1.32429 0.997801 1.06139 0.71333 1.01708 1.11341 0.81322 0.703884 0.903052 0.611879 0.572344 0.56263 0.429168 0.425981 0.422534 0.932089 1.23889 1.12247 1.33413 0.536135 0.89452 0.772198 0.704295 0.82972 0.654142 0.650996 0.513982 0.509436
threshold=7.5000000000000009 27562.210000000003 8.5000000000000018 0.25138237409101483 0.25592891553534763 2468.5011111111112 0.14211145159770644 21181.569029585818 7.5000000000000009 60.714539507634989 0.49024338927774364 14.500000000000002 195.07256090690592 2359.8575000000005 2621.6650000000004 24554.485000000001 45108.645000000011 50751.247100664274 286157.09000000003 2.0020742991286187 1837.5550000000001 12883.635000000002 10961.505000000003 11603.534397415488 19334.725000000006 33663.555000000008 48214.295000000006 1.18358613563019 29742.731388435914 1777.3725000000002
decision_type=2 2 2 2 2 2 2 2 2 2 2 2 2 2 2 2 2 2 2 2 2 2 2 2 2 2 2 2 2 2
left_child=16 2 3 4 14 6 -4 -8 11 10 -5 -7 -6 -11 -2 -3 21 19 -19 20 -18 22 26 27 -23 29 28 -24 -1 -26
right_child=1 15 5 9 12 8 7 -9 -10 13 -12 -13 -14 -15 -16 -17 17 18 -20 -21 -22 24 23 -25 25 -27 -28 -29 -30 -31
leaf_value=-1.7651308000947996 0.13913608836803745 -51.689608165630695 8.2765142754784691 0.079593605080206756 -6.1264774807703484 -2.1266220450777999 0.14116998455985943 -5.7143754394422155 16.060163503575364 3.7518671222893536 -5.6005530292927608 3.8336997494658105 -0.061852331568832318 -6.480669481643079 11.284419647760657 201.85818119034641 -25.100506723486028 0.35620280985945507 -19.877460505313582 12.394132892675318 -19.318314714623334 3.7155760119415913 -12.205873474315874 -33.63597573545001 8.1173887337904773 23.882212908645098 -30.655815383320686 1.2644387082931263 21.239585988164922 -3.9685806087970565
leaf_weight=5052 230 21 282 35 28 75 683 21 526 52 91 463 26 41 156 8083 28 289 24 23 35 914 220 24 39 287 21 138 202 1993
leaf_count=5052 230 21 282 35 28 75 683 21 526 52 91 463 26 41 156 8083 28 289 24 23 35 914 220 24 39 287 21 138 202 1993
internal_value=0.00116735 0.00238962 0.000619048 -0.000550834 0.000272727 0.000995122 0.000413793 -0.000196023 0.00153383 -0.00220548 -0.00366667 0.000713755 -0.00366667 -0.000225806 0.000823834 0.00298149 -0.000255463 -0.00121053 -0.000450479 -0.00397674 -0.00604762 -0.000212598 -0.000388722 -0.00179058 9.5577e-05 -0.000182406 -0.000287204 -0.00144134 -0.000266083 -0.000395669
internal_weight=20102 10813 2709 659 440 2050 986 704 1064 219 126 538 54 93 386 8104 9289 399 313 86 63 8890 5657 382 3233 2319 5275 358 5254 2032
internal_count=20102 10813 2709 659 440 2050 986 704 1064 219 126 538 54 93 386 8104 9289 399 313 86 63 8890 5657 382 3233 2319 5275 358 5254 2032
is_linear=0
shrinkage=0.03


Tree=99
num_leaves=31
num_cat=0
split_feature=26 22 28 8 14 0 20 17 14 23 7 25 15 12 8 4 20 14 24 10 15 15 22 25 6 24 25 24 17 7
split_gain=37.6185 13.1517 1.41245 1.65854 1.21318 1.03815 0.996139 0.800097 0.707125 0.732143 0.689954 0.637764 0.391573 0.687884 1.13829 0.564977 1.28433 1.81695 1.29058 1.21649 0.55586 0.69841 1.26926 0.521379 1.01943 0.479957 0.808173 0.564719 0.481383 0.41958
threshold=7.5000000000000009 27206.282500000005 7.5000000000000009 18538.760000000006 11179.310000000003 25913.162696945485 0.11820532331898002 0.46969897629020102 6653.8250000000007 346.39144427202115 26623.857666527692 23286.197500000006 1.0431846353265988 18980.865000000002 30278.245000000003 2586.9850000000001 0.15718453126376664 1951.2450000000001 6065.5658333333331 129147.42250000002 0.75037399211118638 0.68146002488313961 74388.510000000024 5681.4000000000015 9334.9245102275945 95428.618333333332 97519.415000000023 63605.337500000016 2.5076109343812916 8007.8096141085671
decision_type=2 2 2 2 2 2 2 2 2 2 2 2 2 2 2 2 2 2 2 2 2 2 2 2 2 2 2 2 2 2
left_child=12 2 4 8 6 7 -2 -6 -4 -10 -7 -8 15 25 -15 16 17 19 -19 -1 21 22 -17 24 -18 27 -27 28 -14 -23
right_child=1 -3 3 -5 5 10 11 -9 9 -11 -12 -13 13 14 -16 20 23 18 -20 -21 -22 29 -24 -25 -26 26 -28 -29 -30 -31
leaf_value=-0.88277045012091493 13.62859200303784 190.47890714540281 7.5644580026255133 14.890065139057466 18.053417272112579 -14.118098732673667 -0.32004018626358899 -3.8648729255313881 9.0889681310734858 -0.58308799493476582 -2.1552059059152917 4.0372318849484481 0.012209615195914654 28.404402890722039 -40.102332759199804 -1.6347760321496132 2.3041961138863187 -14.293097941349297 -16.723406396925974 -17.350377700673128 -3.2612646814871846 -2.4450889735290779 -12.885700283409932 22.251226399178044 -25.652794282018036 -23.900008967666182 2.9861978133209695 136.13347418880167 11.524883886777662 8.1528146838639746
leaf_weight=552 149 8135 70 693 33 20 927 113 41 287 21 324 2983 38 20 874 339 62 162 27 2685 264 23 120 27 20 32 80 101 880
leaf_count=552 149 8135 70 693 33 20 927 113 41 287 21 324 2983 38 20 874 339 62 162 27 2685 264 23 120 27 20 32 80 101 880
internal_value=0.00116735 0.0023702 0.000546677 0.00137764 -2.45746e-05 -0.00229412 0.000278572 -0.00110959 -0.000165829 -0.00075 -0.00651219 2.39819e-06 -0.000232856 3.11547e-05 -0.0032069 -0.000376558 -0.000933281 -0.00166999 -0.00396429 -0.000782383 -0.000224714 0.000148457 -0.000478261 0.000283951 -0.000278688 8.95523e-05 -0.00276923 0.000136536 7.19845e-05 0.00063986
internal_weight=20102 10813 2678 1091 1587 187 1400 146 398 328 41 1251 9289 3274 58 6015 1289 803 224 579 4726 2041 897 486 366 3216 52 3164 3084 1144
internal_count=20102 10813 2678 1091 1587 187 1400 146 398 328 41 1251 9289 3274 58 6015 1289 803 224 579 4726 2041 897 486 366 3216 52 3164 3084 1144
is_linear=0
shrinkage=0.03


Tree=100
num_leaves=31
num_cat=0
split_feature=26 25 31 19 18 20 23 8 28 21 31 20 20 16 8 7 17 19 9 22 12 22 22 5 22 1 23 25 26 11
split_gain=37.3652 13.1867 1.61986 1.01404 1.24152 1.2035 1.00967 0.830858 1.25522 0.942016 0.776369 0.645549 0.627526 0.590769 0.516651 1.12562 1.26478 1.67937 0.811126 0.488233 0.788795 0.768921 0.754204 0.814913 0.7649 0.545184 0.444579 0.283469 0.268688 0.415161
threshold=7.5000000000000009 28133.880000000005 8.5000000000000018 0.23811265199568668 0.57612251991566432 0.25592891553534763 544.66978998000889 18538.760000000006 6.5000000000000009 19348.938333333335 25.500000000000004 0.11900216685943647 0.14211145159770644 195.07256090690592 45108.645000000011 50751.247100664274 2.0020742991286187 0.034359536807359266 286157.09000000003 94354.317500000019 4852.3450000000003 34216.265000000007 26893.610000000004 18733.124003906254 27538.735000000004 13175.942440783178 839.77786637552447 24111.765000000003 3.5000000000000004 161753.01500000004
decision_type=2 2 2 2 2 2 2 2 2 2 2 2 2 2 2 2 2 2 2 2 2 2 2 2 2 2 2 2 2 2
left_child=14 2 3 5 26 27 -6 9 11 12 -11 -9 -4 -7 19 16 17 -16 28 21 -21 22 23 -1 -24 -23 -5 -2 29 -17
right_child=1 -3 7 4 6 13 -8 8 -10 10 -12 -13 -14 -15 15 18 -18 -19 -20 20 -22 25 24 -25 -26 -27 -28 -29 -30 -31
leaf_value=-1.6764217641962613 1.8959849449480275 206.03082601241496 6.6187136121033872 0.98428638377148325 -7.3055407411552657 -5.840238715968046 -4.6269751782881334 13.423525190138504 13.440035047490607 -6.6540563516852744 4.6469008619879233 0.32143200413173412 0.13719192333677283 -0.085246929347000872 -23.578717807749353 -0.34200043197758473 11.602527948341846 -18.68020902927563 -18.806112309796934 -18.474344024319691 81.230634247753827 -26.856045792528587 -22.978199232075156 3.9347370691270402 -14.170255172034915 19.465826580835511 -1.1082722120453894 9.9015474480677828 78.885720064735935 -5.9390684106895417
leaf_weight=6400 246 7956 116 103 64 27 71 75 842 26 22 535 561 25 28 185 23 35 24 34 21 23 39 1512 392 469 49 95 79 25
leaf_count=6400 246 7956 116 103 64 27 71 75 842 26 22 535 561 25 28 185 23 35 24 34 21 23 39 1512 392 469 49 95 79 25
internal_value=0.00116585 0.00236465 0.000616381 -0.000661765 -0.00201742 0.000328244 -0.00411111 0.00101562 0.00142975 0.000186207 -0.003875 0.000393443 0.000474151 -0.00392308 -0.000229626 -0.00128571 -0.00432558 -0.00652381 -0.000450479 -0.000182227 -0.003 -0.000164686 -0.00023265 -0.000166077 -0.00145476 0.000987805 -0.000157895 0.00097654 -1.03805e-05 -0.000571428
internal_weight=20102 10813 2857 680 287 393 135 2177 1452 725 48 610 677 52 9289 399 86 63 313 8890 55 8835 8343 7912 431 492 152 341 289 210
internal_count=20102 10813 2857 680 287 393 135 2177 1452 725 48 610 677 52 9289 399 86 63 313 8890 55 8835 8343 7912 431 492 152 341 289 210
is_linear=0
shrinkage=0.03


Tree=101
num_leaves=31
num_cat=0
split_feature=25 17 31 11 8 22 15 15 17 23 28 23 14 3 3 18 10 8 7 3 5 25 8 28 9 18 18 6 19 13
split_gain=36.6465 9.87612 2.75874 1.70166 0.939887 0.619081 0.614748 0.817683 0.712936 0.663377 0.596977 0.577722 0.557724 0.533114 0.561742 0.693142 0.511123 0.488495 0.848179 1.94012 0.676521 0.718337 0.481221 0.454919 0.695559 0.450835 0.694501 1.00111 0.495965 0.4739
threshold=28549.920000000002 0.78437911297247498 18.500000000000004 9776.465000000002 18538.760000000006 94354.317500000019 0.991375997210033 0.99896277921292809 0.53047238129373919 439.8569025423937 5.5000000000000009 7988.8675919153766 34594.915000000008 12883.635000000002 11331.525000000003 4948.0296415546882 21401.487500000007 47741.265000000007 60705.983390112953 55723.275000000009 112271.2054980469 137586.21750000003 35106.965000000011 2.5000000000000004 14787.055000000002 0.50575181879699815 1.2960313400333152 33593.174149847116 0.36571367782771685 1618.8350000000003
decision_type=2 2 2 2 2 2 2 2 2 2 2 2 2 2 2 2 2 2 2 2 2 2 2 2 2 2 2 2 2 2
left_child=2 3 5 11 6 13 -4 8 -8 -9 23 12 -2 14 -1 -16 -5 25 19 -19 -20 -22 -13 -6 -25 28 27 -27 -3 -28
right_child=1 17 4 16 10 -7 7 9 -10 -11 -12 22 -14 -15 15 -17 -18 18 20 -21 21 -23 -24 24 -26 26 29 -29 -30 -31
leaf_value=-1.3966275850828254 -24.548342190660062 41.065372739298418 5.9080736830308638 -1.9789135293638518 10.511410711265935 -13.54396982390047 3.1585476437507998 8.6808639915184802 -4.3289214103089364 -0.25494837972925138 11.917060578019749 38.058742476391828 27.523501409942995 0.22870161360908575 -4.2499128894340004 -18.268796697680092 204.49683234342845 -0.70680670109478094 9.7413831273510461 -18.766272711580253 -27.71548817954595 0.11578447146650177 -6.1376074678245471 -2.9078026106533992 8.6040286207668935 -18.331233637736233 -8.6480518235634189 -6.3650214975932817 -22.080541395887881 33.371401019752284
leaf_weight=5228 21 197 90 31 103 22 21 80 57 190 692 41 20 4225 218 82 7952 49 145 37 33 39 30 95 62 38 101 90 34 79
leaf_count=5228 21 197 90 31 103 22 21 80 57 190 692 41 20 4225 218 82 7952 49 145 37 33 39 30 95 62 38 101 90 34 79
internal_value=0.00116884 0.00260054 2.28393e-05 0.00292217 0.00127338 -0.000154987 0.000123288 -0.000448276 -0.00315385 0.000333333 0.00180252 -0.00075 -0.00358537 -0.000143648 -0.000337554 -0.0016 0.00297369 -0.000491686 -0.00145545 -0.00397674 -0.000456221 -0.00283333 0.000887324 0.000576923 -0.00043949 5.00929e-05 -0.000701299 -0.00239062 0.00105195 0.0005
internal_weight=20102 8937 11165 8095 1390 9775 438 348 78 270 952 112 41 9753 5528 300 7983 842 303 86 217 72 71 260 157 539 308 128 231 180
internal_count=20102 8937 11165 8095 1390 9775 438 348 78 270 952 112 41 9753 5528 300 7983 842 303 86 217 72 71 260 157 539 308 128 231 180
is_linear=0
shrinkage=0.03


Tree=102
num_leaves=31
num_cat=0
split_feature=26 25 28 17 31 14 7 18 21 22 7 17 25 16 14 25 17 22 20 3 3 15 28 9 27 7 28 20 10 19
split_gain=36.4458 13.0173 1.57404 0.986575 0.821208 0.915772 0.818249 0.771288 0.670946 0.563639 1.41784 0.757576 0.583889 0.791589 0.52 0.454197 0.692039 0.619511 0.442244 0.424617 0.397548 0.575722 0.243175 0.351023 0.176736 0.151342 0.131034 0.128003 0.109602 0.0959744
threshold=6.5000000000000009 28133.880000000005 8.5000000000000018 0.63276733492315196 14.500000000000002 11179.310000000003 19251.929480650037 0.49651946627826671 19348.938333333335 73420.565000000017 49580.291148102966 2.6506655016706215 79069.565000000017 -19092.316337202094 10063.985000000002 42924.35500000001 1.9733962273205639 34216.265000000007 0.17304904773393073 23567.510000000006 85258.655000000013 1.2491391115602453 11.500000000000002 13135.35 71992.866666666683 28188.334462377861 3.5000000000000004 0.11511086098520835 37345.847500000003 0.14512697148434786
decision_type=2 2 2 2 2 2 2 2 2 2 2 2 2 2 2 2 2 2 2 2 2 2 2 2 2 2 2 2 2 2
left_child=9 2 3 4 5 -2 8 -6 18 12 -11 20 13 24 19 17 -17 -15 -4 -5 26 -22 27 -24 29 -3 -12 -8 -27 -1
right_child=1 25 6 14 7 -7 22 -9 -10 10 11 -13 -14 15 -16 16 -18 -19 -20 -21 21 -23 23 -25 -26 28 -28 -29 -30 -31
leaf_value=108.06524581326164 -0.56148192501170302 8.0506740057593582 10.259449980490533 3.5385845181044884 6.0449505622874664 -7.1903556859725963 26.022382089079372 0.089475176266612055 -1.909250118137831 -15.514852082062024 5.1558552738096877 -16.999141122485206 -11.484091653250838 -1.4103166232064761 -33.711877826426665 -19.56377246710008 41.817192847900834 16.813067305141992 0.77414774450598112 10.468859466509707 0.30336778501192946 -10.143017035230177 8.7096326302350739 0.22953171219311191 -7.6558995441371174 39.199412727902065 83.770609196929215 28.51799156676903 199.18128889245045 6.5634414860230708
leaf_weight=90 496 26 125 300 88 109 49 705 38 31 20 24 28 8224 25 166 36 402 177 216 97 21 61 92 29 36 38 417 7905 31
leaf_count=90 496 26 125 300 88 109 49 705 38 31 20 24 28 8224 25 166 36 402 177 216 97 21 61 92 29 36 38 417 7905 31
internal_value=0.00117332 0.00235113 0.0006294 0.0001377 -0.000283262 -0.0011157 0.00162357 0.000351829 0.000441177 -0.000212082 -0.00167532 -0.00075 -0.00017455 -0.00016106 0.00122551 -0.00019778 -0.00160396 -0.00016485 0.000913907 0.00143023 -6.81817e-05 -0.0010678 0.00227302 0.00123529 0.002 0.00297741 0.00196552 0.00261373 0.00298489 0.00250413
internal_weight=20102 10865 2898 1939 1398 605 959 793 340 9237 231 200 9006 8978 541 8828 202 8626 302 516 176 118 619 153 150 7967 58 466 7941 121
internal_count=20102 10865 2898 1939 1398 605 959 793 340 9237 231 200 9006 8978 541 8828 202 8626 302 516 176 118 619 153 150 7967 58 466 7941 121
is_linear=0
shrinkage=0.03


Tree=103
num_leaves=31
num_cat=0
split_feature=25 17 8 18 28 3 12 11 24 4 17 8 25 28 18 25 22 23 11 23 17 7 19 10 7 25 4 24 7 7
split_gain=35.6979 10.0401 2.02318 1.8456 1.51435 2.05649 0.969611 1.27763 1.30672 0.797022 0.749558 0.744902 0.735 0.658689 0.64 0.631727 0.749483 0.617819 0.59936 0.596639 1.18972 0.582375 0.664156 0.579323 0.552887 0.512564 1.12802 0.601732 0.383259 0.631907
threshold=28922.492500000004 0.78437911297247498 17934.095000000005 0.91930442533403145 7.5000000000000009 31719.315000000006 12401.740000000002 9399.5750000000025 25741.743333333336 25052.045000000006 0.5770079335063566 17737.175000000007 17824.422500000004 4.5000000000000009 0.24256028598279955 18479.765000000003 18092.960000000003 1.0000000180025095e-35 9776.465000000002 598.90042681488853 0.52813924676535506 17789.216355 0.22509008887560569 31367.457500000004 30169.364143518749 20294.690000000006 17244.490000000002 12969.171666666667 18170.460790490626 22131.846493682853
decision_type=2 2 2 2 2 2 2 2 2 2 2 2 2 2 2 2 2 2 2 2 2 2 2 2 2 2 2 2 2 2
left_child=2 3 6 9 10 15 11 8 -8 -2 19 25 -7 18 -14 16 -6 23 -5 20 -4 -13 -23 -12 -19 27 -27 -1 -3 -30
right_child=1 28 4 13 5 12 7 -9 -10 -11 17 21 14 -15 -16 -17 -18 24 -20 -21 -22 22 -24 -25 -26 26 -28 -29 29 -31
leaf_value=-2.1784310373077749 -10.654778720846057 28.796655372803389 -0.73398615438258386 -24.410317364894386 13.416081726720829 -33.973271159552475 -17.525563774853531 173.75002824507092 -47.539694227856167 198.14776537205657 -7.8268792439854549 -6.0735977073686431 -43.334186571148287 58.048159764075017 3.4421321273677372 14.07977921987659 -4.9246051912114011 5.7038613057466403 -0.82671150711516683 0.1239405403675967 -6.9675665955616468 3.0671271737833505 -5.2999014182631337 5.0927437926096664 -9.9859174648658566 -25.463434975483505 4.3072856812972313 0.41746095327175864 -30.995769743247976 -3.7718956365838703
leaf_weight=4924 31 41 151 20 65 20 38 20 20 7912 34 20 20 32 80 1025 59 1054 37 447 75 27 32 44 123 49 61 2856 25 760
leaf_count=4924 31 41 151 20 65 20 38 20 20 7912 34 20 20 32 80 1025 59 1054 37 447 75 27 32 44 123 49 61 2856 25 760
internal_value=0.00116585 0.0025902 4.37568e-05 0.00291409 0.000682202 0.001487 -0.000209892 -0.00353846 -0.0057931 0.00296223 0.00015249 -0.000177312 -0.00225 -0.00138202 -0.0012 0.00187728 -0.000145161 0.000585657 -0.00331579 -0.000655275 -0.0019115 -0.00307595 -0.00157627 -0.002 0.000757009 -0.000148289 -0.00218182 -0.000119537 -0.000559322 -0.000707006
internal_weight=20102 8858 11244 8032 3197 1269 8047 78 58 7943 1928 7969 120 89 100 1149 124 1255 57 673 226 79 59 78 1177 7890 110 7780 826 785
internal_count=20102 8858 11244 8032 3197 1269 8047 78 58 7943 1928 7969 120 89 100 1149 124 1255 57 673 226 79 59 78 1177 7890 110 7780 826 785
is_linear=0
shrinkage=0.03


Tree=104
num_leaves=31
num_cat=0
split_feature=26 8 28 19 31 8 24 10 20 23 12 25 7 6 2 18 22 22 9 9 22 7 24 28 25 25 12 9 12 2
split_gain=35.9487 13.2393 1.45735 1.14066 1.21725 1.07201 1.01861 0.803684 0.733783 0.759152 0.729051 0.623708 0.902549 0.887911 0.838959 1.04348 0.676068 0.596853 0.557996 0.454387 0.446456 0.814172 0.636478 0.401403 0.332751 1.05673 0.324279 0.316711 0.305257 0.753064
threshold=6.5000000000000009 27999.740000000005 8.5000000000000018 0.25138237409101483 13.500000000000002 18538.760000000006 26062.223500000004 36179.630000000005 0.25592891553534763 839.77786637552447 5424.545000000001 42924.35500000001 50751.247100664274 44489.961284700003 46006.37000000001 0.89253883031511327 94354.317500000019 37583.160000000011 286157.09000000003 16038.220000000003 26348.265000000003 16023.301803669156 12969.171666666667 11.500000000000002 79069.565000000017 93837.585000000021 1962.0450000000003 88841.395000000019 2207.8500000000004 42255.970000000008
decision_type=2 2 2 2 2 2 2 2 2 2 2 2 2 2 2 2 2 2 2 2 2 2 2 2 2 2 2 2 2 2
left_child=11 2 3 8 6 7 -5 23 19 -10 -6 16 13 26 -15 -16 17 20 24 -2 22 -22 -1 -4 27 -26 -13 -14 29 -19
right_child=1 -3 5 4 10 -7 -8 -9 9 -11 -12 12 18 14 15 -17 -18 28 -20 -21 21 -23 -24 -25 25 -27 -28 -29 -30 -31
leaf_value=-2.2110263085373432 1.5362204445122762 190.36743007178188 9.0474252858501032 -2.2691011235134702 1.342100165638128 16.997275913101909 -78.741244095186588 -7.5699481997788327 -2.9649890680485305 4.9119502829888217 -5.9084814956917429 8.0205067943551906 -1.2691533358053151 -29.620095807322475 -12.510766930292316 -23.137332918524454 -12.642367145717055 -12.537257648026193 -12.489409278018908 10.008658495112227 8.9556265338011745 -16.670501676845863 1.0551849552469976 -0.51080907586995894 -13.376751007125696 2.2227788318725388 -21.864717580863207 65.729070527233432 46.950693471557443 52.28336378675673
leaf_weight=4915 828 7879 225 256 496 662 28 27 70 33 22 29 92 20 46 23 32 93 28 261 100 497 2896 78 29 97 20 103 127 90
leaf_count=4915 828 7879 225 256 496 662 28 27 70 33 22 29 92 20 46 23 32 93 28 261 100 497 2896 78 29 97 20 103 127 90
internal_value=0.00117033 0.00234008 0.000638982 0.000171515 -0.000703242 0.00157863 -0.00228169 0.000181818 0.000760067 -0.00166019 0.000162162 -0.000205586 -0.00125051 -0.00330435 -0.00508989 -0.00352174 -0.000147428 -0.000131452 -0.000438395 0.000988981 -0.000179115 -0.000969849 -0.000118679 0.000623762 -8.4112e-05 -0.00128571 -6.12244e-05 0.000692308 0.00116129 0.000377049
internal_weight=20102 10865 2986 1994 802 992 284 330 1192 103 518 9237 487 138 89 69 8750 8718 349 1089 8408 597 7811 303 321 126 49 195 310 183
internal_count=20102 10865 2986 1994 802 992 284 330 1192 103 518 9237 487 138 89 69 8750 8718 349 1089 8408 597 7811 303 321 126 49 195 310 183
is_linear=0
shrinkage=0.03


Tree=105
num_leaves=31
num_cat=0
split_feature=25 26 31 4 25 8 10 7 7 23 28 15 8 21 11 4 28 28 23 5 11 8 20 12 12 23 15 2 13 10
split_gain=35.8679 12.0527 2.36233 0.910616 0.833405 0.819238 0.797961 0.654355 1.11383 0.864082 0.632288 0.711473 0.587199 1.10452 0.550476 0.695942 0.526367 0.438119 0.69883 0.77545 0.61906 0.593052 0.434821 0.411373 0.721466 1.20206 0.71464 0.636823 0.37037 0.361268
threshold=28922.492500000004 7.5000000000000009 18.500000000000004 18345.750000000004 43413.912500000006 16898.162500000002 32856.092500000006 50751.247100664274 38833.053872976925 26338.82052119221 5.5000000000000009 1.0149328098543922 15525.757500000002 15964.55166666667 161753.01500000004 131620.79000000001 8.5000000000000018 1.5000000000000002 132.18886244444403 625.98500000000013 19539.010000000002 17934.095000000005 0.16478595945403265 3374.0200000000004 719.60000000000002 32491.825226710251 1.4348517616073824 44753.905000000006 7292.9350000000004 40176.835000000006
decision_type=2 2 2 2 2 2 2 2 2 2 2 2 2 2 2 2 2 2 2 2 2 2 2 2 2 2 2 2 2 2
left_child=2 4 17 5 23 12 16 8 28 -10 11 22 13 -4 -9 -16 -7 20 -19 -20 29 -21 -5 24 27 -26 -25 -2 -6 -1
right_child=1 -3 3 10 7 6 -8 14 9 -11 -12 -13 -14 -15 15 -17 -18 18 19 21 -22 -23 -24 26 25 -27 -28 -29 -30 -31
leaf_value=-5.9340580217709071 -8.5069869075062279 188.01759682534643 3.668657752275251 -0.42467723021304127 -6.9272935832051656 -3.1532009953106788 -4.1850909125045002 -0.20234050673719756 -19.770987122632928 -23.177064320980229 10.050998079810384 -5.3828251777739506 6.263948067412322 -6.2088216178386437 -17.750954203895329 -0.75495829095992351 21.174813122088878 13.148763103794389 -16.763175480254713 -1.0857232088785964 -9.3520399840738264 2.8375742832428377 9.8534439389635544 57.408656849032994 -4.6797528937059294 -35.093245589189692 -30.895511403924864 106.2881958237171 78.089644698589083 2.3267723305015067
leaf_weight=595 194 7840 113 148 30 38 23 300 33 50 773 24 105 32 23 27 30 162 20 6945 20 1872 135 130 73 20 25 89 24 209
leaf_count=595 194 7840 113 148 30 38 23 300 33 50 773 24 105 32 23 27 30 162 20 6945 20 1872 135 130 73 20 25 89 24 209
internal_value=0.00116585 0.00259359 4.10887e-05 0.00118438 -0.000477407 -0.000167155 -0.0026044 -0.00137372 -0.00313139 -0.00531325 0.00161111 0.000459283 0.00072 -0.000517241 -0.000685714 -0.0036 -0.000970588 -0.0001243 -6.36736e-05 -9.9468e-05 -0.000786408 -8.60836e-05 0.000879859 0.000344633 -0.000191489 -0.00248387 0.00164516 0.000561838 0.000222222 -0.000656716
internal_weight=20102 8858 11244 1421 1018 341 91 487 137 83 1080 307 250 145 350 50 68 9823 8999 8837 824 8817 283 531 376 93 155 283 54 804
internal_count=20102 8858 11244 1421 1018 341 91 487 137 83 1080 307 250 145 350 50 68 9823 8999 8837 824 8817 283 531 376 93 155 283 54 804
is_linear=0
shrinkage=0.03


Tree=106
num_leaves=31
num_cat=0
split_feature=26 4 28 17 8 25 7 1 26 7 22 3 11 4 7 31 2 31 15 14 17 4 0 25 28 11 15 26 12 6
split_gain=35.5188 13.0122 1.35817 1.11642 0.824587 0.792619 0.763358 0.845086 0.905496 0.683518 0.681225 0.639903 0.606812 0.659375 0.56575 0.46014 0.963442 0.457339 0.393245 0.391003 0.710644 0.703691 0.377092 0.663793 0.373498 0.467251 0.289797 0.272581 0.267663 0.164261
threshold=6.5000000000000009 28964.625000000004 8.5000000000000018 0.63276733492315196 19018.41 43413.912500000006 50751.247100664274 55189.550774771618 3.5000000000000004 45308.542411486073 94354.317500000019 20405.370000000006 161753.01500000004 131620.79000000001 59803.831141329305 14.500000000000002 18551.565000000006 26.500000000000004 1.0197759647808582 650.09000000000003 0.60511739670426368 2428.0300000000002 121787.07391293731 79069.565000000017 11.500000000000002 13088.520000000002 0.99216001214587868 3.5000000000000004 3374.0200000000004 80198.62743922013
decision_type=2 2 2 2 2 2 2 2 2 2 2 2 2 2 2 2 2 2 2 2 2 2 2 2 2 2 2 2 2 2
left_child=5 2 3 15 11 10 7 8 9 -7 14 18 22 -14 19 16 -2 -17 -4 21 -21 -1 23 -8 -6 -26 -5 29 -28 -16
right_child=1 -3 4 26 24 6 12 -9 -10 -11 -12 -13 13 -15 27 17 -18 -19 -20 20 -22 -23 -24 -25 25 -27 28 -29 -30 -31
leaf_value=-2.9632216864610119 0.22663644499275304 181.23396851520494 8.2193982116280093 14.17201025813638 29.124770101178527 6.0847612902402748 29.692250574980967 -25.127611055373109 -25.264804798302659 -19.959310143629519 -12.234430847660695 -5.816944128718867 -17.218425577778468 -1.3522175433395549 90.575304431019319 2.9662713393600533 -2.9365059310804473 -1.0079912868356413 -0.39282120836621182 0.21021238758324404 -3.8476811703141851 2.2871672211925285 158.06438562584592 -10.074213888075873 8.5032944174294673 -0.91712407861667433 0.48975197128467157 -42.933079716967988 8.824577533850082 127.04167002349379
leaf_weight=651 259 7856 210 134 483 60 189 20 31 22 32 25 23 26 86 473 374 342 127 2738 3579 1614 31 77 56 85 244 20 197 38
leaf_count=651 259 7856 210 134 483 60 189 20 31 22 32 25 23 26 86 473 374 342 127 2738 3579 1614 31 77 56 85 244 20 197 38
internal_value=0.00117182 0.00233456 0.000657029 0.000212061 0.00156998 -0.000195843 -0.00138413 -0.00331579 -0.00230973 -0.000658536 -0.000130852 0.000430939 -0.000641618 -0.00373469 -0.000114829 -0.000232044 -0.000838862 0.000239264 0.000774481 -0.00014612 -0.000267374 0.000192053 -0.000131313 -0.00049624 0.00223077 0.000872341 0.00133043 0.00175 0.000959184 0.00227419
internal_weight=20102 10865 3009 2023 986 9237 479 133 113 82 8758 362 346 49 8726 1448 633 815 337 8582 6317 2265 297 266 624 141 575 144 441 124
internal_count=20102 10865 3009 2023 986 9237 479 133 113 82 8758 362 346 49 8726 1448 633 815 337 8582 6317 2265 297 266 624 141 575 144 441 124
is_linear=0
shrinkage=0.03


Tree=107
num_leaves=31
num_cat=0
split_feature=25 26 31 8 25 16 16 22 27 7 13 7 17 0 25 25 10 1 1 10 31 22 14 15 27 22 24 6 29 17
split_gain=35.3592 12.2047 2.32937 0.897652 0.779503 0.752586 2.5549 0.651946 0.538715 1.05604 1.29183 0.501467 0.787152 0.850567 0.539892 0.889146 0.496799 0.448366 0.446426 0.436381 0.753458 0.751851 0.677391 0.515478 1.6461 0.488292 0.366235 0.796939 0.350551 0.352699
threshold=28922.492500000004 7.5000000000000009 18.500000000000004 18538.760000000006 43413.912500000006 -102.47940883215414 -67.373477644834551 48682.310000000005 10828.855000000001 30169.364143518749 6154.4300000000012 50751.247100664274 1.9733962273205639 46493.965041279276 79069.565000000017 93837.585000000021 32856.092500000006 41956.854230320314 49227.652139977348 11179.895000000002 9.5000000000000018 7138.2500000000009 446.89000000000004 0.59857046731849251 4288.3593750000009 836.95000000000016 55542.853333333347 68562.981287073126 2.5000000000000004 0.55199217101787734
decision_type=2 2 2 2 2 2 2 2 2 2 2 2 2 2 2 2 2 2 2 2 2 2 2 2 2 2 2 2 2 2
left_child=2 4 7 5 8 -4 -7 19 9 10 -2 12 13 -6 18 -16 -8 -9 -13 20 22 -22 -1 24 -21 -25 -10 -28 29 -5
right_child=1 -3 3 28 11 6 16 17 26 -11 -12 14 -14 -15 15 -17 -18 -19 -20 23 21 -23 -24 25 -26 -27 27 -29 -30 -31
leaf_value=0.65640469450128758 33.144880556411344 177.11874901680534 5.4183436366521569 -0.81085661450284141 -19.322124679400829 -8.225007172642119 1.9113212911445392 -32.421183065431187 17.340606251671453 2.8527880393331202 -28.380123665069561 -11.543961273905781 1.0959927678285657 -20.747630240881588 -10.869007226590892 -2.7308222781437199 -0.64693814148427153 -6.4497672555332324 40.853900702188866 -22.116760969486638 -0.74691808529311954 15.113854474729708 -4.2865982417255664 6.1179948337482255 0.72301122786202299 0.088987664475845385 -50.624484433415581 257.40510519493927 10.738645414853297 7.3005826193991954
leaf_weight=750 29 7840 111 100 43 26 268 36 328 83 27 22 39 55 31 114 33 34 183 22 267 190 2233 148 42 6101 25 39 657 226
leaf_count=750 29 7840 111 100 43 26 268 36 328 83 27 22 39 55 31 114 33 34 183 22 267 190 2233 148 42 6101 25 39 657 226
internal_value=0.00116585 0.00258343 4.9093e-05 0.00118438 -0.000506876 5.47946e-05 -0.000669725 -0.000115138 0.000288136 -0.00131655 -0.0045 -0.00137372 -0.00291241 -0.00434694 -0.000771428 -0.00217241 0.000109635 -0.003 0.000219512 -9.44324e-05 -0.000366279 0.000768053 -0.00054006 5.36988e-05 -0.002625 8.11331e-05 0.000857143 -0.00121875 0.00168769 0.000883436
internal_weight=20102 8858 11244 1421 1018 438 327 9823 531 139 56 487 137 98 350 145 301 70 205 9753 3440 457 2983 6313 64 6249 392 64 983 326
internal_count=20102 8858 11244 1421 1018 438 327 9823 531 139 56 487 137 98 350 145 301 70 205 9753 3440 457 2983 6313 64 6249 392 64 983 326
is_linear=0
shrinkage=0.03


Tree=108
num_leaves=31
num_cat=0
split_feature=8 26 31 21 20 2 8 13 16 16 19 3 3 18 11 15 16 3 7 3 9 27 23 2 16 2 29 15 12 21
split_gain=35.55 12.0202 2.30647 0.793216 1.38611 1.54051 0.744185 0.74118 0.70506 1.9888 0.624319 0.468526 0.701597 0.635436 1.28859 0.718532 0.467416 0.466209 0.633597 0.671086 0.575958 0.900287 0.885828 0.524696 0.434901 1.32847 0.392765 0.485364 0.352276 0.360851
threshold=28926.997500000005 7.5000000000000009 18.500000000000004 41473.351666666676 0.33002340009404335 58893.685000000012 18538.760000000006 28681.250000000004 -102.47940883215414 -67.373477644834551 0.36571367782771685 12883.635000000002 11331.525000000003 4948.0296415546882 2087.2450000000003 1.4653405855671953 278.22539849226274 28466.820000000003 10200.585839123401 29125.780000000002 19181.930000000004 14384.985555555557 132.18886244444403 9722.4550000000017 14470.965216926192 50649.455000000009 2.5000000000000004 1.0149328098543922 7557.0300000000007 25359.49666666667
decision_type=2 2 2 2 2 2 2 2 2 2 2 2 2 2 2 2 2 2 2 2 2 2 2 2 2 2 2 2 2 2
left_child=2 3 11 28 7 -6 8 10 -4 -10 -5 12 24 15 -15 -14 -11 20 23 -20 21 -13 -22 -19 25 -1 27 -8 29 -2
right_child=1 -3 6 4 5 -7 26 -9 9 16 -12 17 13 14 -16 -17 -18 18 19 -21 22 -23 -24 -25 -26 -27 -28 -29 -30 -31
leaf_value=-1.1971691990395286 -15.881603879792666 183.27224325845199 5.255793327552623 -3.6181907367222719 -34.011197625486723 -34.464601770920517 5.2154181253256668 106.94455479015275 -7.9782569574628548 2.4996486663919031 -35.366841722447617 0.3850057704217037 -1.2566684209959256 -20.357837481082669 5.3762227865097421 -19.254708965875896 -0.68829122538079046 -13.722738833820516 -8.2986221913161451 1.1723925359919851 -7.7499188816124995 -19.515867067436787 13.314321584979432 -11.907084793293322 20.269745674697109 -25.618206870301265 10.413460417672102 -3.5755157122642518 113.51272567999328 4.4340595750616423
leaf_weight=5069 69 7750 111 433 32 22 320 55 26 203 28 2468 194 52 30 24 98 95 77 912 24 207 575 26 149 37 696 31 44 245
leaf_count=5069 69 7750 111 433 32 22 320 55 26 203 28 2468 194 52 30 24 98 95 77 912 24 207 575 26 149 37 696 31 44 245
internal_value=0.00115839 0.0026059 5.88236e-05 -0.00062069 -0.00131579 -0.00588889 0.00116162 -0.000837209 0.000123288 -0.000577982 -0.00122993 -0.000105946 -0.000288929 -0.0017 -0.00395122 -0.000853211 0.000109635 0.000125913 -0.000405405 -0.000154702 0.000306048 0.000117757 0.00114691 -0.00245455 -0.000208373 -0.000254994 0.00159599 0.000777778 0.000486034 0.000133758
internal_weight=20102 8678 11424 928 570 54 1485 516 438 327 461 9939 5555 300 82 218 301 4384 1110 989 3274 2675 599 121 5255 5106 1047 351 358 314
internal_count=20102 8678 11424 928 570 54 1485 516 438 327 461 9939 5555 300 82 218 301 4384 1110 989 3274 2675 599 121 5255 5106 1047 351 358 314
is_linear=0
shrinkage=0.03


Tree=109
num_leaves=31
num_cat=0
split_feature=8 26 31 4 8 28 16 21 20 14 4 8 27 27 4 19 28 31 13 28 2 8 8 22 25 14 14 14 18 2
split_gain=35.1116 11.7805 2.24103 0.757203 0.664811 0.990189 1.4731 0.635488 1.30452 0.958416 0.882589 0.587199 1.15363 0.578276 0.651042 0.528358 0.486683 0.576797 0.558516 0.421593 0.709925 1.06103 0.664987 0.935985 0.653822 2.04699 0.546919 0.76645 0.579805 0.530196
threshold=28926.997500000005 7.5000000000000009 18.500000000000004 18345.750000000004 16898.162500000002 8.5000000000000018 -102.47940883215414 41473.351666666676 0.38456330972698188 29963.780000000002 37253.325000000004 15525.757500000002 1942.0343750000002 10828.855000000001 27328.140000000003 0.36571367782771685 7.5000000000000009 26.500000000000004 5120.0150000000012 1.5000000000000002 19218.400000000005 20315.625000000004 17934.095000000005 94354.317500000019 17824.422500000004 10873.435000000001 2872.1950000000002 1550.7250000000001 8184.2490966235937 27875.970000000005
decision_type=2 2 2 2 2 2 2 2 2 2 2 2 2 2 2 2 2 2 2 2 2 2 2 2 2 2 2 2 2 2
left_child=2 7 19 4 11 6 -6 10 9 15 13 12 -4 14 -2 -9 17 -5 -19 20 26 -22 24 -24 -21 -26 27 -1 -28 -23
right_child=1 -3 3 16 5 -7 -8 8 -10 -11 -12 -13 -14 -15 -16 -17 -18 18 -20 22 21 29 23 -25 25 -27 28 -29 -30 -31
leaf_value=-4.8100586003732158 -15.985291347372559 177.77407596069841 4.9029637572203049 8.2327363052809179 2.1513887537948975 17.49573262317946 -4.6291452016121548 -5.2216462506420864 -47.469739065419219 102.0787874676417 40.114254081015218 5.8920765379882249 -4.6610140049669466 5.437619284344736 -7.7969294014223518 -37.441186817283906 11.804998815326298 9.012084073234254 -1.2609284263336653 -0.43379676690714475 -7.2117648437178863 -2.1203601172431665 3.4082019506017591 -18.325773802353197 2.2309868890192535 -29.02802986624269 7.4661867866999163 -11.068928605536188 -19.696307666216498 -18.896801999128719
leaf_weight=258 24 7750 88 201 20 38 33 424 33 89 120 105 57 174 40 24 628 138 177 6817 28 150 1962 20 189 124 245 82 44 20
leaf_count=258 24 7750 88 201 20 38 33 424 33 89 120 105 57 174 40 24 628 138 177 6817 28 150 1962 20 189 124 245 82 44 20
internal_value=0.00116735 0.0026059 7.45799e-05 0.00116162 -7.91788e-05 -0.00227473 -0.00492453 -0.000588362 -0.00121053 -0.000854748 0.000402235 0.00072 -0.000517241 -0.000655462 -0.00309375 -0.00141964 0.00153147 0.000848837 4.76192e-05 -8.78357e-05 -0.000736396 -0.00230303 -2.89727e-05 0.000457114 -0.000164095 -0.00150479 -0.000243243 -0.00105882 0.000716263 -0.00141176
internal_weight=20102 8678 11424 1485 341 91 53 928 570 537 358 250 145 238 64 448 1144 516 315 9939 827 198 9112 1982 7130 313 629 340 289 170
internal_count=20102 8678 11424 1485 341 91 53 928 570 537 358 250 145 238 64 448 1144 516 315 9939 827 198 9112 1982 7130 313 629 340 289 170
is_linear=0
shrinkage=0.03


Tree=110
num_leaves=31
num_cat=0
split_feature=25 26 31 17 23 18 8 20 31 23 18 18 7 20 28 2 12 10 10 26 23 5 7 9 10 22 8 17 13 12
split_gain=35.2047 12.3308 1.71592 0.709195 0.688671 0.638634 0.601277 0.675284 0.723512 0.680774 0.576514 0.609471 0.70812 0.538123 0.422414 0.637554 0.658231 2.3459 0.566049 0.660981 0.557539 0.782605 0.480869 0.448395 0.416688 0.323089 0.305339 0.294417 0.262046 0.304584
threshold=28922.492500000004 7.5000000000000009 18.500000000000004 0.63276733492315196 1161.8446885868518 0.48678003196945091 45108.645000000011 0.33002340009404335 6.5000000000000009 141555.82800281918 0.42415576095854207 1.2960313400333152 49136.937308457251 0.25861056994574488 1.5000000000000002 17424.280000000002 3147.8650000000002 32856.092500000006 21968.115000000002 3.5000000000000004 132.18886244444403 625.98500000000013 1731.5239243750002 19060.650000000005 329083.84000000008 11703.160000000002 33393.410000000011 2.3795112442195574 7246.1100000000006 3177.2800000000002
decision_type=2 2 2 2 2 2 2 2 2 2 2 2 2 2 2 2 2 2 2 2 2 2 2 2 2 2 2 2 2 2
left_child=2 6 14 4 5 -4 10 8 9 -8 24 12 -12 -7 15 18 23 -18 19 -1 -16 -22 -23 -17 25 -2 -26 -13 29 -6
right_child=1 -3 3 -5 28 13 7 -9 -10 -11 11 27 -14 -15 20 16 17 -19 -20 -21 21 22 -24 -25 26 -27 -28 -29 -30 -31
leaf_value=-10.422936454567727 -5.8653375803472336 161.62363810979619 15.49964736097828 10.051626740526181 -0.71665048915844909 0.36922923757509402 -4.3456211135836442 -24.180852182056093 108.94575408426067 -2.6928235262806242 -16.175160092704814 4.653114695301154 87.39804290180092 -3.0118113252244392 12.637648212319764 4.5122567847467776 -7.3012179509513526 -3.3691355123445241 4.2097927952339829 11.256191430837422 -16.142346546653389 8.734251886626927 -0.33798408414094955 -4.7091476405925023 22.183166020065578 46.163333809472419 -46.709424854748953 -31.995565499699598 25.607612459817268 8.0300684710801509
leaf_weight=299 20 7840 66 341 33 696 260 31 78 21 149 193 42 24 162 94 24 99 242 46 20 165 8652 20 33 141 30 20 144 117
leaf_count=299 20 7840 66 341 33 696 260 31 78 21 149 193 42 24 162 94 24 99 242 46 20 165 8652 20 33 141 30 20 144 117
internal_value=0.00115541 0.00256988 4.10887e-05 0.00101548 0.000638889 0.000175573 -0.000536346 -0.00146154 -0.00109471 -0.00180427 3.82167e-05 -0.000638614 -0.00186911 -8.33332e-05 -9.98675e-05 -0.00075 -0.00206329 -0.00358537 -0.000219761 -0.001 -4.03377e-05 -7.23095e-05 -5.88634e-05 -0.000421053 0.00125893 0.00206832 -0.000809524 0.000464789 0.00187755 0.001
internal_weight=20102 8858 11244 1421 1080 786 1018 390 359 281 628 404 191 720 9823 824 237 123 587 345 8999 8837 8817 114 224 161 63 213 294 150
internal_count=20102 8858 11244 1421 1080 786 1018 390 359 281 628 404 191 720 9823 824 237 123 587 345 8999 8837 8817 114 224 161 63 213 294 150
is_linear=0
shrinkage=0.03


Tree=111
num_leaves=31
num_cat=0
split_feature=8 26 31 11 21 20 14 19 4 27 25 28 2 8 25 11 15 20 2 4 23 4 28 7 28 19 20 14 8 25
split_gain=35.0206 12.4237 2.13058 0.864258 0.603489 1.11122 0.773022 0.817874 0.708428 0.827247 0.556632 0.508716 0.676506 0.661724 0.679989 0.654548 0.516879 0.504651 0.593651 0.614119 0.403365 0.448568 0.361248 0.308182 0.224138 0.226255 0.247733 0.184693 0.301659 0.0521076
threshold=29692.130000000005 7.5000000000000009 18.500000000000004 14089.440000000002 42639.121666666673 0.38456330972698188 29963.780000000002 0.36571367782771685 37253.325000000004 8027.625694444444 49118.107500000006 1.5000000000000002 28554.085000000003 17934.095000000005 17824.422500000004 19539.010000000002 0.99896277921292809 0.2287529399908754 23421.960000000003 17483.455000000005 1564.241835609396 26519.905000000002 2.5000000000000004 56490.23866774726 8.5000000000000018 0.29063422872196509 0.18544644485860853 11179.310000000003 38327.630000000005 30419.057500000003
decision_type=2 2 2 2 2 2 2 2 2 2 2 2 2 2 2 2 2 2 2 2 2 2 2 2 2 2 2 2 2 2
left_child=2 4 10 17 8 6 7 -6 9 -2 11 12 15 14 -13 -1 -15 20 19 -19 21 -4 -8 -11 25 26 -5 -10 -29 -3
right_child=1 29 3 24 5 -7 22 -9 27 23 -12 13 -14 16 -16 -17 -18 18 -20 -21 -22 -23 -24 -25 -26 -27 -28 28 -30 -31
leaf_value=-3.1622536637397824 -14.227827470117285 36.314825925225591 1.9437642891404106 12.561473309630616 -4.6948362476939653 -45.275636936842076 -1.8456687908088061 -39.310549167711514 50.219092933335546 -5.722444668256804 -11.253835568460861 -0.41064334137570158 -15.876861238086507 -0.042450868888670279 -9.8451157636417488 -8.3200817024256661 5.1024775202307646 -3.98714924212456 -6.0650342448289418 9.9805406570386328 20.550432911921764 -5.3856203438083288 110.05694731020016 255.93930923672565 19.564068457853018 -2.1921203360661994 1.1133943581968118 56.176869346446338 -6.5177623711318411 194.66470532056803
leaf_weight=796 33 76 728 213 406 30 29 20 73 162 29 6817 24 977 304 20 1078 46 20 53 69 23 55 26 262 30 94 25 26 7558
leaf_count=796 33 76 728 213 406 30 29 20 73 162 29 6817 24 977 304 20 1078 46 20 53 69 23 55 26 262 30 94 25 26 7558
internal_value=0.00114198 0.00260207 6.81172e-05 0.00110793 -0.000762712 -0.00138889 -0.00105882 -0.00157746 0.000217391 -0.000800905 -9.109e-05 -7.90734e-05 -0.000785714 -1.43852e-05 -0.000151243 -0.000639706 0.000459854 0.000539936 -0.00128571 -0.000333333 0.000804878 0.000603196 0.00157143 -3.19148e-05 0.00199833 0.00148665 0.00172964 0.00203226 0.000647059 0.00299214
internal_weight=20102 8519 11583 1538 885 540 510 426 345 221 10045 10016 840 9176 7121 816 2055 939 119 99 820 751 84 188 599 337 307 124 51 7634
internal_count=20102 8519 11583 1538 885 540 510 426 345 221 10045 10016 840 9176 7121 816 2055 939 119 99 820 751 84 188 599 337 307 124 51 7634
is_linear=0
shrinkage=0.03


Tree=112
num_leaves=31
num_cat=0
split_feature=8 26 31 11 21 20 14 25 28 2 11 8 25 20 2 27 15 22 23 22 28 21 27 5 10 28 15 23 5 11
split_gain=35.0206 12.1746 2.05139 0.805918 0.670598 1.11122 0.773022 0.557433 0.513037 0.676506 0.654548 0.6128 0.594442 0.504651 0.593651 0.611111 0.487124 0.437126 0.403365 0.447742 0.361248 0.342615 0.827383 0.348301 0.457372 0.182408 0.21073 0.200964 0.156716 0.292105
threshold=29692.130000000005 7.5000000000000009 18.500000000000004 14089.440000000002 42639.121666666673 0.38456330972698188 29963.780000000002 49118.107500000006 1.5000000000000002 28554.085000000003 19539.010000000002 17934.095000000005 17824.422500000004 0.2287529399908754 23421.960000000003 2046.1083333333338 0.99896277921292809 39738.000000000007 1564.241835609396 24481.215 2.5000000000000004 25359.49666666667 17432.116250000003 31234.295733836745 61962.825000000004 8.5000000000000018 1.0171335317085513 246.85155896253977 30362.962800251455 16737.200000000004
decision_type=2 2 2 2 2 2 2 2 2 2 2 2 2 2 2 2 2 2 2 2 2 2 2 2 2 2 2 2 2 2
left_child=2 4 7 13 21 6 17 8 9 10 -1 12 -10 18 15 -15 -13 -6 19 -4 -8 22 -2 -23 -25 26 27 -5 29 -3
right_child=1 28 3 25 5 -7 20 -9 11 -11 -12 16 -14 14 -16 -17 -18 -19 -20 -21 -22 23 -24 24 -26 -27 -28 -29 -30 -31
leaf_value=-3.0673860538275659 -23.633151486226108 -0.61883122028020832 2.1235978541226594 -1.2462124039088629 -34.987766083559393 -43.917367828736808 -1.7902987270845432 -10.916220501407034 -0.39832404113443048 -15.400555400943862 -8.0704792513528947 -0.041177342822011194 -9.5497622907325201 -5.107207338940368 -5.8830832174841028 3.3268394980789173 4.9494031946238364 -3.0135035097651213 19.933919924564126 -1.6442016093048879 106.75523889089415 24.388798585548187 48.176187052827416 -2.9741531352550465 44.950106558867759 18.977146404117402 -0.84998379680143576 8.1894388532697988 185.25355771440982 43.294115515479859
leaf_weight=796 34 20 689 22 77 30 29 29 6817 24 20 977 304 24 20 75 1078 349 69 62 55 72 39 119 81 262 20 295 7577 37
leaf_count=796 34 20 689 22 77 30 29 29 6817 24 20 977 304 24 20 75 1078 349 69 62 55 72 39 119 81 262 20 295 7577 37
internal_value=0.00114198 0.00260207 6.81172e-05 0.00108843 -0.000728813 -0.00138889 -0.00105882 -8.81034e-05 -7.60782e-05 -0.000785714 -0.000639706 -1.11158e-05 -0.000142817 0.000539936 -0.00128571 -0.000333333 0.000445256 -0.00157746 0.000804878 0.000603196 0.00157143 0.000304348 -0.00152055 0.000794118 0.00015 0.00194825 0.00148665 0.00167508 0.00298821 0.00142105
internal_weight=20102 8519 11583 1538 885 540 510 10045 10016 840 816 9176 7121 939 119 99 2055 426 820 751 84 345 73 272 200 599 337 317 7634 57
internal_count=20102 8519 11583 1538 885 540 510 10045 10016 840 816 9176 7121 939 119 99 2055 426 820 751 84 345 73 272 200 599 337 317 7634 57
is_linear=0
shrinkage=0.03


Tree=113
num_leaves=31
num_cat=0
split_feature=25 26 31 17 23 18 31 28 7 20 13 14 14 23 5 18 5 11 20 12 12 0 11 15 20 16 15 25 21 0
split_gain=34.6812 13.0405 1.6781 0.820059 0.667229 0.612954 0.584582 0.505937 0.597627 0.672341 1.65691 0.660803 0.69593 0.555813 0.786876 0.533213 0.52325 0.508836 0.383257 0.997676 1.35874 1.18327 0.854456 0.843854 0.625 0.539796 0.654881 0.438731 0.771429 0.408782
threshold=29773.650000000005 7.5000000000000009 18.500000000000004 0.63276733492315196 1414.1106379634141 0.48678003196945091 22.500000000000004 1.5000000000000002 17356.802145377795 0.17782048182677604 6105.4250000000002 3107.1550000000002 1550.7250000000001 132.18886244444403 625.98500000000013 8184.2490966235937 18733.124003906254 19539.010000000002 0.10004402016610127 719.60000000000002 2301.9600000000005 103708.86129107491 14384.015000000001 1.4348517616073824 0.20172262019083906 5777.3315379927526 0.85222382673839958 44803.665000000008 50385.236666666679 109349.51273467159
decision_type=2 2 2 2 2 2 2 2 2 2 2 2 2 2 2 2 2 2 2 2 2 2 2 2 2 2 2 2 2 2
left_child=2 18 7 4 5 -4 -7 8 11 17 -11 12 -1 -9 -15 -13 -16 -10 19 25 22 -22 -21 27 -25 26 -2 -20 -29 -27
right_child=1 -3 3 -5 -6 6 -8 13 9 10 -12 15 -14 14 16 -17 -18 -19 23 20 21 -23 -24 24 -26 29 -28 28 -30 -31
leaf_value=-4.7759208855842754 1.3504685754486783 159.44466090882378 14.902137799564654 9.4436672218881554 14.609415720047579 4.3684876346292878 -0.44581507787010172 11.96671266504298 -0.12149826224061962 -3.1176716025172326 -14.934050283469411 8.8270043418077577 -9.933014406803613 -15.633807128778487 -0.91667991312173924 -18.291547245498357 1.8594339851944757 -6.8200060827420774 71.379468756457413 -24.682536188266795 28.128229406392602 -18.97372009612857 -8.3506042991715166 97.454496452099789 -33.103958307549583 43.227076406394694 -13.204313218467918 -13.000172032368038 37.591219891059886 -10.440736320643918
leaf_weight=253 166 7731 69 358 173 211 657 163 146 56 27 205 89 20 6177 40 2736 22 118 37 82 31 49 20 20 147 174 21 84 20
leaf_count=253 166 7731 69 358 173 211 657 163 146 56 27 205 89 20 6177 40 2736 22 118 37 82 31 49 20 20 147 174 21 84 20
internal_value=0.00113899 0.00256552 5.05176e-05 0.000997275 0.000594595 0.000278549 6.22121e-05 -8.93899e-05 -0.000794749 -0.00201992 -0.00422892 -0.000270869 -0.00112281 -2.44062e-05 -5.60841e-05 0.000918367 -4.27464e-05 -0.000928571 -0.00071517 -0.00107932 -0.0028794 -0.000716814 -0.00572093 0.000262358 -0.00375 -0.000372781 -0.00105882 0.000982063 -0.000428571 0.00102395
internal_weight=20102 8700 11402 1468 1110 937 868 9934 838 251 83 587 342 9096 8933 245 8913 168 969 706 199 113 86 263 40 507 340 223 105 167
internal_count=20102 8700 11402 1468 1110 937 868 9934 838 251 83 587 342 9096 8933 245 8913 168 969 706 199 113 86 263 40 507 340 223 105 167
is_linear=0
shrinkage=0.03


Tree=114
num_leaves=31
num_cat=0
split_feature=8 17 18 31 3 17 11 23 18 5 9 3 8 15 22 18 9 5 8 5 16 18 1 22 12 8 3 13 17 23
split_gain=34.4191 10.5973 2.07083 1.94318 0.907981 0.874099 0.760652 0.683164 0.668736 1.6141 0.633865 0.611239 0.994401 0.680048 0.601252 0.585167 0.556963 1.12578 0.823463 0.703101 0.552343 0.496272 0.846749 0.576928 0.452599 0.660781 0.229512 0.208384 0.275132 0.171092
threshold=29692.130000000005 0.78437911297247498 1.7101111504220003 18.500000000000004 36440.320000000007 0.63276733492315196 7352.3050000000012 1414.1106379634141 0.13974035710326033 50737.483503354168 1849.6850000000002 68066.175000000017 33393.410000000011 0.77182500516415042 94354.317500000019 0.48678003196945091 92692.945000000022 49845.892578125007 17934.095000000005 31607.230423524383 -150.95282914351898 40737.12706550664 49227.652139977348 34873.605000000003 4537.0650000000014 17361.400000000005 117337.60000000002 6833.1100000000015 0.5738754601902849 378.34310629243492
decision_type=2 2 2 2 2 2 2 2 2 2 2 2 2 2 2 2 2 2 2 2 2 2 2 2 2 2 2 2 2 2
left_child=3 2 6 14 -4 7 10 15 9 -3 -2 21 -13 -14 16 -5 17 19 -19 -1 -17 23 -23 -10 26 -26 -18 28 -9 -7
right_child=1 8 4 5 -6 29 -8 27 11 -11 -12 12 13 -15 -16 20 24 18 -20 -21 -22 22 -24 -25 25 -27 -28 -29 -30 -31
leaf_value=-0.56540894503999428 77.195152497284084 -42.592492723755747 12.334640759773398 14.455073665577759 -14.944006044983137 2.7364556867592107 166.40866632601927 -1.5272046222797113 -6.1753385079466314 36.836156742632532 -29.238014981574231 -29.302675149915952 12.248048173073293 -13.735564875035738 -15.122326338873796 3.8558853330831875 136.77623158992932 -54.626129877762438 -16.66545095673025 19.068348945052708 -0.31958448783775617 -7.8466800496234104 188.66792328142532 8.9913404866141882 -31.985851552993491 94.101544501976178 0.10023362217380551 23.084368390747898 11.802922572251932 13.838227873536187
leaf_weight=9413 37 31 29 69 28 76 7686 28 140 24 26 22 93 134 34 202 117 23 29 307 698 25 21 223 38 53 31 128 26 311
leaf_count=9413 37 31 29 69 28 76 7686 28 140 24 26 22 93 134 34 202 117 23 29 307 698 25 21 223 38 53 31 128 26 311
internal_value=0.00114048 0.00258798 0.00290776 7.58872e-05 -0.00278947 0.00106892 0.00294967 0.000654214 -0.000913043 -0.00409091 -0.000333333 -0.000647416 -0.00181928 -0.00122907 -7.61572e-05 0.000337461 -6.2631e-05 -9.76258e-05 -0.0045 -7.4074e-05 0.000133333 6.60148e-05 -0.00286957 0.000438017 0.0013682 -0.000296703 0.00239189 0.00234066 0.000777778 0.00230233
internal_weight=20102 8519 7806 11583 57 1538 7749 1151 713 55 63 658 249 227 10045 969 10011 9772 52 9720 900 409 46 363 239 91 148 182 54 387
internal_count=20102 8519 7806 11583 57 1538 7749 1151 713 55 63 658 249 227 10045 969 10011 9772 52 9720 900 409 46 363 239 91 148 182 54 387
is_linear=0
shrinkage=0.03


Tree=115
num_leaves=31
num_cat=0
split_feature=8 26 31 17 23 22 28 8 31 21 4 27 7 12 1 5 21 31 3 1 14 12 4 21 0 3 14 21 13 17
split_gain=34.6779 12.5443 1.84252 0.878198 0.709561 0.59855 0.444436 1.09653 0.667619 0.44338 0.656318 1.14509 0.627159 1.03761 1.34062 0.56053 0.437529 0.422644 0.859326 2.17396 0.504498 0.679523 0.636356 0.384897 0.375131 0.364679 0.288583 0.402661 0.208384 0.275132
threshold=29692.130000000005 7.5000000000000009 18.500000000000004 0.63487504603846012 1414.1106379634141 94354.317500000019 8.5000000000000018 15356.6075 26.500000000000004 42639.121666666673 37253.325000000004 8027.625694444444 57237.927740441308 13908.035000000002 45454.679120289373 106422.78610268979 76145.730000000025 3.5000000000000004 35035.385000000009 35475.073317505776 111.05500000000002 1511.7850000000003 2428.0300000000002 107342.94750000001 33806.166138016131 13637.01 11179.310000000003 36349.35333333334 6833.1100000000015 0.5738754601902849
decision_type=2 2 2 2 2 2 2 2 2 2 2 2 2 2 2 2 2 2 2 2 2 2 2 2 2 2 2 2 2 2
left_child=2 9 5 4 6 17 8 -8 -4 10 11 -2 13 14 -11 16 -14 18 25 -20 22 -22 -19 -17 -13 -1 -12 -28 29 -6
right_child=1 -3 3 -5 28 -7 7 -9 -10 12 26 24 15 -15 -16 23 -18 20 19 -21 21 -23 -24 -25 -26 -27 27 -29 -30 -31
leaf_value=-3.3027235147967398 -13.04217673716537 162.17155183647139 2.161147496041655 10.242201595653409 -1.4813884836113691 -14.668656548707581 -1.2566868622747784 13.113552328182188 -1.7229070184742989 29.666027995654488 48.125602285743973 -10.746532180979319 -2.7176020243473893 -29.746168203285912 -23.657487174706876 -39.823678407912304 125.31460337856015 -2.5703704607215418 -34.961685499643565 10.070126366354039 -2.3029944343404245 0.68706922721517005 8.7221657624366706 -2.6714763877830405 42.490051221919479 1.2862903515260433 161.55448553730346 -3.9604655142603571 22.391837339025464 11.448834895084341
leaf_weight=1700 33 7634 228 378 28 34 41 362 347 86 73 97 128 27 95 20 89 273 43 48 3209 3075 842 95 91 821 23 28 128 26
leaf_count=1700 33 7634 228 378 28 34 41 362 347 86 73 97 128 27 95 20 89 273 43 48 3209 3075 842 95 91 821 23 28 128 26
internal_value=0.00113153 0.00258446 6.29372e-05 0.00102991 0.00062069 -8.51169e-05 0.000300614 0.00106452 -0.000234782 -0.00079661 4.34784e-05 -0.000936651 -0.00133333 -0.002625 -0.00180663 -0.000524096 0.000373272 -7.16211e-05 -0.000399694 -0.00326374 4.41953e-05 -6.01527e-05 0.000632287 -0.00221739 -3.19148e-05 -0.000296311 0.00179032 5.88236e-05 0.00234066 0.000777778
internal_weight=20102 8519 11583 1538 1160 10045 978 403 575 885 345 221 540 208 181 332 217 10011 2612 91 7399 6284 1115 115 188 2521 124 51 182 54
internal_count=20102 8519 11583 1538 1160 10045 978 403 575 885 345 221 540 208 181 332 217 10011 2612 91 7399 6284 1115 115 188 2521 124 51 182 54
is_linear=0
shrinkage=0.03


Tree=116
num_leaves=31
num_cat=0
split_feature=25 26 31 17 23 22 16 15 11 8 24 9 12 12 15 23 25 8 0 18 8 20 3 3 17 0 31 16 2 13
split_gain=34.1232 13.3584 1.56887 0.778682 0.804208 0.66751 0.641003 1.27202 0.573635 0.769892 0.712641 0.568246 0.459171 1.38515 1.07335 1.00576 1.57342 0.562401 0.662483 0.568982 0.517547 1.21349 0.498192 0.415243 0.397284 0.37288 0.708169 0.307114 0.229157 0.206253
threshold=30419.057500000003 7.5000000000000009 18.500000000000004 0.63487504603846012 1414.1106379634141 54759.465000000004 -150.95282914351898 0.99645052892655539 17363.130000000005 30278.245000000003 7873.4383333333344 22494.190000000002 3374.0200000000004 719.60000000000002 2.28875261561442 34566.677603075448 51798.477500000001 87143.410000000018 65870.087600332583 0.77951141171970195 42616.950000000004 0.38456330972698188 47143.695000000007 67110.575000000026 0.49297028148839295 30720.339136221486 14.500000000000002 -357.68256218660821 18301.420000000002 6833.1100000000015
decision_type=2 2 2 2 2 2 2 2 2 2 2 2 2 2 2 2 2 2 2 2 2 2 2 2 2 2 2 2 2 2
left_child=2 12 5 4 6 8 27 -8 9 24 -10 -12 13 17 20 22 -17 18 -2 -19 -14 -22 -15 -7 -1 26 -3 -4 -5 -6
right_child=1 25 3 28 29 23 7 -9 10 -11 11 -13 14 15 -16 16 -18 19 -20 -21 21 -23 -24 -25 -26 -27 -28 -29 -30 -31
leaf_value=0.44642638129578899 -3.8986151929574384 -1.8079839533827906 0.61453915595876307 0.17661207336668711 6.7700756817294865 -40.735418842976586 -4.1020006271970866 0.76850923196206389 -14.343089704051401 -34.266147497829373 14.427812918455237 0.38639116397102397 77.046924382269253 -1.013006852448292 -16.958102293459682 -32.483853708378746 -2.4135975344254876 -3.6167548895725137 105.50333600390775 21.967480893968915 1.5863376038063106 -38.187928784701192 -22.609919194453422 -5.2682681539558178 -1.081384316066929 170.54743230821288 29.180011263146159 7.2508876542201968 11.512242740303 21.505931391881898
leaf_weight=3110 324 23 70 25 55 22 99 642 30 25 432 708 139 65 23 22 27 34 95 29 129 20 24 35 5685 7545 43 151 337 134
leaf_count=3110 324 23 70 25 55 22 99 642 30 25 432 708 139 65 23 22 27 34 95 29 129 20 24 35 5685 7545 43 151 337 134
internal_value=0.00111959 0.00255748 5.70935e-05 0.0009577 0.000576021 -7.85308e-05 0.000224532 -0.00019838 -6.00599e-05 -0.000142857 0.000564103 0.000684211 -0.000834586 -0.00130645 0.000106109 -0.00395652 -0.00740816 -0.000547718 -0.000150358 -0.00319048 0.000604167 -0.000624161 -0.00205618 -0.00331579 -0.000127913 0.00297241 0.000727273 0.00164253 0.00217127 0.00236508
internal_weight=20102 8542 11560 1513 1151 10047 962 741 9990 8820 1170 1140 931 620 311 138 49 482 419 63 288 149 89 57 8795 7611 66 221 362 189
internal_count=20102 8542 11560 1513 1151 10047 962 741 9990 8820 1170 1140 931 620 311 138 49 482 419 63 288 149 89 57 8795 7611 66 221 362 189
is_linear=0
shrinkage=0.03


Tree=117
num_leaves=31
num_cat=0
split_feature=25 26 31 17 23 16 15 22 28 2 11 8 25 15 8 20 15 15 20 20 18 31 7 31 18 16 2 13 17 28
split_gain=34.1483 12.8828 1.49172 0.804335 0.827812 0.669507 1.23969 0.523978 0.48166 0.750789 0.672629 0.61972 0.642431 0.468239 0.440211 0.65105 0.719835 0.610344 0.782609 0.586362 0.649086 0.499862 0.431379 0.561404 0.361765 0.307114 0.229157 0.206253 0.280519 0.102284
threshold=30419.057500000003 7.5000000000000009 18.500000000000004 0.63487504603846012 1414.1106379634141 -150.95282914351898 0.99645052892655539 94354.317500000019 1.5000000000000002 28554.085000000003 19539.010000000002 17934.095000000005 17824.422500000004 0.99896277921292809 45108.645000000011 0.33002340009404335 0.66383809896941237 1.8298464202560412 0.023837049649565099 0.15045086419038753 0.48356104842065162 6.5000000000000009 30470.700647605034 14.500000000000002 0.13974035710326033 -357.68256218660821 18301.420000000002 6833.1100000000015 0.5738754601902849 4.5000000000000009
decision_type=2 2 2 2 2 2 2 2 2 2 2 2 2 2 2 2 2 2 2 2 2 2 2 2 2 2 2 2 2 2
left_child=2 14 7 4 5 25 -7 8 9 10 -1 12 -10 -13 17 16 -16 19 -19 20 -2 -18 23 -3 -21 -4 -5 28 -6 -28
right_child=1 22 3 26 27 6 -8 -9 11 -11 -12 13 -14 -15 15 -17 21 18 -20 24 -22 -23 -24 -25 -26 -27 29 -29 -30 -31
leaf_value=-2.6847852748837617 11.726936043574522 -1.5474006817065673 0.5961029812800086 0.17131371116569469 -1.6400490995548869 -3.9789406083811643 0.74545395500318812 -13.325738759305594 -0.28506156556011969 -19.348130811586188 -8.0782255210782861 0.021206501901079658 -12.312894798415256 4.9023094504822016 -5.1475340600142809 -17.90328833609513 -4.1971214981358598 42.202900505193846 -27.606455421795701 -15.199663209530351 -6.3942195930663246 114.33200785651567 164.28319258718355 28.083105631382317 131.32386243883039 7.0333610245936056 8.8363877353848999 20.860753450125415 10.999740467751998 12.872276376273682
leaf_weight=796 146 25 70 25 28 99 642 24 6810 33 20 995 277 1092 27 31 258 23 23 20 247 74 7554 32 82 151 75 134 27 262
leaf_count=796 146 25 70 25 28 99 642 24 6810 33 20 995 277 1092 27 31 258 23 23 20 247 74 7554 32 82 151 75 134 27 262
internal_value=0.00112257 0.00256099 5.96887e-05 0.000937872 0.000549957 0.000193347 -0.000238866 -7.25589e-05 -6.19574e-05 -0.000745583 -0.000566176 1.30816e-06 -0.000132496 0.000455678 -0.00077014 -0.00153846 -0.00117827 -0.000216266 -0.00352174 9.09092e-05 -0.000435114 -0.000795181 0.00296847 0.000368421 0.00211765 0.00164253 0.00217127 0.00236508 0.000818182 0.00237685
internal_weight=20102 8542 11560 1513 1151 962 741 10047 10023 849 816 9174 7087 2087 931 390 359 541 46 495 393 332 7611 57 102 221 362 189 55 337
internal_count=20102 8542 11560 1513 1151 962 741 10047 10023 849 816 9174 7087 2087 931 390 359 541 46 495 393 332 7611 57 102 221 362 189 55 337
is_linear=0
shrinkage=0.03


Tree=118
num_leaves=31
num_cat=0
split_feature=25 26 31 11 15 21 28 8 27 28 12 31 23 11 8 23 23 24 15 15 14 2 12 31 4 15 28 15 23 7
split_gain=33.9083 11.7097 1.73093 0.883176 0.618422 1.21259 0.549735 0.942111 1.33169 0.585563 0.565724 0.989736 0.769974 0.502868 1.37619 0.719493 1.05688 0.591708 0.478178 0.982591 0.465984 0.380952 0.351026 0.345385 0.323931 0.362693 0.308174 0.325562 0.502564 0.29409
threshold=32097.387500000004 7.5000000000000009 14.500000000000002 15649.095000000003 0.66020439139275044 71077.965000000011 8.5000000000000018 15356.6075 1942.0343750000002 10.500000000000002 5424.545000000001 27.500000000000004 922.02017273561876 17363.130000000005 31557.965000000004 86.717666998993494 6127.186191496995 7873.4383333333344 0.76590200668468567 0.79492955333711479 27389.210000000003 22787.615000000002 2843.8500000000004 12.500000000000002 13158.335000000003 0.67234615367111494 8.5000000000000018 0.99821246516697781 958.91753958468109 59803.831141329305
decision_type=2 2 2 2 2 2 2 2 2 2 2 2 2 2 2 2 2 2 2 2 2 2 2 2 2 2 2 2 2 2
left_child=2 4 13 6 5 -2 10 8 -8 -9 12 -12 -4 14 29 22 23 -18 24 -20 -21 -16 -15 -17 -6 -26 27 -5 -29 -1
right_child=1 -3 3 26 18 -7 7 9 -10 -11 11 -13 -14 15 21 16 17 -19 19 20 -22 -23 -24 -25 25 -27 -28 28 -30 -31
leaf_value=-0.71655559923852274 0.45067279970139462 188.13570157446875 -0.22877163493611402 14.192281831094553 -10.965891609031113 -7.7107404338340189 8.3479799046424663 21.055313944964762 -4.0990332716283806 2.9138647204046291 1.258505115486058 -5.3865989491745054 3.1387863725119551 -3.4461154366040199 -33.870004802078419 19.936402849751971 -13.904245165963054 0.94557772017874309 -24.889306970097653 -5.0458068706276551 4.4814949428284514 -9.3776789465677659 -7.6766364474161186 0.79471661235864755 -4.3770990380946078 157.96954411784637 27.818802951802478 6.7924709731967239 -2.517665781095749 48.432604870506914
leaf_weight=8516 30 7305 637 176 22 22 29 238 26 243 66 27 198 39 21 266 30 916 29 440 159 21 25 32 25 112 198 130 65 59
leaf_count=8516 30 7305 637 176 22 22 29 238 26 243 66 27 198 39 21 266 30 916 29 440 159 21 25 32 25 112 198 130 65 59
internal_value=0.00110914 0.00260216 9.23232e-05 0.000889818 -0.000754469 -0.00392308 0.0005 0.00126493 -0.00245455 0.00169023 5.81898e-05 -0.00216129 0.000305389 -7.10326e-05 -0.00015423 0.000477064 0.000636656 0.000145877 -0.000545108 -0.000917197 -0.000656093 -0.00557143 -0.002625 0.00219463 0.000924528 0.00146715 0.00189279 0.00138275 0.000538462 -0.000127697
internal_weight=20102 8144 11958 2033 839 52 1464 536 55 481 928 93 835 9925 8617 1308 1244 946 787 628 599 42 64 298 159 137 569 371 195 8575
internal_count=20102 8144 11958 2033 839 52 1464 536 55 481 928 93 835 9925 8617 1308 1244 946 787 628 599 42 64 298 159 137 569 371 195 8575
is_linear=0
shrinkage=0.03


Tree=119
num_leaves=31
num_cat=0
split_feature=22 26 31 14 17 12 9 18 8 7 4 22 8 20 16 15 22 16 13 15 8 8 28 3 3 8 14 3 26 28
split_gain=34.2172 11.7522 1.4087 1.03583 0.808785 0.699854 1.29429 1.72941 0.958079 1.3001 0.658561 0.594777 0.568817 1.69377 0.544115 0.926923 0.78103 0.471885 1.3396 0.876638 0.892172 0.656953 1.10579 1.39363 0.678365 0.589629 0.463973 0.38654 0.38296 0.335118
threshold=31769.125000000004 7.5000000000000009 18.500000000000004 3483.1000000000008 0.63487504603846012 756.1350000000001 53420.345000000008 0.46201691125926064 38327.630000000005 68701.872075017673 40161.100000000006 32551.830000000005 42616.950000000004 0.38456330972698188 616.61838075251774 1.0142032161881125 27850.705000000005 195.07256090690592 23132.300000000003 1.0118663895842486 3749.2950000000005 17104.482500000002 7.5000000000000009 28466.820000000003 7887.9450000000006 46972.350000000006 11912.305000000002 5357.0600000000004 4.5000000000000009 7.5000000000000009
decision_type=2 2 2 2 2 2 2 2 2 2 2 2 2 2 2 2 2 2 2 2 2 2 2 2 2 2 2 2 2 2
left_child=2 3 17 5 14 8 10 -8 -2 -10 -7 -5 -13 -14 15 26 -17 18 19 25 -21 22 24 -24 -19 -1 -4 28 -23 -29
right_child=1 -3 4 11 -6 6 7 -9 9 -11 -12 12 13 -15 -16 16 -18 21 -20 20 -22 27 23 -25 -26 -27 -28 29 -30 -31
leaf_value=-0.5716149805394265 12.953386463855388 171.83773754876532 1.319663354393672 -9.0963485384672946 9.5368084757791287 -14.471947179929908 0.11275056423530183 -23.804313667460555 -15.33432001883847 37.025860538450445 74.239934087564549 14.329920621395727 0.16405075384013232 -36.647747992445488 14.875556159848268 -0.66263189476927542 -4.8375360865007258 0.81629503264432612 -37.602671447847541 -1.108725310338994 -12.598634990391563 -7.7044160482935071 -3.4205038051485013 -31.357203922098407 7.3258685609233183 -11.472003932344842 13.78494133652138 2.096797103083393 83.211282957103762 15.395605629192298
leaf_weight=6474 139 7396 693 31 405 21 20 34 65 72 26 372 228 20 131 192 21 984 37 44 37 131 1135 34 358 28 169 456 24 325
leaf_count=6474 139 7396 693 31 405 21 20 34 65 72 26 372 228 20 131 192 21 984 37 44 37 131 1135 34 358 28 169 456 24 325
internal_value=0.00110467 0.00256197 5.34339e-05 -0.00044358 0.000877095 -0.00169496 -0.00383168 -0.007 -0.000913043 -0.00269343 -0.000191489 0.000281106 0.000483871 -0.000629032 0.000487562 0.000265116 -0.00150704 -7.83748e-05 -0.000226586 -0.000194592 -0.0032963 0.000206266 -4.65949e-05 -0.000721129 0.000540984 -0.000155952 0.000703016 0.000884615 -0.000483871 0.00115621
internal_weight=20102 8424 11678 1028 1611 377 101 54 276 137 47 651 620 248 1206 1075 213 10067 6620 6583 81 3447 2511 1169 1342 6502 862 936 155 781
internal_count=20102 8424 11678 1028 1611 377 101 54 276 137 47 651 620 248 1206 1075 213 10067 6620 6583 81 3447 2511 1169 1342 6502 862 936 155 781
is_linear=0
shrinkage=0.03


Tree=120
num_leaves=31
num_cat=0
split_feature=25 26 31 8 22 20 24 4 3 10 3 8 0 0 16 0 22 19 5 31 17 18 1 16 10 9 12 3 17 6
split_gain=34.0483 11.6583 1.5881 0.827313 0.729396 0.647926 0.674307 0.568845 0.479579 0.865172 0.625541 0.596103 0.474385 0.702747 0.470891 0.857257 0.864559 0.798347 0.82147 0.65072 0.457315 0.425713 1.38739 0.85641 0.412301 0.330461 0.29106 0.287996 0.232077 0.15945
threshold=32097.387500000004 7.5000000000000009 18.500000000000004 26348.137500000004 94354.317500000019 0.26791450808957806 26861.701666666668 18345.750000000004 13637.01 56139.327500000007 2996.5350000000003 45108.645000000011 39150.186679098828 36210.158404831651 195.07256090690592 25328.51521991636 31073.545000000002 0.25021685596986942 28629.522237301178 3.5000000000000004 2.3795112442195574 0.48955572051367119 47926.47012431085 439.0530521296642 361102.96500000003 15329.895000000002 553.41000000000008 55723.275000000009 0.52068442896764744 31979.333294823406
decision_type=2 2 2 2 2 2 2 2 2 2 2 2 2 2 2 2 2 2 2 2 2 2 2 2 2 2 2 2 2 2
left_child=2 8 4 5 14 6 7 -4 9 10 -2 12 13 -10 17 16 -16 19 -19 -1 -14 23 -23 -13 26 -3 -11 -17 -5 -27
right_child=1 25 3 28 -6 -7 -8 -9 11 24 -12 21 20 -15 15 27 -18 18 -20 -21 -22 22 -24 -25 -26 29 -28 -29 -30 -31
leaf_value=-3.1559682855744158 -0.55777152516964967 10.378457530449595 -0.3993101481844667 -0.23716019284395343 -12.289388216241386 -2.4077092862941543 -1.4741869558782001 4.8364976813595062 20.734363576478078 -3.8985316443053719 -26.924067656237121 -16.522019885340239 61.81902234438882 -15.837682949406753 0.40029569122552688 15.158993638006679 -23.513834639843086 -2.6718058660547293 -19.772176843256979 0.60309219773045208 -7.9249991980766223 -11.654562473689772 1.938760157203897 16.794772069111307 -11.732598590112062 4.676792941186795 130.58692025986741 -14.259170117998508 20.46859880706225 184.25327702124159
leaf_weight=1254 21 27 328 25 26 25 25 900 115 37 33 96 163 42 2918 618 47 1856 149 3417 40 28 172 43 21 25 28 24 346 7253
leaf_count=1254 21 27 328 25 26 25 25 900 115 37 33 96 163 42 2918 618 47 1856 149 3417 40 28 172 43 21 25 28 24 346 7253
internal_value=0.0010987 0.00259479 7.97793e-05 0.000944209 -5.84925e-05 0.00058216 0.000677574 0.000776873 -0.000754469 -0.00235714 -0.00533333 -0.000433476 0.000416667 -0.000821656 -4.58036e-05 0.000230385 1.51772e-05 -0.000195027 -0.00069576 1.99102e-05 0.00137438 -0.00133628 -0.00045 -0.00261151 -0.000488372 0.00297947 0.000692308 0.0012243 0.00219137 0.00299176
internal_weight=20102 8144 11958 1649 10309 1278 1253 1228 839 140 54 699 360 157 10283 3607 2965 6676 2005 4671 203 339 200 139 86 7305 65 642 371 7278
internal_count=20102 8144 11958 1649 10309 1278 1253 1228 839 140 54 699 360 157 10283 3607 2965 6676 2005 4671 203 339 200 139 86 7305 65 642 371 7278
is_linear=0
shrinkage=0.03


Tree=121
num_leaves=31
num_cat=0
split_feature=8 26 31 8 20 24 21 20 12 11 27 27 8 15 22 8 22 2 17 18 6 5 11 19 23 12 26 3 25 23
split_gain=34.744 9.96491 1.95813 1.1511 0.641581 0.667704 0.599567 0.992054 0.587886 0.570404 0.937186 1.00968 0.703671 1.04833 0.625426 0.562586 0.56198 0.477187 0.413217 0.376491 0.334028 0.431811 0.338182 0.220955 0.205012 0.265785 0.155597 0.154632 0.321764 0.221107
threshold=31833.992500000004 7.5000000000000009 18.500000000000004 26348.137500000004 0.26791450808957806 26861.701666666668 41473.351666666676 0.38456330972698188 5644.0100000000011 17363.130000000005 5125.6575000000012 6136.6050000000005 31309.392500000005 0.99996692010788557 61475.910000000011 107222.05250000001 2176.8900000000008 25896.980000000003 0.49297028148839295 0.44913564337858308 34567.86659294922 33729.001230468763 3797.4400000000005 0.6792596221855236 1.0000000180025095e-35 4959.005000000001 1.5000000000000002 30694.530000000002 28549.920000000002 1359.0414886015867
decision_type=2 2 2 2 2 2 2 2 2 2 2 2 2 2 2 2 2 2 2 2 2 2 2 2 2 2 2 2 2 2
left_child=2 6 9 4 5 17 20 8 15 12 24 -12 14 -14 18 -8 -13 -4 -1 -10 21 22 -2 26 -11 -26 -22 28 -5 -30
right_child=1 -3 3 27 -6 -7 7 -9 19 10 11 16 13 -15 -16 -17 -18 -19 -20 -21 23 -23 -24 -25 25 -27 -28 -29 29 -31
leaf_value=0.52962155185192072 -1.0655767036841675 186.63396021657891 1.6918198753343079 23.207577332613198 -2.3354780077053481 -1.4299613472018484 -2.9280074734349402 -36.250671773847174 -10.581583584848415 -1.0733283661573543 -10.961760663669963 -37.190009704607952 -20.87064396170825 23.725997621138358 -15.757418418218185 -6.9214253956165352 1.0140505131845969 11.471438642322966 -0.95395880838475899 4.1916281429920321 29.588477237058395 -7.9295006338066187 86.704702156768548 -0.69625675195064185 17.268556629365012 12.903984906374346 43.30341387763314 31.255281274947176 3.6802929508228295 19.776354193406004
leaf_weight=3147 44 7183 1084 108 25 25 314 28 61 23 28 31 20 23 22 48 988 144 5774 77 33 32 31 21 226 109 92 224 87 50
leaf_count=3147 44 7183 1084 108 25 25 314 28 61 23 28 31 20 23 22 48 988 144 5774 77 33 32 31 21 226 109 92 224 87 50
internal_value=0.00110616 0.00264591 9.58973e-05 0.00102519 0.000558686 0.000653631 -0.000572343 -0.00114773 -0.00084 -6.03406e-05 0.000501779 4.87107e-05 -0.00014823 -0.00397674 -0.000129822 -0.00147514 0.00020314 0.000752443 -0.000117363 0.000826087 0.000628459 -0.00064486 0.0006 0.00156164 0.00182682 0.00201493 0.00204 0.00229638 0.00177551 0.000810219
internal_weight=20102 7964 12138 1747 1278 1253 781 528 500 10391 1405 1047 8986 43 8943 362 1019 1228 8921 138 253 107 75 146 358 335 125 469 245 137
internal_count=20102 7964 12138 1747 1278 1253 781 528 500 10391 1405 1047 8986 43 8943 362 1019 1228 8921 138 253 107 75 146 358 335 125 469 245 137
is_linear=0
shrinkage=0.03


Tree=122
num_leaves=31
num_cat=0
split_feature=25 26 31 9 20 31 11 11 27 27 5 27 0 3 3 3 31 14 3 26 13 20 20 20 15 15 1 18 2 14
split_gain=34.0707 11.2081 1.6873 1.11848 0.873926 0.87119 1.05692 0.725528 0.918438 0.67833 0.609054 0.9 1.02582 0.494671 0.466486 0.860937 0.530762 0.445195 0.545951 0.639528 0.582751 0.467281 0.421358 0.459296 0.408356 1.28349 0.341552 0.298862 0.291018 0.970261
threshold=32641.152500000004 7.5000000000000009 18.500000000000004 15656.360000000001 0.2287529399908754 26.500000000000004 10144.315000000002 17363.130000000005 5125.6575000000012 6136.6050000000005 28629.522237301178 3353.8266666666668 23341.440360413315 21672.350000000002 50435.750000000007 47964.700000000004 3.5000000000000004 29963.780000000002 453.56000000000006 4.5000000000000009 21296.350000000002 0.046918607753830416 0.44320830561537577 0.046918607753830416 1.00121507211821 0.99348695175736368 15261.122736706006 0.75086348229378197 25596.370000000006 8626.510000000002
decision_type=2 2 2 2 2 2 2 2 2 2 2 2 2 2 2 2 2 2 2 2 2 2 2 2 2 2 2 2 2 2
left_child=2 17 7 4 24 -6 -7 10 -9 -10 14 -12 -13 -11 15 -1 -16 18 -2 20 -20 -21 23 27 25 -4 -26 -19 29 -5
right_child=1 -3 3 28 5 6 -8 8 9 13 11 12 -14 -15 16 -17 -18 22 19 21 -22 -23 -24 -25 26 -27 -28 -29 -30 -31
leaf_value=-0.32099326742665202 -13.761373164773893 182.96532665022798 4.1995250429627538 12.676253393126743 6.4479454838307646 2.1955964497638969 -3.6137028336502843 14.135358596919781 -10.632907843759863 5.3507966513244902 -16.386115405984139 -26.634691983783544 -1.6131907736821813 -6.004005776113873 -15.160850125615889 -28.2280619425268 28.610179965863178 42.904695661959039 -1.2819906544744424 32.125577724029043 -20.223167632160887 -11.734579083035964 -29.182901390821858 116.71462929645186 -0.74115847696149817 -2.2250313740010079 5.163625642836621 -1.5767712287382782 14.911019316624644 -7.2925023376419267
leaf_weight=8338 25 7166 270 57 82 31 41 400 28 716 29 20 431 282 22 29 99 26 540 20 32 42 26 73 32 196 503 33 490 23
leaf_count=8338 25 7166 270 57 82 31 41 400 28 716 29 20 431 282 22 29 99 26 540 20 32 42 26 73 32 196 503 33 490 23
internal_value=0.0010987 0.00262044 9.62952e-05 0.000965217 0.000428572 -0.00167532 -0.00408333 -4.79121e-05 0.000580645 0.000105263 -0.000147859 -0.0011875 -0.000858093 0.000234469 -8.90668e-05 -0.000115812 0.00176033 -0.00070869 -0.00105159 -0.000880126 -0.000566433 -0.00377419 0.000721519 0.00140909 0.000752248 0.000103004 0.00131776 -0.000559322 0.00205263 0.000375
internal_weight=20102 7983 12119 1725 1155 154 72 10394 1426 1026 8968 480 451 998 8488 8367 121 817 659 634 572 62 158 132 1001 466 535 59 570 80
internal_count=20102 7983 12119 1725 1155 154 72 10394 1426 1026 8968 480 451 998 8488 8367 121 817 659 634 572 62 158 132 1001 466 535 59 570 80
is_linear=0
shrinkage=0.03


Tree=123
num_leaves=31
num_cat=0
split_feature=8 26 31 11 11 27 8 15 27 22 16 16 19 8 8 14 7 31 27 17 14 19 23 17 10 2 6 0 18 27
split_gain=34.4654 11.042 1.66062 1.22536 0.570404 0.822394 0.703671 1.04833 0.66976 0.625426 0.527288 1.43767 1.2 0.537191 0.501276 0.6342 1.59456 1.29769 1.26536 0.473916 0.473365 0.652408 0.428355 0.413217 0.363066 0.32061 0.481132 0.663675 0.363462 0.265907
threshold=31833.992500000004 7.5000000000000009 18.500000000000004 15649.095000000003 17363.130000000005 5125.6575000000012 31309.392500000005 0.99996692010788557 6136.6050000000005 61475.910000000011 -150.95282914351898 -67.373477644834551 0.32261405804232118 24806.932500000003 40304.025000000001 983.19500000000005 57905.031522960817 4.5000000000000009 127530.13166666667 2.2125995775136187 14000.795000000002 0.097362987714892435 1.0000000180025095e-35 0.49297028148839295 61962.825000000004 103300.09000000001 39139.914425774587 36210.158404831651 0.25740945576603808 3529.4039583333338
decision_type=2 2 2 2 2 2 2 2 2 2 2 2 2 2 2 2 2 2 2 2 2 2 2 2 2 2 2 2 2 2
left_child=2 14 4 10 6 22 9 -8 -7 23 -4 12 -12 -13 25 16 17 -16 -18 -10 24 -22 -6 -1 -17 26 27 -2 -28 -5
right_child=1 -3 3 29 5 8 7 -9 19 -11 11 13 -14 -15 15 20 18 -19 -20 -21 21 -23 -24 -25 -26 -27 28 -29 -30 -31
leaf_value=0.52336270331916179 12.024468277254083 175.64336666798934 4.7303357920983817 10.404992431944732 -1.4651892730802021 -10.313920608447066 -20.196128919646529 21.955142129642521 -0.36306282288358277 -15.200923757603526 -5.1282518501308285 2.3041101638521591 8.3094068896638387 -0.72823584026368759 -10.413958802390018 -1.6752567181979194 46.813323730520288 -18.040508651251585 -23.178831700430525 8.7387924808884208 -13.084444571496615 -1.7787133741076506 14.95078046392713 -0.91571024611041107 30.903782722117171 -26.228653060095315 -32.621010921138534 -12.114493983836269 85.176373348891858 33.179813485957965
leaf_weight=3147 127 7183 272 348 23 28 20 23 805 22 96 720 24 90 23 47 72 26 30 214 47 157 335 5774 96 25 20 27 84 197
leaf_count=3147 127 7183 272 348 23 28 20 23 805 22 96 720 24 90 23 47 72 26 30 214 47 157 335 5774 96 25 20 27 84 197
internal_value=0.00108974 0.0026233 8.35394e-05 0.000939325 -6.03406e-05 0.000501779 -0.00014823 -0.00397674 7.7364e-05 -0.000129822 0.000404326 6.45162e-05 -0.003 0.000518519 -0.000764404 -0.00133735 -0.00296026 -0.00740816 -0.000823529 0.00020314 -0.000631124 -0.00155882 0.00174302 -0.000117363 0.000692308 0.000243816 0.00055814 -0.000506493 0.00213462 0.00211927
internal_weight=20102 7964 12138 1747 10391 1405 8986 43 1047 8943 1202 930 120 810 781 498 151 49 102 1019 347 204 358 8921 143 283 258 154 104 545
internal_count=20102 7964 12138 1747 10391 1405 8986 43 1047 8943 1202 930 120 810 781 498 151 49 102 1019 347 204 358 8921 143 283 258 154 104 545
is_linear=0
shrinkage=0.03


Tree=124
num_leaves=31
num_cat=0
split_feature=8 26 31 11 21 20 14 19 20 19 31 11 27 8 15 27 22 23 16 8 24 23 17 7 7 11 5 4 6 28
split_gain=34.188 11.9128 1.57639 1.2125 0.712873 0.853645 0.752572 0.760291 0.661655 0.59771 0.7596 0.544939 0.850932 0.701218 1.04833 0.661401 0.623766 0.535969 0.532305 0.527569 0.44391 0.428355 0.377165 0.353863 0.631809 0.337397 0.98 0.391586 0.247773 0.477273
threshold=31833.992500000004 7.5000000000000009 18.500000000000004 15875.590000000002 41473.351666666676 0.38456330972698188 29963.780000000002 0.36881541138466029 0.2287529399908754 0.28380940808887606 26.500000000000004 17363.130000000005 5125.6575000000012 31309.392500000005 0.99996692010788557 6136.6050000000005 61475.910000000011 1096.0815636973359 -150.95282914351898 95227.645000000019 7530.6325000000006 1.0000000180025095e-35 0.49297028148839295 30169.364143518749 20025.05790480004 31608.315000000002 38861.871147857273 11615.320000000002 32611.625363495619 4.5000000000000009
decision_type=2 2 2 2 2 2 2 2 2 2 2 2 2 2 2 2 2 2 2 2 2 2 2 2 2 2 2 2 2 2
left_child=2 4 11 8 23 6 7 -6 17 10 -10 13 21 16 -15 -14 22 18 -4 -8 -17 -13 -1 24 -2 27 -27 -25 29 -3
right_child=1 28 3 -5 5 -7 19 -9 9 -11 -12 12 15 14 -16 20 -18 -19 -20 -21 -22 -23 -24 25 -26 26 -28 -29 -30 -31
leaf_value=0.50766182221958622 26.32815903736854 -2.0337257774127631 4.179489708308461 13.90884930914453 -3.3813250961929282 -34.23430317768387 96.738615603381845 -31.152047128261302 2.8665500613017367 8.9025965572554249 -3.422552332431871 -1.4212335948878054 -10.004502990193656 -19.590245052057096 21.296487865753264 -9.6929719348972867 -14.744896044875421 8.7726318904060765 -0.090689562337234006 -1.921872232792986 0.75803730281662207 14.502257050009264 -0.88823893872709925 -9.2984111495066522 -28.670352884157928 -27.307424508963443 111.90838178444538 64.456111063102952 178.33184489220682 34.033758413364829
leaf_weight=3147 29 22 183 498 393 28 67 20 67 45 62 23 28 20 23 21 22 294 598 20 998 335 5774 25 20 25 25 129 7119 42
leaf_count=3147 29 22 183 498 393 28 67 20 67 45 62 23 28 20 23 21 22 294 598 20 998 335 5774 25 20 25 25 129 7119 42
internal_value=0.00107333 0.0026007 7.11815e-05 0.00090498 -0.000918054 -0.00154545 -0.00126 -0.00179419 0.000405925 -0.00131034 -0.00234884 -6.90019e-05 0.000480427 -0.000154908 -0.00397674 4.87107e-05 -0.000136531 0.000683721 0.000272727 0.00127586 0.0001737 0.00174302 -0.000124089 0.000391304 -0.00189796 0.000941177 -0.0012 0.00163636 0.00298329 0.001125
internal_weight=20102 7964 12138 1747 781 528 500 413 1249 174 129 10391 1405 8986 43 1047 8943 1075 781 87 1019 358 8921 253 49 204 50 154 7183 64
internal_count=20102 7964 12138 1747 781 528 500 413 1249 174 129 10391 1405 8986 43 1047 8943 1075 781 87 1019 358 8921 253 49 204 50 154 7183 64
is_linear=0
shrinkage=0.03


Tree=125
num_leaves=31
num_cat=0
split_feature=8 26 31 9 12 21 20 14 19 28 8 15 8 26 17 15 18 2 12 8 18 15 19 14 17 17 17 28 31 2
split_gain=33.987 11.4771 1.59802 1.23455 0.918016 0.754398 0.969557 0.639045 0.787515 0.629961 0.946147 0.86942 0.514668 0.511343 0.953717 1.90138 2.34751 0.543312 0.735443 0.538705 1.10294 0.504412 0.377701 0.369936 0.742929 0.555018 0.334643 0.456619 0.286577 0.245354
threshold=32108.750000000004 7.5000000000000009 18.500000000000004 15784.520000000002 6540.9250000000011 41473.351666666676 0.37058961787160294 29963.780000000002 0.36881541138466029 8.5000000000000018 15356.6075 0.9925547640686796 95227.645000000019 8.5000000000000018 0.62165950049336816 1.0001440973080882 0.74125367081573368 23885.415000000005 2487.9350000000004 31309.392500000005 0.64075930585787477 1.0086548123869628 0.6792596221855236 303.15000000000003 2.5076109343812916 0.49297028148839295 0.9094658378561451 3.5000000000000004 1.5000000000000002 38529.515000000007
decision_type=2 2 2 2 2 2 2 2 2 2 2 2 2 2 2 2 2 2 2 2 2 2 2 2 2 2 2 2 2 2
left_child=2 5 13 4 9 22 7 8 -7 11 -11 -4 -9 19 15 16 -15 18 -16 23 21 -21 26 24 -1 -25 -2 -28 -19 -24
right_child=1 -3 3 -5 -6 6 -8 12 -10 10 -12 -13 -14 14 17 -17 -18 28 -20 20 -22 -23 29 25 -26 -27 27 -29 -30 -31
leaf_value=0.21194747908224573 78.308051099272404 171.79980729185522 4.4623658790267831 13.509638210376753 -2.7718449155837503 -3.0909133004751772 -32.762658010732835 107.65016262731417 -30.217485714413467 -0.99428067635495632 11.736002002725311 -0.73121474203314751 -1.8642160658091891 -6.1343599264489947 8.6002254493960528 3.5264041662623495 -8.0171907456792439 -0.23556032303808502 -1.8512806579425887 -5.9809996841169877 -18.390730987574297 36.602931028743356 -32.096665019199285 0.54794632283252798 20.072633892117977 -1.3948926734146294 -14.628000873542209 20.356875342066839 11.615014843108638 40.948130695583977
leaf_weight=1580 76 7122 211 589 31 389 31 63 20 55 464 429 20 63 108 104 26 20 173 40 34 28 20 2766 221 4939 45 78 336 21
leaf_count=1580 76 7122 211 589 31 389 31 63 20 55 464 429 20 63 108 104 26 20 173 40 34 28 20 2766 221 4939 45 78 336 21
internal_value=0.00106885 0.00260431 7.78425e-05 0.000908938 0.000352941 -0.000892529 -0.00153155 -0.00120732 -0.00169438 0.000489215 0.0012659 -0.000140625 0.00119277 -6.38052e-05 0.000650603 -0.00119689 -0.00441573 0.00121036 0.000224199 -0.00012552 -0.00229412 -8.82352e-05 0.0005 -0.000102251 0.000284842 -0.000192732 0.0010402 7.31708e-05 0.00198876 -0.00212195
internal_weight=20102 7885 12217 1779 1190 763 523 492 409 1159 519 640 83 10438 830 193 89 637 281 9608 102 68 240 9506 1801 7705 199 123 356 41
internal_count=20102 7885 12217 1779 1190 763 523 492 409 1159 519 640 83 10438 830 193 89 637 281 9608 102 68 240 9506 1801 7705 199 123 356 41
is_linear=0
shrinkage=0.03


Tree=126
num_leaves=31
num_cat=0
split_feature=8 26 11 27 27 22 25 5 28 25 23 12 15 12 13 31 3 22 14 8 7 12 27 10 16 11 9 3 21 6
split_gain=33.987 11.2205 1.56188 2.02274 0.763449 0.674067 0.775444 0.877578 0.651421 0.619674 0.598128 0.606224 0.601226 0.593939 0.578104 0.73373 0.629199 0.555649 0.53195 0.506532 0.579932 1.23213 0.899242 0.496651 0.489801 0.775758 0.47209 0.430273 0.809677 0.896412
threshold=32108.750000000004 7.5000000000000009 15649.095000000003 5046.9274305555564 6486.545000000001 24918.575000000001 31147.462500000005 19829.915660400395 8.5000000000000018 42924.35500000001 825.04647238966777 6540.9250000000011 0.99674290154755063 1622.5500000000002 26370.215000000004 5.5000000000000009 3294.2600000000007 61475.910000000011 7141.9400000000005 40304.025000000001 50751.247100664274 10575.885000000002 127530.13166666667 37642.797500000008 -46.964762746983972 16737.200000000004 46115.865000000013 26323.800000000003 46068.131666666675 31166.474985284964
decision_type=2 2 2 2 2 2 2 2 2 2 2 2 2 2 2 2 2 2 2 2 2 2 2 2 2 2 2 2 2 2
left_child=2 9 5 8 13 6 7 26 24 27 11 12 -7 -5 16 -16 -6 23 -9 -11 21 -21 -22 -12 -4 -26 -1 28 29 -2
right_child=1 -3 3 4 14 10 -8 18 -10 19 17 -13 -14 -15 15 -17 -18 -19 -20 20 22 -23 -24 -25 25 -27 -28 -29 -30 -31
leaf_value=-0.28296641306643339 -17.038689824161313 166.64581307309953 13.017751006533652 -13.874585806257913 -7.8570574435054619 -9.909359613192656 -24.03765283009216 12.620116954726607 29.549848603208702 32.546988991855805 -7.5523028668520489 -15.91278460586398 -1.85519751963708 3.7733692047894292 -25.136875154795707 0.051988773415590613 4.5538441790428807 -14.260702383326722 1.5227182901790806 -7.4849006617763454 -1.1199497408772634 -21.375480170985988 -16.181970138091248 2.435957118577512 -3.5629978954532118 6.6879500834572427 -16.196216366522183 15.53103793057109 -32.466575657409791 133.76176759833743
leaf_weight=7292 22 7122 326 33 241 24 31 216 358 32 251 42 111 22 20 36 801 22 1412 81 279 20 34 476 110 330 63 216 22 57
leaf_count=7292 22 7122 326 33 241 24 31 216 358 32 251 42 111 22 20 36 801 22 1412 81 279 20 34 476 110 330 63 216 22 57
internal_value=0.00106885 0.00260431 7.78425e-05 0.000786561 -9.62705e-05 -8.45069e-05 -5.32494e-06 1.10209e-05 0.00169217 -0.000853211 -0.000855291 -0.00242373 -0.00144444 -0.00354545 7.65028e-05 -0.00289286 0.000236085 -0.000484646 0.000641278 -0.00157399 -0.00185507 -0.00383168 -0.00121725 -0.000342503 0.00119843 0.000545455 -0.000128484 0.000160883 -0.00145545 -3.79746e-05
internal_weight=20102 7885 12217 2277 1153 9940 9014 8983 1124 763 926 177 135 55 1098 56 1042 749 1628 446 414 101 313 727 766 440 7355 317 101 79
internal_count=20102 7885 12217 2277 1153 9940 9014 8983 1124 763 926 177 135 55 1098 56 1042 749 1628 446 414 101 313 727 766 440 7355 317 101 79
is_linear=0
shrinkage=0.03


Tree=127
num_leaves=31
num_cat=0
split_feature=25 26 11 27 27 5 5 25 14 8 20 14 7 8 18 14 18 2 19 0 31 17 21 9 18 29 12 7 27 13
split_gain=33.9942 11.2529 1.32773 1.74898 0.746057 0.697723 0.684177 0.667477 0.625 0.592769 0.971161 1.23538 1.13026 0.786369 0.730772 0.843764 1.08823 0.568407 1.16429 1.04306 0.756828 0.573629 0.503637 0.494436 1.42993 0.488244 0.656994 0.439941 0.439033 0.416843
threshold=32641.152500000004 7.5000000000000009 15649.095000000003 5046.9274305555564 6186.3306250000005 25935.89518936873 19228.648515625002 30776.550000000003 650.09000000000003 40304.025000000001 0.38456330972698188 1871.0450000000003 75752.470022907248 88996.47500000002 0.42415576095854207 752.60000000000002 0.63500561724754101 34000.070000000007 0.75886771500092598 21779.02030762054 6.5000000000000009 0.50048015161576354 9629.0166666666682 46115.865000000013 0.36615932825513231 2.5000000000000004 3112.4650000000006 28188.334462377861 2562.1027777777786 915.61000000000013
decision_type=2 2 2 2 2 2 2 2 2 2 2 2 2 2 2 2 2 2 2 2 2 2 2 2 2 2 2 2 2 2
left_child=2 9 5 28 29 6 23 22 -9 14 11 12 -11 -13 -2 -16 -17 18 21 -19 -20 -7 -6 27 -25 26 -8 -1 -4 -5
right_child=1 -3 3 4 7 17 25 8 -10 10 -12 13 -14 -15 15 16 -18 19 20 -21 -22 -23 -24 24 -26 -27 -28 -29 -30 -31
leaf_value=-0.50072215870994996 36.818401834797235 156.85918650036282 -1.1900158599791921 -3.4395232373594404 -9.4749690384380081 14.955600140582879 4.2046799731599434 -2.0511569449940881 -18.651139261386867 -16.225161242671906 -29.464091824687678 8.6530786743789321 13.399552797953138 -5.1402126268768686 23.72630773084018 -26.677072946185945 -0.63217225635046104 -23.306082301381981 -21.483899858980081 20.010920992392379 -36.297143743891425 -2.8037495175134048 1.4670625634825856 3.9491287745925727 -22.841261255900839 4.9423161296436326 -0.75850081759446586 14.680298130096583 10.322520096777549 -9.0285185608719125
leaf_weight=7030 125 7166 21 22 46 118 360 20 20 93 23 227 65 74 63 38 109 29 41 108 21 459 993 39 23 975 551 143 1079 21
leaf_count=7030 125 7166 21 22 46 118 360 20 20 93 23 227 65 74 63 38 109 29 41 108 21 459 993 39 23 975 551 143 1079 21
internal_value=0.00107034 0.00259038 6.90652e-05 0.000731773 -0.000101604 -7.9721e-05 -6.2492e-06 5.28268e-05 -0.00375 -0.00074541 -0.00141909 -0.00111765 -0.00326582 9.96689e-06 0.000223881 -0.000857143 -0.00210204 -0.000943299 -0.00131925 0.000810219 -0.00522581 -0.00089948 0.00019923 -0.000138908 -0.00280645 0.000502651 3.2932e-06 -0.000115851 0.00158182 -0.00397674
internal_weight=20102 7983 12119 2222 1122 9897 9121 1079 40 817 482 459 158 301 335 210 147 776 639 137 62 577 1039 7235 62 1886 911 7173 1100 43
internal_count=20102 7983 12119 2222 1122 9897 9121 1079 40 817 482 459 158 301 335 210 147 776 639 137 62 577 1039 7235 62 1886 911 7173 1100 43
is_linear=0
shrinkage=0.03


Tree=128
num_leaves=31
num_cat=0
split_feature=25 26 11 27 27 5 23 19 5 28 28 25 28 25 8 0 2 7 7 2 0 2 18 27 16 11 17 3 19 13
split_gain=33.7919 11.4508 1.32773 1.53173 0.76679 0.636652 0.667747 0.841558 0.628392 0.6296 0.784681 0.685134 0.617795 0.58976 1.04515 0.860119 1.20417 0.668142 0.629966 0.799289 0.57282 0.986842 0.572363 1.18287 0.524832 0.868275 0.51777 0.50621 0.477936 0.416843
threshold=32641.152500000004 7.5000000000000009 15649.095000000003 5046.9274305555564 6186.3306250000005 25935.89518936873 328.62232885908412 0.32737543874356473 19829.915660400395 7.5000000000000009 11.500000000000002 20038.190000000002 8.5000000000000018 79069.565000000017 137255.53750000001 114991.36214251997 24782.710000000003 57237.927740441308 41492.73112561267 18301.420000000002 21779.02030762054 34000.070000000007 17903.174032966144 12394.300625000002 -46.964762746983972 16737.200000000004 2.2642478089272946 44097.540000000008 0.11572198508949787 915.61000000000013
decision_type=2 2 2 2 2 2 2 2 2 2 2 2 2 2 2 2 2 2 2 2 2 2 2 2 2 2 2 2 2 2
left_child=2 13 5 12 29 8 7 -7 22 11 -11 -10 24 17 15 16 -15 18 -2 -20 -8 -22 -1 -24 -4 -26 27 -6 -28 -5
right_child=1 -3 3 4 26 6 20 -9 9 10 -12 -13 -14 14 -16 -17 -18 -19 19 -21 21 -23 23 -25 25 -27 28 -29 -30 -31
leaf_value=-0.2551497601002054 -0.63975074271067478 152.15341090535196 11.650317987798136 -3.3363375402386564 0.050374872410051272 -16.177714048035234 -23.012637562699997 -13.338149675890399 11.781871600966875 9.5963485212241313 -1.3034051514124916 -0.63209855277779803 28.413668951954339 -12.663671592934408 7.8656796544583942 -20.040256881754985 -0.56388558545270295 42.823977661166424 22.245132779428101 -17.595932475689416 -2.2506583455796774 19.410593362620602 2.6405485915249307 -30.758251550514927 -3.8600210806837558 5.287120421003153 14.970533327459263 -15.077818696706309 -14.574517255325123 -8.7576630040457548
leaf_weight=7377 285 7166 319 22 831 20 37 35 167 586 152 773 349 20 49 25 60 230 35 113 576 108 46 20 109 323 165 62 21 21
leaf_count=7377 285 7166 319 22 831 20 37 35 167 586 152 773 349 20 49 25 60 230 35 113 576 108 46 20 109 323 165 62 21 21
internal_value=0.00106736 0.00258286 6.90652e-05 0.000731773 -4.81282e-05 -7.9721e-05 -0.000904639 -0.00409091 -9.53832e-06 0.000514899 0.00117073 1.11759e-10 0.00152727 -0.00078213 -0.00245455 -0.00414286 -0.002625 -0.000393665 -0.00108776 -0.00267568 -0.000661581 -0.000464912 -0.000127771 -0.00290909 0.00104261 0.000361111 0.000108434 -0.000191489 0.00154839 -0.00397674
internal_weight=20102 7983 12119 2222 1122 9897 776 55 9121 1678 738 940 1100 817 154 105 80 663 433 148 721 684 7443 66 751 432 1079 893 186 43
internal_count=20102 7983 12119 2222 1122 9897 776 55 9121 1678 738 940 1100 817 154 105 80 663 433 148 721 684 7443 66 751 432 1079 893 186 43
is_linear=0
shrinkage=0.03


Tree=129
num_leaves=31
num_cat=0
split_feature=8 26 11 27 27 23 5 23 0 2 5 28 25 6 11 12 5 0 24 24 3 3 13 7 23 9 17 8 28 19
split_gain=33.7102 10.8693 1.35834 1.78845 0.763449 0.598559 0.597283 0.710581 0.625968 0.778282 0.618799 0.696831 0.70772 0.635813 0.614785 0.593939 0.520566 0.573746 0.568192 0.572171 0.49235 1.25001 0.583205 0.484615 0.469944 0.446194 1.28665 0.426667 0.392107 0.324838
threshold=32108.750000000004 7.5000000000000009 15649.095000000003 5046.9274305555564 6486.545000000001 391.72544377056983 25935.89518936873 780.36432347320681 21779.02030762054 34311.475000000006 19829.915660400395 7.5000000000000009 20038.190000000002 19893.192286503909 15182.085000000001 1622.5500000000002 33729.001230468763 34510.409355463453 36277.75916666667 39145.873333333344 3294.2600000000007 2996.5350000000003 26370.215000000004 26878.196514658306 328.62232885908412 46115.865000000013 3.3001293055482477 44740.30000000001 8.5000000000000018 0.1629051378183983
decision_type=2 2 2 2 2 2 2 2 2 2 2 2 2 2 2 2 2 2 2 2 2 2 2 2 2 2 2 2 2 2
left_child=2 16 6 5 15 24 10 14 -9 -10 25 12 -12 -13 23 -5 27 -18 -19 -20 21 -6 -22 -8 29 -1 -27 -2 -7 -4
right_child=1 -3 3 4 20 28 7 8 9 -11 11 13 -14 -15 -16 -17 17 18 19 -21 22 -23 -24 -25 -26 26 -28 -29 -30 -31
leaf_value=-0.2483564662544672 40.25430555029758 152.37606075873504 12.336055238454691 -13.021034540129408 -1.4187443519159963 8.0243957065165823 -8.4430452111244492 -22.322258435818995 -1.3628791612565347 19.094203522276384 11.428415452937855 -3.4152454247659501 -0.67592726349295629 8.6596052247885424 -8.8985114388557616 3.838564049547692 -9.0591241333525989 62.05044836390141 -3.7052255798964326 -2.5991417754288282 4.3717056272100718 -21.711628302136067 -25.02643093685808 -6.4286521178907128 -5.4599628402804825 -24.588734823904009 2.7311973653742521 -6.3738997871559846 31.38831449357874 -0.76732121178763091
leaf_weight=7376 100 7122 58 33 236 616 35 37 551 115 167 118 774 617 23 22 29 31 29 554 801 22 39 56 34 34 37 20 328 88
leaf_count=7376 100 7122 58 33 236 616 35 37 551 115 167 118 774 617 23 22 29 31 29 554 801 22 39 56 34 34 37 20 328 88
internal_value=0.00105989 0.00258909 7.29313e-05 0.00073386 -9.62705e-05 0.00158541 -7.84707e-05 -0.000855569 -0.000499289 -0.000288288 -8.87855e-06 0.000511933 -2.86928e-05 0.00120408 -0.00305263 -0.00354545 -0.000813892 -0.00115241 -0.000957655 -0.0011681 7.65028e-05 -0.00106977 0.000428572 -0.00194505 1.11759e-10 -0.000126091 -0.00249296 0.001 0.00188771 0.000739726
internal_weight=20102 7885 12217 2277 1153 1124 9940 817 703 666 9123 1676 941 735 114 55 763 643 614 583 1098 258 840 91 180 7447 71 120 944 146
internal_count=20102 7885 12217 2277 1153 1124 9940 817 703 666 9123 1676 941 735 114 55 763 643 614 583 1098 258 840 91 180 7447 71 120 944 146
is_linear=0
shrinkage=0.03


Tree=130
num_leaves=31
num_cat=0
split_feature=8 26 11 27 27 20 22 25 8 22 23 15 20 15 24 23 10 15 20 22 14 12 8 15 4 8 23 22 2 2
split_gain=33.4706 10.7965 1.31464 1.62355 0.77501 1.03896 0.684666 0.777625 0.679107 0.675517 0.598128 0.707844 0.646062 1.0332 0.577189 0.558931 0.558722 0.520667 0.506496 1.24616 0.477594 1.04493 0.878945 0.75 0.470049 0.515896 0.469944 0.440954 0.439547 0.435884
threshold=32108.750000000004 7.5000000000000009 15649.095000000003 5046.9274305555564 6486.545000000001 0.046918607753830416 24918.575000000001 31147.462500000005 21004.960000000003 2176.8900000000008 825.04647238966777 0.63998411355000417 0.26162973905497483 0.99896277921292809 33341.86250000001 391.72544377056983 32109.065000000006 0.9943434785140367 0.37058961787160294 43371.42500000001 3483.1000000000008 756.1350000000001 38327.630000000005 0.99998494631913715 1490.0100000000002 88996.47500000002 328.62232885908412 6246.1150000000007 1066.1850000000002 48491.06500000001
decision_type=2 2 2 2 2 2 2 2 2 2 2 2 2 2 2 2 2 2 2 2 2 2 2 2 2 2 2 2 2 2
left_child=2 18 6 15 5 -5 7 8 29 -6 12 28 13 -8 17 26 -10 -3 20 -20 21 22 -2 -23 -22 -26 -4 -11 -12 -1
right_child=1 14 3 4 9 -7 10 -9 16 27 11 -13 -14 -15 -16 -17 -18 -19 19 -21 24 23 -24 -25 25 -27 -28 -29 -30 -31
leaf_value=-0.14365192121084996 37.962890212510949 -7.1899513255793499 3.7954697022689494 -12.924513874866669 -28.767729229587424 0.097088299020704483 -15.390883738316292 -22.456132195019002 -1.6757703640970756 12.805810331313442 -0.7684242810408638 -0.88679593287635738 -20.949886956339149 -0.14639727722867285 172.10493239695785 10.518133451857153 8.1152074503910985 16.148395954325643 143.83762458196776 -29.039562125713179 -17.146427884987421 -0.64269998994599364 -5.7035453238800446 -26.83041642592805 11.752760025562619 -4.8994121146250516 -5.2961639550721031 0.12805192190548922 -24.626777121924299 -21.942434338448084
leaf_weight=8074 68 36 146 20 34 35 41 31 224 117 21 708 24 112 6956 944 653 130 20 23 20 28 164 21 349 70 34 947 20 32
leaf_count=8074 68 36 146 20 34 35 41 31 224 117 21 708 24 112 6956 944 653 130 20 23 20 28 164 21 349 70 34 947 20 32
internal_value=0.00105393 0.00257768 7.04757e-05 0.000720685 -7.02514e-05 -0.00354545 -7.84707e-05 1.33137e-06 1.77002e-05 0.000103825 -0.000855291 -0.000484646 -0.00242373 -0.00170588 0.00294103 0.00153203 0.000810718 0.00119277 -0.000813892 -0.00397674 -0.000625 -0.00159075 -0.00075 -0.00557143 -6.8336e-06 0.000207637 1.11759e-10 0.000236842 -0.00431707 -6.80976e-05
internal_weight=20102 7885 12217 2277 1153 55 9940 9014 8983 1098 926 749 177 153 7122 1124 877 166 763 43 720 281 232 49 439 419 180 1064 41 8106
internal_count=20102 7885 12217 2277 1153 55 9940 9014 8983 1098 926 749 177 153 7122 1124 877 166 763 43 720 281 232 49 439 419 180 1064 41 8106
is_linear=0
shrinkage=0.03


Tree=131
num_leaves=31
num_cat=0
split_feature=25 26 11 27 27 28 22 23 16 20 24 14 19 9 2 9 17 10 19 28 0 31 27 2 16 13 3 3 22 27
split_gain=33.5245 10.3216 1.40092 1.52756 0.763609 0.603222 0.598621 0.736292 0.950052 1.18541 0.91203 1.02291 0.628205 0.50762 0.824759 0.602424 0.482167 0.475845 0.797039 0.547394 0.666651 0.620427 0.492682 0.444234 0.492305 0.416843 0.394174 1.03421 0.580453 0.385284
threshold=33141.575000000004 7.5000000000000009 15649.095000000003 5046.9274305555564 6186.3306250000005 8.5000000000000018 24691.045000000002 825.04647238966777 -1.0000000180025095e-35 0.26162973905497483 30529.299583333337 3757.4850000000006 0.24250450400200713 17775.330000000005 19600.860000000004 23621.330000000005 0.53255838347554552 11179.895000000002 2.4625501852561036 11.500000000000002 8586.0149289168457 3.5000000000000004 13296.298333333334 32651.825000000001 -46.964762746983972 915.61000000000013 13637.01 8393.7300000000014 34541.965000000004 21136.740000000002
decision_type=2 2 2 2 2 2 2 2 2 2 2 2 2 2 2 2 2 2 2 2 2 2 2 2 2 2 2 2 2 2
left_child=2 26 6 5 25 23 17 8 12 -10 16 -12 -8 14 -6 -15 -9 18 22 21 -21 -19 -1 24 -4 -5 27 28 29 -2
right_child=1 -3 3 4 13 -7 7 10 9 -11 11 -13 -14 15 -16 -17 -18 19 -20 20 -22 -23 -24 -25 -26 -27 -28 -29 -30 -31
leaf_value=-0.56306411084852936 -15.938710462224757 157.6831518458699 10.060987548035223 -2.5475245919239753 6.605332624216083 28.715816829100362 -3.6859099646331979 11.593714597876682 0.83636616969640309 -21.396251704402168 -18.713556502122515 -8.0563652015012792 -15.647329360220128 16.071421386649661 -17.495474231293052 -0.44380071469183768 -0.86019208226760302 -1.7270370926901573 -13.630499643190973 8.0679911773329991 -3.6990944035709332 1.4116086085573478 -16.409959231579318 15.76807728265859 1.7457110693100668 -8.6130026843814349 -0.46146072517246356 -8.5837597921761475 5.1673997338507958 6.8992608869705405
leaf_weight=2716 20 7021 345 22 41 386 26 156 120 23 25 174 24 250 40 755 428 1298 24 96 393 4145 283 91 398 21 666 39 50 26
leaf_count=2716 20 7021 345 22 41 386 26 156 120 23 25 174 24 250 40 755 428 1298 24 96 393 4145 283 91 398 21 666 39 50 26
internal_value=0.0010584 0.00259345 8.0619e-05 0.000739464 -5.58015e-05 0.00147541 -7.52189e-05 -0.000780738 -0.00244041 -0.0011958 -0.000371647 -0.00212563 -0.006 9.94476e-05 -0.00218519 0.000283582 0.000226028 1.67515e-06 -0.000304664 0.000157788 -0.000803681 0.000244167 -0.000261087 0.00102158 0.000779273 -0.00397674 -0.000632959 -0.00211111 -0.0004375 -0.00286957
internal_weight=20102 7822 12280 2349 1129 1220 9931 976 193 143 783 199 50 1086 81 1005 584 8955 3023 5932 489 5443 2999 834 743 43 801 135 96 46
internal_count=20102 7822 12280 2349 1129 1220 9931 976 193 143 783 199 50 1086 81 1005 584 8955 3023 5932 489 5443 2999 834 743 43 801 135 96 46
is_linear=0
shrinkage=0.03


Tree=132
num_leaves=31
num_cat=0
split_feature=8 26 26 28 28 17 18 25 25 23 7 3 20 22 15 4 17 22 15 7 17 18 17 19 4 10 13 18 7 4
split_gain=33.6918 10.2992 0.941788 1.59969 1.8307 1.37403 0.834488 1.13328 0.799991 0.75154 0.574603 1.0004 0.567352 1.00087 0.536631 0.528287 0.508374 0.493867 0.408287 0.500298 0.402305 0.35601 0.35485 0.663615 0.94626 0.720699 0.422109 0.671456 0.46753 0.329232
threshold=32406.700000000001 7.5000000000000009 4.5000000000000009 8.5000000000000018 11.500000000000002 0.66709532099278379 0.47770817722425124 6287.5950000000012 19474.085000000003 682.64117386526675 15298.345470001144 15120.760000000002 0.37058961787160294 43816.465000000011 1.00121507211821 34275.455000000009 0.53047238129373919 11432.875000000002 0.9943434785140367 33525.960854169964 3.800838894378781 0.10159511118578814 0.48780400536138108 0.047008427599187601 48923.380000000012 100690.32500000003 26848.955000000005 0.23017903166866785 26878.196514658306 1054.5350000000001
decision_type=2 2 2 2 2 2 2 2 2 2 2 2 2 2 2 2 2 2 2 2 2 2 2 2 2 2 2 2 2 2
left_child=2 12 20 5 8 6 -4 -8 16 14 11 -7 21 -14 -6 18 -5 -11 19 -3 22 -2 26 25 -25 -24 28 -28 -1 -23
right_child=1 15 3 4 9 10 7 -9 -10 17 -12 -13 13 -15 -16 -17 -18 -19 -20 -21 -22 29 23 24 -26 -27 27 -29 -30 -31
leaf_value=0.46587344300020062 -18.959943946744691 -14.031148756258442 4.2707310873214519 16.38033234225724 -7.8767090424775956 2.9066260000630786 -21.592780772130983 -0.57201051556715898 23.843498642011049 -35.095739364715726 8.416460198974363 -6.4543489781808523 73.458779971772287 -30.767534523722421 -0.99247952481519097 199.5232078558781 0.075563648055833571 1.8517551176759177 29.478104889726492 36.072597135779326 6.6515260572544239 -11.285349580207415 -0.8974777947659125 -3.4820893660172225 -20.740216255243723 27.898751857316945 -34.457357801410943 -1.466561402217365 30.578632352578126 -0.44761690408827798
leaf_weight=2464 20 28 163 130 25 119 24 1996 686 21 533 28 22 20 79 6751 261 231 244 32 138 33 2604 2053 119 298 23 134 167 656
leaf_count=2464 20 28 163 130 25 119 24 1996 686 21 533 28 22 20 79 6751 261 231 244 32 138 33 2604 2053 119 298 23 134 167 656
internal_value=0.00104348 0.00258493 6.48993e-05 0.000423184 0.00124145 1.36222e-05 -0.000353184 -0.000519802 0.00185794 -0.000623595 0.00119118 -0.000469388 -0.000754993 -0.00414286 -0.00276923 0.00294047 0.000774936 0.000261905 0.00171711 -0.0005 -0.0001275 -0.000554302 -0.000155685 -0.000305085 -0.000701657 -8.27005e-06 0.000116212 -0.0013949 0.000206386 -0.000439768
internal_weight=20102 7806 12296 4296 1433 2863 2183 2020 1077 356 680 147 751 42 104 7055 391 252 304 60 8000 709 7862 5074 2172 2902 2788 157 2631 689
internal_count=20102 7806 12296 4296 1433 2863 2183 2020 1077 356 680 147 751 42 104 7055 391 252 304 60 8000 709 7862 5074 2172 2902 2788 157 2631 689
is_linear=0
shrinkage=0.03


Tree=133
num_leaves=31
num_cat=0
split_feature=8 26 11 4 5 23 23 17 14 13 10 11 5 25 0 2 22 9 22 7 4 6 17 7 16 18 28 7 16 31
split_gain=33.9909 10.0777 1.1461 1.40003 0.67773 0.678121 0.639817 0.649053 0.68184 0.629674 0.634921 0.614785 0.605458 0.795595 0.605034 0.719595 0.602091 0.9496 0.597543 0.535302 0.528287 0.488494 1.52654 0.484615 0.466667 0.537903 0.440914 0.41657 0.408287 0.583333
threshold=32406.700000000001 7.5000000000000009 15649.095000000003 24348.795000000006 25935.89518936873 780.36432347320681 391.72544377056983 1.6841272486698358 2217.3000000000006 26370.215000000004 28636.605000000003 15182.085000000001 23079.280625000003 23897.487500000003 21779.02030762054 34311.475000000006 2992.7750000000005 25444.505000000005 5380.2700000000013 23870.135974716224 34275.455000000009 26745.088760255501 1.161572480306081 26878.196514658306 -46.964762746983972 0.71732234919868632 8.5000000000000018 28188.334462377861 -192.41593071431086 16.500000000000004
decision_type=2 2 2 2 2 2 2 2 2 2 2 2 2 2 2 2 2 2 2 2 2 2 2 2 2 2 2 2 2 2
left_child=2 -2 4 9 12 11 24 26 -9 16 -11 23 21 -14 -7 -16 17 -4 -18 -15 28 27 -23 -6 -5 -26 -8 -1 29 -3
right_child=1 20 3 6 5 14 7 8 -10 10 -12 -13 13 19 15 -17 18 -19 -20 -21 -22 22 -24 -25 25 -27 -28 -29 -30 -31
leaf_value=-0.20671824430626703 -1.2788351363634387 -9.7320204119848981 -18.061523410291624 21.813654422115011 -8.1882469773477311 -21.052984071234565 6.7726423848176225 45.076677667918162 -15.323612317479586 0.83198527544946499 -36.326883373579946 -12.399417548970142 8.2713107871783613 -8.2425365548342313 -1.373409423994534 17.166110753685523 27.761793732579218 0.24215299907063792 -0.047252895725395379 0.83792845602105215 193.5375116202018 13.771906666201154 -19.940358171648878 -5.5937897981753846 2.1130201303978517 -4.1582263815171769 29.614760951331071 17.427530822042627 28.593761743034666 22.278078639429257
leaf_weight=8156 751 35 22 45 35 37 661 63 55 21 24 23 386 49 559 120 80 32 815 306 6751 53 31 56 101 43 379 144 244 25
leaf_count=8156 751 35 22 45 35 37 661 63 55 21 24 23 386 49 559 120 80 32 815 306 6751 53 31 56 101 43 379 144 244 25
internal_value=0.00104049 0.00258878 5.75798e-05 0.000654848 -8.28728e-05 -0.000903614 0.00128508 0.00154922 -0.000559322 -0.000199195 -0.00366667 -0.00305263 -8.21907e-06 0.000813765 -0.000561452 -0.000357879 -3.47733e-05 -0.00311111 0.000150838 -0.000211267 0.00294047 -8.08682e-05 -0.00235714 -0.00194505 -0.000333333 -0.00116667 0.00178846 -5.78312e-05 0.00171711 -0.0005
internal_weight=20102 7806 12296 2341 9955 830 1347 1158 118 994 45 114 9125 741 716 679 949 54 895 355 7055 8384 84 91 189 144 1040 8300 304 60
internal_count=20102 7806 12296 2341 9955 830 1347 1158 118 994 45 114 9125 741 716 679 949 54 895 355 7055 8384 84 91 189 144 1040 8300 304 60
is_linear=0
shrinkage=0.03


Tree=134
num_leaves=31
num_cat=0
split_feature=22 26 31 3 8 17 28 28 12 20 8 18 26 10 23 8 17 25 17 17 8 22 12 17 18 31 26 25 12 23
split_gain=34.0537 8.79926 1.33484 1.02832 1.02216 0.88209 0.700209 1.44241 1.16008 0.81161 0.690297 0.628796 0.608909 0.953281 0.663902 0.538036 0.488101 0.737357 0.681672 0.458943 0.45129 0.428683 0.335454 0.266201 0.312972 0.669759 0.251178 0.655922 0.221009 0.183372
threshold=34216.265000000007 7.5000000000000009 14.500000000000002 30089.150000000001 69703.720000000016 3.3001293055482477 8.5000000000000018 11.500000000000002 4104.4700000000012 0.11820532331898002 21004.960000000003 0.48678003196945091 8.5000000000000018 38415.915000000008 1.0000000180025095e-35 15356.6075 2.0020742991286187 89756.112500000017 1.9294479043978832 3.800838894378781 32406.700000000001 25243.315000000006 3797.0600000000004 0.46969897629020102 0.78330826170684176 20.500000000000004 2.5000000000000004 16997.027500000004 6650.0750000000007 423.54038375003773
decision_type=2 2 2 2 2 2 2 2 2 2 2 2 2 2 2 2 2 2 2 2 2 2 2 2 2 2 2 2 2 2
left_child=2 5 4 6 12 10 9 15 -9 29 26 -11 19 14 -14 -8 18 -18 -12 21 -3 -1 -21 -5 28 -26 27 -2 -25 -4
right_child=1 20 3 23 -6 -7 7 8 -10 11 16 -13 13 -15 -16 -17 17 -19 -20 22 -22 -23 -24 24 25 -27 -28 -29 -30 -31
leaf_value=-0.35803569662868556 -21.770173623405295 3.8285490755504177 4.0739328844522369 -2.584311708004011 -16.165467652836796 -14.403612193092528 -0.84325621818821483 -3.6712495896865502 8.0270180990474937 9.4506177700239675 -1.1033930215448555 -0.58877279996475873 -5.1265854626832565 14.348636027925551 0.48451896527570087 17.361809600816816 39.671661230964496 -2.9174902783668752 -21.042657962236838 10.927091209480782 180.36873052081842 -4.5146988026899866 -10.946961441948984 20.487892475253403 -4.5554151214089416 22.061478845438632 23.296046827073962 61.084401548161999 9.9523639238730102 10.130622623044244
leaf_weight=8286 23 35 35 20 22 34 42 101 49 65 536 1001 34 248 443 449 136 21 24 103 6791 878 28 325 28 49 81 35 93 87
leaf_count=8286 23 35 35 20 22 34 42 101 49 65 536 1001 34 248 443 449 136 21 24 103 6791 878 28 325 28 49 81 35 93 87
internal_value=0.001039 0.00260342 6.44277e-05 0.000709044 -8.60385e-05 -0.000202247 0.000375615 0.00117473 -0.0014 -5.55554e-05 -1.40186e-05 -0.000320825 -7.18562e-05 0.000765517 -1.88678e-05 0.0019613 -0.000389121 0.00108917 -0.000803571 -0.00013717 0.00296924 -0.000162374 0.00162595 0.0018932 0.0020303 0.000272727 0.00192086 0.000413793 0.00235407 0.0022623
internal_weight=20102 7716 12386 2344 10042 890 1829 641 150 1188 856 1066 10020 725 477 491 717 157 560 9295 6826 9164 131 515 495 77 139 58 418 122
internal_count=20102 7716 12386 2344 10042 890 1829 641 150 1188 856 1066 10020 725 477 491 717 157 560 9295 6826 9164 131 515 495 77 139 58 418 122
is_linear=0
shrinkage=0.03


Tree=135
num_leaves=31
num_cat=0
split_feature=8 26 11 27 28 27 22 20 13 18 6 12 14 10 15 17 14 27 1 21 24 24 23 15 21 5 5 5 28 12
split_gain=33.9128 9.63447 1.48187 1.81988 0.739113 0.678463 0.635733 0.568138 0.552273 0.528166 0.794458 0.534392 0.472646 0.778677 1.06879 0.794641 0.470328 0.606361 0.458866 0.464642 0.4536 0.387941 0.657604 1.05114 0.732043 0.514378 0.772095 0.565361 0.285548 0.56019
threshold=33393.410000000011 7.5000000000000009 15649.095000000003 5046.9274305555564 8.5000000000000018 6186.3306250000005 61475.910000000011 0.38456330972698188 1147.7750000000003 0.71732234919868632 23083.564975303761 5145.0950000000012 3483.1000000000008 126695.53500000002 1.0840884833226558 1.5012704062436362 10540.570000000002 9594.2138888888912 55189.550774771618 9629.0166666666682 33962.396000000008 25452.74666666667 780.36432347320681 0.99896277921292809 6301.6583333333347 28629.522237301178 31234.295733836745 19829.915660400395 11.500000000000002 3706.8750000000005
decision_type=2 2 2 2 2 2 2 2 2 2 2 2 2 2 2 2 2 2 2 2 2 2 2 2 2 2 2 2 2 2
left_child=2 7 6 4 9 8 21 12 -5 10 -4 -11 13 15 -15 -2 -14 -18 19 -7 -3 25 23 -23 -24 27 -27 -1 -6 -30
right_child=1 20 3 5 28 18 -8 -9 -10 11 -12 -13 16 14 -16 -17 17 -19 -20 -21 -22 22 24 -25 -26 26 -28 -29 29 -31
leaf_value=-0.34270561710321601 36.515776072192338 5.7095423670253798 -6.4642277608105658 -1.6429190381659233 36.298409100877315 -8.0970233012843025 -12.27975302873805 -21.993920828355421 -8.4056517359856571 -2.6748128524839725 7.6231992766359653 20.248174724963285 11.325071430142511 -16.836341988006271 1.2736277019013824 -4.3504835375074107 -22.903392684883666 -0.1896443657431203 -11.978394407116763 0.82972779494889193 185.5611873082988 -13.908673669145941 -26.79321922275982 -4.3992956763410884 -0.3827904446679179 -21.97727360293969 2.950551859647895 2.1894481737425875 -1.4382895713208745 17.927504395213521
leaf_weight=7315 82 35 20 24 353 46 22 37 20 220 690 56 119 64 43 72 27 274 32 1054 6737 32 20 109 864 29 34 1563 26 83
leaf_count=7315 82 35 20 24 353 46 22 37 20 220 690 56 119 64 43 72 27 274 32 1054 6737 32 20 109 864 29 34 1563 26 83
internal_value=0.00102855 0.0026275 7.89725e-05 0.000713415 0.00142541 -0.000163265 -8.77051e-05 -0.00067688 -0.00381818 0.000961461 0.00139437 -0.000152174 -0.000480176 -0.00148276 -0.0034486 -0.000116883 0.000142857 -0.000488372 -2.12013e-05 8.18183e-05 0.00297785 -7.64599e-05 -0.000629268 -0.00253191 -0.000325792 -1.30857e-05 -0.00271429 6.08256e-06 0.00241558 0.00107339
internal_weight=20102 7490 12612 2624 1448 1176 9988 718 44 986 710 276 681 261 107 154 420 301 1132 1100 6772 9966 1025 141 884 8941 63 8878 462 109
internal_count=20102 7490 12612 2624 1448 1176 9988 718 44 986 710 276 681 261 107 154 420 301 1132 1100 6772 9966 1025 141 884 8941 63 8878 462 109
is_linear=0
shrinkage=0.03


Tree=136
num_leaves=31
num_cat=0
split_feature=8 26 11 27 28 24 2 22 31 8 18 7 18 0 12 24 17 8 20 14 19 9 10 20 28 12 3 28 12 3
split_gain=33.8096 8.96238 1.47972 1.7619 0.739113 0.672244 0.976282 0.638736 0.615041 0.629591 0.544883 0.674158 0.528166 0.794458 0.534392 0.452421 0.394848 0.629364 0.37337 0.372883 0.657988 0.469148 0.417854 0.369246 0.285548 0.56019 0.239588 0.163414 0.0886685 0.0380168
threshold=33393.410000000011 7.5000000000000009 15649.095000000003 5046.9274305555564 8.5000000000000018 8951.7025000000012 24782.710000000003 61475.910000000011 32.500000000000007 15525.757500000002 0.26434547814488646 70724.841862967718 0.71732234919868632 23147.289815397697 5145.0950000000012 33962.396000000008 0.49297028148839295 30606.392500000005 0.38456330972698188 34594.915000000008 0.60932988667025556 28903.210000000003 28171.862500000003 1.1642796454776037 11.500000000000002 3706.8750000000005 21893.610000000004 11.500000000000002 6650.0750000000007 33535.895000000011
decision_type=2 2 2 2 2 2 2 2 2 2 2 2 2 2 2 2 2 2 2 2 2 2 2 2 2 2 2 2 2 2
left_child=2 18 7 4 12 6 -5 8 16 -10 26 -12 13 -4 -14 -3 23 -18 19 20 21 -2 -21 -1 28 -26 -7 -11 -6 -17
right_child=1 15 3 5 24 10 -8 -9 9 27 11 -13 14 -15 -16 29 17 -19 -20 22 -22 -23 -24 -25 25 -27 -28 -29 -30 -31
leaf_value=0.6568190644783678 55.037087005394135 5.5382560960146208 -6.2703009279862387 -12.712911078158964 34.641189022817159 31.13062128418731 4.655120327029616 -11.911360437875906 -0.93728905663201423 19.960246851461243 -0.34065292373645534 -36.572920679601928 -2.5945684669094211 7.3945032983368542 19.640729483214418 20.709681338423611 -0.58009467145283655 -16.716467970371113 -21.33410320350476 -0.91260032873538877 -31.944792506913188 -1.1961415170902681 108.78041380060675 -8.1026914965687507 -1.3951408841812554 17.389679263357078 6.0980315705630961 1.1932064472533297 53.048461409732994 185.61368119448744
leaf_weight=3329 48 35 20 35 313 124 22 22 24 175 928 21 220 690 56 26 6284 44 37 26 20 532 55 50 26 83 46 60 40 6711
leaf_count=3329 48 35 20 35 313 124 22 22 24 175 928 21 220 690 56 26 6284 44 37 26 20 532 55 50 26 83 46 60 40 6711
internal_value=0.001039 0.00263551 9.0866e-05 0.000724848 0.00142541 -0.000137755 -0.00331579 -7.56907e-05 -6.44189e-05 0.00137838 2.41288e-05 -0.000256059 0.000961461 0.00139437 -0.000152174 0.00297342 -0.000102915 -0.000242731 -0.000551532 -0.00039207 -0.00065 -0.000465517 0.00151852 0.000158923 0.00241558 0.00107339 0.00158824 0.00185106 0.00283003 0.00299109
internal_weight=20102 7490 12612 2624 1448 1176 57 9988 9966 259 1119 949 986 710 276 6772 9707 6328 718 681 600 580 81 3379 462 109 170 235 353 6737
internal_count=20102 7490 12612 2624 1448 1176 57 9988 9966 259 1119 949 986 710 276 6772 9707 6328 718 681 600 580 81 3379 462 109 170 235 353 6737
is_linear=0
shrinkage=0.03


Tree=137
num_leaves=31
num_cat=0
split_feature=8 26 31 8 10 21 13 28 7 8 31 3 1 1 10 1 1 4 1 17 6 28 9 25 3 7 15 4 20 22
split_gain=33.4958 9.08762 1.08662 0.999106 0.747561 1.06219 0.883159 0.702856 0.652261 1.16896 0.640632 0.801498 2.13849 0.746129 0.770698 0.615042 1.6878 0.772696 2.1293 0.624416 0.579451 0.566334 0.817895 0.552143 0.85885 0.551504 0.540179 0.547635 0.406298 0.703247
threshold=32713.337500000005 7.5000000000000009 8.5000000000000018 25747.987500000007 62868.015000000007 5344.1733333333341 2261.8600000000001 7.5000000000000009 33787.12238618741 30278.245000000003 3.5000000000000004 35035.385000000009 35475.073317505776 69336.877243070936 94727.292500000025 6815.5991546573669 6479.5550873437505 43504.55000000001 21400.404353444526 1.9733962273205639 38750.389629556703 8.5000000000000018 15329.895000000002 3056.3075000000003 2996.5350000000003 34481.621173880187 0.9943434785140367 34275.455000000009 0.37058961787160294 43816.465000000011
decision_type=2 2 2 2 2 2 2 2 2 2 2 2 2 2 2 2 2 2 2 2 2 2 2 2 2 2 2 2 2 2
left_child=2 28 7 4 23 -6 -7 10 21 -10 11 -1 -13 14 -12 16 19 20 -19 -9 -17 22 -5 -4 -25 26 27 -3 -2 -30
right_child=1 25 3 8 5 6 -8 15 9 -11 13 12 -14 -15 -16 17 -18 18 -20 -21 -22 -23 -24 24 -26 -27 -28 -29 29 -31
leaf_value=-0.69500536245236177 -0.72487179696017612 -11.704327990982826 9.3226036145653755 -6.0024065341422723 -18.793350103707283 28.880510311247885 -16.50601902849758 -2.1095278681462371 46.851969567713567 -24.53831773400675 0.49516895874686956 -33.160348431582548 9.0781062762352462 -10.694930295486865 43.65979739607544 -1.5667592284354481 -14.036303210437518 -23.352056415787199 -21.279459304504471 -10.458181484693068 69.61146579428852 35.593132530894152 6.2274771817564814 -6.0139299534827879 1.185653352265263 182.7011589778206 18.41243384603974 11.315803506424754 72.626324138312185 -28.473200922317687
leaf_weight=2602 699 32 265 37 23 151 123 349 38 36 2663 44 57 22 239 1139 40 21 109 73 69 421 499 369 2986 6698 225 31 22 20
leaf_count=2602 699 32 265 37 23 151 123 349 38 36 2663 44 57 22 239 1139 40 21 109 73 69 421 499 369 2986 6698 225 31 22 20
internal_value=0.00104646 0.00259622 7.8788e-05 0.000423201 0.000204493 -0.00124242 -0.000722628 -0.000150666 0.00125412 -0.00145946 1.4395e-05 -0.000318535 -0.00294059 0.000322162 0.000363887 -0.000666667 -0.00161039 -0.000340807 -0.00253846 -0.00105213 -0.000104305 0.00146395 0.000817164 0.000323205 0.000219076 0.00293129 0.00164583 -0.000809524 -0.000562753 -0.00342857
internal_weight=20102 7727 12375 4948 3917 297 274 7427 1031 74 5627 2703 101 2924 2902 1800 462 1338 130 422 1208 957 536 3620 3355 6986 288 63 741 42
internal_count=20102 7727 12375 4948 3917 297 274 7427 1031 74 5627 2703 101 2924 2902 1800 462 1338 130 422 1208 957 536 3620 3355 6986 288 63 741 42
is_linear=0
shrinkage=0.03


Tree=138
num_leaves=31
num_cat=0
split_feature=8 26 31 9 12 22 28 16 28 25 21 1 27 20 22 31 16 7 28 8 14 13 14 19 10 28 18 28 12 28
split_gain=33.7154 9.0653 1.08023 0.84633 1.15195 0.653383 0.618617 1.26139 0.917006 0.554133 0.520904 0.583524 0.98009 0.406298 0.703247 0.361545 0.355568 0.702635 0.341644 0.827475 0.33463 0.428761 0.701299 0.458269 0.410256 0.316693 0.356413 0.226154 0.164119 0.126345
threshold=32713.337500000005 7.5000000000000009 19.500000000000004 15656.360000000001 6601.0100000000011 94354.317500000019 8.5000000000000018 -150.95282914351898 10.500000000000002 35308.520000000011 69019.695000000036 55189.550774771618 26701.980833333335 0.37058961787160294 43816.465000000011 3.5000000000000004 -192.41593071431086 33525.960854169964 11.500000000000002 27070.317500000005 34594.915000000008 21296.350000000002 27389.210000000003 0.085113652759287992 28171.862500000003 8.5000000000000018 0.65774149012758032 3.5000000000000004 6650.0750000000007 7.5000000000000009
decision_type=2 2 2 2 2 2 2 2 2 2 2 2 2 2 2 2 2 2 2 2 2 2 2 2 2 2 2 2 2 2
left_child=2 13 5 4 6 10 7 -4 -8 16 11 15 -13 20 -15 -1 17 -3 25 -20 21 23 -23 -2 -22 26 -5 -19 -27 -18
right_child=1 9 3 18 -6 -7 8 -9 -10 -11 -12 12 -14 14 -16 -17 29 27 19 -21 24 22 -24 -25 -26 28 -28 -29 -30 -31
leaf_value=-1.908906817717511 -2.5965381343011149 -14.022998959958537 4.1580811410655381 8.4953728061043474 -3.5921382165344276 -6.2198107202075112 16.031269143806462 -0.98022036356147868 -0.11715287170152636 200.97841747326959 136.18386709815562 93.818981190217386 -33.790570789131721 70.447534414162817 -27.619004894648157 0.20931487789178385 14.237277088129741 0.58318513924809667 -6.9730328982073813 22.133699253117989 -0.86347616496451318 -29.121510883302079 -0.033351485479399798 6.3240641588169675 119.07729520701454 32.024435875437376 1.5945938234848984 29.168390068911322 24.854668521809764 45.14118676958617
leaf_weight=2682 412 26 187 203 22 39 256 377 260 6556 69 34 26 22 20 7773 178 26 22 50 26 24 42 143 52 204 149 49 22 151
leaf_count=2682 412 26 187 203 22 39 256 377 260 6556 69 34 26 22 20 7773 178 26 22 50 26 24 42 143 52 204 149 49 22 151
internal_value=0.00103751 0.00259234 6.66668e-05 0.000756849 0.000250454 -4.71617e-05 0.000388889 -0.000297872 0.00113953 0.002927 -3.28797e-05 -4.99286e-05 -0.003 -0.000562753 -0.00342857 -3.29985e-05 0.00188372 0.000326733 0.00161538 -0.000333333 -0.000390558 -0.000623188 -0.00290909 -0.000351351 0.00146154 0.00185813 0.00129545 0.0018 0.00273451 0.0023617
internal_weight=20102 7727 12375 1752 1102 10623 1080 564 516 6986 10584 10515 60 741 42 10455 430 101 650 72 699 621 66 555 78 578 352 75 226 329
internal_count=20102 7727 12375 1752 1102 10623 1080 564 516 6986 10584 10515 60 741 42 10455 430 101 650 72 699 621 66 555 78 578 352 75 226 329
is_linear=0
shrinkage=0.03


Tree=139
num_leaves=31
num_cat=0
split_feature=8 26 31 11 22 27 11 17 16 28 28 19 19 23 12 17 17 4 5 28 4 25 17 24 28 19 25 28 12 2
split_gain=33.5114 8.19893 1.64641 1.09966 1.03714 1.22501 0.68787 0.795794 0.673049 1.22604 0.751255 0.709691 0.503418 0.499029 0.396612 0.364842 0.383268 0.353677 1.04948 0.780646 0.595074 0.525187 0.443176 0.352091 0.337253 0.528156 0.541858 0.459374 0.559035 0.388752
threshold=34534.575000000004 7.5000000000000009 19.500000000000004 14089.440000000002 94354.317500000019 57180.67500000001 18136.530000000002 0.9094658378561451 -142.15333700554399 8.5000000000000018 10.500000000000002 0.30988381565903728 0.34653433119824195 1359.0414886015867 28104.580000000005 3.800838894378781 0.49297028148839295 71776.415000000023 59057.773260399212 4.5000000000000009 52414.260000000009 43413.912500000006 0.94477111830065119 35668.786666666674 8.5000000000000018 0.28038192647645849 30776.550000000003 11.500000000000002 3660.6300000000006 25596.370000000006
decision_type=2 2 2 2 2 2 2 2 2 2 2 2 2 2 2 2 2 2 2 2 2 2 2 2 2 2 2 2 2 2
left_child=2 14 4 8 6 -6 15 23 13 11 -11 -10 -9 -4 17 16 -1 20 19 -19 21 -2 -20 -8 25 29 -27 -26 -29 -5
right_child=1 -3 3 24 5 -7 7 12 9 10 -12 -13 -14 -15 -16 -17 -18 18 22 -21 -22 -23 -24 -25 27 26 -28 28 -30 -31
leaf_value=0.56816590658588717 12.198597772259019 190.34854976464601 6.1326808100912622 0.96748767156123816 -14.399857501886892 0.49886932388800365 10.647578373893747 2.1746910631061742 -2.5867770867762463 13.890844986376287 -0.93582559305406154 0.44550069688210131 -4.481342262067364 -2.0216858903445161 -21.588930601942941 4.8385952935378418 -0.83168278112552585 32.433491219944784 -13.943057280311518 -15.246599701532467 95.996817498411815 -6.3344682054178074 2.5820751177279782 -16.327722498635087 28.844772282947144 -8.5537305283601981 0.42675068111380454 -3.0084693078645564 11.815040612001544 10.520608877143975
leaf_weight=3227 186 6584 171 120 21 22 586 791 211 186 189 94 160 31 25 135 5946 22 22 47 74 171 123 23 371 28 61 30 93 352
leaf_count=3227 186 6584 171 120 21 22 586 791 211 186 189 94 160 31 25 135 5946 22 22 47 74 171 123 23 371 28 61 30 93 352
internal_value=0.001039 0.00266915 0.000118618 0.000924626 -2.44706e-05 -0.00467442 -6.07276e-06 0.000576923 0.000142857 -0.000308823 0.00084 -0.00172131 3.47004e-05 0.00166337 -0.000492537 -0.000103782 -0.000126567 -0.000348837 -0.00134579 -0.0043913 0.000146172 -0.000361344 0.000103448 0.00142365 0.0015782 0.00107487 -0.00104494 0.0021498 0.000560976 0.00147458
internal_weight=20102 7254 12848 1937 10911 43 10868 1560 882 680 375 305 951 202 670 9308 9173 645 214 69 431 357 145 609 1055 561 89 494 123 472
internal_count=20102 7254 12848 1937 10911 43 10868 1560 882 680 375 305 951 202 670 9308 9173 645 214 69 431 357 145 609 1055 561 89 494 123 472
is_linear=0
shrinkage=0.03


Tree=140
num_leaves=31
num_cat=0
split_feature=8 26 11 27 28 22 25 22 22 8 3 15 31 8 22 27 22 22 12 12 15 17 10 1 5 23 5 28 27 28
split_gain=32.9841 8.77676 1.60527 1.85875 0.823692 0.580771 0.526497 0.837273 1.03226 0.603203 0.588238 0.890751 0.511645 0.598473 0.462333 1.24219 0.703442 0.508971 0.438125 0.751585 0.496117 0.436136 0.71389 0.574228 0.394032 0.832915 0.613297 0.297592 0.920282 0.265897
threshold=34534.575000000004 7.5000000000000009 15649.095000000003 5046.9274305555564 8.5000000000000018 61475.910000000011 42924.35500000001 57594.330000000009 55249.765000000007 78515.262500000012 68066.175000000017 1.1379581626431252 32.500000000000007 15525.757500000002 2992.7750000000005 13009.044000000002 5380.2700000000013 8142.4450000000006 2207.8500000000004 379.04000000000002 1.0356759116806462 0.66535718452384673 40176.835000000006 22809.504367013982 25686.285616662506 1397.4854860583407 25194.566670017713 11.500000000000002 3211.5650000000005 11.500000000000002
decision_type=2 2 2 2 2 2 2 2 2 2 2 2 2 2 2 2 2 2 2 2 2 2 2 2 2 2 2 2 2 2
left_child=2 6 5 4 21 12 18 8 9 -8 -9 -12 24 -14 15 -5 -16 -18 19 20 -2 22 -4 -23 26 -26 -1 -6 -29 -15
right_child=1 -3 3 14 27 -7 7 10 -10 -11 11 -13 13 29 16 -17 17 -19 -20 -21 -22 23 -24 -25 25 -27 -28 28 -30 -31
leaf_value=-0.14663058196252915 -0.65814185201625186 184.63809327170659 -3.3666261499869932 -18.821618896134041 35.863929792599762 -10.970723431807004 -4.5632842548663746 41.592620602717837 -16.065736800639691 -14.905325272504861 -1.0845911557053343 -11.913609088354301 -1.6272441091000869 19.047912320222903 27.450069847170557 8.0160159330325715 -5.5599154848254155 -0.020027168312326267 85.141784414737046 -15.813565009083378 95.577948702638736 -3.2466744244628445 4.8677436927806754 10.785594935150826 -3.4550192294671134 -0.026923707071083977 7.2002540738140004 -3.1580015476737038 22.633320585014641 1.1151774422257352
leaf_weight=8779 76 6584 124 25 402 23 136 95 23 22 142 21 24 175 83 32 96 963 83 26 46 27 549 405 250 609 95 26 101 60
leaf_count=8779 76 6584 124 25 402 23 136 95 23 22 142 21 24 175 83 32 96 963 83 26 46 27 549 405 250 609 95 26 101 60
internal_value=0.00102706 0.00264433 0.000113948 0.000744441 0.00140269 -6.44033e-05 -0.000626866 -0.0012369 -0.0028011 -0.00193671 -0.000139535 -0.00123313 -5.34426e-05 0.00126255 -0.000152627 -0.00278947 -2.10156e-05 -0.000229462 0.000532468 -0.000445946 0.000540984 0.000936652 0.000459138 0.00168056 -8.84618e-05 -0.000701979 -2.90736e-05 0.00237618 0.00111024 0.0017234
internal_weight=20102 7254 12848 2833 1634 10015 670 439 181 158 258 163 9992 259 1199 57 1142 1059 231 148 122 1105 673 432 9733 859 8874 529 127 235
internal_count=20102 7254 12848 2833 1634 10015 670 439 181 158 258 163 9992 259 1199 57 1142 1059 231 148 122 1105 673 432 9733 859 8874 529 127 235
is_linear=0
shrinkage=0.03


Tree=141
num_leaves=31
num_cat=0
split_feature=8 26 31 9 12 22 27 28 15 28 11 17 2 14 31 16 14 13 10 28 8 28 17 17 9 17 28 20 20 20
split_gain=32.8295 8.73243 1.54993 1.16845 1.15277 0.748222 0.903856 0.622347 1.01977 0.920465 0.612333 0.748428 0.500499 0.607821 0.501462 0.490308 0.43222 0.594013 0.38494 0.372605 0.814881 0.515581 0.364842 0.383268 0.313935 0.441905 0.313572 0.273667 0.240317 0.361505
threshold=34534.575000000004 7.5000000000000009 19.500000000000004 15656.360000000001 6601.0100000000011 94354.317500000019 57180.67500000001 8.5000000000000018 0.99348695175736368 10.500000000000002 18136.530000000002 0.83527550387959204 181095.22500000003 49645.145000000011 5.5000000000000009 1133.4588677385302 31438.400000000001 21296.350000000002 45415.385000000009 11.500000000000002 27070.317500000005 8.5000000000000018 3.800838894378781 0.49297028148839295 18514.370000000003 0.49297028148839295 8.5000000000000018 0.2477322656648189 0.20421128605806232 0.21452285618596414
decision_type=2 2 2 2 2 2 2 2 2 2 2 2 2 2 2 2 2 2 2 2 2 2 2 2 2 2 2 2 2 2
left_child=2 12 5 4 7 10 -7 8 -4 -9 22 26 13 16 -14 -13 17 -2 19 21 -21 -5 23 -1 25 -3 -12 -24 -20 -30
right_child=1 24 3 18 -6 6 -8 9 -10 -11 11 15 14 -15 -16 -17 -18 -19 28 20 -22 -23 27 -25 -26 -27 -28 -29 29 -31
leaf_value=0.55551984684718536 -0.63623649138644112 50.995571590400893 3.1510756357332714 2.6072714905979799 -4.276830298452273 -13.967260961780916 0.48450405922073486 15.025530620315104 -1.2463481866372845 -0.11559881785207977 6.3362105372292934 -4.1973203346635604 -1.1009787764320194 -26.056476870403767 -19.106258778806996 1.9582162600680253 70.010523858640411 -14.814976947135939 30.690601692202133 -7.7332960301939142 21.981622513157063 21.599179251123935 12.318851323324406 -0.77886881400398011 184.43699716716952 -5.6133121077540995 33.9860151604504 -10.14710990146011 -3.7585664233577081 14.281951658855178
leaf_weight=3227 468 29 205 232 22 21 22 257 359 260 458 144 36 27 21 837 80 38 280 20 28 150 106 5946 6534 21 121 29 24 100
leaf_count=3227 468 29 205 232 22 21 22 257 359 260 458 144 36 27 21 837 80 38 280 20 28 150 106 5946 6534 21 121 29 24 100
internal_value=0.00102258 0.00263606 0.000111613 0.00089365 0.000252947 -2.72201e-05 -0.00397674 0.000391304 -0.000297872 0.00114313 -1.15936e-05 0.000538462 -0.000626866 -0.000376835 -0.00331579 3.36393e-05 -0.000174061 -0.000498024 0.00174101 0.00111628 -0.001375 0.00142932 -0.000103782 -0.000126567 0.0029681 0.0006 0.00139378 0.00144444 0.00240594 0.00130645
internal_weight=20102 7254 12848 1937 1103 10911 43 1081 564 517 10868 1560 670 613 57 981 586 506 834 430 48 382 9308 9173 6584 50 579 135 404 124
internal_count=20102 7254 12848 1937 1103 10911 43 1081 564 517 10868 1560 670 613 57 981 586 506 834 430 48 382 9308 9173 6584 50 579 135 404 124
is_linear=0
shrinkage=0.03


Tree=142
num_leaves=31
num_cat=0
split_feature=8 17 31 11 3 20 21 18 18 17 28 3 22 18 17 23 27 17 27 12 21 6 3 11 20 18 28 10 17 14
split_gain=32.6476 6.76359 1.4117 1.25709 1.15173 0.662432 0.72354 0.729167 0.599184 1.04833 0.584699 0.509788 0.504322 0.740192 0.490543 0.921951 0.471544 0.609584 0.602188 0.481096 0.424532 0.495247 0.929206 0.458666 0.418074 0.390299 0.65104 0.298603 0.283333 0.225
threshold=34534.575000000004 0.80304264575733286 14.500000000000002 13828.845000000003 30089.150000000001 0.11820532331898002 29000.058333333338 0.55860882835505865 0.13974035710326033 1.4524094705957289 8.5000000000000018 38310.975000000013 94354.317500000019 0.46709455420100682 0.47270599479656811 1796.849751665299 33499.861000000004 2.4407948578502237 38119.025000000009 10575.885000000002 66929.211666666684 49954.938522078308 54185.245000000003 18136.530000000002 0.28408123939508206 0.78330826170684176 4.5000000000000009 72855.927500000005 0.60270058796603743 24843.845000000001
decision_type=2 2 2 2 2 2 2 2 2 2 2 2 2 2 2 2 2 2 2 2 2 2 2 2 2 2 2 2 2 2
left_child=2 3 12 11 5 28 10 -8 9 -3 -7 -2 20 -14 15 -6 19 18 -18 -10 21 23 -23 -1 -5 27 -27 -16 -4 -21
right_child=1 8 4 24 14 6 7 -9 16 -11 -12 -13 13 -15 25 -17 17 -19 -20 29 -22 22 -24 -25 -26 26 -28 -29 -30 -31
leaf_value=-0.33050719801181255 72.652075652720498 -13.642118092124656 -0.44228431891444925 173.50411841704968 -6.8751485163596424 -0.10888199763302429 13.708194761068217 -6.5870236777269762 6.951246832782469 0.87918192833426245 6.4441381133445779 -10.853701226942501 0.25102007971628953 -15.077339914790171 17.917928951079787 25.309800233718075 -30.179136484443873 181.89247542309778 -1.8593420885689063 -12.367113565592243 110.95832485175436 -6.4445319800610692 -33.54866246902192 3.5833767365462657 -0.13055739943254976 -4.7840071778522901 19.224341147986287 0.99869449007666278 9.9772316374401662 125.56876599073871
leaf_weight=8784 26 20 34 6610 20 1008 24 56 185 23 537 36 23 20 517 21 32 29 216 20 76 76 23 1321 37 27 89 22 170 20
leaf_count=8784 26 20 34 6610 20 1008 24 56 185 23 537 36 23 20 517 21 32 29 216 20 76 76 23 1321 37 27 89 22 170 20
internal_value=0.00102706 0.00263606 0.000118618 0.00289715 0.000754456 0.000359213 0.000156923 -0.002625 -0.000577982 -0.00397674 0.000300971 -0.00135484 -3.69078e-05 -0.00327907 0.0017931 -0.00139024 -0.000286852 -0.00111552 -0.00159677 0.000733333 -2.33462e-05 -3.99842e-05 -0.00215151 -1.92973e-05 0.00293681 0.00199237 0.000413793 0.0023321 0.00197059 -0.00225
internal_weight=20102 7254 12848 6709 2525 1829 1625 80 545 43 1545 62 10323 43 696 41 502 277 248 225 10280 10204 99 10105 6647 655 116 539 204 40
internal_count=20102 7254 12848 6709 2525 1829 1625 80 545 43 1545 62 10323 43 696 41 502 277 248 225 10280 10204 99 10105 6647 655 116 539 204 40
is_linear=0
shrinkage=0.03


Tree=143
num_leaves=31
num_cat=0
split_feature=25 26 11 27 28 12 18 9 25 9 11 4 14 1 9 17 9 8 19 31 8 12 12 22 8 1 14 1 2 13
split_gain=31.9214 9.36741 1.32255 1.75566 1.15855 0.771296 0.767471 0.718653 0.671519 0.84939 0.979715 0.563416 0.525577 1.07039 0.903419 0.534246 0.653744 0.522215 0.643939 0.520994 0.589881 0.486913 0.442912 0.432447 0.529118 0.509224 0.391122 0.424226 0.387505 0.379849
threshold=35604.86250000001 7.5000000000000009 15875.590000000002 5046.9274305555564 8.5000000000000018 8623.5450000000001 0.71732234919868632 17949.375000000004 42924.35500000001 88841.395000000019 73066.910000000018 70794.290000000008 172.39000000000001 49227.652139977348 18317.955000000005 2.2125995775136187 19494.755000000001 88996.47500000002 0.073789954663082288 32.500000000000007 15525.757500000002 2207.8500000000004 553.41000000000008 25243.315000000006 31049.840000000004 45042.111074529923 41943.165000000001 12729.093622421755 49712.450000000004 11945.830000000002
decision_type=2 2 2 2 2 2 2 2 2 2 2 2 2 2 2 2 2 2 2 2 2 2 2 2 2 2 2 2 2 2
left_child=2 8 19 4 5 6 -4 -3 21 10 11 -10 15 14 -14 16 -5 29 -19 23 -21 22 28 24 25 -1 27 -25 -2 -11
right_child=1 7 3 12 -6 -7 -8 -9 9 17 -12 -13 13 -15 -16 -17 -18 18 -20 20 -22 -23 -24 26 -26 -27 -28 -29 -30 -31
leaf_value=-0.088737514049512051 -2.0977421520973327 -3.3748574895344063 6.4792965235583484 27.365581863124721 27.162432554188896 -10.737807158119116 -0.38662464918641071 187.3432764878965 -3.5524483189131564 -0.41533913527145772 -16.966410697427104 -15.033924747929852 -13.071525819549453 -18.065348738292361 -0.20846089664019554 36.511826031756996 -3.9277800723001794 -1.249291245494405 -23.623465934232101 -2.0862466673255069 10.894094919485161 101.18125297495669 -25.11567400251942 -24.778629768244492 -26.669687450734529 46.832094631243258 25.419417780669512 -1.9453042207211217 160.11717971828077 172.80078138011294
leaf_weight=8782 69 22 763 53 524 37 304 6465 134 145 27 41 72 20 689 111 227 80 22 24 249 78 20 23 30 101 25 884 34 47
leaf_count=8782 69 22 763 53 524 37 304 6465 134 145 27 41 72 20 689 111 227 80 22 24 249 78 20 23 30 101 25 884 34 47
internal_value=0.0010002 0.00260329 0.000108686 0.000685714 0.0013231 0.000771739 0.0009194 0.00295838 -0.000701578 -0.00129435 -0.00279208 -0.00197143 -0.000199659 -0.000649168 -0.000469119 0.00069821 1.11759e-10 -0.000265306 -0.002 -5.09981e-05 0.00124176 0.000761194 -0.000414634 -8.6846e-05 -2.25512e-05 -9.11843e-06 -0.000701717 -0.000803748 0.000378641 0.00065625
internal_weight=20102 7184 12918 2800 1628 1104 1067 6487 697 496 202 175 1172 781 761 391 280 294 102 10118 273 201 123 9845 8913 8883 932 907 103 192
internal_count=20102 7184 12918 2800 1628 1104 1067 6487 697 496 202 175 1172 781 761 391 280 294 102 10118 273 201 123 9845 8913 8883 932 907 103 192
is_linear=0
shrinkage=0.03


Tree=144
num_leaves=31
num_cat=0
split_feature=25 26 11 27 28 9 22 27 22 25 9 9 27 22 14 18 18 20 31 8 8 19 12 24 13 19 9 12 2 10
split_gain=32.2669 8.90885 1.26749 1.77224 1.0824 0.717426 0.602752 1.15695 0.719189 0.594807 0.661431 0.814749 0.915751 0.886203 0.592293 0.592052 1.01155 0.944453 0.525784 0.589881 0.522215 0.643939 0.486913 0.468729 0.660563 1.61412 0.484785 0.442912 0.387505 0.381814
threshold=35604.86250000001 7.5000000000000009 15875.590000000002 5046.9274305555564 8.5000000000000018 17949.375000000004 2992.7750000000005 13009.044000000002 5380.2700000000013 42924.35500000001 88841.395000000019 68978.330000000016 29067.625000000004 57594.330000000009 1119.5300000000002 0.71732234919868632 0.74379440222871007 0.18024830523389127 32.500000000000007 15525.757500000002 88996.47500000002 0.073789954663082288 2207.8500000000004 29619.471666666668 28681.250000000004 0.46705536598653125 66175.835000000006 553.41000000000008 49712.450000000004 163521.62500000003
decision_type=2 2 2 2 2 2 2 2 2 2 2 2 2 2 2 2 2 2 2 2 2 2 2 2 2 2 2 2 2 2
left_child=2 9 18 4 15 -3 7 -5 -8 22 11 13 -13 -11 -10 17 -17 -4 23 -20 -12 -22 27 26 25 -25 29 28 -2 -1
right_child=1 5 3 6 -6 -7 8 -9 14 10 20 12 -14 -15 -16 16 -18 -19 19 -21 21 -23 -24 24 -26 -27 -28 -29 -30 -31
leaf_value=-0.09171096433105079 -2.0348098875344163 -3.2736117648483196 9.3492805784315678 -19.333344803867934 26.347559577563231 181.72297819325962 25.453996510358309 7.3900687795507647 4.3585109677817728 -7.925658756498497 0.56763139029530463 -8.6224882545413113 -27.75254006190281 82.688759126115741 -3.1525760531446703 -3.7563995881576377 4.1396939321408963 0.060451499466486577 -2.0236592673057232 10.567272071900643 -1.2118125081295728 -22.91476195620514 98.145815385707991 -1.4963868324021032 37.692174843994444 -27.403754324565686 50.31094692656832 -24.362203782443835 155.31366432673232 -18.256281882489596
leaf_weight=9037 69 22 475 24 524 6465 82 34 431 103 192 30 26 43 601 62 242 325 24 249 80 22 78 511 37 77 47 20 34 136
leaf_count=9037 69 22 475 24 524 6465 82 34 431 103 192 30 26 43 601 62 242 325 24 249 80 22 78 511 37 77 47 20 34 136
internal_value=0.000995722 0.00260746 9.93963e-05 0.000664286 0.00130467 0.00295375 -0.000225256 -0.0032069 -7.00178e-05 -0.000615495 -0.00117339 -0.00249505 -0.00557143 -0.00131507 -0.000284884 0.000771739 -0.000355263 0.0012 -5.69281e-05 0.00124176 -0.000265306 -0.002 0.000761194 -9.29405e-05 -0.000888 -0.00113265 -3.90454e-05 -0.000414634 0.000378641 -5.46167e-05
internal_weight=20102 7184 12918 2800 1628 6487 1172 58 1114 697 496 202 56 146 1032 1104 304 800 10118 273 294 102 201 9845 625 588 9220 123 103 9173
internal_count=20102 7184 12918 2800 1628 6487 1172 58 1114 697 496 202 56 146 1032 1104 304 800 10118 273 294 102 201 9845 625 588 9220 123 103 9173
is_linear=0
shrinkage=0.03


Tree=145
num_leaves=31
num_cat=0
split_feature=8 26 31 11 12 1 1 22 0 10 5 5 28 28 28 15 12 14 8 8 15 0 0 5 8 25 23 11 22 11
split_gain=32.2183 8.09389 1.53352 1.2103 0.742395 0.671026 0.916159 0.968895 0.857143 0.778846 0.605622 0.534484 0.78365 0.503201 1.12281 0.844669 0.474447 0.532735 0.571888 1.0999 0.591035 0.537776 1.32432 0.992431 0.434173 0.665217 0.4855 0.401703 0.846749 0.441124
threshold=35310.132500000014 7.5000000000000009 19.500000000000004 15875.590000000002 6601.0100000000011 55189.550774771618 90894.894593437071 30362.950000000001 55030.299800574743 134119.44000000003 31234.295733836745 36433.869372061592 3.5000000000000004 8.5000000000000018 11.500000000000002 0.99348695175736368 28104.580000000005 1871.0450000000003 88996.47500000002 137255.53750000001 2.6244982862947115 67998.790817340559 57031.778295552125 141155.06198715212 31049.840000000004 32097.387500000004 405.69366137179082 40662.905000000006 12389.950000000003 27858.640000000003
decision_type=2 2 2 2 2 2 2 2 2 2 2 2 2 2 2 2 2 2 2 2 2 2 2 2 2 2 2 2 2 2
left_child=2 16 5 4 13 10 7 9 -9 -7 27 12 -3 15 -15 -4 17 21 20 -20 -19 22 -2 -23 25 26 -5 29 -29 -1
right_child=1 11 3 24 -6 6 -8 8 -10 -11 -12 -13 -14 14 -16 -17 -18 18 19 -21 -22 23 -24 -25 -26 -27 -28 28 -30 -31
leaf_value=-0.28290697566932305 -3.5680247688426405 -10.056491667908753 3.6148069913841585 -3.4739151089633951 -4.1702036474253301 194.98856096743407 137.62871623696915 -20.927479441801911 -8.8404830837258057 -25.669060612519615 4.8397623753033008 205.76253007925996 25.266521737495857 11.542076845724651 -1.6787250858809344 -0.83681316442902498 -21.771689705024009 9.3187621719707465 -8.5933345313294627 35.348791288387027 -10.767135224681269 25.663932194696606 -36.077602943190804 -11.616245500465034 28.347784726367728 -7.5899834340481398 9.6176005799070321 -17.465133889819082 12.797866443776195 10.732812429546444
leaf_weight=9541 93 28 214 57 40 25 35 21 21 40 1185 6269 89 415 141 387 23 309 38 30 21 79 21 20 423 21 323 25 21 147
leaf_count=9541 93 28 214 57 40 25 35 21 21 40 1185 6269 89 415 141 387 23 309 38 30 21 79 21 20 423 21 323 25 21 147
internal_value=0.000997214 0.00263675 0.000117413 0.000877289 0.000268171 -2.14265e-05 -0.00207042 -0.0034486 -0.007 -0.00115385 5.22037e-06 0.00295772 0.000948718 0.000407087 0.00105755 -0.000194675 -0.000596214 -0.000436988 0.000211055 -0.00229412 0.000727273 -0.00164789 -0.00305263 -3.03029e-05 0.00176214 0.00105486 0.00134211 -7.27346e-05 -0.00286957 -5.94549e-05
internal_weight=20102 7020 13082 2021 1197 11061 142 107 42 65 10919 6386 117 1157 556 601 634 611 398 68 330 213 114 99 824 401 380 9734 46 9688
internal_count=20102 7020 13082 2021 1197 11061 142 107 42 65 10919 6386 117 1157 556 601 634 611 398 68 330 213 114 99 824 401 380 9734 46 9688
is_linear=0
shrinkage=0.03


Tree=146
num_leaves=31
num_cat=0
split_feature=8 26 31 11 31 14 31 14 7 9 8 10 14 0 17 4 9 22 14 0 0 15 3 6 12 23 22 13 13 12
split_gain=31.7243 8.48681 1.61723 1.22419 0.868083 0.771668 0.710996 0.546883 0.785672 0.799228 0.771047 0.956446 0.656966 0.539873 0.848573 0.505601 0.615521 0.446501 0.81 0.427484 1.27796 1.37376 0.49172 0.470289 0.433448 0.402276 0.245443 0.161206 0.329004 0.12853
threshold=35310.132500000014 7.5000000000000009 20.500000000000004 19265.295000000002 22.500000000000004 6653.8250000000007 32.500000000000007 1871.0450000000003 75752.470022907248 170699.00000000003 38327.630000000005 151778.12250000003 10540.570000000002 36901.873007783674 0.56634075507301251 10572.730000000001 95739.400000000009 94354.317500000019 9469.5350000000017 29742.731388435914 28993.268169468753 0.90774265681530741 35272.07 34567.86659294922 8986.0650000000005 44807.484023380362 96825.400000000009 5386.3350000000009 4512.6750000000011 5821.1800000000012
decision_type=2 2 2 2 2 2 2 2 2 2 2 2 2 2 2 2 2 2 2 2 2 2 2 2 2 2 2 2 2 2
left_child=2 7 17 4 27 -6 -7 8 10 -10 -2 -12 26 14 -3 -14 -17 19 -19 20 25 -22 24 -24 -21 -1 -9 28 -4 -16
right_child=1 13 3 -5 5 6 -8 12 9 -11 11 -13 15 -15 29 16 -18 18 -20 22 21 -23 23 -25 -26 -27 -28 -29 -30 -31
leaf_value=-0.18150877913622279 43.741387145084431 -5.8605826233069251 9.8185612773744086 24.6461412126081 5.567750402006765 -0.62835919396023765 8.3743519552209751 39.551523990676479 160.05343732771718 -5.0367900373479477 -2.3944000569863948 -27.881077531194634 57.149522595622336 211.01248253111646 24.949994638483762 -5.4433417377190363 3.2744020863207428 -17.057461079486075 72.048181531957411 9.0869998055627885 -21.374281721564255 -4.0069096513928839 -12.711309457303388 0.28860943723310756 -6.4055470843358666 65.596568128836324 -1.8817626480488177 19.463497676531158 -1.4391052052601154 16.523801841051011
leaf_weight=9538 30 20 38 401 86 864 350 101 46 28 72 37 41 6207 101 159 98 25 20 952 31 85 68 284 124 57 22 131 28 58
leaf_count=9538 30 20 38 401 86 864 350 101 46 28 72 37 41 6207 101 159 98 25 20 952 31 85 68 284 124 57 22 131 28 58
internal_value=0.000992737 0.00261966 0.000119707 0.000929399 0.00053507 0.000253846 5.93082e-05 -0.000690852 -0.00192958 0.000567568 -0.00325899 -0.00443119 -6.41329e-05 0.00294832 0.00132402 -0.000825503 -0.00131907 -1.77038e-05 -0.003 -5.65569e-06 -7.6923e-05 -0.0032069 0.000478992 -0.000494318 0.000797398 -3.90827e-05 0.00178049 0.00239086 0.00118182 0.0020566
internal_weight=20102 7020 13082 1898 1497 1300 1214 634 213 74 139 109 421 6386 179 298 257 11184 45 11139 9711 116 1428 352 1076 9595 123 197 66 159
internal_count=20102 7020 13082 1898 1497 1300 1214 634 213 74 139 109 421 6386 179 298 257 11184 45 11139 9711 116 1428 352 1076 9595 123 197 66 159
is_linear=0
shrinkage=0.03


Tree=147
num_leaves=31
num_cat=0
split_feature=25 17 10 31 17 11 17 28 8 5 22 5 15 16 28 8 8 27 7 17 5 15 8 25 23 17 17 17 16 25
split_gain=31.5782 7.42269 1.77186 1.22494 1.12236 0.967503 1.07242 0.865136 1.11988 1.59416 0.828561 0.775758 0.651931 1.46261 0.623062 0.567641 1.86965 0.534043 0.526791 0.490956 0.475931 0.473551 0.436278 0.756394 0.567881 0.395287 0.867848 0.785763 0.723541 0.604924
threshold=35604.86250000001 0.80304264575733286 39714.325000000004 20.500000000000004 0.63276733492315196 18136.530000000002 0.47885426658433883 8.5000000000000018 15356.6075 15529.114960937501 94354.317500000019 45094.051671113972 1.0149328098543922 439.0530521296642 10.500000000000002 53646.890000000007 57490.922500000008 15826.930000000002 56490.23866774726 0.62647718778336958 36742.438036193853 1.0431846353265988 78515.262500000012 93837.585000000021 30880.542758547504 0.78437911297247498 0.67395474368577224 1.2494292246084824 158.79254012186269 13508.785000000002
decision_type=2 2 2 2 2 2 2 2 2 2 2 2 2 2 2 2 2 2 2 2 2 2 2 2 2 2 2 2 2 2
left_child=3 2 11 10 7 6 -4 12 9 -9 25 -2 19 -14 -10 17 -17 -3 21 -5 -7 -19 24 -24 -18 26 28 29 -1 -27
right_child=1 15 5 4 -6 20 -8 8 14 -11 -12 -13 13 -15 -16 16 22 18 -20 -21 -22 -23 23 -25 -26 27 -28 -29 -30 -31
leaf_value=-0.67526911474762663 20.049713747509092 23.925586265991306 54.070584383959307 0.11132731765562866 8.8904468598211963 17.553914624493757 -9.9730698718679189 16.430872661608845 19.100382871964904 -6.7632073022031536 -10.831287484721468 -9.1433195572365396 -5.9090859951710657 0.072764635142382961 2.2653062270287658 -17.112243406883973 -6.0358079071788771 -13.157540109657909 76.457712538060051 -7.7521597263847228 193.26804532738561 0.073195556156057134 -6.7916399250551969 -0.64469720181481049 47.135660700153956 -5.8091141946627722 6.3043158678755411 0.39570280372800082 1.5920853181048302 0.39115821916796945
leaf_weight=3794 24 94 49 508 530 201 31 25 301 22 30 20 29 51 325 27 24 69 86 25 6280 85 34 92 68 1048 770 3096 1797 567
leaf_count=3794 24 94 49 508 530 201 31 25 301 22 30 20 29 51 325 27 24 69 86 25 6280 85 34 92 68 1048 770 3096 1797 567
internal_value=0.000983783 0.00257823 0.00286374 9.7074e-05 0.000819383 0.00290398 -0.000375 0.000340591 0.00108321 -0.00338298 -2.10772e-05 -0.00313636 -0.000474714 -0.003 0.00141853 -0.000678756 -0.00177551 0.000125749 -0.000625 -9.56847e-05 0.00294445 -0.00167532 -0.000853211 -0.002 0.000717391 -7.58659e-06 0.000146675 -0.000215878 1.6634e-05 -0.000752322
internal_weight=20102 7184 6605 12918 1816 6561 80 1286 673 47 11102 44 613 80 626 579 245 334 240 533 6481 154 218 126 92 11072 6361 4711 5591 1615
internal_count=20102 7184 6605 12918 1816 6561 80 1286 673 47 11102 44 613 80 626 579 245 334 240 533 6481 154 218 126 92 11072 6361 4711 5591 1615
is_linear=0
shrinkage=0.03


Tree=148
num_leaves=31
num_cat=0
split_feature=8 26 31 9 22 20 6 6 31 24 16 25 20 22 2 29 27 14 21 5 11 21 11 31 24 31 9 0 18 0
split_gain=31.7254 8.93876 2.04392 1.72644 0.85376 0.704806 0.520001 0.982711 1.34535 0.540204 0.494199 0.476724 0.984809 0.444777 0.673342 0.659375 0.44255 0.360002 0.442402 0.433929 0.193333 0.143965 0.128081 0.149882 0.270368 0.0901662 0.0498365 0.0321429 0.0297232 1.42109e-14
threshold=36530.092500000006 7.5000000000000009 19.500000000000004 19797.465000000004 106856.02500000002 0.26791450808957806 62904.010787763946 50763.923017239955 8.5000000000000018 42555.736666666671 634.39337696675659 42924.35500000001 0.37058961787160294 34216.265000000007 17651.000000000004 2.5000000000000004 1918.6906250000004 12665.785000000002 41473.351666666676 52558.197754058841 35149.930000000008 63936.715000000004 21539.145000000004 31.500000000000004 33101.010000000002 23.500000000000004 18317.955000000005 40770.027082941546 0.79231009460507995 49514.279454544878
decision_type=2 2 2 2 2 2 2 2 2 2 2 2 2 2 2 2 2 2 2 2 2 2 2 2 2 2 2 2 2 2
left_child=2 11 4 5 6 10 7 9 -9 -1 16 17 13 15 -15 -13 -4 18 20 -20 -2 -8 23 24 -5 -12 -3 -19 -24 -28
right_child=1 26 3 22 -6 -7 21 8 -10 -11 25 12 -14 14 -16 -17 -18 27 19 -21 -22 -23 28 -25 -26 -27 29 -29 -30 -31
leaf_value=-0.11658732132401459 100.90040781361773 47.770561001706696 3.9648923966029708 20.675344711929636 -7.9023630991589426 -2.4561854340187743 0.37634240594373747 0.012433249936961309 -26.119941671057678 57.130341184410739 16.555610646083377 -13.943008809133332 -21.907538327190828 26.638716574936357 -2.4451286749825991 153.42693486945154 0.96983155943875765 133.36263996504081 -18.390852097901512 66.015729942219991 -3.2196937570242863 231.70179438958158 32.1570981276151 31.522964004915977 5.5832406164462096 7.5863240478152916 129.52610649587825 70.384192088230662 16.886448332286051 535.94812920737024
leaf_weight=10860 29 20 77 87 35 36 21 63 37 134 64 23 23 53 305 26 1364 20 20 28 25 65 247 85 89 105 1867 36 30 4228
leaf_count=10860 29 20 77 87 35 36 21 63 37 134 64 23 23 53 305 26 1364 20 20 28 25 65 247 85 89 105 1867 36 30 4228
internal_value=0.000970351 0.00265538 0.000127398 0.000967033 -3.61122e-05 0.000484812 -2.14668e-05 -3.94807e-05 -0.003 -1.25522e-05 0.00057764 -0.000877551 -0.00139535 -0.00105405 -0.000687151 -0.00373469 0.000397641 0.000531646 -0.000529412 -0.002625 0.00133333 0.00230233 0.00244238 0.00196552 0.00146591 0.00211243 0.00299509 0.00246429 0.0028917 0.003
internal_weight=20102 6703 13399 2184 11215 1646 11180 11094 100 10994 1610 588 430 407 358 49 1441 158 102 48 54 86 538 261 176 169 6115 56 277 6095
internal_count=20102 6703 13399 2184 11215 1646 11180 11094 100 10994 1610 588 430 407 358 49 1441 158 102 48 54 86 538 261 176 169 6115 56 277 6095
is_linear=0
shrinkage=0.03


Tree=149
num_leaves=31
num_cat=0
split_feature=8 26 31 11 20 28 28 16 25 8 6 5 1 14 7 20 22 6 6 1 31 11 23 17 28 21 10 0 9 0
split_gain=31.5572 9.65931 1.83146 1.97678 0.924728 0.703644 1.19785 0.680567 0.582637 1.24342 1.11247 0.650221 0.580954 0.572817 0.73494 0.643146 0.563786 0.530046 0.85216 0.721308 0.381436 0.349736 0.32856 0.266327 0.208547 0.143965 0.0797954 0.11363 0.0498365 1.42109e-14
threshold=36530.092500000006 7.5000000000000009 15.500000000000002 18136.530000000002 0.26791450808957806 8.5000000000000018 10.500000000000002 -142.15333700554399 79069.565000000017 137255.53750000001 118215.00889425767 80827.665689792644 98979.056105960713 1871.0450000000003 56490.23866774726 0.37058961787160294 106856.02500000002 62904.010787763946 53573.410166876791 62811.570000000014 3.5000000000000004 21539.145000000004 1604.1572376034351 1.0959601322310191 8.5000000000000018 63936.715000000004 47295.652500000004 35089.574830896679 18317.955000000005 49514.279454544878
decision_type=2 2 2 2 2 2 2 2 2 2 2 2 2 2 2 2 2 2 2 2 2 2 2 2 2 2 2 2 2 2
left_child=2 8 16 4 5 7 -7 -4 12 10 11 -10 13 14 -2 -15 17 18 20 -20 -1 22 24 -11 -5 -19 27 -23 -3 -30
right_child=1 28 3 21 -6 6 -8 -9 9 23 -12 -13 -14 15 -16 -17 -18 25 19 -21 -22 26 -24 -25 -26 -27 -28 -29 29 -31
leaf_value=-1.9054274312886801 -9.5598919804886844 46.33744417165547 3.1062769206871721 5.5103206209790399 -3.189607562230508 14.83557000046723 -0.10016123653670694 -0.61247866306315268 -15.018371291039223 -0.58317247585144405 -19.009615718125641 -2.2979777525700729 50.58470111574664 6.8250997641972235 0.15928753218845745 -12.291195156882894 -7.6652922061841746 0.36505213376542767 -28.177355884539832 0.70295163958450757 0.22818134761408163 23.802668780569739 29.806419132290191 37.875559568939956 32.519202267721788 224.75074055789415 26.142043667135578 20.616536687454229 125.64032330100198 519.86968533114919
leaf_weight=2812 72 20 377 283 36 339 345 743 20 20 22 51 39 239 67 29 35 21 40 31 7687 44 106 29 134 65 260 41 1867 4228
leaf_count=2812 72 20 377 283 36 339 345 743 20 20 22 51 39 239 67 29 35 21 40 31 7687 44 106 29 134 65 260 41 1867 4228
internal_value=0.000961397 0.00264195 0.000120681 0.000817578 0.00026087 0.000355876 0.00111404 -0.000107143 -0.00103061 -0.00270423 -0.00474194 -0.00291549 -0.000497758 -0.000832924 -0.00239568 -2.23879e-05 -5.58412e-05 -4.33557e-05 -6.24408e-05 -0.00333803 -4.02894e-05 0.0019977 0.0015086 0.00116327 0.0011295 0.00230233 0.00273913 0.00194118 0.00299509 0.003
internal_weight=20102 6703 13399 2708 1840 1804 684 1120 588 142 93 71 446 407 139 268 10691 10656 10570 71 10499 868 523 49 417 86 345 85 6115 6095
internal_count=20102 6703 13399 2708 1840 1804 684 1120 588 142 93 71 446 407 139 268 10691 10656 10570 71 10499 868 523 49 417 86 345 85 6115 6095
is_linear=0
shrinkage=0.03


Tree=150
num_leaves=31
num_cat=0
split_feature=25 20 4 11 27 28 20 11 3 28 27 9 9 7 2 14 31 7 1 1 7 28 2 25 31 10 27 15 2 18
split_gain=31.8333 6.46009 1.82009 1.69328 1.86416 0.934872 0.842295 0.716882 0.692953 0.618945 1.3913 0.566892 2.34843 1.14527 0.500638 0.740192 0.486191 0.645587 0.431384 1.10903 0.56697 0.41854 0.416485 0.533929 0.409505 0.373975 0.487114 0.323169 0.466667 0.303963
threshold=37346.625000000007 0.071570183800823015 25680.920000000002 18136.530000000002 5125.6575000000012 8.5000000000000018 0.37058961787160294 210983.87000000002 49497.005000000005 1.5000000000000002 12126.2675 23621.330000000005 24509.135000000006 6814.947043455807 50649.455000000009 52365.68 32.500000000000007 16213.828131598164 44215.007664152785 49227.652139977348 50751.247100664274 11.500000000000002 38082.890000000007 34975.570000000007 4.5000000000000009 63840.865000000013 4548.5437500000007 0.81437231517758901 16916.995000000006 0.62651615327543964
decision_type=2 2 2 2 2 2 2 2 2 2 2 2 2 2 2 2 2 2 2 2 2 2 2 2 2 2 2 2 2 2
left_child=3 7 8 14 5 25 27 18 -3 10 -6 13 -13 -11 16 -16 22 -18 -2 -20 -21 -19 23 -1 -24 29 -27 28 -4 -5
right_child=1 2 6 4 9 -7 -8 -9 -10 11 -12 12 -14 -15 15 -17 17 21 19 20 -22 -23 24 -25 -26 26 -28 -29 -30 -31
leaf_value=-0.18174996153020223 1.8236417300678467 -8.6600186175429545 147.47010635180823 12.361184866950053 -6.9363772219812496 34.651317902021574 -5.6229626941432631 -12.507775306855745 54.06772698486138 -10.262906502276129 29.065024526864391 -17.758082155827815 0.035858082945471562 26.414456380248957 -31.52382675038044 19.108741350718432 -1.8058462053659803 16.298426183670841 -12.497042483840737 -17.834707127935658 0.22390723655440548 -0.33442691900595212 -14.892385249760355 -4.2247701141577299 22.571136147913929 -3.2155490513845519 16.694490591057523 200.82999050893426 -5.9359811063315524 6.3379618929947421
leaf_weight=10271 117 33 28 160 23 451 29 33 31 22 23 36 762 212 20 23 29 235 27 39 211 79 37 48 93 121 31 6221 20 637
leaf_count=10271 117 33 28 160 23 451 29 33 31 22 23 36 762 212 20 23 29 235 27 39 211 79 37 48 93 121 31 6221 20 637
internal_value=0.000965874 0.00263765 0.0028774 0.000113348 0.000820823 0.00154286 0.00292855 -0.000934426 -0.00215625 -0.000116883 -0.00352174 3.48838e-05 -0.000345865 0.00133333 -4.8454e-05 -0.00327907 -3.55818e-05 0.0010758 -0.00057868 -0.00122383 -0.0006 0.00147134 -7.20642e-05 -9.33229e-05 0.00161538 0.00100843 -0.000355263 0.00295215 0.0005 0.00126851
internal_weight=20102 6789 6362 13313 2478 1400 6298 427 64 1078 46 1032 798 234 10835 43 10792 343 394 277 250 314 10449 10319 130 949 152 6269 48 797
internal_count=20102 6789 6362 13313 2478 1400 6298 427 64 1078 46 1032 798 234 10835 43 10792 343 394 277 250 314 10449 10319 130 949 152 6269 48 797
is_linear=0
shrinkage=0.03


Tree=151
num_leaves=31
num_cat=0
split_feature=25 26 11 27 28 25 9 3 10 11 15 14 3 2 14 1 2 8 14 25 14 10 27 16 24 25 21 10 18 3
split_gain=32.0589 8.52647 1.54442 1.72328 0.849132 0.583209 1.26126 0.888544 0.755714 0.57016 0.634287 1.02282 0.550323 0.501496 0.740192 0.490976 0.464025 0.457242 0.745283 0.455107 0.779538 0.349647 0.487114 0.344785 0.541126 0.342079 0.316362 0.302459 0.301356 0.286245
threshold=37346.625000000007 7.5000000000000009 18136.530000000002 5498.2316666666675 8.5000000000000018 79069.565000000017 95739.400000000009 125607.57500000001 163521.62500000003 19265.295000000002 1.0431846353265988 817.31500000000017 531.61500000000012 50649.455000000009 52365.68 98979.056105960713 38082.890000000007 38327.630000000005 1871.0450000000003 34975.570000000007 19714.245000000006 63840.865000000013 4548.5437500000007 10623.237099378368 16418.536166666672 53382.545000000006 39177.105000000003 107308.77750000001 0.71732234919868632 29125.780000000002
decision_type=2 2 2 2 2 2 2 2 2 2 2 2 2 2 2 2 2 2 2 2 2 2 2 2 2 2 2 2 2 2
left_child=2 5 13 4 21 15 -7 27 -9 -5 11 -11 -12 16 -15 17 19 25 -19 26 -21 28 -23 -18 -25 -2 -1 -8 -4 -6
right_child=1 -3 3 9 29 6 7 8 -10 10 12 -13 -14 14 -16 -17 23 18 -20 20 -22 22 -24 24 -26 -27 -28 -29 -30 -31
leaf_value=-0.033594794406232829 40.872460676169588 197.92589661439953 8.8181204684952235 31.474036928098037 3.1660014735964084 -10.003022735197192 -1.6185031657040774 151.80659307732523 -14.057974721145243 20.285619542879193 41.532597701787658 -17.648218895532473 -0.59146327684294231 -30.578111947869033 18.535479110196878 50.350207049804233 29.948242729597812 -11.647880596553028 0.070388343859167396 4.9493591415422227 -16.584164245031193 -3.1190825798430537 16.193655873325817 60.878040939112118 -31.085153823869007 -0.56512426482848122 -5.2045064328675803 2.081492357253738 4.2942561492189304 36.700461807256801
leaf_weight=10396 92 6148 481 67 43 23 20 20 50 80 70 81 767 20 23 41 96 103 227 31 20 121 31 20 22 24 207 41 325 412
leaf_count=10396 92 6148 481 67 43 23 20 20 50 80 70 81 767 20 23 41 96 103 227 31 20 121 31 20 22 24 207 41 325 412
internal_value=0.000964382 0.00264207 0.000108841 0.000784504 0.00147134 -0.000650546 -0.00225974 -0.00112214 -0.00342857 -0.00012676 -0.000306613 -0.00203106 2.50897e-05 -4.56852e-05 -0.00327907 -0.000141684 -3.2802e-05 -0.000430493 -0.001 -5.51904e-05 -0.00288235 0.000964509 -0.000355263 0.00169565 -0.000571428 0.00118966 -4.15919e-05 0.00152459 0.0012134 0.00253846
internal_weight=20102 6789 13313 2478 1413 641 154 131 70 1065 998 161 837 10835 43 487 10792 446 330 10654 51 958 152 138 42 116 10603 61 806 455
internal_count=20102 6789 13313 2478 1413 641 154 131 70 1065 998 161 837 10835 43 487 10792 446 330 10654 51 958 152 138 42 116 10603 61 806 455
is_linear=0
shrinkage=0.03


Tree=152
num_leaves=31
num_cat=0
split_feature=8 17 31 10 9 5 20 28 28 12 11 22 17 3 22 28 24 16 5 19 31 14 7 17 11 23 8 6 19 11
split_gain=32.12 6.34733 1.71188 1.56663 1.53352 0.9 0.686362 0.719674 1.40063 1.26649 0.434774 0.777607 0.647061 0.531733 0.735327 0.494334 0.549371 0.408742 0.884358 0.398589 0.440474 0.858905 0.814175 1.40167 0.688018 0.386831 0.384555 0.996185 0.351051 0.338893
threshold=36530.092500000006 0.80304264575733286 19.500000000000004 39714.325000000004 19797.465000000004 45094.051671113972 0.26791450808957806 11.500000000000002 8.5000000000000018 4104.4700000000012 18136.530000000002 61475.910000000011 0.99994520624625149 259.46000000000009 2602.2800000000002 3.5000000000000004 37325.519166666672 11603.534397415488 28629.522237301178 0.085113652759287992 4.5000000000000009 15831.205000000002 50751.247100664274 1.8348232931096675 161753.01500000004 544.66978998000889 53646.890000000007 70693.031171244584 1.1109240130729192 3797.4400000000005
decision_type=2 2 2 2 2 2 2 2 2 2 2 2 2 2 2 2 2 2 2 2 2 2 2 2 2 2 2 2 2 2
left_child=2 3 10 5 6 -2 7 8 -4 -9 11 17 15 -14 -15 25 -17 28 -19 20 21 -3 23 -22 -24 -12 -21 -28 -1 -5
right_child=1 19 4 29 -6 -7 -8 9 -10 -11 12 -13 13 14 -16 16 -18 18 -20 26 22 -23 24 -25 -26 -27 27 -29 -30 -31
leaf_value=-0.42144367377293063 38.984401191602309 0.24544420065580186 0.0027053396983331944 23.836395720043502 21.908361286120289 -9.9912875815829345 -2.2803513014531234 -4.2763265217534956 13.014045441624752 6.7889401195097401 -4.845643574968701 -7.9736998186175034 35.207981536412206 -23.438729430317355 -0.43932468964907728 11.644102261526381 -16.08366184178929 17.565354293751025 -39.486692343020017 32.294298026049979 -13.382665033021929 -11.400196347253578 6.0121026880542301 0.26956828364867141 -21.675711529015494 5.4076065011113439 -4.3019508972286777 61.684040491753329 1.781027327092412 195.87055286878078
leaf_weight=8277 20 151 844 26 538 20 36 109 573 84 117 25 63 25 886 551 26 32 34 86 24 20 94 25 20 170 23 43 1009 6151
leaf_count=8277 20 151 844 26 538 20 36 109 573 84 117 25 63 25 886 551 26 32 34 86 24 20 94 25 20 170 23 43 1009 6151
internal_value=0.000964382 0.00265985 0.000116203 0.00291797 0.000884615 -0.003 0.000430134 0.000521739 0.000755822 -0.00119689 -3.34372e-05 -0.000116135 0.000388466 -0.000141684 -0.000326015 0.000986111 0.0014922 -0.00010201 -0.00245455 -0.000641975 -0.00122156 -0.000157895 -0.00233742 -0.00557143 -0.000947368 -3.13588e-05 0.000631579 -0.00109091 -8.52896e-05 0.00295629
internal_weight=20102 6703 13399 6217 2184 40 1646 1610 1417 193 11215 9377 1838 974 911 864 577 9352 66 486 334 171 163 49 114 287 152 66 9286 6177
internal_count=20102 6703 13399 6217 2184 40 1646 1610 1417 193 11215 9377 1838 974 911 864 577 9352 66 486 334 171 163 49 114 287 152 66 9286 6177
is_linear=0
shrinkage=0.03


Tree=153
num_leaves=31
num_cat=0
split_feature=25 26 31 11 31 14 31 25 17 8 22 11 17 28 13 11 11 2 28 2 11 13 7 27 27 23 17 28 17 21
split_gain=32.0706 8.18277 1.5353 1.12614 0.830497 0.687692 0.716807 0.476544 1.2283 0.578137 0.545455 0.476445 0.583084 0.519603 0.539562 0.48872 0.724844 0.459593 1.04219 0.457547 0.813985 0.719051 0.43457 0.674049 0.865308 0.475678 0.432114 0.380041 0.4471 0.435596
threshold=37849.227500000008 7.5000000000000009 20.500000000000004 19539.010000000002 22.500000000000004 6526.8750000000009 32.500000000000007 79069.565000000017 0.9094658378561451 137255.53750000001 125193.07000000002 18136.530000000002 0.83527550387959204 3.5000000000000004 6563.8300000000008 19265.295000000002 24552.735000000004 48491.06500000001 7.5000000000000009 34000.070000000007 17363.130000000005 31640.295000000002 50751.247100664274 29067.625000000004 63211.695000000007 38553.507080611824 0.67576962111695738 7.5000000000000009 0.63070860957692176 35518.226666666669
decision_type=2 2 2 2 2 2 2 2 2 2 2 2 2 2 2 2 2 2 2 2 2 2 2 2 2 2 2 2 2 2
left_child=2 7 11 4 -4 -6 -7 22 -9 10 -10 17 13 14 -13 -14 -17 19 -19 21 -21 -1 23 25 -25 -2 -15 28 29 -5
right_child=1 -3 3 27 5 6 -8 8 9 -11 -12 12 15 26 -16 16 -18 18 -20 20 -22 -23 -24 24 -26 -27 -28 -29 -30 -31
leaf_value=-0.26403432472390342 5.9938040206010488 195.23227459627429 12.63293909670214 -4.9642818031753277 6.4765840456627846 -0.58501370205573044 6.9972224945966666 -20.892878079204461 -3.7069835236670925 19.681265293700434 -8.576265799643723 3.3156380166819295 24.352895912305193 8.3456543117300139 -5.6386285878754157 -4.7606839697460792 0.84621296809831081 4.4802507611431714 -26.497497823843354 14.168923481865233 -8.1327222619950685 -26.451328850302914 6.5958638260550861 -14.654797497101878 3.6440236178325169 -5.5414636251809313 14.787581711934326 31.845554925377503 14.947685150850068 15.971743835041359
leaf_weight=9087 111 6088 204 26 75 897 361 20 66 46 22 163 62 398 107 262 713 25 32 246 26 37 240 58 30 29 210 270 157 34
leaf_count=9087 111 6088 204 26 75 897 361 20 66 46 22 163 62 398 107 262 713 25 32 246 26 37 240 58 30 29 210 270 157 34
internal_value=0.000967367 0.00266021 0.000119176 0.000880435 0.000482108 0.000209302 4.29254e-05 -0.000617363 -0.00206493 -0.00102985 -0.00245455 -1.63616e-05 0.000415144 0.000984055 -0.000111111 -6.6538e-05 -0.000230769 -0.000103776 -0.00278947 -8.74839e-05 0.001125 -0.00012363 -0.000141026 -0.00107895 -0.00313636 0.000214286 0.00147039 0.00213758 0.00120277 -0.001
internal_weight=20102 6710 13392 2024 1537 1333 1258 622 154 134 88 11368 1915 878 270 1037 975 9453 57 9396 272 9124 468 228 88 140 608 487 217 60
internal_count=20102 6710 13392 2024 1537 1333 1258 622 154 134 88 11368 1915 878 270 1037 975 9453 57 9396 272 9124 468 228 88 140 608 487 217 60
is_linear=0
shrinkage=0.03


Tree=154
num_leaves=31
num_cat=0
split_feature=22 26 31 9 22 8 3 28 28 15 21 21 15 19 27 22 28 14 15 5 2 4 31 26 10 16 18 6 13 0
split_gain=32.0262 8.46463 1.24168 1.04653 0.869726 0.642941 0.634158 0.574216 1.21364 0.771458 0.5401 0.859257 0.767596 0.495918 0.477586 0.419588 0.407816 0.664867 0.632572 0.397824 0.397179 0.374733 0.662879 0.372024 0.635142 0.347626 0.298685 0.294983 0.0451691 0.0394737
threshold=37583.160000000011 7.5000000000000009 15.500000000000002 19797.465000000004 106856.02500000002 69703.720000000016 36440.320000000007 8.5000000000000018 11.500000000000002 1.0149328098543922 41473.351666666676 50385.236666666679 1.4348517616073824 0.073789954663082288 51278.097500000011 37092.720000000008 8.5000000000000018 10656.530000000001 0.98676955117674992 141155.06198715212 57606.115000000005 37253.325000000004 14.500000000000002 8.5000000000000018 38415.915000000008 -19092.316337202094 23029.428459060728 32611.625363495619 10645.570000000002 39661.928776595349
decision_type=2 2 2 2 2 2 2 2 2 2 2 2 2 2 2 2 2 2 2 2 2 2 2 2 2 2 2 2 2 2
left_child=2 4 5 6 10 15 7 9 -9 -4 26 12 -12 14 -6 23 17 -5 -19 -16 -13 22 -3 25 -25 -1 29 -28 -18 -2
right_child=1 21 3 16 13 -7 -8 8 -10 -11 11 20 -14 -15 19 -17 28 18 -20 -21 -22 -23 -24 24 -26 -27 27 -29 -30 -31
leaf_value=74.453637930602312 32.752654835576216 -12.061324585335431 0.72199306189835399 14.978289770777469 -10.059980173983224 -15.826228968790863 -14.107136609088986 11.032294196618601 -1.9528373102991974 -2.9375425274863325 -3.2831388648340756 -1.0035789441506322 -7.0421298649818826 -10.230492586253659 53.736130765530874 -7.9301083444230605 36.684490798543081 -6.7957232228308992 8.2441324879506155 -2.4453398533611588 31.744205893300052 187.62136144823489 47.319436049627484 -0.17692850889205117 9.2394030833770202 -0.33790278764653658 -16.013116874101577 10.735255887014617 28.772136326133293 76.062142519100817
leaf_weight=94 75 24 1113 125 26 22 24 572 185 142 109 171 23 30 33 39 187 25 234 39 194 6099 42 511 415 9463 20 26 20 20
leaf_count=94 75 24 1113 125 26 22 24 572 185 142 109 171 23 30 33 39 187 25 234 39 194 6099 42 511 415 9463 20 26 20 20
internal_value=0.000955427 0.00260612 8.67817e-05 0.000670346 -0.000368146 -5.86114e-05 0.000347741 0.000405567 0.00105812 1.19523e-05 8.46396e-05 -0.000380282 -0.00245455 -0.002625 -0.00159184 -4.78995e-05 0.00178173 0.00120313 0.000335907 -0.000333333 0.000369863 0.00297567 0.000727273 -3.63444e-05 0.000537797 -9.19744e-05 0.0017234 -0.000260869 0.00285507 0.00268421
internal_weight=20102 6931 13171 2627 766 10544 2036 2012 757 1255 638 497 132 128 98 10522 591 384 259 72 365 6165 66 10483 926 9557 141 46 207 95
internal_count=20102 6931 13171 2627 766 10544 2036 2012 757 1255 638 497 132 128 98 10522 591 384 259 72 365 6165 66 10483 926 9557 141 46 207 95
is_linear=0
shrinkage=0.03


Tree=155
num_leaves=31
num_cat=0
split_feature=8 26 11 27 28 25 9 18 10 2 23 14 7 10 11 11 11 15 31 7 10 23 18 2 25 13 27 8 20 10
split_gain=31.4455 9.54196 1.42763 1.19956 0.795728 0.73902 0.721297 0.711111 0.986913 0.527586 0.620509 0.523444 0.9589 0.827637 0.521294 0.579981 1.76005 0.529018 0.501421 0.650106 0.445433 0.452793 0.430768 0.41949 0.505552 0.416697 1.18983 0.476238 0.409543 0.405711
threshold=36530.092500000006 7.5000000000000009 18136.530000000002 5498.2316666666675 8.5000000000000018 79069.565000000017 95739.400000000009 0.30278836557514205 163521.62500000003 48491.06500000001 25527.799058185574 1871.0450000000003 74521.169318249958 151778.12250000003 19265.295000000002 24552.735000000004 23858.685000000001 2.4167985750538885 32.500000000000007 16213.828131598164 63840.865000000013 1274.4454706413389 0.71732234919868632 38082.890000000007 34975.570000000007 11200.970000000003 4402.2456250000005 27070.317500000005 0.37058961787160294 106155.145
decision_type=2 2 2 2 2 2 2 2 2 2 2 2 2 2 2 2 2 2 2 2 2 2 2 2 2 2 2 2 2 2
left_child=2 5 9 4 20 11 -7 -8 -9 18 -11 12 13 -2 -5 16 -16 -17 23 -20 22 -22 -4 24 -1 27 -27 -6 29 -13
right_child=1 -3 3 14 25 6 7 8 -10 10 -12 28 -14 -15 15 17 -18 -19 19 -21 21 -23 -24 -25 -26 26 -28 -29 -30 -31
leaf_value=-0.17323926939805473 -0.95583218331193365 180.46487422625171 8.1856557618682402 29.822545767204804 -0.78247658528213015 -6.683844209585895 1.4412808676601188 16.327994564028931 -15.378580191095823 -42.116938167199216 -0.082204013266620843 -0.27655183360450164 131.08930723020308 -28.406675089061093 -1.045668499263918 -0.30574745957574512 -13.615686125290384 12.074250729805573 -2.6819698393579912 7.4835827956245629 -5.8455557921888586 9.3613731849749833 1.7403485774985408 21.204128481210606 -2.7442713380834194 -9.3712570822293753 41.763574217123889 33.17723997439721 -9.7873546205421267 99.886659820875209
leaf_weight=10259 84 6115 506 67 30 22 30 46 44 21 41 156 39 32 242 528 42 207 29 317 89 67 313 117 76 20 39 389 30 105
leaf_count=10259 84 6115 506 67 30 22 30 46 44 21 41 156 39 32 242 528 42 207 29 317 89 67 313 117 76 20 39 389 30 105
internal_value=0.000941996 0.00261957 0.000102769 0.000743206 0.00130695 -0.00103061 -0.00291549 -0.002 -0.00333333 -4.69612e-05 -0.00280645 -0.000430493 -0.00183871 -0.0032069 -1.10496e-05 -0.000179588 -0.00133099 0.000265306 -3.11168e-05 0.00109249 0.000815385 -0.000653846 0.00109524 -6.83122e-05 -8.8534e-05 0.00230962 -5.08473e-05 0.002642 0.000319588 0.00070115
internal_weight=20102 6703 13399 2539 1453 588 142 120 90 10860 62 446 155 116 1086 1019 284 735 10798 346 975 156 819 10452 10335 478 59 419 291 261
internal_count=20102 6703 13399 2539 1453 588 142 120 90 10860 62 446 155 116 1086 1019 284 735 10798 346 975 156 819 10452 10335 478 59 419 291 261
is_linear=0
shrinkage=0.03


Tree=156
num_leaves=31
num_cat=0
split_feature=8 26 31 11 25 31 20 8 8 25 14 0 14 21 10 31 11 17 11 16 28 13 19 16 1 2 28 13 10 24
split_gain=31.4848 8.65757 1.62397 1.09432 0.849553 0.818584 1.12492 0.677249 1.11493 1.09003 0.637835 0.471999 0.656538 0.709696 0.459818 0.451334 0.383489 0.579627 0.503532 0.723002 0.457054 0.497386 0.424175 0.388416 0.889506 0.470699 0.361677 0.41547 0.323559 0.323487
threshold=37583.560000000005 7.5000000000000009 20.500000000000004 19265.295000000002 79069.565000000017 22.500000000000004 0.26791450808957806 137255.53750000001 107222.05250000001 93837.585000000021 6526.8750000000009 71988.767230218757 1951.2450000000001 56479.936666666683 61962.825000000004 2.5000000000000004 18136.530000000002 0.83527550387959204 19265.295000000002 1133.4588677385302 8.5000000000000018 6563.8300000000008 0.29063422872196509 11603.534397415488 8090.231664648004 38082.890000000007 7.5000000000000009 10304.905000000001 25008.800000000003 29225.497500000005
decision_type=2 2 2 2 2 2 2 2 2 2 2 2 2 2 2 2 2 2 2 2 2 2 2 2 2 2 2 2 2 2
left_child=2 4 16 5 11 -4 10 8 9 -6 -7 12 13 -2 -14 -9 23 20 -19 -20 21 -18 -22 25 28 29 27 -5 -25 -1
right_child=1 -3 3 26 7 6 -8 15 -10 -11 -12 -13 14 -15 -16 -17 17 18 19 -21 22 -23 -24 24 -26 -27 -28 -29 -30 -31
leaf_value=-0.12212558173483171 -0.13435126662668798 194.51985076025113 11.74707470625558 10.53680971383158 -14.996617873136088 6.2536303860463489 -3.1888480863953945 -1.1252595551214719 -10.8784601771151 2.4294125226436516 0.29744536304026947 80.225533228357804 -2.2266317878017095 -35.527536195383568 50.950024196187108 150.04941369855968 6.1430463014525882 22.73776974554929 -5.8285697689581752 0.092010673006084578 30.03778862924776 -2.018831838669831 -5.8706912926049295 -13.495560198675998 -41.94641412569743 21.685657743909104 29.945841607192733 -6.0793511125140736 41.88686850964244 -3.4719981600561369
leaf_weight=8559 62 5987 199 258 32 74 22 26 26 35 1213 91 103 36 126 23 415 62 143 857 143 296 31 23 24 122 329 20 20 745
leaf_count=8559 62 5987 199 258 32 74 22 26 26 35 1213 91 103 36 126 23 415 62 143 857 143 296 31 23 24 122 329 20 20 745
internal_value=0.000947965 0.00265633 0.000122833 0.000886525 -0.000910714 0.000453581 0.000181054 -0.00291549 -0.00441935 -0.00237313 0.000296037 -0.000229665 -0.000761468 -0.00281633 0.000117904 -6.12244e-05 -1.83565e-05 0.000365177 -0.000107345 -0.00027 0.000932203 0.000594937 0.00231034 -9.70187e-05 -0.00237313 -8.08401e-05 0.00196211 0.00116547 0.000209302 -0.000105116
internal_weight=20102 6547 13555 2115 560 1508 1309 142 93 67 1287 418 327 98 229 49 11440 1947 1062 1000 885 711 174 9493 67 9426 607 278 43 9304
internal_count=20102 6547 13555 2115 560 1508 1309 142 93 67 1287 418 327 98 229 49 11440 1947 1062 1000 885 711 174 9493 67 9426 607 278 43 9304
is_linear=0
shrinkage=0.03


Tree=157
num_leaves=31
num_cat=0
split_feature=22 26 26 28 28 12 17 18 7 12 22 1 22 5 22 27 24 12 10 2 3 23 25 2 11 18 23 19 3 18
split_gain=31.4669 8.1704 1.12922 2.24677 1.44563 1.51716 1.28045 0.968537 0.762222 0.745246 0.725776 0.725645 0.720045 0.703058 0.635367 0.827138 0.734376 0.627978 0.584713 0.595238 0.557329 1.48399 0.486314 0.472957 0.831597 0.470556 0.444578 0.496668 0.430389 0.402406
threshold=37583.160000000011 7.5000000000000009 5.5000000000000009 8.5000000000000018 11.500000000000002 4214.4650000000011 0.63614239930571015 0.79662383442585438 22666.298894750198 3333.2100000000005 106856.02500000002 22145.565320213336 120605.23500000002 33729.001230468763 23187.050000000003 71992.866666666683 57004.595833333347 3147.8650000000002 45812.960000000006 39337.440000000002 41639.19000000001 20445.032338461835 51394.107500000006 54847.735000000008 40662.905000000006 0.34791275065422889 439.8569025423937 0.1629051378183983 5156.0800000000008 0.48955572051367119
decision_type=2 2 2 2 2 2 2 2 2 2 2 2 2 2 2 2 2 2 2 2 2 2 2 2 2 2 2 2 2 2
left_child=2 10 14 6 8 9 7 17 11 -6 -2 -5 -12 -9 22 20 -17 -4 19 -3 28 -22 23 24 -1 -14 27 -8 -16 -25
right_child=1 18 3 4 5 -7 26 13 -10 -11 12 -13 25 -15 15 16 -18 -19 -20 -21 21 -23 -24 29 -26 -27 -28 -29 -30 -31
leaf_value=-0.070770699492071029 0.11119376879862589 -14.089063777324036 0.86862067126205067 7.5612653266256338 -1.2770838526616268 8.2673737374360936 10.14643422724701 -13.266094167627063 26.977885781867599 -6.353871775376601 -7.0641659226546665 -6.3131262137935051 -6.4673486218740983 9.7903639021668205 -14.133722632493102 -19.412891917054719 -59.254549982765617 -0.78479344217598068 168.11656420665886 52.229089980624629 -31.268949529172005 -5.9491373050392271 -7.1316320023826654 0.61915980530834691 -26.335020493333349 0.039103629388419568 5.6727231745576612 -1.6716441610549697 0.045107061186681285 75.659049457689065
leaf_weight=7237 638 21 442 426 116 165 139 37 733 90 28 26 28 21 107 37 20 1633 6123 21 25 108 31 68 47 72 792 191 594 86
leaf_count=7237 638 21 442 426 116 165 139 37 733 90 28 26 28 21 107 37 20 1633 6123 21 25 108 31 68 47 72 792 191 594 86
internal_value=0.00095692 0.00259313 9.58926e-05 0.000462066 0.00139974 -0.000234501 1.3825e-05 -0.000417721 0.00191139 -0.00195146 -0.000328982 0.000942478 -0.00239062 -0.00424138 -0.000114832 -0.000872054 -0.00436842 -0.000310843 0.0029562 -0.000571428 -0.000633093 -0.00241353 -2.45012e-05 -8.87324e-06 -4.36572e-05 -0.0012 0.000834225 -9.0909e-05 -0.000295292 0.00163636
internal_weight=20102 6931 13171 4811 1556 371 3255 2133 1185 206 766 452 128 58 8360 891 57 2075 6165 42 834 133 7469 7438 7284 100 1122 330 701 154
internal_count=20102 6931 13171 4811 1556 371 3255 2133 1185 206 766 452 128 58 8360 891 57 2075 6165 42 834 133 7469 7438 7284 100 1122 330 701 154
is_linear=0
shrinkage=0.03


Tree=158
num_leaves=31
num_cat=0
split_feature=8 26 31 11 20 14 28 20 22 11 16 16 28 14 19 4 23 23 31 1 1 4 17 31 23 28 13 3 18 14
split_gain=31.1595 7.91626 1.43393 1.15281 0.877114 0.709318 0.676037 0.531521 0.71243 0.534398 0.493937 0.767284 1.22531 1.7145 0.780583 0.709375 0.645753 0.704684 0.633415 0.471148 1.76883 0.465662 0.764464 0.426432 0.377358 0.361677 0.41547 0.355236 0.312864 0.263439
threshold=37583.560000000005 7.5000000000000009 20.500000000000004 19265.295000000002 0.26791450808957806 6653.8250000000007 8.5000000000000018 0.33002340009404335 44760.185000000005 161753.01500000004 150.71993111338818 98.862212977081086 8.5000000000000018 6746.8300000000008 0.25021685596986942 2586.9850000000001 1604.1572376034351 378.34310629243492 4.5000000000000009 43746.331511262157 47926.47012431085 108236.71000000001 2.5076109343812916 4.5000000000000009 1064.9031878085923 7.5000000000000009 10304.905000000001 96193.250000000015 28761.044346070277 10873.435000000001
decision_type=2 2 2 2 2 2 2 2 2 2 2 2 2 2 2 2 2 2 2 2 2 2 2 2 2 2 2 2 2 2
left_child=2 7 10 4 5 -4 -7 9 -9 19 11 14 13 -13 18 -16 17 23 -1 28 -21 22 -18 -12 -19 26 29 -11 -2 -5
right_child=1 -3 3 25 -6 6 -8 8 -10 27 16 12 -14 -15 15 -17 21 24 -20 20 -22 -23 -24 -25 -26 -27 -28 -29 -30 -31
leaf_value=-2.2491044546047108 60.182823176182268 183.64075831124384 4.6692876365768798 10.516078866058436 -3.2625166267922561 -0.28330169580771308 5.5940563324775701 61.723557209954052 -17.345373591712352 -0.27032979660482048 16.1156353261627 -8.6444274210725389 12.123976063494998 -3.0994103264047204 -8.2967257235442169 -0.89266307741563988 0.010134935582461407 1.6693749043012456 1.3705514955506046 -25.057795683823443 -0.042882553456631015 -13.206067614747141 22.719553570791522 -1.4858535793122738 10.938110020678616 28.396545041288444 -9.3564686168807576 -7.8751737552654895 -0.40373664470665033 7.2497270905776467
leaf_weight=1745 91 5987 97 74 32 664 715 22 27 29 22 27 52 105 334 1716 3082 582 3278 23 317 20 116 52 309 329 20 23 28 184
leaf_count=1745 91 5987 97 74 32 664 715 22 27 29 22 27 52 105 334 1716 3082 582 3278 23 317 20 116 52 309 329 20 23 28 184
internal_value=0.000961397 0.00266091 0.000140539 0.000858156 0.000413793 0.000520325 0.000345903 -0.00075 -0.00373469 -0.000463796 7.86724e-06 -0.000141794 -0.00205435 -0.00359091 -9.204e-05 -0.000585366 0.000267511 0.000948187 0.000109297 -0.000137255 -0.000705882 6.33935e-05 9.19326e-05 -0.00186486 0.00118182 0.00196211 0.00116547 -0.00334615 0.0014874 0.00148837
internal_weight=20102 6547 13555 2115 1508 1476 1379 560 49 511 11440 7257 184 132 7073 2050 4183 965 5023 459 340 3218 3198 74 891 607 278 52 119 258
internal_count=20102 6547 13555 2115 1508 1476 1379 560 49 511 11440 7257 184 132 7073 2050 4183 965 5023 459 340 3218 3198 74 891 607 278 52 119 258
is_linear=0
shrinkage=0.03


Tree=159
num_leaves=31
num_cat=0
split_feature=8 26 8 28 4 14 17 23 23 16 12 2 3 14 22 4 9 4 3 3 4 1 3 23 28 28 9 17 10 0
split_gain=31.6027 7.20812 1.34017 1.04599 1.57542 0.992063 0.877302 0.62538 0.553051 0.878738 0.581593 0.517578 0.59358 0.493539 0.490706 0.419415 1.53104 0.48 0.415726 0.654408 0.803551 0.490747 0.396579 1.17042 0.575335 0.355699 0.303829 0.499421 0.262031 0.166709
threshold=37583.560000000005 7.5000000000000009 28926.997500000005 8.5000000000000018 27595.425000000007 9967.0650000000005 0.63900783273899064 41446.096360120944 780.36432347320681 301.06866413236645 5935.3700000000008 181095.22500000003 96193.250000000015 49645.145000000011 106856.02500000002 71776.415000000023 95739.400000000009 52414.260000000009 12496.500000000002 11331.525000000003 780.90500000000009 30202.233063400115 28466.820000000003 360.69069079020989 8.5000000000000018 11.500000000000002 33761.360000000008 1.359319796093889 49911.460000000006 39150.186679098828
decision_type=2 2 2 2 2 2 2 2 2 2 2 2 2 2 2 2 2 2 2 2 2 2 2 2 2 2 2 2 2 2
left_child=2 11 14 6 5 -5 8 25 9 -4 -10 13 -13 15 18 17 -17 -2 19 21 -21 -1 24 -24 -20 -6 28 -28 -8 -3
right_child=1 29 3 4 7 -7 26 -9 10 -11 -12 12 -14 -15 -16 16 -18 -19 22 20 -22 -23 23 -25 -26 -27 27 -29 -30 -31
leaf_value=-0.36963336824284115 0.086143644997107388 16.120410391954504 -2.7119577053288766 1.7860746487980523 41.587566090503586 -39.838841236022844 3.8936063207111622 -23.925110837687853 -4.9951179831546142 -12.158961427572903 4.567505789550129 -0.24864884406385135 -8.5403233111687236 -27.03633823893713 -6.3865701597029103 -9.6648427998058217 0.68391787437283602 116.68794542601765 0.11343258785996321 -10.967759573703448 -11.032521390539381 -12.618885731529993 -7.8323119729303388 -0.38434120136514349 4.1878699488146491 11.494956658229736 -15.489281131885052 13.322631487205333 14.289158027006193 192.44565923456437
leaf_weight=5148 240 93 220 24 472 21 315 29 182 24 291 31 20 24 25 70 115 60 3146 20 207 105 20 1188 1565 158 40 91 264 5894
leaf_count=5148 240 93 220 24 472 21 315 29 182 24 291 31 20 24 25 70 115 60 3146 20 207 105 20 1188 1565 158 40 91 264 5894
internal_value=0.000953935 0.0026655 0.000127259 0.000817926 0.0017642 -0.00366667 0.000351086 0.00213505 -0.000389121 -0.00154918 0.000209302 -0.000589286 -0.00347059 -0.000300589 -1.57552e-06 -9.27834e-05 -0.00121622 0.0006 7.63236e-06 -0.000180657 -0.00175771 -0.000112507 0.000181957 -0.00030298 0.000306304 0.00233333 0.00109859 -0.000206107 0.00139378 0.00296993
internal_weight=20102 6547 13555 2131 704 45 1427 659 717 244 473 560 51 509 11424 485 185 300 11399 5480 227 5253 5919 1208 4711 630 710 131 579 5987
internal_count=20102 6547 13555 2131 704 45 1427 659 717 244 473 560 51 509 11424 485 185 300 11399 5480 227 5253 5919 1208 4711 630 710 131 579 5987
is_linear=0
shrinkage=0.03


Tree=160
num_leaves=31
num_cat=0
split_feature=8 26 31 11 31 14 23 2 3 4 4 16 16 28 14 19 4 2 5 3 3 11 11 0 28 13 1 14 2 31
split_gain=31.2613 7.62773 1.31932 1.1385 0.75487 0.737136 0.627989 0.479801 0.59358 0.495527 0.555812 0.443373 0.642039 1.12501 1.29447 0.678141 0.742582 0.666106 0.599948 0.704529 0.534557 0.517645 0.42874 0.319375 0.318192 0.41547 0.31015 0.263439 0.172356 0.22337
threshold=37583.560000000005 7.5000000000000009 20.500000000000004 19265.295000000002 22.500000000000004 6526.8750000000009 1564.241835609396 181095.22500000003 96193.250000000015 10572.730000000001 14993.555000000002 150.71993111338818 98.862212977081086 8.5000000000000018 6746.8300000000008 0.25021685596986942 2586.9850000000001 35988.43 2422.1857812500007 8704.1550000000025 8393.7300000000014 8028.0650000000005 42847.780000000006 16153.505776273898 7.5000000000000009 10304.905000000001 61999.052369165001 10873.435000000001 39337.440000000002 7.5000000000000009
decision_type=2 2 2 2 2 2 2 2 2 2 2 2 2 2 2 2 2 2 2 2 2 2 2 2 2 2 2 2 2 2
left_child=2 7 11 4 23 -6 -7 9 -9 26 -11 12 15 14 -14 17 -17 -1 -13 20 -20 -21 -12 -4 25 27 -2 -5 29 -3
right_child=1 28 3 24 5 6 -8 8 -10 10 22 18 13 -15 -16 16 -18 -19 19 21 -22 -23 -24 -25 -26 -27 -28 -29 -30 -31
leaf_value=0.54277199016192523 47.400255894742536 4.5505130987301419 -0.89635703006096912 10.163171946509211 5.8222009428984096 -0.45303056484924314 10.442930274904464 -0.2411893787419358 -8.2841136118336607 -20.495267057357424 0.42353409322311186 18.865195285321036 -8.3827007851643618 11.634620683125656 -3.0098309942483294 -8.2044646363103304 -0.86204013635246535 -14.461263838209092 -0.62012100435217188 4.1731442411399193 -20.013129649042096 1.1065733782506157 -4.3791815994363583 13.116349928213987 27.224560465728217 -8.9327704977738502 -8.4363942552641209 6.9093619875062782 193.4445330194022 42.012497251411396
leaf_weight=4950 55 62 20 74 75 1036 198 31 20 21 256 70 27 52 105 334 1716 73 2007 469 29 1608 156 179 329 20 21 184 5848 77
leaf_count=4950 55 62 20 74 75 1036 198 31 20 21 256 70 27 52 105 334 1716 73 2007 469 29 1608 156 179 329 20 21 184 5848 77
internal_value=0.000949458 0.00265175 0.000127259 0.000815603 0.000374005 0.0001123 -6.3209e-05 -0.000696428 -0.00347059 -0.000418467 -0.000810623 1.11759e-10 -0.000141794 -0.0018913 -0.00336364 -9.62815e-05 -0.000556097 9.13798e-05 0.000245996 0.000199125 -0.000197446 0.000587867 -0.000567961 0.00209548 0.00191269 0.00116547 0.00181579 0.00148837 0.00296492 0.00192086
internal_weight=20102 6547 13555 2115 1508 1309 1234 560 51 509 433 11440 7257 184 132 7073 2050 5023 4183 4113 2036 2077 412 199 607 278 76 258 5987 139
internal_count=20102 6547 13555 2115 1508 1309 1234 560 51 509 433 11440 7257 184 132 7073 2050 5023 4183 4113 2036 2077 412 199 607 278 76 258 5987 139
is_linear=0
shrinkage=0.03


Tree=161
num_leaves=31
num_cat=0
split_feature=8 26 31 9 31 20 14 11 19 9 23 9 11 28 1 23 11 22 5 8 14 10 0 20 16 20 7 0 17 15
split_gain=30.9141 8.01635 1.29897 1.15014 0.812142 0.864039 0.622302 0.521249 0.713007 1.09311 0.589687 0.523193 0.492989 0.376812 1.52246 0.57544 0.468422 0.584416 0.435487 0.424114 0.541347 0.366514 0.330317 0.32539 0.339782 0.521739 0.323138 0.46746 0.230435 0.22391
threshold=37583.560000000005 7.5000000000000009 20.500000000000004 20933.145000000004 22.500000000000004 0.26791450808957806 6526.8750000000009 42847.780000000006 0.19543103287098856 78081.070000000022 19828.744510363827 286157.09000000003 13828.845000000003 1.5000000000000002 35475.073317505776 132.18886244444403 18136.530000000002 2176.8900000000008 625.98500000000013 31557.965000000004 24237.400000000005 44861.792500000003 16153.505776273898 0.12661841689434403 504.87900114777045 0.12222737432356863 41136.654650718549 43601.478591155319 0.66369133439768135 0.99989666994040671
decision_type=2 2 2 2 2 2 2 2 2 2 2 2 2 2 2 2 2 2 2 2 2 2 2 2 2 2 2 2 2 2
left_child=2 7 13 4 22 6 -6 12 9 10 -9 -11 26 14 19 28 18 -18 -17 20 -1 -3 -4 24 25 -5 -2 -28 -15 -30
right_child=1 21 3 23 5 -7 -8 8 -10 11 -12 -13 -14 15 -16 16 17 -19 -20 -21 -22 -23 -24 -25 -26 -27 27 -29 29 -31
leaf_value=-3.1400321116592003 -10.005381088194417 3.7183776558903263 -0.86946631915916173 17.800477436795919 5.62092908241533 -3.2976662566519841 0.41013558874964368 -5.3286561388295413 1.9542737532414312 -2.1102782529458306 -19.92435991426904 -8.401207068236527 5.6406941925313632 13.214071398209045 -9.6864529189469089 -14.853049045693812 -28.912415968676935 2.626625937802753 -0.11454118889782307 20.722824441564153 -31.149891495599743 170.68493944535351 15.354543483246488 26.704788567214212 -6.3540404952116978 -6.5227669629268616 77.835989637987907 -2.6213376573535641 -2.2329046725403519 25.187686564169475
leaf_weight=852 26 24 20 69 74 31 1392 20 45 156 23 20 99 136 29 20 32 1760 8478 62 22 5963 198 286 22 23 31 140 23 26
leaf_count=852 26 24 20 69 74 31 1392 20 45 156 23 20 99 136 29 20 32 1760 8478 62 22 5963 198 286 22 23 31 140 23 26
internal_value=0.000936026 0.00262884 0.000118407 0.000801419 0.000463557 0.000214429 0.000319236 -0.000803571 -0.00177273 -0.00247945 -0.00676744 -0.00143182 6.08109e-05 -7.86702e-06 -0.000575129 4.43915e-05 1.45774e-05 0.000455357 -7.83713e-05 -0.000365384 -0.000535469 0.00294989 0.00217431 0.00225 0.000894737 0.00169565 -0.000807106 -0.000333333 0.0017027 -6.12244e-05
internal_weight=20102 6547 13555 2115 1715 1497 1466 560 264 219 43 176 296 11440 965 10475 10290 1792 8498 936 874 5987 218 400 114 92 197 171 185 49
internal_count=20102 6547 13555 2115 1715 1497 1466 560 264 219 43 176 296 11440 965 10475 10290 1792 8498 936 874 5987 218 400 114 92 197 171 185 49
is_linear=0
shrinkage=0.03


Tree=162
num_leaves=31
num_cat=0
split_feature=25 26 11 17 28 17 23 13 27 11 17 13 28 22 11 11 11 23 22 8 21 17 8 3 23 12 11 3 25 18
split_gain=30.804 7.79858 1.36503 0.994598 1.01335 0.533838 0.513171 0.508568 1.35755 0.471039 0.57966 0.851426 0.676363 0.49137 0.465368 0.670671 1.90997 0.443577 0.433694 0.431819 0.339354 0.356368 0.535497 0.336603 1.12658 0.579793 0.925271 0.507839 0.453856 0.432181
threshold=39302.435000000005 7.5000000000000009 18136.530000000002 0.83527550387959204 8.5000000000000018 0.63900783273899064 488.19096185577433 11200.970000000003 4402.2456250000005 44308.310000000005 0.98117139716968638 7292.9350000000004 8.5000000000000018 16453.395000000004 19265.295000000002 24552.735000000004 23858.685000000001 1.0000000180025095e-35 6609.880000000001 27070.317500000005 39997.230000000003 0.62529595973198526 38971.37750000001 35035.385000000009 1970.1723800346313 5182.3050000000012 14787.155000000002 34446.985000000008 24111.765000000003 28761.044346070277
decision_type=2 2 2 2 2 2 2 2 2 2 2 2 2 2 2 2 2 2 2 2 2 2 2 2 2 2 2 2 2 2
left_child=2 9 23 4 5 17 -7 19 -9 13 -11 12 -12 -2 -5 16 -16 -4 -17 -6 21 22 -3 27 -25 26 -26 29 -27 -1
right_child=1 20 3 14 7 6 -8 8 -10 10 11 -13 -14 -15 15 18 -18 -19 -20 -21 -22 -23 -24 24 25 28 -28 -29 -30 -31
leaf_value=-0.02612102275468544 -7.5344327555242394 30.040836501558761 -8.3476670787342062 22.199747733814828 -0.19843503777790431 -0.38277889882088212 8.622713865128496 -10.436483243751688 30.74683422105506 -14.521491779686322 -6.8269996377179689 26.104390804049054 28.28154588827023 0.73207628336111663 -0.74755040631373604 25.970164265416592 -13.842812830578792 1.0595671683427301 0.082636731747259093 28.808582894713147 193.93478043017973 30.940381479999981 -6.4570870321726392 -8.3503345693321762 -1.8587588804188042 -1.0545614627218787 -16.532559709246929 39.032166881263819 49.00137771675724 103.73872021168347
leaf_weight=10053 33 22 20 62 32 178 517 23 58 37 125 50 54 277 222 102 40 440 632 433 5795 52 29 38 520 71 21 51 72 43
leaf_count=10053 33 22 20 62 32 178 517 23 58 37 125 50 54 277 222 102 40 440 632 433 5795 52 29 38 520 71 21 51 72 43
internal_value=0.000930057 0.00263392 0.000120634 0.000716564 0.00116578 0.000662338 0.00118705 0.00223077 3.70371e-05 -0.000697917 -0.00162406 -0.00106114 -0.00202793 9.67743e-05 -5.67097e-06 -0.00016265 -0.00146565 -0.000130435 0.000302452 0.0026129 0.00295931 0.00125243 -0.000529412 -3.06375e-05 -0.00065651 -0.000377193 -0.000826248 1.38958e-05 0.00132168 -1.18848e-06
internal_weight=20102 6474 13628 2759 1701 1155 695 546 81 576 266 229 179 310 1058 996 262 460 734 465 5898 103 51 10869 722 684 541 10147 143 10096
internal_count=20102 6474 13628 2759 1701 1155 695 546 81 576 266 229 179 310 1058 996 262 460 734 465 5898 103 51 10869 722 684 541 10147 143 10096
is_linear=0
shrinkage=0.03


Tree=163
num_leaves=31
num_cat=0
split_feature=22 26 31 11 22 20 28 28 12 8 16 31 27 11 27 8 23 7 21 5 11 15 21 9 19 15 15 11 26 12
split_gain=30.743 7.15744 1.38566 1.40943 0.734694 0.997239 0.652496 1.2873 1.35201 0.680483 0.671025 0.64897 0.555848 0.905151 0.755831 0.481851 0.417526 0.966588 0.639226 0.80856 0.805415 0.521793 0.414351 0.401912 0.283083 0.27465 0.440705 0.216667 0.277778 0.168532
threshold=39738.000000000007 7.5000000000000009 15.500000000000002 20508.180000000004 44760.185000000005 0.42623592302678531 8.5000000000000018 11.500000000000002 3927.0050000000006 15356.6075 -142.15333700554399 16.500000000000004 10466.587777777779 44308.310000000005 2969.0406250000001 69703.720000000016 439.8569025423937 37226.357114824321 23574.851666666673 27574.542187500007 488.88500000000005 1.0107914264264122 39997.230000000003 22151.420000000002 0.17172062927215875 0.98676955117674992 0.9830881372785546 30125.235000000004 3.5000000000000004 4214.4650000000011
decision_type=2 2 2 2 2 2 2 2 2 2 2 2 2 2 2 2 2 2 2 2 2 2 2 2 2 2 2 2 2 2
left_child=2 4 15 6 27 12 10 9 -9 -8 24 -12 14 -14 -6 16 17 21 19 -18 -20 -1 23 -3 -4 26 -5 -2 -29 -27
right_child=1 22 3 25 5 -7 7 8 -10 -11 11 -13 13 -15 -16 -17 18 -19 20 -21 -22 -23 -24 -25 -26 29 -28 28 -30 -31
leaf_value=-1.4544490564380583 42.341624768099969 -8.1393102132790336 -1.1542385067696306 19.963547771888152 23.646338783706174 -25.669295965883578 -2.731675767629473 -3.8366131781366222 5.6373199059218129 11.90281590555724 5.338559402603499 -0.75700857412574984 1.5700011266659344 -1.5370947061903033 -19.356874054173694 -17.24469839228906 -0.10100321984844302 -7.6582544770057162 -2.8951127302844495 -17.681869011994532 5.4492677292237435 -2.0249532086061475 187.95349704800486 19.317644104816797 3.7364706114019461 14.039366544864345 -5.1963231259164973 23.975325043175093 -12.744720592854609 21.762214950093714
leaf_weight=1406 65 20 80 22 21 25 42 109 100 600 74 842 173 299 43 25 6883 26 525 112 1718 52 5796 39 401 95 26 36 24 423
leaf_count=1406 65 20 80 22 21 25 42 109 100 600 74 842 173 299 43 25 6883 26 525 112 1718 52 5796 39 401 95 26 36 24 423
internal_value=0.000930057 0.00261932 0.000115257 0.000707889 -0.000279883 -0.000743315 0.000370997 0.00102585 -0.00101914 0.00169159 -2.79169e-05 -0.000504367 -0.000470149 -0.000114407 -0.00309375 -3.9918e-05 -3.02181e-05 -0.000497304 4.4815e-05 -9.64974e-05 0.000485511 -0.000395062 0.00295901 0.000457627 0.000879418 0.00204594 -0.000125 0.0018 0.0005 0.0022471
internal_weight=20102 6541 13561 2814 686 561 2248 851 209 642 1397 916 536 472 64 10747 10722 1484 9238 6995 2243 1458 5855 59 481 566 48 125 60 518
internal_count=20102 6541 13561 2814 686 561 2248 851 209 642 1397 916 536 472 64 10747 10722 1484 9238 6995 2243 1458 5855 59 481 566 48 125 60 518
is_linear=0
shrinkage=0.03


Tree=164
num_leaves=31
num_cat=0
split_feature=25 26 31 11 28 28 12 12 8 15 11 17 22 0 22 20 15 23 7 17 17 11 24 18 15 15 1 28 14 21
split_gain=30.9661 7.79858 1.24148 1.2903 0.689195 1.22692 1.41284 0.68206 0.678443 0.633963 0.592746 0.542739 0.56028 0.626294 0.519238 0.454648 0.448184 0.390878 0.827582 0.565271 0.845534 0.639692 0.592165 0.568609 0.521793 1.05186 0.51048 0.498581 0.473984 0.339354
threshold=39302.435000000005 7.5000000000000009 15.500000000000002 20508.180000000004 8.5000000000000018 11.500000000000002 3927.0050000000006 8623.5450000000001 15356.6075 1.0149328098543922 44308.310000000005 0.98117139716968638 58960.625000000007 46891.648103685329 16453.395000000004 0.37058961787160294 0.98676955117674992 439.8569025423937 37226.357114824321 0.76858787701816866 1.2494292246084824 18485.860000000004 13990.401666666668 0.84633080957776596 1.0107914264264122 1.0431846353265988 37119.792346301118 8.5000000000000018 111.05500000000002 39997.230000000003
decision_type=2 2 2 2 2 2 2 2 2 2 2 2 2 2 2 2 2 2 2 2 2 2 2 2 2 2 2 2 2 2
left_child=2 10 17 4 7 8 -7 9 -6 -4 14 -12 13 -13 -2 -16 -5 18 24 21 22 26 -21 -23 27 -26 -19 -1 -22 -3
right_child=1 29 3 16 5 6 -8 -9 -10 -11 11 12 -14 -15 15 -17 -18 19 -20 20 28 23 -24 -25 25 -27 -28 -29 -30 -31
leaf_value=-2.1520344761488444 -6.8834289224011806 19.340652102550976 0.69790122936890842 -1.0155664309105066 -2.6497254946006032 -3.7215147827925197 5.5128313025778288 -5.1649178241995282 11.508440219590142 -2.8391217518748282 -13.851242966155485 1.3065412104730145 -0.3804849164546445 -15.046586870099402 0.89751681079973245 -2.5861499810599766 19.02274333889461 0.35827392892208582 -7.5949032086852606 -5.4186030355881609 5.32135982054176 8.4032488407106722 -0.45644731995358007 -20.001400416728558 -2.4454615827384574 20.875476069369689 32.417198212684539 11.345778506439506 -0.57347251559062462 182.65865079243687
leaf_weight=1321 33 103 1215 47 42 109 104 27 597 142 37 24 159 46 246 31 508 4100 23 802 855 500 662 32 30 22 75 85 2330 5795
leaf_count=1321 33 103 1215 47 42 109 104 27 597 142 37 24 159 46 246 31 508 4100 23 802 855 500 662 32 30 22 75 85 2330 5795
internal_value=0.00092558 0.00263392 0.00011403 0.000678252 0.000356887 0.00102817 -0.000943662 -5.63583e-05 0.00168545 3.7583e-05 -0.000697917 -0.00173684 -0.00119214 -0.00342857 0.000193548 0.000617329 0.00197297 -3.12816e-05 -0.000484132 4.0402e-05 -0.000194235 0.000272148 -0.000790983 0.00125188 -0.000395062 -0.00334615 0.000147305 -0.000285917 8.00629e-05 0.00295931
internal_weight=20102 6474 13628 2791 2236 852 213 1384 639 1357 576 266 229 70 310 277 555 10837 1481 9356 4649 4707 1464 532 1458 52 4175 1406 3185 5898
internal_count=20102 6474 13628 2791 2236 852 213 1384 639 1357 576 266 229 70 310 277 555 10837 1481 9356 4649 4707 1464 532 1458 52 4175 1406 3185 5898
is_linear=0
shrinkage=0.03


Tree=165
num_leaves=31
num_cat=0
split_feature=8 26 31 8 20 28 12 20 20 27 4 20 13 20 17 21 17 3 22 23 7 26 14 20 3 9 21 12 7 7
split_gain=30.6137 7.38662 1.37897 1.54944 0.89628 0.585043 0.770979 0.555422 0.614163 0.700961 0.55237 0.664431 0.5464 0.504888 0.484591 0.393757 0.558313 0.376988 0.438137 0.368819 0.83465 0.59718 0.196269 0.134127 0.121385 0.117127 0.0596555 0.298775 1.42109e-14 3.55271e-15
threshold=39351.130000000012 7.5000000000000009 15.500000000000002 31049.840000000004 0.33002340009404335 8.5000000000000018 9371.6250000000018 0.10004402016610127 0.064975279542594286 33499.861000000004 32609.905000000002 0.10004402016610127 2059.9100000000003 0.26791450808957806 0.47885426658433883 39997.230000000003 0.62529595973198526 181095.22500000003 106856.02500000002 454.83479893348834 37226.357114824321 8.5000000000000018 17637.805000000004 0.11369318943745969 68066.175000000017 16733.580000000005 41173.251666666671 7740.335 52704.994578988262 52231.405349578425
decision_type=2 2 2 2 2 2 2 2 2 2 2 2 2 2 2 2 2 2 2 2 2 2 2 2 2 2 2 2 2 2
left_child=2 4 17 10 7 6 14 8 9 -2 11 -4 -6 -13 -5 16 -3 18 19 20 -1 -21 24 -7 -9 -25 27 -17 29 -28
right_child=1 15 3 5 12 23 -8 22 -10 -11 -12 13 -14 -15 -16 26 -18 -19 -20 21 -22 -23 -24 25 -26 -27 28 -29 -30 -31
leaf_value=-1.491039079626457 1.8171252808725247 -4.9484055630988451 14.795301858337924 -3.1043471367539897 -0.2570466314003953 13.310560715491388 -5.930284290488065 86.717428729467485 -13.47831611562226 -4.1373238901165683 -3.0533486354905799 0.60478902695884196 -22.148488979287549 -2.769447910120455 9.9337712747810638 41.1668402508217 29.937688448188066 240.98537330730753 -9.8625716355991599 -0.072296279316641246 -7.3670561124246943 4.3297064578011231 74.281870431888549 33.498452405937726 -4.1482494728416706 30.653911371184023 126.27001424025649 4.0061383947802094 521.22428418301149 348.60238648002252
leaf_weight=1486 141 26 78 27 20 24 26 23 35 206 25 1793 21 32 523 122 36 37 26 8657 23 697 48 31 20 305 1831 25 3687 71
leaf_count=1486 141 26 78 27 20 24 26 23 35 206 25 1793 21 32 523 122 36 37 26 8657 23 697 48 31 20 305 1831 25 3687 71
internal_value=0.000922595 0.00265304 0.000130529 0.000716481 -0.000793774 0.00171795 0.001125 -0.000424947 -0.000926701 -0.000544668 0.000230291 0.000288492 -0.00504878 0.000172603 0.00136364 0.00295861 0.000580645 -2.30641e-05 -3.33363e-05 -2.40264e-05 -0.000459244 4.61836e-05 0.00168132 0.00266667 0.000209302 0.00282143 0.00298431 0.00238776 0.003 0.003
internal_weight=20102 6312 13790 2864 514 936 576 473 382 347 1928 1903 41 1825 550 5798 62 10926 10889 10863 1509 9354 91 360 43 336 5736 147 5589 1902
internal_count=20102 6312 13790 2864 514 936 576 473 382 347 1928 1903 41 1825 550 5798 62 10926 10889 10863 1509 9354 91 360 43 336 5736 147 5589 1902
is_linear=0
shrinkage=0.03


Tree=166
num_leaves=31
num_cat=0
split_feature=8 26 11 20 25 20 20 1 1 25 31 23 18 15 15 15 21 17 23 31 7 28 23 3 23 12 7 8 25 24
split_gain=30.8253 7.38662 1.39573 1.42298 0.954871 0.821984 0.785535 0.633521 1.8452 0.717955 0.569809 0.76226 1.00119 0.564563 0.429827 0.977023 0.393757 0.558313 0.389219 0.360101 0.598721 0.483672 1.26543 0.377822 0.643049 0.660768 0.578582 0.365821 0.367175 0.351806
threshold=39351.130000000012 7.5000000000000009 18136.530000000002 0.12345325038546544 3552.1375000000003 0.37058961787160294 0.12222737432356863 43746.331511262157 49227.652139977348 79069.565000000017 15.500000000000002 454.83479893348834 0.81166274981758268 0.99993808665130934 0.98676955117674992 0.98477150680946324 39997.230000000003 0.62529595973198526 17457.149113596734 32.500000000000007 16213.828131598164 11.500000000000002 1081.5539694709569 28466.820000000003 780.36432347320681 6689.7200000000003 10200.585839123401 26828.880000000005 27102.442500000001 26861.701666666668
decision_type=2 2 2 2 2 2 2 2 2 2 2 2 2 2 2 2 2 2 2 2 2 2 2 2 2 2 2 2 2 2
left_child=2 5 19 4 -4 7 13 -2 -9 -10 11 12 -5 -6 15 -12 17 -3 -13 23 -21 -22 -23 27 25 -25 -26 28 -1 -29
right_child=1 16 3 10 6 -7 -8 8 9 -11 14 18 -14 -15 -16 -17 -18 -19 -20 20 21 22 -24 24 26 -27 -28 29 -30 -31
leaf_value=-0.0088462161667005081 1.5616269723695557 -4.7999533962059511 -6.8369366507236622 -0.63936006645682208 11.070578284729111 -14.36922385799517 -8.8561135198169136 -11.058734872675819 1.7321614666963578 -3.9658543355541522 8.1215233123751318 8.3205825308862806 -11.439516841381142 -0.47652338501018027 16.467337901313289 -10.455067198501572 184.52279232664426 29.039557794742368 -0.39563558948548261 -2.9853610062822207 13.571675056627782 -2.7666045153851675 11.294906728992629 -2.2963026598796725 -13.183610625048404 -15.773569155011486 -0.14883499142481621 -16.780650206041308 -8.052720265986494 14.960310280291823
leaf_weight=8803 115 26 39 120 226 27 26 29 219 124 51 562 20 919 737 20 5736 36 161 29 236 40 41 89 119 62 1209 32 62 187
leaf_count=8803 115 26 39 120 226 27 26 29 219 124 51 562 20 919 737 20 5736 36 161 29 236 40 41 89 119 62 1209 32 62 187
internal_value=0.000916625 0.00265304 0.000121828 0.000709129 -7.43801e-05 -0.000793774 7.94194e-05 -0.000511294 -0.0011129 -0.000498542 0.00127648 0.00074044 -0.00128571 0.000196507 0.00184901 -0.000380282 0.00295861 0.000580645 0.00113278 -3.32752e-05 0.000919075 0.00129653 -0.000703704 -6.44702e-05 -0.000509128 -0.00236424 -0.000298193 7.92614e-06 -2.19965e-05 0.00121918
internal_weight=20102 6312 13790 2881 1210 514 1171 487 372 343 1671 863 140 1145 808 71 5798 62 723 10909 346 317 81 10563 1479 151 1328 9084 8865 219
internal_count=20102 6312 13790 2881 1210 514 1171 487 372 343 1671 863 140 1145 808 71 5798 62 723 10909 346 317 81 10563 1479 151 1328 9084 8865 219
is_linear=0
shrinkage=0.03


Tree=167
num_leaves=31
num_cat=0
split_feature=8 26 11 27 28 24 9 28 11 18 1 31 3 13 19 19 7 13 17 17 19 14 28 18 3 3 21 14 10 18
split_gain=30.154 7.30536 1.40388 1.41019 0.943022 0.586026 0.695519 0.677417 0.5699 0.60476 0.652497 0.495832 0.42822 0.640244 0.400386 0.837578 0.374897 0.369945 0.359875 0.692676 0.453622 0.671049 0.359515 0.512295 0.358684 1.22282 1.24602 0.585066 0.354883 0.325408
threshold=39351.130000000012 7.5000000000000009 18136.530000000002 5125.6575000000012 8.5000000000000018 7873.4383333333344 19494.755000000001 1.5000000000000002 19960.205000000005 0.58944644064170015 41539.734763642358 32.500000000000007 29125.780000000002 5592.4900000000007 0.12638840099436302 0.14128970612514805 16213.828131598164 11200.970000000003 0.45951194728305955 0.73479692544764308 0.085113652759287992 14000.795000000002 11.500000000000002 0.70000014771372754 35035.385000000009 39514.885000000002 37013.080000000002 2217.3000000000006 402422.37250000006 28761.044346070277
decision_type=2 2 2 2 2 2 2 2 2 2 2 2 2 2 2 2 2 2 2 2 2 2 2 2 2 2 2 2 2 2
left_child=2 18 11 4 14 -5 -7 -8 9 -3 -11 24 13 -6 -4 -16 -13 -14 -2 -20 21 -21 -18 -24 29 26 -26 -27 -22 -1
right_child=1 8 3 5 12 6 7 -9 -10 10 -12 16 17 -15 15 -17 22 -19 19 20 28 -23 23 -25 25 27 -28 -29 -30 -31
leaf_value=-0.05079423391667158 44.49651684574367 44.838214899318672 7.9099914344112729 -9.3094281064283315 35.366266356146731 35.01147559673386 -4.8212972944814458 -0.037448002948120451 179.89893396239719 -8.9345196658671853 25.941580650980978 -2.8958001760937639 25.941196360154638 -6.8884095853462508 -5.8634779426727484 4.2121257357670636 13.164524804928941 6.6822878769956837 -15.189793079812466 -1.7352148193958035 6.7609714985436646 -8.9675449013415633 2.9427026235023352 -2.5736997951532254 -8.5924085355846778 24.399934428782295 -17.478664545408012 -1.1075922293075948 -5.0882677465171344 78.743002594025299
leaf_weight=9784 35 42 69 23 21 66 44 1034 5715 20 21 29 435 20 63 1032 236 74 38 255 124 42 61 20 168 175 25 361 20 50
leaf_count=9784 35 42 69 23 21 66 44 1034 5715 20 21 29 435 20 63 1032 236 74 38 255 124 42 61 20 168 175 25 361 20 50
internal_value=0.000916625 0.00263403 0.000130529 0.000719542 0.00126721 -8.48328e-05 1.04896e-05 -0.000172542 0.00293791 0.00046988 -0.00212195 -2.50251e-05 0.00229091 -0.000658536 0.000783505 0.000643836 0.00109249 0.00252849 -0.000793774 -0.00100835 -0.000673469 -0.00134343 0.00139117 -0.000333333 -6.16301e-05 -0.000703704 -0.0027513 3.35822e-05 0.000708333 -1.40328e-05
internal_weight=20102 6312 13790 2881 1714 1167 1144 1078 5798 83 41 10909 550 41 1164 1095 346 509 514 479 441 297 317 81 10563 729 193 536 144 9834
internal_count=20102 6312 13790 2881 1714 1167 1144 1078 5798 83 41 10909 550 41 1164 1095 346 509 514 479 441 297 317 81 10563 729 193 536 144 9834
is_linear=0
shrinkage=0.03


Tree=168
num_leaves=31
num_cat=0
split_feature=22 26 1 31 19 31 11 18 8 16 8 3 2 16 3 28 28 12 16 8 16 31 22 20 14 22 14 3 20 13
split_gain=30.4813 6.93359 1.17974 0.93276 0.878428 0.850604 0.926875 0.848077 0.688605 0.663593 0.642941 0.562334 0.837771 1.06443 0.737124 0.510335 1.19322 1.08969 0.660657 0.628759 0.627886 0.554995 0.496609 0.808761 0.670151 0.434964 0.348387 0.342909 0.26339 0.408739
threshold=37583.160000000011 7.5000000000000009 40654.125342785403 17.500000000000004 0.30046770880781459 15.500000000000002 20508.180000000004 0.58207345759671625 13812.750000000002 -441.86023634881207 69703.720000000016 36122.390000000007 21999.070000000003 -1188.2322050839546 37933.165000000008 8.5000000000000018 11.500000000000002 4169.2750000000005 332.48588486088562 15356.6075 379.26599217347217 16.500000000000004 45544.370000000003 0.42623592302678531 37073.830000000009 35751.247500000005 17756.940000000006 12496.500000000002 0.12527732637149094 7182.9150000000018
decision_type=2 2 2 2 2 2 2 2 2 2 2 2 2 2 2 2 2 2 2 2 2 2 2 2 2 2 2 2 2 2
left_child=5 8 3 4 26 10 15 -6 -2 -8 11 25 14 -14 -13 18 19 -18 21 -17 -20 -7 -10 24 -24 27 -3 -1 29 -11
right_child=1 2 -4 -5 7 6 9 -9 22 28 -12 12 13 -15 -16 16 17 -19 20 -21 -22 -23 23 -25 -26 -27 -28 -29 -30 -31
leaf_value=-1.104848177222147 11.771227839632001 10.335005590621257 185.95356199036314 21.531457127635278 53.521900261133261 7.9998588762767548 -3.9301292012402564 -13.359064052780473 8.3683510916261152 23.229487514668143 -12.842759833819969 -13.951139780991655 -20.935341745171122 -6.2274512117881837 4.3211838030944376 -2.4294071379668885 -3.599880566199988 5.0300633388948572 -9.213839449020055 10.147445246928941 -0.88802390055757041 0.073260204025060324 -1.2280624890529319 -24.637283722423337 77.129247811041594 39.579064012864556 -3.6845041574602417 0.52501065721843354 20.735799219424386 -3.4438356213438159
leaf_weight=5515 57 155 5654 273 20 96 35 32 196 42 22 44 67 177 427 42 122 83 36 576 132 1109 436 22 55 62 31 4230 301 53
leaf_count=5515 57 155 5654 273 20 96 35 32 196 42 22 44 67 177 427 42 122 83 36 576 132 1109 436 22 55 62 31 4230 301 53
internal_value=0.000909163 0.00251955 0.00285401 0.00147358 0.00010084 6.17266e-05 0.000544728 -0.00334615 -0.000172324 0.00181671 -5.86114e-05 -4.78995e-05 -0.00086014 -0.00228689 -0.000121019 0.000295082 0.000885784 -0.00109756 -5.89948e-05 0.00154369 -0.00182143 0.000186722 -0.000427362 -0.000918129 -0.000665988 1.13186e-05 0.00106452 -4.61764e-06 0.00216667 0.000789474
internal_weight=20102 6931 6165 511 238 13171 2627 52 766 431 10544 10522 715 244 471 2196 823 205 1373 618 168 1205 709 513 491 9807 186 9745 396 95
internal_count=20102 6931 6165 511 238 13171 2627 52 766 431 10544 10522 715 244 471 2196 823 205 1373 618 168 1205 709 513 491 9807 186 9745 396 95
is_linear=0
shrinkage=0.03


Tree=169
num_leaves=31
num_cat=0
split_feature=8 26 31 8 20 15 15 11 4 20 20 9 31 20 2 3 23 7 26 15 15 21 5 15 15 29 11 14 14 23
split_gain=30.1871 7.2649 1.33197 1.41878 0.821984 0.569228 0.678289 0.565131 0.55237 0.611311 0.507366 0.452489 0.441352 0.40042 0.383462 0.75 0.35626 0.83465 0.439075 0.505337 0.645975 0.478221 0.497515 0.411063 0.825917 0.423471 0.403887 0.348856 0.626106 0.288567
threshold=39351.130000000012 7.5000000000000009 15.500000000000002 31049.840000000004 0.37058961787160294 0.98676955117674992 0.98477150680946324 19960.205000000005 32609.905000000002 0.09857055449758477 0.26791450808957806 15784.520000000002 7.5000000000000009 0.24127632949150016 181095.22500000003 96193.250000000015 454.83479893348834 37226.357114824321 8.5000000000000018 0.991375997210033 0.98798367084838246 1844.2091666666668 1910.1700000000003 1.0107914264264122 1.0431846353265988 3.5000000000000004 23378.275000000005 29963.780000000002 21825.075000000004 1500.0715463833719
decision_type=2 2 2 2 2 2 2 2 2 2 2 2 2 2 2 2 2 2 2 2 2 2 2 2 2 2 2 2 2 2
left_child=2 4 16 8 14 6 -5 12 9 -4 -11 -7 -3 -13 27 -16 17 23 21 20 -20 29 -23 25 -25 -1 -21 28 -2 -18
right_child=1 7 3 5 -6 11 -8 -9 -10 10 -12 13 -14 -15 15 -17 18 -19 19 26 -22 22 -24 24 -26 -27 -28 -29 -30 -31
leaf_value=-1.8664239052093179 -0.71852468374149181 -8.8571402844521021 20.197280668592665 6.8726814002895571 -12.976553604891413 -0.97454448053981013 -9.6133535380071855 169.21112543121859 -3.0970610367357687 0.61509425177340094 -2.6995310642602295 17.619159559450868 33.485842695427785 0.2736958431014071 0.11490964955564972 -7.9132000545897885 1.070390162975315 -6.8909313435084956 0.49465828336828066 4.2406422283288112 -7.9881215827465564 -10.552395652939271 -0.09662608189273289 -1.9110139188836097 20.328877618496559 11.060861569016913 16.497968805282941 56.087867829472792 -15.191359143703318 22.305677094484771
leaf_weight=1379 330 26 72 70 27 33 22 5715 25 1799 32 730 57 81 30 20 207 23 126 417 58 43 8407 34 22 51 96 70 37 63
leaf_count=1379 330 26 72 70 27 33 22 5715 25 1799 32 730 57 81 30 20 207 23 126 417 58 43 8407 34 22 51 96 70 37 63
internal_value=0.000906179 0.00262452 0.000119652 0.000695531 -0.000793774 0.00165385 -0.000586956 0.00292756 0.000230291 0.000288492 0.000181868 0.0018981 0.00046988 0.00203822 -0.000511294 -0.003 -3.13014e-05 -0.000459244 3.72731e-05 0.000761837 -0.000586956 -2.06421e-05 -6.03549e-05 -0.000371467 -0.00289286 -0.000272727 0.00124561 -0.000226545 -0.00059673 0.00122222
internal_weight=20102 6312 13790 2864 514 936 92 5798 1928 1903 1831 844 83 811 487 50 10926 1509 9417 697 184 8720 8450 1486 56 1430 513 437 367 270
internal_count=20102 6312 13790 2864 514 936 92 5798 1928 1903 1831 844 83 811 487 50 10926 1509 9417 697 184 8720 8450 1486 56 1430 513 437 367 270
is_linear=0
shrinkage=0.03


Tree=170
num_leaves=31
num_cat=0
split_feature=8 26 31 8 20 20 25 11 28 25 18 20 15 7 14 1 1 7 16 5 15 27 27 13 22 24 22 18 31 3
split_gain=30.2395 6.77719 1.28405 1.09247 0.919312 0.860079 0.843615 0.73813 0.717431 0.535038 0.958187 0.532191 0.461803 0.560977 0.502804 0.408136 1.68636 0.539521 0.358561 0.616555 0.554149 0.540686 0.990553 0.500762 1.27637 0.491215 0.911911 0.51981 0.418937 0.338838
threshold=39351.130000000012 7.5000000000000009 19.500000000000004 31049.840000000004 0.26791450808957806 0.37058961787160294 32097.387500000004 19960.205000000005 8.5000000000000018 41658.222500000011 0.58944644064170015 0.10004402016610127 0.98676955117674992 36571.424493772378 18612.220000000005 43746.331511262157 47926.47012431085 50751.247100664274 150.71993111338818 2422.1857812500007 1.0066886590855459 2593.7256250000005 1918.6906250000004 23132.300000000003 32551.830000000005 17106.486666666671 25494.150000000005 0.63878499178291437 8.5000000000000018 14596.230000000001
decision_type=2 2 2 2 2 2 2 2 2 2 2 2 2 2 2 2 2 2 2 2 2 2 2 2 2 2 2 2 2 2
left_child=2 5 18 4 6 15 11 9 12 10 -3 -4 13 -5 -14 29 -17 -18 20 -20 23 22 -22 28 -25 26 -21 -27 -1 -2
right_child=1 7 3 8 -6 -7 -8 -9 -10 -11 -12 -13 14 -15 -16 16 17 -19 19 25 21 -23 -24 24 -26 27 -28 -29 -30 -31
leaf_value=-1.0380554943037767 -0.76460764106876256 40.760032573832092 17.819276850134173 1.0354965655815671 -3.5035074240076955 -12.587256996744669 -11.101199776113443 164.13479166828205 27.150872150445696 35.729803406808834 -9.6156449386392708 0.75852853608598736 11.703922200075626 -6.7807306907544111 -2.0684089401546699 -10.760872163470269 -19.006176005002761 0.12562203903954239 18.170230724900506 -0.15500087741228877 -0.4382261097942175 29.317949228125428 -8.526394507171382 -27.597979816920756 37.563751181388014 0.32270614301022099 -14.206000315546213 5.7033323940395988 0.84565771437288617 17.406645385108273
leaf_weight=5011 48 27 72 37 25 27 21 5715 360 34 22 1430 315 21 26 23 41 308 70 2164 43 23 35 39 30 965 39 974 2090 67
leaf_count=5011 48 27 72 37 25 27 21 5715 360 34 22 1430 315 21 26 23 41 308 70 2164 43 23 35 39 30 965 39 974 2090 67
internal_value=0.000904686 0.00262452 0.000117477 0.000763329 0.000306202 -0.000677043 0.000399869 0.00291721 0.00169565 0.000108434 -0.00189796 0.000483356 0.000819549 -0.00165517 0.00124047 -0.00038809 -0.000870968 -0.000352435 -1.22789e-05 0.000207977 -0.000139871 -0.00234653 -0.00353846 -0.000108786 -0.00265217 0.000160792 -0.00014571 0.000509025 -8.40726e-05 0.00117391
internal_weight=20102 6312 13790 2307 1548 514 1523 5798 759 83 49 1502 399 58 341 487 372 349 11483 4212 7271 101 78 7170 69 4142 2203 1939 7101 115
internal_count=20102 6312 13790 2307 1548 514 1523 5798 759 83 49 1502 399 58 341 487 372 349 11483 4212 7271 101 78 7170 69 4142 2203 1939 7101 115
is_linear=0
shrinkage=0.03


Tree=171
num_leaves=31
num_cat=0
split_feature=8 26 31 8 28 25 17 12 28 12 28 1 6 31 12 4 8 19 12 31 3 9 19 5 14 17 9 4 22 11
split_gain=29.8967 7.21419 1.35548 1.1717 0.825851 0.811792 0.651423 0.582366 0.57281 0.98327 0.657901 0.544579 0.519782 0.633647 0.703943 0.502083 1.1132 0.581285 0.48752 0.32863 0.751733 1.20079 0.967364 0.602777 0.443913 0.717648 0.875338 0.622565 0.854072 0.483587
threshold=40039.687500000007 7.5000000000000009 19.500000000000004 31049.840000000004 8.5000000000000018 32097.387500000004 0.47576362003119826 17319.310000000001 11.500000000000002 4169.2750000000005 8.5000000000000018 82117.142233112449 41450.103500000005 5.5000000000000009 6689.7200000000003 125489.16500000001 107222.05250000001 0.073789954663082288 8623.5450000000001 3.5000000000000004 35035.385000000009 25444.505000000005 0.34092189399254247 21186.13518078432 111.05500000000002 0.80304264575733286 9492.9600000000009 2428.0300000000002 1964.6800000000001 18136.530000000002
decision_type=2 2 2 2 2 2 2 2 2 2 2 2 2 2 2 2 2 2 2 2 2 2 2 2 2 2 2 2 2 2
left_child=2 7 19 5 6 8 -5 15 10 -10 -4 -9 13 14 -3 16 17 -2 -8 20 -1 22 -22 -23 27 29 -27 28 -21 -26
right_child=1 12 3 4 -6 -7 18 11 9 -11 -12 -13 -14 -15 -16 -17 -18 -19 -20 24 21 23 -24 -25 25 26 -28 -29 -30 -31
leaf_value=-0.4172385708746903 -3.6597662944005496 12.39670305801784 0.049652662275305466 -1.8166239065734084 26.520051156006719 -10.768163782830069 9.4472544974780828 -17.848336989098939 -3.4565559314027028 5.4422581297911936 7.4505644851744268 -0.40983014220209951 196.24532537611347 25.112561975056305 -9.9869331298863653 1.0625409182980183 -8.6326040139394884 3.2462122795798969 -5.1380387253682489 3.3470269909770392 -14.739328804663966 -17.663697078626569 -21.003841444186069 14.442564592464052 0.25983131095194412 -5.5605640312359554 -0.39935409953438616 7.8277198242693098 -8.6213119985992481 5.7343281094209333
leaf_weight=2690 193 23 810 20 389 21 381 28 119 58 540 31 5503 106 20 75 28 149 33 139 75 20 27 87 3725 474 2412 913 143 870
leaf_count=2690 193 23 810 20 389 21 381 28 119 58 540 31 5503 106 20 75 28 149 33 139 75 20 27 87 3725 474 2412 913 143 870
internal_value=0.00088827 0.00262963 0.000119604 0.000773092 0.00168773 0.000286822 0.000788019 -0.000809524 0.000367387 -0.00123729 0.000577778 -0.00361017 0.00293631 0.00118792 -0.00188372 -0.000438202 -0.000891892 -0.000421053 0.00104348 -1.42547e-05 -0.00029079 -0.00202392 -0.00435294 0.000196262 7.81467e-05 -7.61919e-06 -0.000378378 0.000615063 -0.000617021 0.000225245
internal_weight=20102 6156 13946 2371 823 1548 434 504 1527 177 1350 59 5652 149 43 445 370 342 414 11575 2899 209 102 107 8676 7481 2886 1195 282 4595
internal_count=20102 6156 13946 2371 823 1548 434 504 1527 177 1350 59 5652 149 43 445 370 342 414 11575 2899 209 102 107 8676 7481 2886 1195 282 4595
is_linear=0
shrinkage=0.03


Tree=172
num_leaves=31
num_cat=0
split_feature=8 17 31 18 8 28 17 3 4 12 20 28 0 3 3 3 17 31 17 16 28 12 13 27 18 12 10 12 7 14
split_gain=30.6216 4.7571 1.5092 1.15637 1.10776 0.703826 0.668564 0.62672 0.578252 0.733603 0.56633 0.556814 0.418351 0.446083 0.612947 0.571454 0.529248 0.412971 0.402381 0.356191 0.299795 0.771341 0.871956 1.76373 0.862948 1.04801 0.683622 0.632103 0.837573 1.09415
threshold=40039.687500000007 0.80304264575733286 19.500000000000004 1.7101111504220003 31049.840000000004 8.5000000000000018 0.47576362003119826 42400.375000000007 32609.905000000002 6540.9250000000011 0.18766363504666653 11.500000000000002 37735.357129631237 64304.320000000007 1271.6250000000002 75014.795000000013 0.98117139716968638 10.500000000000002 0.55710522667885598 -528.50679949242101 3.5000000000000004 4852.3450000000003 5642.3650000000007 3281.7705555555558 21245.323010120173 1569.1650000000002 23733.707500000004 2566.6600000000003 5990.1090050386347 4476.4600000000009
decision_type=2 2 2 2 2 2 2 2 2 2 2 2 2 2 2 2 2 2 2 2 2 2 2 2 2 2 2 2 2 2
left_child=2 3 20 7 8 6 -6 10 9 11 -2 -4 -3 14 -14 -15 -17 -12 -11 -8 21 24 26 -24 -1 -26 -23 -22 29 -29
right_child=1 12 4 -5 5 -7 19 -9 -10 18 17 -13 13 15 -16 16 -18 -19 -20 -21 27 22 23 -25 25 -27 -28 28 -30 -31
leaf_value=0.13214737265322843 32.371398643108485 -8.6363427106576314 2.0696462997517648 -3.1265446449595276 -1.762125189376144 25.72444962132662 -4.2005050430346955 211.35472975368617 -2.7562640801664702 -9.0286541145553301 -12.36061367498678 -2.033377323165054 -2.7655931555856483 -20.521698136285 0.59337504941340413 -20.460286426116539 0.013412123053768149 33.980105187834198 -0.37012284418625141 8.9487566951047164 -0.42689000541374195 -16.202760491861547 -15.186640537101091 -4.9805558210610723 -5.9771282369328134 -28.752523756169179 9.372589411609205 3.1277958144275595 2.1276541037604217 -19.620472535848513
leaf_weight=2344 270 25 1307 30 20 389 49 5377 25 28 34 168 22 25 162 23 162 26 20 365 5563 48 22 257 71 20 199 46 2971 34
leaf_count=2344 270 25 1307 30 20 389 49 5377 25 28 34 168 22 25 162 23 162 26 20 365 5563 48 22 257 71 20 199 46 2971 34
internal_value=0.000886778 0.00264912 0.000108849 0.0028745 0.000798397 0.00168773 0.000857143 0.00290538 0.000325581 0.000399869 0.00163636 0.000518644 -0.000436754 -0.000197969 0.000880435 -0.00114286 -0.000567567 -0.001 -0.00325 0.00111594 -3.23973e-05 -0.000292806 -0.0013346 -0.00248387 -6.77617e-05 -0.00293407 -3.64371e-05 5.71164e-05 0.00040413 -0.002625
internal_weight=20102 6156 13946 5737 2371 823 434 5707 1548 1523 330 1475 419 394 184 210 185 60 48 414 11575 2961 526 279 2435 91 247 8614 3051 80
internal_count=20102 6156 13946 5737 2371 823 434 5707 1548 1523 330 1475 419 394 184 210 185 60 48 414 11575 2961 526 279 2435 91 247 8614 3051 80
is_linear=0
shrinkage=0.03


Tree=173
num_leaves=31
num_cat=0
split_feature=8 17 31 11 18 28 28 20 8 16 31 15 11 22 14 9 9 4 4 22 22 21 22 22 18 28 19 10 8 3
split_gain=30.4607 3.90567 1.87529 1.82541 1.36457 0.574634 1.18053 1.06898 0.640543 0.559516 0.628431 0.4592 0.444962 0.381366 0.846079 0.350853 0.368599 0.572887 0.668145 0.337259 0.384406 0.874744 0.341189 0.304584 0.300696 0.292272 0.379321 0.226969 0.43566 0.0640758
threshold=41966.585000000014 0.80304264575733286 15.500000000000002 20508.180000000004 1.7101111504220003 8.5000000000000018 11.500000000000002 0.15045086419038753 15356.6075 -142.15333700554399 16.500000000000004 0.98676955117674992 6270.3450000000003 94354.317500000019 6746.8300000000008 286157.09000000003 138772.80000000002 10572.730000000001 27595.425000000007 64259.695 54759.465000000004 52183.278333333343 40847.695 37583.160000000011 0.59456396234255693 7.5000000000000009 0.22134585339371685 318332.92000000004 78515.262500000012 42062.345000000008
decision_type=2 2 2 2 2 2 2 2 2 2 2 2 2 2 2 2 2 2 2 2 2 2 2 2 2 2 2 2 2 2
left_child=2 4 13 5 12 9 8 -8 -7 24 -11 23 -2 19 -15 16 17 -3 -19 20 22 -22 -1 -5 -4 26 -13 28 -18 -14
right_child=1 15 3 11 -6 6 7 -9 -10 10 -12 25 29 14 -16 -17 27 18 -20 -21 21 -23 -24 -25 -26 -27 -28 -29 -30 -31
leaf_value=-0.12759817214183619 -16.011198176708078 1.8119873004423241 2.7492907705411955 -4.5238265640894504 -4.05255840909635 -2.683339931011457 -6.1909604776525198 0.61757198680941283 10.585452375555764 5.1664758428346316 -0.71851407496487307 15.058261754201787 41.956228157638613 -15.846255131126565 27.254795395894796 -6.3435221032977465 216.13233425322431 -20.074878340737271 -1.2838608856872871 255.73275284128295 -13.539659300167582 41.25834005899825 16.838383476929891 27.332323654638525 0.016392834229198953 24.879190006008038 6.3238673936304854 22.672127836325785 -3.7017303914707571 221.4972241919701
leaf_weight=10784 20 47 272 33 26 42 74 146 615 74 853 260 61 25 29 28 30 23 171 33 20 27 261 39 217 383 151 49 37 5272
leaf_count=10784 20 47 272 33 26 42 74 146 615 74 853 260 61 25 29 28 30 23 171 33 20 27 261 39 217 383 151 49 37 5272
internal_value=0.0008823 0.00272415 0.000141861 0.000787275 0.00293307 0.000344091 0.000947549 -0.000954545 0.00158447 -2.96609e-05 -0.000462783 0.00196074 0.00296637 -4.05223e-05 -0.00255556 -0.000194805 5.88236e-05 -0.000609958 -0.0013299 -2.83145e-05 -3.73241e-05 -0.00274468 -2.58034e-05 -0.000333333 0.000791411 0.00216877 0.00161314 0.00144828 0.000313433 0.00298312
internal_weight=20102 5764 14338 3159 5379 2293 877 220 657 1416 927 866 5353 11179 54 385 357 241 194 11125 11092 47 11045 72 489 794 411 116 67 5333
internal_count=20102 5764 14338 3159 5379 2293 877 220 657 1416 927 866 5353 11179 54 385 357 241 194 11125 11092 47 11045 72 489 794 411 116 67 5333
is_linear=0
shrinkage=0.03


Tree=174
num_leaves=31
num_cat=0
split_feature=8 26 31 9 20 28 28 20 22 28 2 5 25 3 15 15 9 4 10 4 2 28 25 28 18 27 13 15 7 20
split_gain=29.9238 5.79553 1.8312 1.4456 0.800308 0.625152 0.878353 0.797395 0.581547 0.570681 0.557724 0.508242 0.888927 0.791268 0.414188 0.405445 0.376857 0.551808 1.15944 0.746318 0.347586 0.680674 0.637665 0.557692 0.54626 0.374022 0.268254 0.246325 0.20061 0.262113
threshold=41966.585000000014 7.5000000000000009 20.500000000000004 19797.465000000004 0.26791450808957806 11.500000000000002 8.5000000000000018 0.15045086419038753 106856.02500000002 7.5000000000000009 154204.09000000003 106422.78610268979 137586.21750000003 85258.655000000013 1.012978353291744 0.98762221629061864 104662.74500000001 70794.290000000008 38769.415000000008 50600.980000000003 32651.825000000001 3.5000000000000004 47779.115000000005 2.5000000000000004 0.64075930585787477 12394.300625000002 9294.1900000000005 0.71369264001413002 42689.873289666466 0.17654807214357951
decision_type=2 2 2 2 2 2 2 2 2 2 2 2 2 2 2 2 2 2 2 2 2 2 2 2 2 2 2 2 2 2
left_child=2 11 8 4 5 6 -4 -7 20 14 -10 16 13 -13 15 -5 17 19 -19 -2 22 23 25 -22 -23 -1 -16 -18 29 -3
right_child=1 28 3 9 -6 7 -8 -9 10 -11 -12 12 -14 -15 26 -17 27 18 -20 -21 21 24 -24 -25 -26 -27 -28 -29 -30 -31
leaf_value=0.013390744809367012 -4.3575455085919188 43.421326950729558 0.0096757645437235366 -2.19302256531636 -4.1570166035841112 -6.2611687981377262 8.9119446806970508 0.13445326188877843 -9.8687391259629251 24.178303006505605 -0.11625749137985267 -0.94206872494598271 0.98784037048483442 -7.6827706321262577 31.320686977865197 12.411138692220781 -0.70983890012058315 51.080456284052893 -17.754047080477076 45.672306658186031 3.700229498290903 0.28932013945321722 -8.017164191688714 -5.9113118319322799 9.4790328403213486 -3.3021346107953136 -5.6832040397137753 89.491642179489915 219.36850600705034 -1.832829294630111
leaf_weight=8411 115 58 751 52 33 66 582 130 21 458 20 24 42 33 24 285 31 21 50 58 294 720 22 174 850 1424 21 82 5230 20
leaf_count=8411 115 58 751 52 33 66 582 130 21 458 20 24 42 33 24 285 31 21 50 58 294 720 22 174 850 1424 21 82 5230 20
internal_value=0.000867376 0.00269292 0.000133492 0.000889259 0.000349552 0.000449313 0.000681921 -0.00113265 -1.85991e-05 0.00189286 -0.00358537 -0.000552631 -0.00245455 -0.00489474 0.00103665 0.00139763 -2.521e-05 -0.000688524 -0.00291549 0.000225434 -6.30506e-06 0.000350344 -8.00445e-05 -0.000653846 0.000649682 -6.86323e-05 -0.00166667 0.00140708 0.00297174 0.00146154
internal_weight=20102 5764 14338 2402 1562 1529 1333 196 11936 840 41 456 99 57 382 337 357 244 71 173 11895 2038 9857 468 1570 9835 45 113 5308 78
internal_count=20102 5764 14338 2402 1562 1529 1333 196 11936 840 41 456 99 57 382 337 357 244 71 173 11895 2038 9857 468 1570 9835 45 113 5308 78
is_linear=0
shrinkage=0.03


Tree=175
num_leaves=31
num_cat=0
split_feature=25 26 31 11 31 20 28 23 23 22 31 4 3 10 14 13 14 14 22 31 0 0 5 18 8 4 12 17 10 4
split_gain=29.5255 7.45451 1.45979 1.22842 0.610031 1.0094 0.521783 0.605655 0.654323 0.51652 0.504335 0.462865 0.538236 1.4632 0.5153 0.412068 0.835935 0.516605 0.397882 0.318384 0.282926 0.275286 0.259634 0.218182 0.183248 0.32 0.129293 0.121305 0.115001 0.0467004
threshold=41658.222500000011 7.5000000000000009 20.500000000000004 19539.010000000002 22.500000000000004 0.26791450808957806 8.5000000000000018 1564.241835609396 1641.2441857591468 14283.695000000002 32.500000000000007 9623.0150000000012 14596.230000000001 66383.337500000009 49645.145000000011 43954.060000000005 49645.145000000011 37073.830000000009 94354.317500000019 8.5000000000000018 35661.528087304345 16153.505776273898 42506.533204068859 0.75898243867651638 14950.92 4299.5900000000011 8554.0950000000012 0.59929871506368959 40804.740000000013 42241.645000000011
decision_type=2 2 2 2 2 2 2 2 2 2 2 2 2 2 2 2 2 2 2 2 2 2 2 2 2 2 2 2 2 2
left_child=2 9 15 4 21 10 7 20 -9 -2 -6 -11 13 -13 -14 17 -17 18 19 -1 -5 -4 23 26 25 -19 -3 -23 -8 -24
right_child=1 22 3 6 5 -7 28 8 -10 11 -12 12 14 -15 -16 16 -18 24 -20 -21 -22 27 29 -25 -26 -27 -28 -29 -30 -31
leaf_value=-0.40166458839374058 -12.786775149040841 39.276977894588441 -1.1383020538761748 6.349285292398946 -0.23443288205753493 -5.4022038468761995 11.658653873156346 -7.6575142367285203 3.673910759522645 18.554803652515137 4.3491330100598731 -5.4905850450904028 -0.45119684346811162 11.03396847100313 -20.987894372807506 -32.809143452886694 3.3951334020688795 34.104239571986227 -9.6239828828896901 0.78770295031454252 14.004474648624116 15.986989217965542 58.25584409374234 1.1072504135345684 73.253909353675638 -17.440696331149702 2.9570439297221291 5.8813553817396178 25.200089256764524 205.07481088759369
leaf_weight=7851 32 90 20 145 950 23 27 20 56 45 372 21 366 33 23 20 33 25 27 3779 147 123 83 22 67 25 20 65 325 5267
leaf_count=7851 32 90 20 145 950 23 27 20 56 45 372 21 366 33 23 20 33 25 27 3779 147 123 83 22 67 25 20 65 325 5267
internal_value=0.000862899 0.00262513 0.000112766 0.000809063 0.000334192 0.000100372 0.00183333 0.00104348 -0.00134211 -0.000807692 0.000208775 -0.000565574 -0.000860045 -0.00366667 -0.000470437 -2.10534e-05 -0.00266038 -9.17264e-06 -2.90811e-05 -2.06362e-05 0.00166438 0.00184615 0.00295075 0.00163636 0.00197436 0.0006 0.00218182 0.00220213 0.00265909 0.00298318
internal_weight=20102 6002 14100 2273 1553 1345 720 368 76 520 1322 488 443 54 389 11827 53 11774 11657 11630 292 208 5482 132 117 50 110 188 352 5350
internal_count=20102 6002 14100 2273 1553 1345 720 368 76 520 1322 488 443 54 389 11827 53 11774 11657 11630 292 208 5482 132 117 50 110 188 352 5350
is_linear=0
shrinkage=0.03


Tree=176
num_leaves=31
num_cat=0
split_feature=25 26 5 26 28 18 1 13 28 21 14 8 28 23 2 27 3 17 25 25 18 27 22 8 8 7 14 27 23 5
split_gain=29.508 7.68512 1.06172 0.792982 0.589823 0.656186 1.12299 0.588529 1.33382 0.55375 0.773261 1.07412 0.519222 0.502717 0.467256 0.457588 0.696201 0.735758 0.561238 1.03052 0.496984 0.3633 0.502813 0.429697 1.71449 0.45867 0.352581 0.34511 0.268205 0.259634
threshold=41658.222500000011 7.5000000000000009 30090.910794143678 8.5000000000000018 8.5000000000000018 0.84633080957776596 39383.877754104826 11200.970000000003 11.500000000000002 37013.080000000002 817.31500000000017 17104.482500000002 3.5000000000000004 44807.484023380362 35429.670000000006 12394.300625000002 37111.085000000006 2.0387283287005551 31147.462500000005 33396.277500000004 11562.540342796541 182648.54500000004 11432.875000000002 107222.05250000001 137255.53750000001 50751.247100664274 20878.500000000004 4075.106180555556 1255.3766165930845 42506.533204068859
decision_type=2 2 2 2 2 2 2 2 2 2 2 2 2 2 2 2 2 2 2 2 2 2 2 2 2 2 2 2 2 2
left_child=2 21 13 9 5 27 -7 -6 -9 12 -11 -12 14 15 -4 18 20 -18 26 -20 -17 22 -2 25 -25 -24 -1 -5 -14 -3
right_child=1 29 3 4 7 6 -8 8 -10 10 11 -13 28 -15 -16 16 17 -19 19 -21 -22 -23 23 24 -26 -27 -28 -29 -30 -31
leaf_value=0.015461690977117732 -14.687496294602406 27.897964935749652 0.30186483839493838 5.4670633736439305 22.655935933202059 -15.846145787074715 8.9162034676820863 37.383696445582473 -12.601846194152968 30.881848906409857 -20.267086790114156 -0.51273471381917457 1.89439743791436 48.662029915527519 -6.2442227676329276 -0.35176036197738264 -18.407606493605687 64.98158130881383 -18.210651671024628 92.012902266602637 -14.996599715742958 117.84941124842726 -2.8907965023769528 -8.3768391135806084 0.29434248768927729 0.87756675915424542 4.7813033967987328 12.325317287985001 16.182783444244485 187.93008892545069
leaf_weight=9062 21 132 190 500 357 34 21 48 22 150 105 603 262 49 77 1149 65 36 22 20 226 21 143 24 46 265 295 257 550 5350
leaf_count=9062 21 132 190 500 357 34 21 48 22 150 105 603 262 49 77 1149 65 36 22 20 226 21 143 24 46 265 295 257 550 5350
internal_value=0.000858422 0.00262013 0.000108511 0.00059131 0.00118402 0.00070936 -0.00245455 0.00208665 -0.000428571 0.000212184 -0.000356643 -0.000771186 0.000664504 -3.18564e-05 -0.000483146 -4.55171e-05 -0.000536585 -0.00294059 3.15992e-05 -0.00342857 -0.00036 -0.000865384 -0.00102806 -0.000828452 -0.003 -0.000455882 4.71306e-05 0.000939234 0.00104187 0.00295075
internal_weight=20102 6002 14100 3176 1239 812 55 427 70 1937 858 708 1079 10924 267 10875 1476 101 9399 42 1375 520 499 478 70 408 9357 757 812 5482
internal_count=20102 6002 14100 3176 1239 812 55 427 70 1937 858 708 1079 10924 267 10875 1476 101 9399 42 1375 520 499 478 70 408 9357 757 812 5482
is_linear=0
shrinkage=0.03


Tree=177
num_leaves=31
num_cat=0
split_feature=8 26 2 28 23 1 9 22 12 2 3 13 28 9 13 16 27 7 7 8 17 0 8 19 20 8 7 12 28 0
split_gain=28.8139 7.38807 1.45363 1.11795 2.11123 1.34589 0.872931 0.714615 0.675023 0.638106 1.30269 0.622798 0.578833 0.567696 0.537307 0.504189 1.17525 0.45096 1.31393 0.602406 0.561988 0.535722 0.473918 0.427459 0.354492 0.282693 0.210802 0.274714 0.124561 0.1
threshold=41966.585000000014 7.5000000000000009 29270.515000000003 8.5000000000000018 7253.9813937853751 55189.550774771618 24860.180000000004 61475.910000000011 8623.5450000000001 32651.825000000001 18007.245000000006 27425.735000000004 11.500000000000002 35075.505000000005 11200.970000000003 6105.789362236017 11834.388125000003 48332.513359309327 45753.736562500002 46972.350000000006 1.6841272486698358 50759.116825156736 78515.262500000012 1.1109240130729192 0.15301992171696671 30606.392500000005 43129.154586115626 8407.3200000000015 3.5000000000000004 48607.485127570333
decision_type=2 2 2 2 2 2 2 2 2 2 2 2 2 2 2 2 2 2 2 2 2 2 2 2 2 2 2 2 2 2
left_child=2 17 7 5 12 6 8 11 -4 10 -6 15 25 -8 -14 23 -17 18 20 -19 -2 -21 -23 -1 -11 -5 27 28 -3 -22
right_child=1 26 3 4 9 -7 13 -9 -10 24 -12 -13 14 -15 -16 16 -18 19 -20 21 29 22 -24 -25 -26 -27 -28 -29 -30 -31
leaf_value=-0.10827534173013549 -3.4759878439415539 39.305199977251043 0.16887570432346127 29.133924232969648 13.149536568952858 -32.928944923124654 12.717286072713572 -10.019604329437829 -5.7768354597964526 -0.33913605799764751 -24.880710891752067 -19.270829980905102 7.9546931241106478 0.18726110948697919 -1.4948407262725478 3.1259677732733264 -15.132503355057649 90.492579672454156 -23.159071962527225 -8.5811513055214466 39.484085075643172 5.5004112400112932 -2.1659551318665069 3.1364523290649502 54.279234905061379 39.910373456326717 206.86573663602087 -7.0948285275389269 41.148141770028225 0.2767725686746747
leaf_weight=9647 36 24 1436 130 42 20 486 21 165 349 23 28 146 326 81 85 44 39 22 26 20 158 135 675 98 536 5193 20 71 20
leaf_count=9647 36 24 1436 130 42 20 486 21 165 349 23 28 146 326 81 85 44 39 22 26 20 158 135 675 98 536 5193 20 71 20
internal_value=0.000859915 0.00265128 0.000139769 0.000639396 0.00131317 0.000250308 0.000314546 -4.2857e-05 -9.18175e-05 -0.000222656 -0.003 -3.17777e-05 0.00219373 0.00111576 0.000885463 -1.98066e-05 -0.00188372 -0.00101316 -0.00281633 -0.000519553 -0.000947368 -0.000949843 -0.000583618 3.48781e-06 0.000181208 0.00263964 0.00296609 0.00169565 0.00236842 0.0015
internal_weight=20102 5764 14338 3838 1405 2433 2413 10500 1601 512 65 10479 893 812 227 10451 129 456 98 358 76 319 293 10322 447 666 5308 115 95 40
internal_count=20102 5764 14338 3838 1405 2433 2413 10500 1601 512 65 10479 893 812 227 10451 129 456 98 358 76 319 293 10322 447 666 5308 115 95 40
is_linear=0
shrinkage=0.03


Tree=178
num_leaves=31
num_cat=0
split_feature=25 26 31 11 28 23 14 31 20 28 25 9 8 9 1 15 8 4 1 9 5 5 21 0 20 1 5 7 5 23
split_gain=29.0251 8.15688 1.27337 1.12575 0.632411 0.729013 0.652585 0.625718 1.00219 0.59429 0.528036 1.18656 0.549899 0.957706 0.532104 0.514632 0.399762 0.339441 1.01498 0.379223 0.366583 0.623377 0.598349 0.275286 0.268105 0.266327 0.259634 0.258511 0.203056 0.329245
threshold=41658.222500000011 7.5000000000000009 20.500000000000004 19539.010000000002 8.5000000000000018 1564.241835609396 15394.255000000001 22.500000000000004 0.26791450808957806 11.500000000000002 79069.565000000017 95739.400000000009 137255.53750000001 170699.00000000003 98979.056105960713 0.67234615367111494 42616.950000000004 108236.71000000001 58872.708440248905 219967.91000000003 67851.394120112614 78455.268546478168 54544.500000000015 16153.505776273898 0.12591022089585605 182722.11694825199 42506.533204068859 31898.655592295709 42079.123260408647 988.07811851956114
decision_type=2 2 2 2 2 2 2 2 2 2 2 2 2 2 2 2 2 2 2 2 2 2 2 2 2 2 2 2 2 2
left_child=2 10 17 7 5 24 -7 23 9 -9 14 -12 13 -13 15 -2 -17 19 27 20 22 -22 -1 -4 -5 -14 28 -19 -3 -30
right_child=1 26 3 4 -6 6 -8 8 -10 -11 11 12 25 -15 -16 16 -18 18 -20 -21 21 -23 -24 -25 -26 -27 -28 -29 29 -31
leaf_value=-0.017188369474541932 -9.3724520964081428 32.813982841723252 -1.1013685827372839 0.38480454680510456 21.819090747067836 5.8181400038917213 -5.4705177424242679 1.070915541796382 -5.0886311714930974 -2.1296997286153743 -6.0782926204879839 0.46844563943410289 77.39117938654573 -6.5633884159729439 43.499419912675201 22.956181861039845 -2.8463048997151614 -4.3849664254719851 -19.509584972063081 239.27020526926228 -44.539868866398955 19.293607935542621 140.08862457688289 11.697599354800385 12.380820170170933 -0.20187873483275773 176.76682848744798 79.014888060363845 -6.7041585237098786 32.076174721031329
leaf_weight=11566 22 78 20 68 352 47 29 1129 23 193 23 48 29 34 38 66 240 20 39 38 33 44 60 188 224 20 5350 27 21 33
leaf_count=11566 22 78 20 68 352 47 29 1129 23 193 23 48 29 34 38 66 240 20 39 38 33 44 60 188 224 20 5350 27 21 33
internal_value=0.000862899 0.00261013 0.000119149 0.000769468 0.00175 0.000880435 -0.00173684 0.000314875 7.8067e-05 0.000186082 -0.000980769 -0.00245455 -0.00135114 -0.00285366 -0.000360656 -0.00075 -0.000431372 -5.834e-06 -0.00188372 7.92107e-06 -1.7943e-06 -0.00206493 1.18701e-05 0.00184615 0.00156164 0.00116327 0.00295075 0.00108511 0.00163636 0.000222222
internal_weight=20102 6002 14100 2273 720 368 76 1553 1345 1322 520 154 131 82 366 328 306 11827 86 11741 11703 77 11626 208 292 49 5482 47 132 54
internal_count=20102 6002 14100 2273 720 368 76 1553 1345 1322 520 154 131 82 366 328 306 11827 86 11741 11703 77 11626 208 292 49 5482 47 132 54
is_linear=0
shrinkage=0.03


Tree=179
num_leaves=31
num_cat=0
split_feature=8 26 2 28 23 1 9 24 9 4 16 13 28 13 9 9 4 12 12 8 6 17 2 15 18 2 17 11 8 6
split_gain=28.2906 7.84144 1.39654 1.00517 2.32097 1.35018 0.846051 0.914697 0.717705 0.692947 0.94605 0.6213 0.578833 0.537307 0.464942 0.430775 1.67599 0.781417 0.640601 0.478668 0.815636 0.426269 0.482836 0.632716 0.477138 0.472932 0.381569 0.286773 0.282693 0.177206
threshold=41966.585000000014 7.5000000000000009 29270.515000000003 8.5000000000000018 7253.9813937853751 55189.550774771618 24860.180000000004 12717.184166666668 286157.09000000003 38561.580000000009 3863.7760344444619 27425.735000000004 11.500000000000002 11200.970000000003 35075.505000000005 95739.400000000009 82625.980000000025 2262.6250000000005 12401.740000000002 56354.010000000002 71629.861021508594 0.50858252836239826 19990.465000000004 0.97560017874567739 0.068368370540381654 19018.410000000003 0.5770079335063566 78628.500000000015 30606.392500000005 43971.714815158695
decision_type=2 2 2 2 2 2 2 2 2 2 2 2 2 2 2 2 2 2 2 2 2 2 2 2 2 2 2 2 2 2
left_child=2 8 11 5 12 6 7 -4 15 10 -6 21 28 -14 -8 16 18 -18 -2 -17 -21 22 25 -24 -23 -1 -26 -11 -5 -3
right_child=1 29 3 4 9 -7 14 -9 -10 27 -12 -13 13 -15 -16 19 17 -19 -20 20 -22 24 23 -25 26 -27 -28 -29 -30 -31
leaf_value=0.62444586574801686 0.56270857735971613 32.751788306097005 -16.642153684650381 28.231043345185611 -18.273673972045245 -30.807368604292396 12.330253256587811 0.05813595636105514 -5.5046875280821101 38.807338922969137 -1.0619958578980047 -18.692189430393714 7.4207114442421629 -1.4494798458453573 0.27267748138427089 132.71501200549207 -8.9127508824766153 -1.5247199667046538 -17.313554174948397 -6.6205349170385652 0.94926579004625489 23.392278413288917 -1.8862159621479597 9.0173021384650358 -0.94683288840240076 -3.6006374764480156 -0.20295037967704432 -0.96591064155917916 38.655148167382592 206.51686800513789
leaf_weight=2695 152 191 34 130 45 20 486 1567 27 83 363 28 146 81 326 57 21 20 27 29 123 76 22 448 1061 97 6073 21 536 5117
leaf_count=2695 152 191 34 130 45 20 486 1567 27 83 363 28 146 81 326 57 21 20 27 29 123 76 22 448 1061 97 6073 21 536 5117
internal_value=0.000855437 0.00263047 0.000141861 0.000631579 0.00127046 0.000262639 0.000326979 -7.30792e-05 -0.00114474 -0.000339844 -0.000897059 -3.71427e-05 0.00219373 0.000885463 0.00111576 -0.000846154 -0.00177273 -0.0072439 -0.000519553 0.000129187 -0.00075 -2.521e-05 0.00025935 0.00114894 -0.000153953 0.000109599 -0.000179142 0.00184615 0.00263964 0.00295479
internal_weight=20102 5764 14338 3838 1405 2433 2413 1601 456 512 408 10500 893 227 812 429 220 41 179 209 152 10472 3262 470 7210 2792 7134 104 666 5308
internal_count=20102 5764 14338 3838 1405 2433 2413 1601 456 512 408 10500 893 227 812 429 220 41 179 209 152 10472 3262 470 7210 2792 7134 104 666 5308
is_linear=0
shrinkage=0.03


Tree=180
num_leaves=31
num_cat=0
split_feature=25 17 2 11 28 23 28 12 13 17 12 12 3 2 10 4 17 7 21 4 2 8 25 2 28 27 25 10 12 4
split_gain=28.8569 7.09318 1.06497 0.959286 0.844643 0.987862 1.26711 1.03872 0.618572 0.59775 0.858794 1.0756 0.563268 0.571115 0.539651 0.505537 0.896894 0.504993 0.974017 0.839309 0.759375 0.593604 0.537388 0.597757 0.484723 0.461978 0.445321 0.439543 0.402643 0.4
threshold=41658.222500000011 0.80304264575733286 29270.515000000003 14512.785000000002 3.5000000000000004 14367.896745742923 8.5000000000000018 8986.0650000000005 27425.735000000004 0.53255838347554552 7115.0900000000011 7935.1950000000006 361.3250000000001 32143.185000000005 61400.81500000001 108236.71000000001 2.9787837511049982 57237.927740441308 78748.35000000002 48117.350000000013 49712.450000000004 78515.262500000012 93837.585000000021 114046.15500000001 11.500000000000002 29067.625000000004 33396.277500000004 55317.817500000005 6540.9250000000011 154822.59000000003
decision_type=2 2 2 2 2 2 2 2 2 2 2 2 2 2 2 2 2 2 2 2 2 2 2 2 2 2 2 2 2 2
left_child=2 3 8 -2 9 6 7 -6 15 10 14 -12 -7 -14 -4 26 -17 18 19 -3 -21 -19 -23 -24 -8 -11 -1 28 -5 -18
right_child=1 17 4 27 5 12 24 -9 -10 25 11 -13 13 -15 -16 16 29 21 -20 20 -22 22 23 -25 -26 -27 -28 -29 -30 -31
leaf_value=-0.089669441696728136 -10.415599901032147 0.92761287767346512 2.613947248523171 27.465266287500484 4.9030285271776997 42.0299614835737 33.633967992760574 -6.7133425820788375 -18.131423747481904 1.0553106726409318 -24.900158324306929 -5.85989022500004 -16.174547549428198 0.083147154107620275 -10.653680853843991 -32.766432159511275 166.15606947709963 22.269701660890973 -5.7129916943207393 -1.1136295545923212 -7.810302005591331 -5.7042798267624635 21.030463450928554 -4.7746711518732186 1.6000184210546307 -20.927648094050262 74.969295914468631 154.34762794653489 -2.1583894043157845 -11.437079875544111
leaf_weight=10323 36 76 84 57 987 85 665 69 28 574 20 37 79 737 31 23 20 167 21 40 24 28 36 51 216 40 62 5446 20 20
leaf_count=10323 36 76 84 57 987 85 665 69 28 574 20 37 79 737 31 23 20 167 21 40 24 28 36 51 216 40 62 5446 20 20
internal_value=0.000847975 0.00259014 0.000106383 0.00288127 0.000549669 0.000790698 0.00117243 0.000471591 -4.69644e-05 -0.000320611 -0.00188372 -0.00489474 -2.99666e-05 -0.000272059 -0.000391304 -3.50305e-05 -0.00271429 -0.00106321 -0.00240373 -0.0015 -0.00403125 -0.000297872 -0.00195652 -0.000793103 0.00201249 0.000117264 -1.8777e-05 0.00291309 0.000662338 1.11759e-10
internal_weight=20102 6002 14100 5559 3624 2838 1937 1056 10476 786 172 57 901 816 115 10448 63 443 161 140 64 282 115 87 881 614 10385 5523 77 40
internal_count=20102 6002 14100 5559 3624 2838 1937 1056 10476 786 172 57 901 816 115 10448 63 443 161 140 64 282 115 87 881 614 10385 5523 77 40
is_linear=0
shrinkage=0.03


Tree=181
num_leaves=31
num_cat=0
split_feature=25 26 31 9 15 16 31 9 4 31 14 31 4 1 0 28 20 2 5 23 10 10 7 31 27 20 24 0 3 10
split_gain=27.8697 9.20378 1.33236 1.18394 0.762981 0.73562 0.66892 0.662804 2.04073 0.637266 0.547401 0.517875 0.469682 0.569767 1.22501 0.45385 0.489026 0.839683 0.447271 0.44176 0.441031 0.795824 0.427907 0.391818 0.387189 0.357593 0.31518 0.281973 0.225 0.186985
threshold=41658.222500000011 7.5000000000000009 20.500000000000004 20373.890000000003 0.66020439139275044 23321.949839435143 22.500000000000004 95739.400000000009 83782.210000000021 5.5000000000000009 6526.8750000000009 32.500000000000007 108236.71000000001 56031.373268180178 53614.23790375 7.5000000000000009 0.12661841689434403 35429.670000000006 42506.533204068859 34566.677603075448 486485.44500000001 441522.53500000009 31898.655592295709 3.5000000000000004 4833.050902777778 0.19814180639329851 98597.498333333337 16153.505776273898 125607.57500000001 56139.327500000007
decision_type=2 2 2 2 2 2 2 2 2 2 2 2 2 2 2 2 2 2 2 2 2 2 2 2 2 2 2 2 2 2
left_child=2 4 12 6 28 7 27 8 -6 26 -8 -12 20 22 -15 16 17 -5 25 -9 21 23 -14 -1 -18 29 -7 -4 -2 -3
right_child=1 18 3 15 5 9 10 19 -10 -11 11 -13 13 14 -16 -17 24 -19 -20 -21 -22 -23 -24 -25 -26 -27 -28 -29 -30 -31
leaf_value=-1.647139683502495 -3.0118237469936804 17.73160266749959 -1.0372324553521839 8.0915515876678175 -0.35270762595570293 8.2372578294338439 5.1762112838067731 -4.4843203372909155 -6.7541073622178498 -17.346663666830665 -0.77943345669193753 3.1923041585819467 -7.9163181806029863 -37.739950477486445 164.36076190413507 18.63801281663596 12.61851826917805 -7.4614869010624822 162.57254315124001 60.641391213184441 78.136622482190745 -41.58589705512717 107.95577441507638 0.26644953546057382 -2.4251617983335283 -3.3486113748326707 -1.7780162320338857 12.285845677206776 -5.5807122890024896 30.960719746885566
leaf_weight=2917 20 28 20 42 185 33 75 36 35 30 960 385 20 21 22 356 183 30 5350 141 62 20 23 8742 25 23 20 197 20 81
leaf_count=2917 20 28 20 42 185 33 75 36 35 30 960 385 20 21 22 356 183 30 5350 141 62 20 23 8742 25 23 20 197 20 81
internal_value=0.000833052 0.00254515 0.000104255 0.000769468 -0.00126923 -0.0009375 0.0003427 -0.000400504 -0.0015 -0.00350602 0.000105634 -3.34571e-05 -2.359e-05 -0.00223256 -0.00467442 0.00186792 0.000964286 -0.00116667 0.00290697 0.000966102 -7.40982e-06 -2.08065e-05 0.000209302 -1.05497e-05 0.00170192 0.00118182 -0.0015283 0.00189401 -0.00525 0.00189908
internal_weight=20102 6002 14100 2273 520 480 1637 397 220 83 1420 1345 11827 86 43 636 280 72 5482 177 11741 11679 43 11659 208 132 53 217 40 109
internal_count=20102 6002 14100 2273 520 480 1637 397 220 83 1420 1345 11827 86 43 636 280 72 5482 177 11741 11679 43 11659 208 132 53 217 40 109
is_linear=0
shrinkage=0.03


Tree=182
num_leaves=31
num_cat=0
split_feature=22 26 31 22 7 13 31 22 7 17 17 6 13 9 31 0 28 16 7 13 2 3 7 20 16 31 2 0 4 24
split_gain=27.4156 8.03305 1.34586 1.14429 0.889583 1.40881 0.837955 0.767125 0.762406 0.761425 0.674236 0.662407 0.639209 0.583356 0.490323 0.898276 0.446392 0.415077 0.863689 0.809016 0.664899 0.754658 0.57394 1.0024 0.534174 0.995135 0.577863 0.308524 0.281515 0.19515
threshold=42482.755000000012 7.5000000000000009 20.500000000000004 37583.160000000011 41830.993383166082 11945.830000000002 22.500000000000004 85346.12000000001 19535.584585297715 2.0020742991286187 0.94477111830065119 69589.879478909221 21818.375000000004 170699.00000000003 32.500000000000007 36525.712098272226 11.500000000000002 150.71993111338818 80304.90099593591 23132.300000000003 31523.665000000005 29125.780000000002 1955.2101278437501 1.1642796454776037 98.862212977081086 4.5000000000000009 41944.275000000001 16153.505776273898 42650.845000000008 45158.602500000008
decision_type=2 2 2 2 2 2 2 2 2 2 2 2 2 2 2 2 2 2 2 2 2 2 2 2 2 2 2 2 2 2
left_child=2 7 17 6 5 -3 27 8 -2 12 -9 -12 -10 -13 15 -8 -16 19 22 24 21 -21 -19 -24 26 -26 -1 -4 -5 -6
right_child=1 4 3 28 29 -7 14 10 9 -11 11 13 -14 -15 16 -17 -18 18 -20 20 -22 -23 23 -25 25 -27 -28 -29 -30 -31
leaf_value=-0.17470943238949407 -16.760167632416877 21.308051909525414 -1.0061154816916287 19.433403475506847 31.449947944792306 -14.05638839349 0.059306592983467944 -21.474750014399298 -3.5670192929677702 55.633526721920873 -4.9775604125757855 56.384808455557511 59.477058284371132 -2.2993706328245351 11.628050159270991 -6.5929461832835781 -1.5642413867375922 11.648241298172104 -55.469716343619723 -15.905335339789259 29.146013348805909 -29.347051037952717 0.56211118888465406 -9.9898689929704645 -10.127391779649301 -1.0931225372431919 -11.912736920368943 13.59476363541355 9.0643647156952092 211.70319946161629
leaf_weight=7247 21 32 20 316 379 21 1207 20 225 108 22 57 66 94 361 29 108 123 20 21 25 25 4085 34 36 164 23 241 24 4948
leaf_count=7247 21 32 20 316 379 21 1207 20 225 108 22 57 66 94 361 29 108 123 20 21 25 25 4085 34 36 164 23 241 24 4948
internal_value=0.000834544 0.00253446 0.000112482 0.000775369 0.0029052 -0.000962264 0.000497457 -0.000719413 1.11759e-10 0.000293233 -0.00228497 -0.00168208 -0.000505155 -0.00097351 0.000255132 -5.82523e-05 0.00108102 -1.70295e-05 0.000219615 -0.000150776 -0.00333803 -0.00547826 0.000248939 0.000188638 -0.000120482 -0.00165 -7.84043e-05 0.00208046 0.00238235 0.00294368
internal_weight=20102 5993 14109 2306 5380 53 1966 613 420 399 193 173 291 151 1705 1236 469 11803 4262 7541 71 46 4242 4119 7470 200 7270 261 340 5327
internal_count=20102 5993 14109 2306 5380 53 1966 613 420 399 193 173 291 151 1705 1236 469 11803 4262 7541 71 46 4242 4119 7470 200 7270 261 340 5327
is_linear=0
shrinkage=0.03


Tree=183
num_leaves=31
num_cat=0
split_feature=8 26 31 22 31 20 22 2 6 2 23 19 17 7 4 25 4 25 16 16 31 19 7 20 25 1 3 9 19 19
split_gain=28.3174 6.94088 1.40582 0.943735 0.847967 0.663781 0.581547 0.557724 0.550378 0.5109 0.504346 0.459901 0.431668 0.697796 1.40515 0.443402 0.430471 0.417476 0.369135 0.619316 0.939311 0.637827 0.593652 0.929374 0.319138 0.308013 0.225461 0.215753 0.188493 0.521661
threshold=41966.585000000014 7.5000000000000009 20.500000000000004 37092.720000000008 22.500000000000004 0.26791450808957806 106856.02500000002 154204.09000000003 45181.97337835974 181095.22500000003 189.62821350524624 0.16170750343984694 1.8348232931096675 50380.140104493716 49694.420000000006 79069.565000000017 60747.905000000006 45581.87750000001 150.71993111338818 98.862212977081086 4.5000000000000009 0.25021685596986942 1955.2101278437501 1.1642796454776037 45205.350000000006 15769.560366519434 45006.445 21961.625000000004 0.22416957432415593 0.23303940636623249
decision_type=2 2 2 2 2 2 2 2 2 2 2 2 2 2 2 2 2 2 2 2 2 2 2 2 2 2 2 2 2 2
left_child=2 9 6 4 25 11 18 -8 10 12 -3 -6 13 14 -2 -14 -11 -15 19 21 -21 -1 -20 -24 27 -4 -26 -12 -5 -30
right_child=1 8 3 28 5 -7 7 -9 -10 16 24 -13 15 17 -16 -17 -18 -19 22 20 -22 -23 23 -25 26 -27 -28 -29 29 -31
leaf_value=0.3463705207447213 -2.0083976715944019 -11.144070411507309 -0.97593201724086343 25.980962864095282 10.786528334918462 -3.7131159511450202 -11.635534557742501 -0.98598715203937759 208.7884317826155 -7.7933146221491105 16.843038505960127 0.22400123441417422 38.615743326675329 72.847750888235126 -9.3200490738003712 -3.321439800600785 6.7378365319238958 -1.6382040240050522 11.298794059226939 -9.8235700262598211 -1.5473177122749862 -2.3246086510412662 0.44506073662474965 -9.6360739494110632 58.716129975922087 13.756434130024838 -5.2893721060521051 36.410713039656017 -4.1758162868540554 20.304430748078357
leaf_weight=5217 51 21 20 161 126 23 21 20 4932 25 30 1522 76 29 20 21 23 211 123 36 165 2127 4192 35 24 240 22 279 28 282
leaf_count=5217 51 21 20 161 126 23 21 20 4932 25 30 1522 76 29 20 21 23 211 123 36 165 2127 4192 35 24 240 22 279 28 282
internal_value=0.000828574 0.00260444 0.00011466 0.000776853 0.000483169 0.000235189 -1.85991e-05 -0.00358537 0.00290957 -0.000947368 0.00180319 0.000305825 -0.000602941 -0.00114791 -0.00376056 0.00114433 -0.003875 -0.000375 -6.30506e-06 -0.000133201 -0.00177612 -8.82352e-05 0.000213793 0.00015401 0.00207042 0.00207692 -0.000260869 0.00241748 0.00198089 0.00154839
internal_weight=20102 5764 14338 2402 1931 1671 11936 41 5308 456 376 1648 408 311 71 97 48 240 11895 7545 201 7344 4350 4227 355 260 46 309 471 310
internal_count=20102 5764 14338 2402 1931 1671 11936 41 5308 456 376 1648 408 311 71 97 48 240 11895 7545 201 7344 4350 4227 355 260 46 309 471 310
is_linear=0
shrinkage=0.03


Tree=184
num_leaves=31
num_cat=0
split_feature=25 26 31 11 0 15 7 2 14 9 4 9 18 15 15 10 20 20 13 14 14 12 24 18 4 21 6 0 24 20
split_gain=27.8358 7.81982 1.0726 1.05495 0.810358 0.596314 0.9 0.678362 0.794517 0.559226 1.09332 0.492735 0.488253 0.862774 0.48332 0.441449 0.553041 0.725953 0.406022 0.835935 0.403109 0.382734 0.359894 0.347547 0.398041 0.336111 0.309492 0.832668 0.591868 0.266301
threshold=41658.222500000011 7.5000000000000009 15.500000000000002 20508.180000000004 45253.219555641226 0.66020439139275044 66953.588317058879 181095.22500000003 3757.4850000000006 92692.945000000022 83782.210000000021 26121.010000000006 0.66006214064313273 1.0041633052789898 0.98676955117674992 46754.915000000008 0.09857055449758477 0.10388516667807336 43954.060000000005 49645.145000000011 36493.370000000003 8180.755000000001 95428.618333333332 0.64524927822995393 39743.560000000005 37909.826666666675 48698.582974591111 53121.970633111909 43044.882083333345 0.12527732637149094
decision_type=2 2 2 2 2 2 2 2 2 2 2 2 2 2 2 2 2 2 2 2 2 2 2 2 2 2 2 2 2 2
left_child=2 5 18 15 11 6 -2 9 -9 10 -7 12 21 -14 25 16 -4 -18 20 -20 26 -3 -11 24 -17 -5 28 -28 -1 -16
right_child=1 4 3 14 -6 7 -8 8 -10 22 -12 -13 13 -15 29 23 17 -19 19 -21 -22 -23 -24 -25 -26 -27 27 -29 -30 -31
leaf_value=-0.10654877034479622 -7.8865010267937343 32.282537164364392 15.793645894200328 -4.2788515496597697 207.47683206462821 -0.29288645722776135 -0.18298480451064092 -8.9760238816704749 -0.38291742176840704 41.326172235126698 -9.150984355107715 34.250492086454209 -11.122120497144804 61.305508641572253 7.1713381448571836 2.9489891272672075 -5.7425622952293631 -0.013417186146574556 -31.978620274701751 3.2940020601544444 37.480379709357216 2.1131853046143743 -1.7423376505268444 19.825023292283969 -3.8999194988820447 20.718516040923596 -17.202876813134104 49.357691373365995 58.066493865354545 14.36474761706941
leaf_weight=10562 20 120 72 36 4904 194 20 21 31 127 27 335 23 26 140 563 26 1529 20 33 131 74 80 66 25 24 89 135 109 540
leaf_count=10562 20 120 72 36 4904 194 20 21 31 127 27 335 23 26 140 563 26 1529 20 33 131 74 80 66 25 24 89 135 109 540
internal_value=0.000824097 0.00253516 9.57448e-05 0.000596822 0.00286866 -0.000980769 -0.0045 -0.0006875 -0.00392308 -0.000294392 -0.00134389 0.00180623 0.000777778 -0.00189796 0.00158108 0.00027751 1.29073e-05 -0.000106109 -4.08881e-05 -0.00266038 -2.82966e-05 0.00145361 0.000826087 0.00093578 0.000704082 -0.001 -4.81871e-05 -0.00115179 -2.5021e-05 0.00180882
internal_weight=20102 6002 14100 3021 5482 520 40 480 52 428 221 578 243 49 740 2281 1627 1555 11079 53 11026 194 207 654 588 60 10895 224 10671 680
internal_count=20102 6002 14100 3021 5482 520 40 480 52 428 221 578 243 49 740 2281 1627 1555 11079 53 11026 194 207 654 588 60 10895 224 10671 680
is_linear=0
shrinkage=0.03


Tree=185
num_leaves=31
num_cat=0
split_feature=8 26 31 2 14 28 16 2 28 24 15 4 5 3 14 17 28 18 12 14 3 28 19 16 7 20 4 16 28 18
split_gain=27.9172 7.62671 1.23478 0.891097 0.653641 0.609723 0.603617 0.601464 0.674872 0.539311 0.473691 0.561904 0.894174 0.793651 0.711886 0.459062 0.67677 0.82818 0.458877 0.456781 0.451172 0.426322 0.378524 0.31634 0.610707 0.917922 0.583439 0.50985 1.01407 0.798076
threshold=41966.585000000014 7.5000000000000009 20.500000000000004 29270.515000000003 6526.8750000000009 8.5000000000000018 797.84389689486864 28935.300000000007 11.500000000000002 45596.726666666676 3.1508698363319403 70794.290000000008 56508.898828125006 64304.320000000007 6653.8250000000007 0.59414465455161836 6.5000000000000009 0.62000952840461354 9206.2100000000009 9096.3800000000028 76131.510000000024 11.500000000000002 0.26773078971312475 150.71993111338818 1955.2101278437501 1.1642796454776037 108236.71000000001 98.862212977081086 8.5000000000000018 0.53358113006334162
decision_type=2 2 2 2 2 2 2 2 2 2 2 2 2 2 2 2 2 2 2 2 2 2 2 2 2 2 2 2 2 2
left_child=2 10 23 4 -4 6 18 8 -6 15 11 19 14 -14 -13 16 17 -3 -5 20 -2 -7 -23 27 -25 26 -26 -1 29 -29
right_child=1 9 3 5 7 21 -8 -9 -10 -11 -12 12 13 -15 -16 -17 -18 -19 -20 -21 -22 22 -24 24 25 -27 -28 28 -30 -31
leaf_value=-0.31138556887068586 0.79029201103200553 21.587813712467469 4.4464063283854571 6.9390181637813875 0.62119858074082934 33.126920764255779 -6.7286151761029318 -7.6644200910541596 -2.1886935121265103 202.92531760784061 -2.6179759270378797 -3.8136619894898676 208.64851341846435 -1.6867093165437237 -16.226024214341095 33.088310168673679 58.038935766595095 -17.683885831385521 -2.3357333538915097 1.7706242046664631 -5.8199345198760817 14.473203399131538 -1.0311198215657051 10.963026700560476 0.43069835322872541 -9.3437952678183862 -13.080625028208553 -6.2416059475119336 10.2907074613147 -3.9378753173106897
leaf_weight=7356 72 45 88 523 986 445 20 23 142 4881 26 23 45 105 21 262 92 28 24 125 39 59 92 123 4197 35 24 37 54 110
leaf_count=7356 72 45 88 523 986 445 20 23 142 4881 26 23 45 105 21 262 92 28 24 125 39 59 92 123 4197 35 24 37 54 110
internal_value=0.000815143 0.00257842 0.000106291 0.000726894 0.00016707 0.0013233 0.000619048 -2.34578e-05 7.44682e-05 0.00289827 -0.00114474 -0.000906977 -0.00210309 -0.001 -0.00586364 0.00187588 0.000636364 -0.00152055 0.000806216 7.62713e-05 -0.00132432 0.00199329 0.000615894 -1.85991e-05 0.000184289 0.00012406 0.000164179 -0.000136165 -0.00162687 -0.00291837
internal_weight=20102 5764 14338 2402 1239 1163 567 1151 1128 5308 456 430 194 150 44 427 165 73 547 236 111 596 151 11936 4379 4256 4221 7557 201 147
internal_count=20102 5764 14338 2402 1239 1163 567 1151 1128 5308 456 430 194 150 44 427 165 73 547 236 111 596 151 11936 4379 4256 4221 7557 201 147
is_linear=0
shrinkage=0.03


Tree=186
num_leaves=31
num_cat=0
split_feature=8 26 31 9 26 17 23 23 0 14 19 7 1 1 28 24 24 7 16 17 18 4 9 2 4 25 8 28 18 18
split_gain=28.3662 6.90026 1.15838 0.778664 0.75726 1.4077 1.26682 0.612156 0.568769 0.541806 0.486141 0.470648 0.460922 0.900624 1.71296 0.496695 0.500498 0.485426 0.41769 0.393264 0.512783 0.380858 1.12767 0.813846 0.547485 0.53675 0.474581 0.354313 0.393048 0.436364
threshold=41966.585000000014 7.5000000000000009 32.500000000000007 286157.09000000003 8.5000000000000018 0.62366224473463983 86.717666998993494 1161.8446885868518 45253.219555641226 12573.515000000001 0.29444523287696595 36571.424493772378 55189.550774771618 67220.94613253283 9.5000000000000018 43044.882083333345 36867.81500000001 51353.202796090198 -747.6255286793056 0.59414465455161836 0.67427160687180498 70794.290000000008 95739.400000000009 74236.020000000004 57122.950000000004 42924.35500000001 78515.262500000012 11.500000000000002 0.68399313660436201 0.57809227150556175
decision_type=2 2 2 2 2 2 2 2 2 2 2 2 2 2 2 2 2 2 2 2 2 2 2 2 2 2 2 2 2 2
left_child=2 3 4 21 12 6 -6 11 19 27 -8 -7 15 14 -14 16 -1 -15 -9 20 -3 24 23 -23 25 -2 -24 -4 29 -29
right_child=1 8 9 -5 5 7 10 18 -10 -11 -12 -13 13 17 -16 -17 -18 -19 -20 -21 -22 22 26 -25 -26 -27 -28 28 -30 -31
leaf_value=-0.055377343097644853 61.940150603548702 19.310052186186962 5.9686455227553115 -5.6599376468027289 -7.3257429699091254 1.5776705275102085 0.045317969535878695 -4.3686393289725132 196.26157993147578 19.713504181898163 -2.9829643640412788 11.630977556270123 -0.22284368941735713 -7.1987432653976198 -29.724569441755996 25.528112793844194 -1.6964040265025135 33.719548885931609 14.308679492019236 30.926246951263764 -5.2779924717437439 -16.126256723128666 46.696543271998024 -0.010608997306013456 130.6487834325288 -4.1837580770367664 -1.1007035754268222 -3.0806540611412716 -4.7675721727594427 2.9855223462758023
leaf_weight=10462 32 127 231 27 22 1224 323 25 4901 299 159 220 41 21 24 247 496 99 377 257 23 40 48 25 48 170 66 20 24 24
leaf_count=10462 32 127 231 27 22 1224 323 25 4901 299 159 220 41 21 24 247 496 99 377 257 23 40 48 25 48 170 66 20 24 24
internal_value=0.000816635 0.00259403 0.000102106 -0.000947368 4.58516e-05 0.00053617 -0.000869047 0.000919827 0.00289827 0.00139465 -0.000547718 0.000631579 -5.53116e-05 -0.00154054 -0.00438462 -3.07897e-05 -6.07774e-05 1.11759e-10 0.00195522 0.00182064 0.0006 -0.000636364 -0.00169274 -0.00484615 0.00012 -0.000564356 0.000105263 0.000491639 -0.00141176 0.000272727
internal_weight=20102 5764 14338 456 13740 2350 504 1846 5308 598 482 1444 11390 185 65 11205 10958 120 402 407 150 429 179 65 250 202 114 299 68 44
internal_count=20102 5764 14338 456 13740 2350 504 1846 5308 598 482 1444 11390 185 65 11205 10958 120 402 407 150 429 179 65 250 202 114 299 68 44
is_linear=0
shrinkage=0.03


Tree=187
num_leaves=31
num_cat=0
split_feature=8 26 31 26 17 23 9 15 2 10 23 14 31 17 0 1 1 28 14 1 15 28 20 24 1 17 27 17 12 28
split_gain=28.3621 6.98962 1.18631 0.849716 1.17038 1.32685 0.76769 0.598612 0.559171 0.831386 0.57736 0.55787 0.511212 0.411474 0.464795 0.402283 0.823029 1.54142 0.500521 0.491432 0.357751 0.421182 0.468831 0.312908 0.294149 0.483739 0.523807 0.291106 0.248557 0.159011
threshold=42616.950000000004 7.5000000000000009 32.500000000000007 8.5000000000000018 0.62366224473463983 86.717666998993494 286157.09000000003 0.66383809896941237 36996.970000000008 57833.040000000008 439.8569025423937 12573.515000000001 26.500000000000004 2.2642478089272946 51254.54582285614 55189.550774771618 66285.201194779525 9.5000000000000018 13024.960000000001 51364.312378309354 1.0308183798760029 11.500000000000002 0.15045086419038753 60912.131666666668 45935.959337908636 0.59414465455161836 5081.4511111111115 0.48780400536138108 4362.585 11.500000000000002
decision_type=2 2 2 2 2 2 2 2 2 2 2 2 2 2 2 2 2 2 2 2 2 2 2 2 2 2 2 2 2 2
left_child=2 6 3 15 5 -5 7 -2 9 -6 -10 20 -7 14 -9 19 17 -17 -18 23 21 28 -23 -1 25 26 -3 -28 -4 -13
right_child=1 24 11 4 8 12 -8 13 10 -11 -12 29 -14 -15 -16 16 18 -19 -20 -21 -22 22 -24 -25 -26 -27 27 -29 -30 -31
leaf_value=-0.15405597492148637 -2.7691045188259675 -4.906073919157973 15.340665651132555 -7.1059706808118897 3.2250873913137461 0.039108985237544969 -5.4901395173986467 -3.9135769271339087 -6.4153686514066184 -1.7316351101163345 12.810245513580705 34.394622708560064 -4.0962378552267653 162.86329623010596 0.1152402678629994 -0.35543911554795521 -5.550218830145309 -31.747070671807929 84.276151772390151 74.170415337325153 -5.079061842669903 -3.2928995735573108 0.77990233741834558 98.903194144133877 208.68302649664875 47.432893771890221 -16.389087029033782 53.642660426546726 0.23885424985652981 5.0713334483824823
leaf_weight=11165 26 24 146 22 1434 409 27 93 62 28 396 223 88 30 268 40 80 22 48 48 33 30 33 48 4782 230 30 97 57 83
leaf_count=11165 26 24 146 22 1434 409 27 93 62 28 396 223 88 30 268 40 80 22 48 48 33 30 33 48 4782 230 30 97 57 83
internal_value=0.00081365 0.00262547 0.000112798 5.61556e-05 0.000564576 -0.000699422 -0.000986486 -0.000669065 0.00090625 0.000619699 0.00182096 0.00141322 -0.000380282 -0.000375959 -0.00065651 -5.21351e-05 -0.00142105 -0.00425806 -4.68749e-05 -2.90382e-05 0.000491639 0.000857143 -0.00128571 -4.20047e-05 0.00293608 0.00213386 0.00081457 0.00158268 0.00152217 0.00231373
internal_weight=20102 5607 14495 13890 2439 519 444 417 1920 1462 458 605 497 391 361 11451 190 62 128 11261 299 266 63 11213 5163 381 151 127 203 306
internal_count=20102 5607 14495 13890 2439 519 444 417 1920 1462 458 605 497 391 361 11451 190 62 128 11261 299 266 63 11213 5163 381 151 127 203 306
is_linear=0
shrinkage=0.03


Tree=188
num_leaves=31
num_cat=0
split_feature=8 26 26 10 9 20 20 16 15 22 2 17 21 9 18 13 0 17 28 21 12 17 12 28 15 19 23 20 15 28
split_gain=28.2414 6.71025 1.07977 1.11548 0.788998 0.773369 0.983795 0.931765 0.618312 0.583735 0.557724 0.392983 0.386079 0.560987 0.643622 0.483674 0.350954 0.350356 0.664392 1.71169 0.839141 0.620104 0.705508 0.55456 0.340175 0.760547 0.246801 0.410254 0.221849 0.213907
threshold=42616.950000000004 7.5000000000000009 8.5000000000000018 45812.960000000006 286157.09000000003 0.09857055449758477 0.10144945197678666 552.54957655864985 0.66383809896941237 106856.02500000002 154204.09000000003 2.2642478089272946 46068.131666666675 26713.640000000003 0.66006214064313273 15856.155000000002 51254.54582285614 0.71280490782345207 8.5000000000000018 23574.851666666673 8554.0950000000012 1.2494292246084824 832.12500000000011 7.5000000000000009 0.98676955117674992 0.15286765388107593 1096.0815636973359 0.19449598952498795 0.9830881372785546 11.500000000000002
decision_type=2 2 2 2 2 2 2 2 2 2 2 2 2 2 2 2 2 2 2 2 2 2 2 2 2 2 2 2 2 2
left_child=2 4 9 5 8 -4 -7 -8 -2 17 -11 16 13 14 15 -3 -10 18 20 -20 -1 22 -19 -23 25 -5 27 -26 -27 -28
right_child=1 12 3 24 -6 6 7 -9 11 10 -12 -13 -14 -15 -16 -17 -18 21 19 -21 -22 23 -24 -25 26 28 29 -29 -30 -31
leaf_value=0.032913217815385407 -2.686031383261188 34.535775165548465 12.497303986614179 -4.6697846289559148 -5.3254353318766876 -6.8119932597145318 -0.26719570566135642 11.294663060812992 -3.7961696193198917 -10.780654642407299 -0.36980744499806895 157.9773973432028 196.91791754093586 55.173640875511978 -3.9716364672811135 -22.463348680408782 0.1117830598271073 -1.8014324486016859 0.046711455351324184 17.122868999419872 -4.8621224523365223 1.8010530731834618 -6.074751637906548 -0.89066495996452855 9.0643529957242368 23.035955741777059 16.660138484916722 -12.235581907864294 1.1794917871887414 2.2410894245632704
leaf_weight=4252 26 89 120 22 27 28 1407 146 93 21 20 30 4819 197 35 23 268 1223 1422 656 269 1587 668 1645 571 33 306 20 35 44
leaf_count=4252 26 89 120 22 27 28 1407 146 93 21 20 30 4819 197 35 23 268 1223 1422 656 269 1587 668 1645 571 33 306 20 35 44
internal_value=0.000812158 0.00262012 0.000112798 0.000650073 -0.000918919 0.000178131 1.89764e-06 0.000102383 -0.000597122 -1.19866e-05 -0.00358537 -0.000299233 0.00292446 0.00195349 0.000551021 0.00166071 -0.000573407 5.1197e-07 0.000145022 0.000589028 -5.90576e-05 -0.000185633 -0.000617134 6.68318e-05 0.00142871 -0.000333333 0.00159724 0.00122335 0.00123529 0.00222857
internal_weight=20102 5607 14495 2732 444 1701 1581 1553 417 11763 41 391 5163 344 147 112 361 11722 6599 2078 4521 5123 1891 3232 1031 90 941 591 68 350
internal_count=20102 5607 14495 2732 444 1701 1581 1553 417 11763 41 391 5163 344 147 112 361 11722 6599 2078 4521 5123 1891 3232 1031 90 941 591 68 350
is_linear=0
shrinkage=0.03


Tree=189
num_leaves=31
num_cat=0
split_feature=25 20 11 15 2 31 28 28 12 12 0 22 2 22 27 31 14 14 28 23 23 25 1 1 5 15 27 22 16 14
split_gain=27.7364 5.5984 1.29957 0.902725 1.2032 0.798254 0.775866 1.34643 1.33527 0.958267 0.911795 0.752111 0.692709 0.662096 0.648638 0.608281 0.604938 0.570224 0.482845 0.48136 0.468522 0.43966 0.437174 1.21821 0.435357 0.664418 0.433614 0.408021 0.36142 1.00116
threshold=41658.222500000011 0.084539928968186615 20508.180000000004 0.66383809896941237 103300.09000000001 15.500000000000002 11.500000000000002 8.5000000000000018 4286.3700000000008 9206.2100000000009 21009.542076335772 45971.635000000002 28935.300000000007 33333.765000000007 31146.690000000006 16.500000000000004 11480.070000000002 3757.4850000000006 2.5000000000000004 712.1885127435213 974.06866625392934 44803.665000000008 46297.984902657838 50888.086475607699 41293.952467731244 1.003261131526455 4586.1306250000007 94354.317500000019 491.96102627672377 15831.205000000002
decision_type=2 2 2 2 2 2 2 2 2 2 2 2 2 2 2 2 2 2 2 2 2 2 2 2 2 2 2 2 2 2
left_child=5 3 24 -2 22 27 7 9 10 15 19 18 -12 20 -13 -7 17 -6 21 -8 -9 -4 -5 -24 -3 -26 -10 28 29 -1
right_child=1 2 11 4 16 6 8 13 26 -11 12 14 -14 -15 -16 -17 -18 -19 -20 -21 -22 -23 23 -25 25 -27 -28 -29 -30 -31
leaf_value=-0.084212579237868082 -4.8010629581185178 -4.7314960122380603 -3.9133969922743819 9.8442841294139907 -4.2581691758783036 7.1501150343922335 -2.9103338118240676 7.7711738793922454 7.1681650476833809 -4.9925316113352096 -6.5262705962881933 187.08246813300698 -0.84637094302243798 40.878675438179833 -0.10651534693278944 0.16348955300036927 -11.770762620540184 19.897051531206728 32.907401468064236 1.5255779543944921 1.6082662215966699 59.133244948287427 -15.791444277669122 25.478358274926066 18.843979374803869 -14.929514859866458 -1.1247283891694135 -8.9705619909130245 0.68159393671733082 -6.2633992930612727
leaf_weight=7235 40 21 68 57 55 146 29 289 101 41 45 4820 31 268 38 1690 27 26 531 33 309 29 27 152 83 28 39 33 3294 517
leaf_count=7235 40 21 68 57 55 146 29 289 101 41 45 4820 31 268 38 1690 27 26 531 33 309 29 27 152 83 28 39 33 3294 517
internal_value=0.000812158 0.00252016 0.0027597 -0.000984375 -0.000488372 8.51065e-05 0.000517378 0.000670434 -0.000992806 0.000218967 -0.00308696 0.00283048 -0.00528947 0.00164896 0.00295677 0.000320262 -0.00311111 -0.00181481 0.0018535 -0.000387097 0.00109365 -9.27834e-05 0.000711865 -1.67597e-05 -0.000181818 0.000567568 0.00107143 -3.27646e-05 -2.28136e-05 -0.000134675
internal_weight=20102 6002 5618 384 344 14100 3021 2743 278 1877 138 5486 76 866 4858 1836 108 81 628 62 598 97 236 179 132 111 140 11079 11046 7752
internal_count=20102 6002 5618 384 344 14100 3021 2743 278 1877 138 5486 76 866 4858 1836 108 81 628 62 598 97 236 179 132 111 140 11079 11046 7752
is_linear=0
shrinkage=0.03


Tree=190
num_leaves=31
num_cat=0
split_feature=8 26 31 9 12 20 15 9 31 14 14 31 13 14 22 14 11 4 11 7 16 13 2 15 21 17 18 17 13 8
split_gain=27.6144 7.91706 1.07195 0.821657 0.79259 0.714605 0.724177 0.619389 0.569293 0.550528 0.643335 0.445469 1.11841 0.399226 0.392845 1.29925 0.493488 0.746412 0.624654 1.80474 0.463213 0.393163 0.367551 0.343904 0.324891 0.577048 0.781844 0.286279 0.131034 0.0677909
threshold=43130.607500000006 7.5000000000000009 20.500000000000004 16733.580000000005 6601.0100000000011 0.33002340009404335 0.66383809896941237 286157.09000000003 23.500000000000004 6526.8750000000009 9773.3000000000011 25.500000000000004 12250.045000000002 29963.780000000002 94354.317500000019 8461.8550000000032 24552.735000000004 37253.325000000004 23858.685000000001 23124.924906043143 504.87900114777045 11663.635000000002 42645.30000000001 3.1508698363319403 46068.131666666675 0.5770079335063566 0.62000952840461354 0.52068442896764744 15600.465000000002 30278.245000000003
decision_type=2 2 2 2 2 2 2 2 2 2 2 2 2 2 2 2 2 2 2 2 2 2 2 2 2 2 2 2 2 2
left_child=2 5 14 4 9 6 -2 13 29 -4 -11 12 -10 -8 16 -16 18 23 20 -20 -1 -19 -13 -18 25 26 28 -6 -3 -5
right_child=1 24 3 8 27 -7 7 -9 11 10 -12 22 -14 -15 15 -17 17 21 19 -21 -22 -23 -24 -25 -26 -27 -28 -29 -30 -31
leaf_value=-0.26777539977998782 -2.2565250171617284 41.389448806783889 3.7814119901010037 15.338306942698791 -4.8560907588241005 -6.8495764062873317 -0.54863405348256566 -3.2650138963170789 3.5819917690083694 -1.2389097002987963 2.2021889450842433 5.9587124004095742 -7.2473371195791403 48.384686760968009 -12.234067628573994 56.28585270698607 -1.0507418363545733 13.051008962116381 -15.273117175478056 3.0721228561527525 1.0331991267162157 -0.739232767420544 42.874995973037926 21.666264137089232 187.29139887362354 49.273752552415822 -14.089345096377139 -8.812044814512511 27.612612151759439 29.717343044613116
leaf_weight=8183 28 38 83 39 23 36 290 21 130 556 553 744 21 59 26 28 581 383 36 100 2588 44 118 131 4808 199 30 21 20 185
leaf_count=8183 28 38 83 39 23 36 290 21 130 556 553 744 21 59 26 28 581 383 36 100 2588 44 118 131 4808 199 30 21 20 185
internal_value=0.000798727 0.00260391 0.000113841 0.000682976 0.000135922 -0.00128571 -0.000919598 -0.000567567 0.00122959 0.000281879 0.000105501 0.00092695 -0.000576159 -0.000266476 -2.47923e-06 -0.00255556 8.96574e-06 0.000603161 -5.30851e-05 -0.00207353 -2.75739e-05 0.00159485 0.00119026 8.42708e-06 0.00293523 0.0019547 -6.81817e-05 -0.00381818 0.00196552 0.00259821
internal_weight=20102 5529 14573 2473 1236 434 398 370 1237 1192 1109 1013 151 349 12100 54 12046 1139 10907 136 10771 427 862 712 5095 287 88 44 58 224
internal_count=20102 5529 14573 2473 1236 434 398 370 1237 1192 1109 1013 151 349 12100 54 12046 1139 10907 136 10771 427 862 712 5095 287 88 44 58 224
is_linear=0
shrinkage=0.03


Tree=191
num_leaves=31
num_cat=0
split_feature=8 26 31 26 17 23 8 4 9 19 14 15 9 4 16 22 18 6 17 18 13 22 22 15 28 20 16 11 28 14
split_gain=27.2545 8.13366 1.0556 0.839113 1.13948 1.55886 0.692496 1.87083 0.657641 0.65117 0.576454 0.558981 0.872188 1.69571 0.442832 0.379195 0.948148 0.358346 0.514356 0.402527 0.494987 0.349175 0.441872 0.333799 0.378014 0.468831 0.297928 0.268254 0.2366 0.296471
threshold=43130.607500000006 7.5000000000000009 32.500000000000007 8.5000000000000018 0.63276733492315196 1.0000000180025095e-35 35310.132500000014 35640.24500000001 286157.09000000003 0.19846094210844339 12573.515000000001 0.66383809896941237 95739.400000000009 82625.980000000025 -607.68254935092079 94354.317500000019 0.50575181879699815 46491.579664723999 0.5981509166522837 0.65373434233322736 15128.115000000003 65055.125000000007 60663.595000000008 1.0308183798760029 11.500000000000002 0.15045086419038753 -2120.1045890091114 25868.495000000003 11.500000000000002 17450.105000000007
decision_type=2 2 2 2 2 2 2 2 2 2 2 2 2 2 2 2 2 2 2 2 2 2 2 2 2 2 2 2 2 2
left_child=2 8 3 15 5 -5 7 -6 11 -7 23 -2 13 -13 -8 21 -17 18 19 20 -3 22 -1 24 -4 -26 -14 -21 -12 -30
right_child=1 17 10 4 6 9 14 -9 -10 -11 28 12 26 -15 -16 16 -18 -19 -20 27 -22 -23 -24 -25 25 -27 -28 -29 29 -31
leaf_value=-0.072075987660313118 -2.4023558491857702 47.852546406675522 8.3323835827531276 -8.6479405408837522 3.4986507447680224 -14.18880732482045 -5.0740159006795924 -4.6483727197001139 -5.2075435765578728 0.053427661967789974 32.317584521815277 -1.1239336349446856 122.96951434430808 -7.0305598515270971 12.531349591116804 0.5750386666638061 -16.117627378511916 193.18546054895907 45.987263320107971 -3.7842692853292186 -20.713263817787453 250.64183816203655 -11.103644864243904 -5.0498454953129093 -3.152156765792002 0.79669842224986143 -0.13396437612567247 15.87273138411935 -0.52401236772217552 26.359075600998541
leaf_weight=11380 25 79 203 25 1179 45 34 53 27 654 228 163 74 35 483 30 24 4727 209 21 35 34 20 33 30 33 110 24 50 35
leaf_count=11380 25 79 203 25 1179 45 34 53 27 654 228 163 74 35 483 30 24 4727 209 21 35 34 20 33 30 33 110 24 50 35
internal_value=0.000794249 0.00258763 0.000113841 6.03826e-05 0.000561666 -0.000439226 0.000975986 0.000589286 -0.00135484 -0.000175966 0.00133333 -0.00105405 -0.000769633 -0.00215151 0.00189749 -4.75277e-05 -0.00255556 0.00292345 0.00202174 0.000735849 0.00168421 -3.56829e-05 -4.47367e-05 0.000391304 0.000744361 -0.00128571 0.000717391 -0.00166667 0.00223323 0.000882353
internal_weight=20102 5529 14573 13961 2473 724 1749 1232 434 699 612 407 382 198 517 11488 54 5095 368 159 114 11434 11400 299 266 63 184 45 313 85
internal_count=20102 5529 14573 13961 2473 724 1749 1232 434 699 612 407 382 198 517 11488 54 5095 368 159 114 11434 11400 299 266 63 184 45 313 85
is_linear=0
shrinkage=0.03


Tree=192
num_leaves=31
num_cat=0
split_feature=8 26 31 11 15 28 20 28 1 22 13 8 28 26 8 31 20 12 23 23 12 18 26 28 18 21 21 28 15 0
split_gain=27.4373 7.0178 1.20444 1.26289 0.753358 0.565603 0.890322 0.827042 0.676893 0.546184 0.544648 0.532203 0.489563 0.479592 0.386674 0.620483 0.586724 0.364976 0.347608 0.631331 1.02698 0.595238 0.572603 0.512129 2.31751 0.491245 0.475231 0.474099 0.409539 0.568182
threshold=44082.615000000013 7.5000000000000009 15.500000000000002 20508.180000000004 0.97689755777597476 11.500000000000002 0.15045086419038753 8.5000000000000018 21687.255025702365 16453.395000000004 12822.790000000001 15356.6075 7.5000000000000009 1.5000000000000002 88996.47500000002 3.5000000000000004 0.33002340009404335 9132.3250000000025 439.8569025423937 391.72544377056983 3995.3099999999999 0.66006214064313273 8.5000000000000018 11.500000000000002 0.76648444639026747 1844.2091666666668 3053.061666666667 8.5000000000000018 1.0107914264264122 6314.2868233671879
decision_type=2 2 2 2 2 2 2 2 2 2 2 2 2 2 2 2 2 2 2 2 2 2 2 2 2 2 2 2 2 2
left_child=2 9 18 5 -5 7 8 10 -7 -2 -4 -9 17 -11 16 -16 -15 -6 19 28 -21 -22 25 27 -25 -20 -27 -24 -1 -30
right_child=1 -3 3 4 12 6 -8 11 -10 13 -12 -13 -14 14 15 -17 -18 -19 22 20 21 -23 23 24 -26 26 -28 -29 29 -31
leaf_value=-1.2384925995048786 -8.2141397336856823 154.99369336131983 0.057968477337955626 -5.7994697070698997 8.1672636902802527 0.35775873694523397 0.123770457507444 -4.2401600222720557 -8.8880041041052831 41.347195456992516 -4.2372381889459518 8.0297663930447545 20.566902903615745 0.001915813628919567 -0.35178580813020588 -6.3001555044790383 -12.650628320571359 -0.76802470469792872 3.1313580913722809 1.2463028449868556 -6.0707642925760625 -13.817572056308753 2.2455000448995968 15.249550035386649 -11.269055007559031 -5.0634457903493626 -0.02661931226158901 21.872881522997886 2.1004345425033342 -1.8504188580128438
leaf_weight=1426 25 4955 1397 21 529 28 147 42 46 63 24 616 498 205 69 28 27 20 272 44 21 21 582 46 25 466 8212 203 22 22
leaf_count=1426 25 4955 1397 21 529 28 147 42 46 63 24 616 498 205 69 28 27 20 272 44 21 21 582 46 25 466 8212 203 22 22
internal_value=0.000801711 0.00263701 0.000132383 0.000630641 0.00148315 0.000234783 -0.00120814 0.000388167 -0.00389189 -0.00110072 -1.90006e-05 0.00126748 0.00159599 -0.00082653 -0.00128571 -0.00287629 -0.00062069 0.000978142 -1.53141e-05 -0.000431876 -0.00293023 -0.00628571 5.07853e-05 0.000792056 -0.00164789 -2.01116e-05 -5.94606e-05 0.00101274 -0.000285714 -0.00313636
internal_weight=20102 5372 14730 3368 1068 2300 221 2079 74 417 1421 658 1047 392 329 97 232 549 11362 1556 86 42 9806 856 71 8950 8678 785 1470 44
internal_count=20102 5372 14730 3368 1068 2300 221 2079 74 417 1421 658 1047 392 329 97 232 549 11362 1556 86 42 9806 856 71 8950 8678 785 1470 44
is_linear=0
shrinkage=0.03


Tree=193
num_leaves=31
num_cat=0
split_feature=8 17 31 9 18 15 9 4 15 10 28 28 12 3 16 4 8 9 12 3 22 18 16 3 19 2 19 9 4 6
split_gain=27.482 5.51819 1.17146 1.07878 1.01094 0.781633 0.699352 0.62246 0.599944 0.885425 0.541851 1.19237 0.771765 0.78125 0.76623 0.62064 0.593432 0.423101 0.530608 0.324188 0.50821 0.740192 0.370092 0.788521 0.558524 0.258287 0.65035 0.213129 0.249137 0.203106
threshold=44082.615000000013 0.80304264575733286 15.500000000000002 23058.840000000004 1.7101111504220003 0.66383809896941237 286157.09000000003 42650.845000000008 0.98676955117674992 61962.825000000004 11.500000000000002 8.5000000000000018 4169.2750000000005 22649.220000000001 301.06866413236645 39743.560000000005 15356.6075 138772.80000000002 10575.885000000002 205896.97000000006 94354.317500000019 0.43377942803085245 491.96102627672377 8704.1550000000025 0.25021685596986942 45229.415000000008 0.25454317373594032 26121.010000000006 41471.755000000012 121731.44474777776
decision_type=2 2 2 2 2 2 2 2 2 2 2 2 2 2 2 2 2 2 2 2 2 2 2 2 2 2 2 2 2 2
left_child=2 4 19 10 7 -3 17 -2 9 -5 11 14 13 -12 -4 -14 -13 18 -7 20 22 -22 24 -24 -1 26 -9 28 -10 -19
right_child=1 5 3 8 -6 6 -8 25 27 -11 12 16 15 -15 -16 -17 -18 29 -20 -21 21 -23 23 -25 -26 -27 -28 -29 -30 -31
leaf_value=0.089021630940573374 -15.712039246843986 -2.8264860088140993 0.25949587837416771 -6.2120016345348352 -2.745282650882801 -0.076381493159604352 -5.8396247047459902 50.730492518846361 11.887611456373335 42.22890510213729 0.00079279023344636871 -4.1129552216038689 4.4266420252148411 -6.2063739678171403 -1.7990171692062107 -2.2461865966260075 9.3340536908798377 96.955361624752427 -13.224725681263319 252.70102203689007 0.16733125380297453 -18.189522587430492 -0.61741904556330685 4.8702544658589897 -2.1000104563617197 168.00333737809029 -8.7718667284242606 24.732663642660356 1.3416791129693062 -0.58675943914620843
leaf_weight=5481 25 27 1352 38 24 173 25 93 342 27 64 42 97 64 253 22 700 61 32 32 23 20 1960 1413 2433 4837 39 290 77 36
leaf_count=5481 25 27 1352 38 24 173 25 93 342 27 64 42 97 64 253 22 700 61 32 32 23 20 1960 1413 2433 4837 39 290 77 36
internal_value=0.000800219 0.00263701 0.000130346 0.000621734 0.00289239 -0.000983051 -0.000577982 0.00292191 0.00160465 -0.00115385 0.00032845 0.00046911 -0.0010081 -0.002625 9.34591e-06 0.000731093 0.00146361 -0.000178808 -0.000951219 -1.53141e-05 -2.38304e-05 -0.00327907 -1.1429e-05 0.000251705 -0.000123578 0.00294566 0.00163636 0.00185755 0.00142482 0.00145361
internal_weight=20102 5372 14730 3368 5018 354 327 4994 774 65 2594 2347 247 128 1605 119 742 302 205 11362 11330 43 11287 3373 7914 4969 132 709 419 97
internal_count=20102 5372 14730 3368 5018 354 327 4994 774 65 2594 2347 247 128 1605 119 742 302 205 11362 11330 43 11287 3373 7914 4969 132 709 419 97
is_linear=0
shrinkage=0.03


Tree=194
num_leaves=31
num_cat=0
split_feature=8 26 31 28 28 22 17 20 2 19 1 8 6 25 7 19 17 4 11 14 17 31 17 17 19 8 14 14 2 4
split_gain=27.2046 6.68869 1.18012 0.79145 1.33439 0.7642 0.669621 0.616405 1.04837 0.511143 0.498048 0.480368 0.444989 1.3512 0.628651 0.679051 0.543602 0.504993 0.40964 0.565552 0.399329 0.874 0.382309 0.655121 0.722323 0.529358 1.2 0.71238 1.13968 0.733929
threshold=44082.615000000013 7.5000000000000009 20.500000000000004 11.500000000000002 8.5000000000000018 33333.765000000007 0.63379815146294793 0.15045086419038753 41500.405000000006 0.19846094210844339 21687.255025702365 15356.6075 118215.00889425767 137586.21750000003 74521.169318249958 0.32737543874356473 0.92475762393085537 70794.290000000008 23090.515000000003 23510.090000000004 0.52068442896764744 35.500000000000007 0.78437911297247498 0.67576962111695738 0.17730309206583508 40304.025000000001 2217.3000000000006 983.19500000000005 2317.8200000000006 2210.7750000000005
decision_type=2 2 2 2 2 2 2 2 2 2 2 2 2 2 2 2 2 2 2 2 2 2 2 2 2 2 2 2 2 2
left_child=2 12 22 4 6 11 9 8 10 -4 -5 -6 14 -14 15 17 -16 -2 19 -3 21 -9 23 -1 -25 27 -27 29 -29 -24
right_child=1 18 3 7 5 -7 -8 20 -10 -11 -12 -13 13 -15 16 -17 -18 -19 -20 -21 -22 -23 25 24 -26 26 -28 28 -30 -31
leaf_value=0.061077342802844874 -2.8864606453965465 -8.9600256111277368 -5.7480604759778204 0.47735270054095763 -3.9895665649557381 45.05065075122085 5.2825016070052238 -2.7661625669143302 31.624974975242864 0.047769370100796703 -5.8714920965222257 5.8625812280783922 -14.319394163939656 19.754200760921918 -4.8567643874975692 36.183735765292873 46.806145376990159 -9.0104445330076146 157.81856960722899 53.228007212615964 3.3165572823472558 10.037991622045416 -1.888901581264121 1.9161054682565193 15.484415299118584 -32.493135830614882 2.680866139214324 -7.8272271344042395 -1.0868625224281971 2.8399290453132697
leaf_weight=6303 134 27 111 28 42 365 463 35 27 703 76 556 30 37 26 46 100 44 4808 120 118 33 378 567 333 20 40 321 2705 1506
leaf_count=6303 134 27 111 28 42 365 463 35 27 703 76 556 30 37 26 46 100 44 4808 120 118 33 378 567 333 20 40 321 2705 1506
internal_value=0.000792757 0.00262025 0.000126273 0.000712163 0.000910714 0.00175389 0.000274863 -0.000690852 -0.00226718 -0.000243243 -0.00363462 0.00109365 -0.00102878 -0.00326866 -0.0006 -0.00155357 0.00109524 -0.00239326 0.00292735 0.00136735 0.000419355 -0.00141176 3.20392e-06 0.000142857 0.0009 -0.000199195 -0.003 -0.000164969 -0.000450099 0.000292994
internal_weight=20102 5372 14730 2557 2240 963 1277 317 131 814 104 598 417 67 350 224 126 178 4955 147 186 68 12173 7203 900 4970 60 4910 3026 1884
internal_count=20102 5372 14730 2557 2240 963 1277 317 131 814 104 598 417 67 350 224 126 178 4955 147 186 68 12173 7203 900 4970 60 4910 3026 1884
is_linear=0
shrinkage=0.03


Tree=195
num_leaves=31
num_cat=0
split_feature=8 26 31 11 16 28 19 17 20 28 15 8 15 10 27 24 8 28 11 28 28 20 17 9 17 23 28 9 9 16
split_gain=26.7195 7.1417 1.18012 0.87585 0.823767 0.66431 0.712728 0.642756 0.584136 0.580233 0.568819 0.517454 0.51151 0.916476 0.966376 0.8487 0.769049 0.501765 0.478314 0.534695 0.469402 0.462705 0.359846 0.619775 0.579456 0.564225 0.573891 0.552381 0.917306 0.550804
threshold=44082.615000000013 7.5000000000000009 20.500000000000004 20508.180000000004 -860.70283938280761 11.500000000000002 0.38241406735650391 0.47885426658433883 0.33002340009404335 8.5000000000000018 0.99645052892655539 15356.6075 1.0149328098543922 334556.23750000005 46284.253333333334 57004.595833333347 95227.645000000019 7.5000000000000009 23220.640000000003 3.5000000000000004 11.500000000000002 0.11900216685943647 0.78437911297247498 25018.990000000002 1.3807464170688231 1436.2249574756586 7.5000000000000009 4822.0650000000014 5063.4400000000014 504.87900114777045
decision_type=2 2 2 2 2 2 2 2 2 2 2 2 2 2 2 2 2 2 2 2 2 2 2 2 2 2 2 2 2 2
left_child=2 8 22 5 -5 9 10 -8 12 21 -7 -11 13 15 -15 -2 -14 -6 19 -3 -19 -4 23 29 27 -26 -27 -24 -29 -1
right_child=1 18 3 4 17 6 7 -9 -10 11 -12 -13 16 14 -16 -17 -18 20 -20 -21 -22 -23 24 -25 25 26 -28 28 -30 -31
leaf_value=-0.099000140640419149 -12.860170044324018 -6.6981670041784893 6.1733960199595828 -5.857551666514091 6.2093618129475203 -4.2973269973302193 -1.8284796263764596 -4.2890878229040386 -6.2264263672913014 -3.8698795680070441 1.2900816432889288 7.3329743536846923 7.6845655607594159 -1.3560083596239383 -3.0592366079832538 0.24072594349042273 -3.9601213194877465 28.525446649073004 153.96745881359158 52.730347970849522 4.7814854492948804 -0.55817700635611078 3.3096985879241876 9.6796410583781558 -7.4334051570628423 2.1644470369871107 -0.82046126023232435 -9.880151417210481 -3.443134637982816 3.6469492697837071
leaf_weight=5414 56 37 93 20 359 49 22 21 34 42 129 616 115 21 20 139 32 355 4797 121 94 757 272 376 24 1388 1486 21 1779 1413
leaf_count=5414 56 37 93 20 359 49 22 21 34 42 129 616 115 21 20 139 32 355 4797 121 94 757 272 376 24 1388 1486 21 1779 1413
internal_value=0.000786787 0.00259792 0.000126273 0.000712163 0.00151449 0.000327935 -0.00120814 -0.00467442 -0.00117266 0.00055305 -0.000370786 0.00122188 -0.00083812 -0.00170339 -0.00578049 -0.000846154 0.000551021 0.00166337 0.00291524 0.00129114 0.00233185 3.52942e-05 3.20392e-06 0.000138692 -0.000193159 8.07455e-05 0.000118998 -0.000576255 -0.000766667 7.33852e-05
internal_weight=20102 5372 14730 2557 828 1729 221 43 417 1508 178 658 383 236 41 195 147 808 4955 158 449 850 12173 7203 4970 2898 2874 2072 1800 6827
internal_count=20102 5372 14730 2557 828 1729 221 43 417 1508 178 658 383 236 41 195 147 808 4955 158 449 850 12173 7203 4970 2898 2874 2072 1800 6827
is_linear=0
shrinkage=0.03


Tree=196
num_leaves=31
num_cat=0
split_feature=8 26 22 17 28 28 4 17 12 1 20 22 17 28 28 12 12 5 22 22 27 17 23 0 13 28 18 23 8 7
split_gain=26.25 7.30942 1.04698 1.09804 0.764441 1.10325 1.39862 1.011 0.857143 0.629715 0.562046 0.664669 0.473046 0.654455 1.58372 1.32432 1.30831 0.768983 0.649629 1.84598 0.910032 0.591736 0.59776 0.557075 0.459772 0.712963 0.705128 0.452605 0.424415 0.578179
threshold=44082.615000000013 7.5000000000000009 37583.160000000011 3.3001293055482477 8.5000000000000018 11.500000000000002 38561.580000000009 0.47576362003119826 9276.9350000000031 46297.984902657838 0.33002340009404335 16453.395000000004 0.78437911297247498 8.5000000000000018 11.500000000000002 4214.4650000000011 1380.9050000000002 37106.811250000006 26893.610000000004 27538.735000000004 41628.508333333339 1.3807464170688231 1436.2249574756586 5001.1990483363779 11486.715000000002 8.5000000000000018 0.62000952840461354 346.39144427202115 87143.410000000018 60705.983390112953
decision_type=2 2 2 2 2 2 2 2 2 2 2 2 2 2 2 2 2 2 2 2 2 2 2 2 2 2 2 2 2 2
left_child=2 10 12 4 7 -6 -7 8 -4 24 11 -2 13 17 16 -16 -15 -1 21 -20 -21 23 -23 -14 -3 26 -26 -9 29 -13
right_child=1 9 3 -5 5 6 -8 27 -10 -11 -12 28 18 14 15 -17 -18 -19 19 20 -22 22 -24 -25 25 -27 -28 -29 -30 -31
leaf_value=0.019452864562532455 -8.3214244726177373 36.572319345063228 -25.197159414266171 -23.222532124897093 46.72677736973192 -13.783686196315923 10.600755243493465 -6.5778552115392959 9.8766679006225413 169.31834494626651 -6.0396335762725615 -3.8616668959068012 2.7307545538864968 -1.4067368956793389 -3.1064274351762826 4.3368819864605515 9.4623591493189263 -6.0288544437547937 -18.572492643645329 -0.77630649566487508 -37.090326899596064 -7.2104030023509571 0.82763221562872646 -3.7373591915298685 28.698218362489648 76.807185182775456 -14.813946236723321 6.2628417218003003 -2.042665284986148 38.866146428017252
leaf_weight=5776 24 137 21 25 452 24 150 88 21 4710 34 114 307 587 472 199 1425 55 28 334 52 24 2342 1505 26 42 40 843 111 134
leaf_count=5776 24 137 21 25 452 24 150 88 21 4710 34 114 307 587 472 199 1425 55 28 334 52 24 2342 1505 26 42 40 843 111 134
internal_value=0.000774848 0.00256999 0.000120163 0.00083867 0.00093621 0.00175399 -0.000275862 0.000410072 -0.00414286 0.00289102 -0.0012446 -0.000916449 3.11309e-05 0.000163496 0.000551249 -0.000710879 0.000972167 -1.49201e-05 -0.000214286 -0.00134783 -0.00080829 -0.000101963 0.000210482 -0.000509934 0.00140816 -5.55554e-05 -0.002 0.000615467 -0.000593315 9.67743e-05
internal_weight=20102 5372 14730 1624 1599 626 174 973 42 4955 417 383 13106 8514 2683 671 2012 5831 4592 414 386 4178 2366 1812 245 108 66 931 359 248
internal_count=20102 5372 14730 1624 1599 626 174 973 42 4955 417 383 13106 8514 2683 671 2012 5831 4592 414 386 4178 2366 1812 245 108 66 931 359 248
is_linear=0
shrinkage=0.03


Tree=197
num_leaves=31
num_cat=0
split_feature=8 26 8 28 18 20 21 2 24 4 28 27 9 28 1 1 15 20 9 6 5 11 3 0 28 28 24 2 3 13
split_gain=26.545 6.78902 1.05919 1.41057 1.22938 0.712037 1.01486 0.671671 0.721898 0.657027 0.655277 0.669907 0.652284 0.666783 0.614349 1.32729 2.11852 0.606652 0.57379 0.572024 0.556974 0.521206 0.583333 0.515723 0.500763 0.489808 0.453411 0.413833 0.351877 0.349068
threshold=44082.615000000013 7.5000000000000009 33169.960000000014 8.5000000000000018 0.25740945576603808 0.19638084324115651 46953.468333333345 35693.305000000008 33962.396000000008 45576.755000000005 11.500000000000002 15340.857500000002 23987.490000000002 3.5000000000000004 55189.550774771618 66285.201194779525 0.73737975614597973 0.33002340009404335 26121.010000000006 42685.895060499999 43839.652812500011 161753.01500000004 96193.250000000015 43601.478591155319 7.5000000000000009 3.5000000000000004 60132.840000000011 6248.8650000000007 43663.44000000001 43954.060000000005
decision_type=2 2 2 2 2 2 2 2 2 2 2 2 2 2 2 2 2 2 2 2 2 2 2 2 2 2 2 2 2 2
left_child=2 17 14 5 -5 6 25 8 -7 -8 11 -6 13 -3 26 16 -16 20 -12 -9 23 24 -23 -2 -22 -4 29 -17 -14 -1
right_child=1 12 3 4 10 7 9 19 -10 -11 18 -13 28 -15 15 27 -18 -19 -20 -21 21 22 -24 -25 -26 -27 -28 -29 -30 -31
leaf_value=0.025980140007810324 0.17623731164514531 -7.8845493350839071 0.041353892905690408 -44.231783890414754 40.030560815917752 -24.397338506539779 17.985901830600429 -5.4875417613258675 15.042260553616055 -6.8412536807330513 -0.96769516526827526 -7.94772061195291 6.0052205430739898 45.332040617231208 118.06097382334799 -2.4029606253912239 -32.968216355666335 -5.8584445689843854 20.827621365873963 17.506762537302613 -1.2443838409290156 -0.84623151897873272 -3.9076755430525805 -11.714052088632009 57.801878919088182 7.997646951753012 121.9736032401899 66.680724881457749 149.63589394759467 -24.592720625629074
leaf_weight=12314 23 39 443 22 483 23 20 210 72 23 121 46 25 131 21 31 20 34 54 30 230 27 21 20 62 650 46 59 4760 42
leaf_count=12314 23 39 443 22 483 23 20 210 72 23 121 46 25 131 21 31 20 34 54 30 230 27 21 20 62 650 46 59 4760 42
internal_value=0.000770371 0.00257558 0.000112016 0.000719618 0.00180165 0.000185588 0.000544014 -0.00102985 0.00110526 -0.00397674 0.00201989 0.00254631 0.00288496 0.00105882 5.50558e-06 -0.00203817 -0.00651219 -0.00110072 0.000428572 -0.001875 -0.000759791 -0.000352941 -0.00325 -0.00397674 0.000123288 0.000721867 2.70925e-05 1.11759e-10 0.00294984 1.60247e-05
internal_weight=20102 5372 14730 2197 726 1471 1136 335 95 43 704 529 4955 170 12533 131 41 417 175 240 383 340 48 43 292 1093 12402 90 4785 12356
internal_count=20102 5372 14730 2197 726 1471 1136 335 95 43 704 529 4955 170 12533 131 41 417 175 240 383 340 48 43 292 1093 12402 90 4785 12356
is_linear=0
shrinkage=0.03


Tree=198
num_leaves=31
num_cat=0
split_feature=8 26 8 14 28 14 10 31 20 20 22 8 8 1 0 28 0 6 13 24 28 28 7 0 5 24 2 31 17 28
split_gain=25.7971 6.83806 1.55677 1.81125 1.56863 1.07091 1.56283 1.06004 0.833798 0.734726 0.566382 0.674912 0.636592 0.511129 0.841006 2.019 0.600592 0.81963 1.58857 0.581275 0.529191 0.991784 0.597895 0.444444 0.40388 0.360454 0.340276 0.183007 0.328647 0.194865
threshold=46171.900000000016 7.5000000000000009 37583.560000000005 1871.0450000000003 6.5000000000000009 20023.585000000003 71064.345000000016 4.5000000000000009 0.33002340009404335 0.19814180639329851 16453.395000000004 87143.410000000018 137255.53750000001 55189.550774771618 53614.23790375 8.5000000000000018 29742.731388435914 30857.122902523752 830.1450000000001 95428.618333333332 8.5000000000000018 11.500000000000002 42689.873289666466 46127.395016000002 31234.295733836745 67477.875833333339 45589.510000000009 8.5000000000000018 0.61544721587254603 11.500000000000002
decision_type=2 2 2 2 2 2 2 2 2 2 2 2 2 2 2 2 2 2 2 2 2 2 2 2 2 2 2 2 2 2
left_child=2 8 13 7 5 9 -7 -4 10 -5 -2 25 -13 16 15 23 17 24 -19 -16 22 -22 -18 -15 -1 -12 -3 28 -6 -29
right_child=1 26 3 4 27 6 -8 -9 -10 -11 11 12 -14 14 19 -17 20 18 -20 -21 21 -23 -24 -25 -26 -27 -28 29 -30 -31
leaf_value=-0.05416237093653016 -10.18116883662174 13.413809463854632 0.75561930671716726 8.0760721597254914 -0.40758435745521482 -7.7837977004443184 14.348680045781959 -40.949839828434293 -7.7607328206874078 -4.3743106902924165 -2.0850290117194388 -2.761444642108605 0.36919954490464674 117.83123591113446 36.642855592876323 -14.995816531599008 0.010162994231982777 1.921614553508473 -39.820114188179481 -15.761989735645834 22.328331949755107 -0.58455707805629087 65.762929717473952 -1.93502706044221 11.168695606253992 39.946301760807167 178.6384793353653 41.945263698236644 21.792263547172052 15.100374829254735
leaf_weight=10793 21 26 21 533 47 86 107 25 30 56 137 60 51 25 51 34 1420 38 28 24 628 235 100 20 159 87 4559 514 61 126
leaf_count=10793 21 26 21 533 47 86 107 25 30 56 137 60 51 25 51 34 1420 38 28 24 628 235 100 20 159 87 4559 514 61 126
internal_value=0.000762909 0.0026379 0.000146917 0.00103934 0.00121569 0.000276215 -0.00166321 -0.00482609 -0.00119689 0.000911715 -0.000792135 -0.000492537 -0.00240541 4.31576e-05 -0.00167532 -0.00383544 6.29059e-05 -3.04954e-05 -0.00336364 0.0006 0.000494755 0.00108806 0.000157895 0.000333333 -1.04089e-05 0.000455357 0.00296074 0.00219786 0.00105556 0.00239063
internal_weight=20102 4971 15131 1576 1530 782 193 46 386 589 356 335 111 13555 154 79 13401 11018 66 75 2383 863 1520 45 10952 224 4585 748 108 640
internal_count=20102 4971 15131 1576 1530 782 193 46 386 589 356 335 111 13555 154 79 13401 11018 66 75 2383 863 1520 45 10952 224 4585 748 108 640
is_linear=0
shrinkage=0.03


Tree=199
num_leaves=31
num_cat=0
split_feature=8 26 8 14 31 11 31 17 30 8 22 27 12 6 20 25 3 22 16 15 11 6 12 8 22 25 0 31 22 15
split_gain=25.7971 6.83806 1.55677 1.43086 1.26348 1.00169 0.915719 0.66148 0.70498 0.649929 0.615139 0.71292 0.547242 0.653473 0.859001 0.814881 0.503983 0.913472 0.604319 1.18927 0.479856 0.474676 0.41336 0.375924 0.33598 1.17623 0.28323 0.250319 0.173966 0.278409
threshold=46171.900000000016 7.5000000000000009 37583.560000000005 1871.0450000000003 7.5000000000000009 25217.050000000007 5.5000000000000009 0.47576362003119826 1.0000000180025095e-35 44740.30000000001 94354.317500000019 57180.67500000001 963.18500000000006 49086.902726636588 0.033727486025578152 76318.815000000017 12496.500000000002 46503.510000000002 712.78482189589533 1.0378814335596847 161753.01500000004 53573.410166876791 8487.6150000000034 20046.330000000005 58960.625000000007 56051.200000000004 94785.006580563379 31.500000000000004 48214.295000000006 0.9830881372785546
decision_type=2 2 2 2 2 2 2 2 2 2 2 2 2 2 2 2 2 2 2 2 2 2 2 2 2 2 2 2 2 2
left_child=2 12 10 6 5 9 -4 8 -6 -5 16 -12 20 -14 -15 -16 17 21 19 -18 24 -1 -7 -20 25 -2 -26 -9 29 -3
right_child=1 28 3 4 7 22 -8 27 -10 -11 11 -13 13 14 15 -17 18 -19 23 -21 -22 -23 -24 -25 26 -27 -28 -29 -30 -31
leaf_value=-0.61404881232921571 6.0996888776831968 -5.0371151344792384 0.28816665964544497 -3.0276671122215069 -12.068242072364102 8.6750772439367569 -43.365458510146112 16.2256458613837 38.776194228493587 -11.862173658269231 -10.431985426451369 0.15888094857219601 -11.081483873472513 -9.7118744503229077 17.355112220735467 -2.431917753185834 0.18226474315890559 -37.121533050261725 1.535819304421651 -10.386693940650639 -3.1153345104070667 -10.133457917700053 -4.0993434313632369 11.129035442822538 55.635298822367297 -16.045245945086183 -1.3149389357602705 50.498295507784782 200.93329116104422 38.232353797055104
leaf_weight=5490 58 22 26 167 40 168 20 904 46 26 24 23 20 24 80 60 6845 23 521 36 26 43 21 550 57 26 35 158 4387 176
leaf_count=5490 58 22 26 167 40 168 20 904 46 26 24 23 20 24 80 60 6845 23 521 36 26 43 21 550 57 26 35 158 4387 176
internal_value=0.000762909 0.0026379 0.000146917 0.00103934 0.00119608 -0.000298429 -0.00417391 0.00169338 -0.000837209 -0.00181865 4.31576e-05 -0.00338298 -0.00119689 -0.00238043 -0.0017561 -0.000857143 5.50786e-05 -0.000164147 0.00020825 0.000105072 -0.000118812 -0.000139346 0.00125397 0.000871149 0.000443182 -0.000928571 0.00169565 0.00189831 0.00296074 0.00209091
internal_weight=20102 4971 15131 1576 1530 382 46 1148 86 193 13555 47 386 184 164 140 13508 5556 7952 6881 202 5533 189 1071 176 84 92 1062 4585 198
internal_count=20102 4971 15131 1576 1530 382 46 1148 86 193 13555 47 386 184 164 140 13508 5556 7952 6881 202 5533 189 1071 176 84 92 1062 4585 198
is_linear=0
shrinkage=0.03


Tree=200
num_leaves=31
num_cat=0
split_feature=25 26 22 29 23 3 12 10 23 23 27 13 16 27 27 12 12 1 12 3 22 3 21 17 22 22 27 21 11 25
split_gain=24.825 8.05914 1.2098 0.747717 0.890267 0.73248 0.662769 1.22014 0.644238 0.869009 0.634219 0.777011 0.596786 0.877193 0.580429 0.720537 0.831948 0.875758 0.710019 0.642756 0.462386 0.444299 0.407607 0.389406 0.71031 1.33972 0.909804 0.580129 0.947821 0.940527
threshold=45581.87750000001 7.5000000000000009 37583.160000000011 2.5000000000000004 1377.584065901367 43663.44000000001 8123.3450000000003 71064.345000000016 328.62232885908412 86.717666998993494 4475.4719444444454 10052.915000000001 11603.534397415488 51278.097500000011 127530.13166666667 796.78000000000009 3256.6900000000001 71321.443359721583 10255.795000000002 62503.400000000009 48214.295000000006 13637.01 43961.045000000006 0.78437911297247498 26893.610000000004 27538.735000000004 41628.508333333339 23205.801666666666 1.0000000180025095e-35 21673.555000000004
decision_type=2 2 2 2 2 2 2 2 2 2 2 2 2 2 2 2 2 2 2 2 2 2 2 2 2 2 2 2 2 2
left_child=2 14 23 4 8 -3 22 -8 9 -4 11 -5 -12 -14 15 21 17 -17 -18 -16 -7 -2 -6 -1 27 -26 -27 29 -29 -25
right_child=1 5 3 10 6 20 7 -9 -10 -11 12 -13 13 -15 19 16 18 -19 -20 -21 -22 -23 -24 24 25 26 -28 28 -30 -31
leaf_value=0.28432300912769853 -3.7972508647135328 -14.18388806180492 2.8578133713310487 3.9469157134789326 4.132752166045484 30.024087798343871 -8.1833380813166201 -2.0086539477495564 10.55586602347991 -8.8671902587703215 19.017301769229149 -14.69935969633933 -27.074909005211449 144.01445197033763 -0.11038816473955317 -11.158369713304719 2.0358413076476345 -6.4039413569413046 -2.9072622405246857 -7.9490422160331571 183.87936100382626 2.0544111928082196 -3.3922544052284196 -0.84876186255269848 -18.012773518664627 -0.93907731381354098 -33.557189686014659 -2.5052113015244015 21.114804679559903 -14.07261881000797
leaf_weight=8515 23 21 71 96 199 381 34 54 296 29 759 20 32 25 22 24 74 20 96 21 4454 160 86 3428 28 332 51 276 377 98
leaf_count=8515 23 21 71 96 199 381 34 54 296 29 759 20 32 25 22 24 74 20 96 21 4454 160 86 3428 28 332 51 276 377 98
internal_value=0.000761417 0.00252417 0.000130893 0.000883598 0.000191157 0.00287644 -0.00086059 -0.00313636 0.00118182 -0.0009 0.00145494 -0.00062069 0.00175 -0.00121053 -0.00136364 -0.00100504 -0.00218692 -0.00586364 -0.00123529 -0.00467442 0.00290072 0.000377049 -0.000157895 3.31935e-05 -0.000189542 -0.00137956 -0.000916449 -7.25053e-05 0.000748852 -0.000224617
internal_weight=20102 5296 14806 1701 769 4856 373 88 396 100 932 116 816 57 440 397 214 44 170 43 4835 183 285 13105 4590 411 383 4179 653 3526
internal_count=20102 5296 14806 1701 769 4856 373 88 396 100 932 116 816 57 440 397 214 44 170 43 4835 183 285 13105 4590 411 383 4179 653 3526
is_linear=0
shrinkage=0.03


Tree=201
num_leaves=31
num_cat=0
split_feature=8 26 5 8 28 12 18 10 31 20 20 28 27 1 1 21 12 12 6 7 25 22 14 7 18 31 7 9 1 27
split_gain=25.559 7.13921 1.05543 0.979723 1.37427 1.42742 1.21488 0.84054 0.66848 0.963009 0.631826 0.620652 0.648123 0.614349 1.06442 0.5777 0.570066 1.62 0.551531 0.658015 0.54179 0.551698 0.519944 1.15227 0.513471 0.505625 0.449977 0.420262 0.384196 0.339671
threshold=44082.615000000013 7.5000000000000009 46798.049033905809 33169.960000000014 8.5000000000000018 8348.7650000000012 0.25740945576603808 78644.540000000023 6.5000000000000009 0.15554682399498015 0.21692248473732728 11.500000000000002 15340.857500000002 55189.550774771618 63694.199594044207 46953.468333333345 963.18500000000006 2157.5000000000005 118215.00889425767 49993.998445678451 17631.892500000005 64259.695 111.05500000000002 57905.031522960817 0.61253668018332996 3.5000000000000004 41830.993383166082 21768.705000000005 51880.507066532547 83829.624583333338
decision_type=2 2 2 2 2 2 2 2 2 2 2 2 2 2 2 2 2 2 2 2 2 2 2 2 2 2 2 2 2 2
left_child=3 16 8 13 5 15 -6 10 9 -3 -7 12 -8 28 -15 25 22 -18 19 -19 -16 -22 23 -2 -11 -5 -13 -4 -1 -25
right_child=1 2 27 4 6 7 11 -9 -10 24 -12 26 -14 14 20 -17 17 18 -20 -21 21 -23 -24 29 -26 -27 -28 -29 -30 -31
leaf_value=0.022482312725487417 -4.2395259358698487 22.263124849993773 -15.839260952626013 -3.3287513301600802 -41.089828222101552 -11.322756112508197 36.34648430605322 18.168347244121204 32.054923178649837 24.500028161198593 -5.7611047375770079 -1.2115796534445427 -8.6635033502307586 -11.829315276710867 -9.3958722578825569 -2.7777957372128457 -9.9136679180579677 -6.0304792581982118 -10.728301703308814 1.5745484582744422 113.3337878740958 -4.0654325032128114 1.3652050623362586 50.265777502679867 -12.638367800559863 6.7682280152516654 30.755477132332501 152.68412586779704 100.08264315778895 -2.2814529258482623
leaf_weight=12363 32 32 21 234 22 22 483 51 188 21 138 114 46 30 24 40 20 32 34 114 52 25 97 41 34 986 61 4659 39 47
leaf_count=12363 32 32 21 234 22 22 483 51 188 21 138 114 46 30 24 40 20 32 34 114 52 25 97 41 34 986 61 4659 39 47
internal_value=0.000753955 0.00252532 0.00284258 0.000107943 0.000692308 0.000165194 0.00176033 -0.00211848 0.00103636 -0.00113793 -0.0031875 0.00197727 0.0024896 5.50558e-06 -0.00203817 0.000547619 -0.0012446 -0.0024 -0.0015 -0.00069863 -0.000564356 0.000662338 -0.000179723 -0.0015 -0.00354545 0.000663935 0.000428572 0.00294872 2.70925e-05 0.000272727
internal_weight=20102 5372 4955 14730 2197 1471 726 211 275 87 160 704 529 12533 131 1260 417 200 180 146 101 77 217 120 55 1220 175 4680 12402 88
internal_count=20102 5372 4955 14730 2197 1471 726 211 275 87 160 704 529 12533 131 1260 417 200 180 146 101 77 217 120 55 1220 175 4680 12402 88
is_linear=0
shrinkage=0.03


Tree=202
num_leaves=31
num_cat=0
split_feature=8 26 8 28 14 14 10 12 14 12 0 25 8 27 21 5 28 3 10 18 31 28 26 12 28 19 31 22 9 22
split_gain=25.5886 6.79508 1.49784 1.19374 2.00201 1.11973 0.821784 1.10787 0.662232 0.56854 0.729133 0.707344 0.812077 0.453562 0.481928 0.952747 0.444158 1.76282 0.975716 0.737169 0.671985 0.812418 1.3228 1.13544 0.795002 0.84573 0.602935 0.45214 0.414568 0.588942
threshold=46171.900000000016 7.5000000000000009 37583.560000000005 6.5000000000000009 1871.0450000000003 15831.205000000002 71064.345000000016 8487.6150000000034 25930.235000000004 1286.5800000000002 51254.54582285614 76318.815000000017 137255.53750000001 35934.090833333343 56479.936666666683 77186.536556396502 11.500000000000002 80504.985000000015 10702.415000000003 0.70759983552289774 8.5000000000000018 8.5000000000000018 4.5000000000000009 9206.2100000000009 7.5000000000000009 0.26773078971312475 3.5000000000000004 7890.7050000000008 25203.525000000005 38500.805000000008
decision_type=2 2 2 2 2 2 2 2 2 2 2 2 2 2 2 2 2 2 2 2 2 2 2 2 2 2 2 2 2 2
left_child=2 9 16 5 -5 28 7 -7 -8 13 -11 -12 -13 -2 -15 -16 20 18 27 -20 24 23 -23 -22 26 -26 -1 -18 29 -4
right_child=1 -3 3 4 -6 6 8 -9 -10 10 11 12 -14 14 15 -17 17 -19 19 -21 21 22 -24 -25 25 -27 -28 -29 -30 -31
leaf_value=-1.2002552958064234 8.8835240352885148 155.64196012170891 10.617123721050008 -41.303049227623312 26.270645898740188 -3.5046139340621858 17.267165674715663 -6.0973979698048186 -16.869996831601785 -9.7898131826189712 7.7219200784955904 -9.7697514391861926 14.061363620478685 139.01676779870397 -24.896683168629565 -1.44677536298888 1.6293423756685745 -30.830243999620713 -1.1011825033322995 -4.1948628454878545 0.033007605936108471 0.03631286154148973 8.8959167729550206 -5.7890638718598408 -0.87762866330212719 -6.7374900517367227 0.98229052827697527 17.547437981682105 8.6498718170409568 -14.971055974065848
leaf_weight=2849 73 4585 20 20 748 212 173 37 20 23 84 45 24 32 27 78 174 23 694 171 2098 1225 1302 36 1187 616 3073 107 314 32
leaf_count=2849 73 4585 20 20 748 212 173 37 20 23 84 45 24 32 27 78 174 23 694 171 2098 1225 1302 36 1187 616 3073 107 314 32
internal_value=0.000758432 0.00262583 0.000144934 0.0010203 0.00186719 0.000215347 -0.000800905 -0.00193976 0.000668394 -0.00119689 -0.00245455 -0.00170588 -0.00395652 -0.000142857 -0.00116058 -0.00214286 4.31576e-05 -0.000515825 -0.000350785 -0.000849711 9.59149e-05 0.000380391 0.000744361 -5.06091e-05 -7.5728e-05 -0.000627288 9.21987e-05 0.00118505 0.00144262 -0.00103846
internal_weight=20102 4971 15131 1576 768 808 442 249 193 386 176 153 69 210 137 105 13555 1169 1146 865 12386 4661 2527 2134 7725 1803 5922 281 366 52
internal_count=20102 4971 15131 1576 768 808 442 249 193 386 176 153 69 210 137 105 13555 1169 1146 865 12386 4661 2527 2134 7725 1803 5922 281 366 52
is_linear=0
shrinkage=0.03


Tree=203
num_leaves=31
num_cat=0
split_feature=8 26 11 9 28 17 9 28 9 13 13 22 15 28 4 22 12 14 7 25 24 16 5 2 2 17 24 21 9 27
split_gain=25.5051 7.05231 1.27054 1.05306 1.46812 1.24617 1.13166 1.09575 0.921186 0.877989 1.38952 0.778195 0.736884 0.698686 0.568182 0.45558 0.554185 0.9375 0.446789 0.365549 0.429501 0.354216 0.699436 0.531583 0.337679 0.31521 0.315054 0.785753 0.373417 0.267847
threshold=46171.900000000016 7.5000000000000009 18136.530000000002 36194.515000000007 8.5000000000000018 2.0387283287005551 25018.990000000002 11.500000000000002 44476.435000000005 16971.870000000006 21818.375000000004 3748.2350000000001 1.2267211399043265 9.5000000000000018 34871.210000000006 16453.395000000004 13908.035000000002 25736.930000000004 20913.90612775 45581.87750000001 81447.328333333353 11603.534397415488 28629.522237301178 38082.890000000007 45589.510000000009 0.63276733492315196 51581.958666666673 48971.254999999997 170699.00000000003 101108.73500000002
decision_type=2 2 2 2 2 2 2 2 2 2 2 2 2 2 2 2 2 2 2 2 2 2 2 2 2 2 2 2 2 2
left_child=2 15 19 4 6 7 11 -6 12 18 -11 -4 14 -14 -5 -2 26 -18 -10 21 -21 23 -23 29 -3 -8 27 -17 -28 -1
right_child=1 24 3 8 5 -7 25 -9 9 10 -12 -13 13 -15 -16 16 17 -19 -20 20 -22 22 -24 -25 -26 -27 28 -29 -30 -31
leaf_value=-0.025508754638377512 -8.8017567990639574 5.4918406406010387 -10.006146857164016 -41.452646931071534 31.095024522402756 -12.253785129400915 5.7650415847394614 0.24692072980924079 57.274549909094873 -25.325918972594408 0.13816595056441541 -0.1192765367555281 7.1572119739629194 -16.42470656368414 -1.564572053176368 53.39050587439575 -2.7032987339088956 -0.62188969922528958 0.21753085929049773 -11.661013114188073 115.20166166470712 15.520128755058376 -28.932013271161988 16.923712743985703 153.54796552616287 9.7196178477446438 0.66239595868475321 -10.171504433292688 -2.1688764363195463 -11.187846005785357
leaf_weight=10595 21 26 20 22 855 21 219 274 80 22 41 1518 71 35 22 21 24 40 323 20 21 32 38 162 4559 634 180 26 74 106
leaf_count=10595 21 26 20 22 855 21 219 274 80 22 41 1518 71 35 22 21 24 40 323 20 21 32 38 162 4559 634 180 26 74 106
internal_value=0.000755447 0.00261979 0.000142952 0.000589608 0.00078876 0.00166957 0.000365119 0.00180425 -0.000555195 0.000103004 -0.00319048 -0.000120936 -0.0026 -0.00124528 -0.00586364 -0.00127461 -0.0010274 -0.0035625 0.000617866 -2.62437e-05 -0.00285366 -1.56406e-05 -0.00214286 -1.93306e-06 0.00294766 0.0012415 -0.000488372 -0.00274468 -7.0866e-05 -2.77543e-05
internal_weight=20102 4971 15131 4157 3541 1150 2391 1129 616 466 63 1538 150 106 44 386 365 64 403 10974 41 10933 70 10863 4585 853 301 47 254 10701
internal_count=20102 4971 15131 4157 3541 1150 2391 1129 616 466 63 1538 150 106 44 386 365 64 403 10974 41 10933 70 10863 4585 853 301 47 254 10701
is_linear=0
shrinkage=0.03


Tree=204
num_leaves=31
num_cat=0
split_feature=8 26 7 28 23 28 22 2 20 17 16 24 24 10 24 14 9 1 16 9 22 3 7 28 8 5 7 22 1 0
split_gain=25.2589 6.21261 1.21511 1.41442 2.0465 1.70268 1.0971 1.39034 0.888639 0.813504 0.88026 0.736038 0.934045 0.677348 0.644323 1.06937 1.09288 0.830586 0.766598 0.643112 0.5785 0.553496 0.95941 0.750635 0.487648 0.446967 0.436439 0.362566 0.355668 0.283006
threshold=46171.900000000016 7.5000000000000009 26878.196514658306 8.5000000000000018 17457.149113596734 11.500000000000002 20825.77 12588.185000000001 0.33002340009404335 0.63276733492315196 -345.46087415821961 39145.873333333344 91288.965833333335 74578.185000000012 31997.26666666667 551.5100000000001 37072.360000000008 29915.686727873272 -9614.7916287499993 31154.770000000004 40847.695 68066.175000000017 62562.065123635643 4.5000000000000009 27070.317500000005 39276.988104895972 47517.123992679386 35454.625000000007 51880.507066532547 45253.219555641226
decision_type=2 2 2 2 2 2 2 2 2 2 2 2 2 2 2 2 2 2 2 2 2 2 2 2 2 2 2 2 2 2
left_child=2 8 14 9 5 -5 29 -8 21 10 -4 19 -13 -12 17 -16 -17 18 -1 -11 -18 27 -23 -24 -7 -20 -3 -2 -29 -6
right_child=1 26 3 4 6 24 7 -9 -10 11 13 12 -14 -15 15 16 20 -19 25 -21 -22 22 23 -25 -26 -27 -28 28 -30 -31
leaf_value=-23.391421704473562 -7.612683992680501 17.093317631019673 3.288841557479639 30.649900022155347 42.284959325032808 -5.0531612803544412 -29.813343758051289 -3.5580394699024667 -6.7710456855391836 3.3258854098876443 -3.5049884149854589 11.779368231704213 -13.572491655743367 7.8304342503094766 63.726126312639877 1.0175866653468628 -28.620685578105025 32.803988133881184 -0.049053615291833136 -9.4092504852924801 -2.3752874790820466 -9.646235732001001 -2.1697084635526349 107.23540357147759 0.45306819267443327 66.885013163228919 163.63334817723782 -0.4806163802125038 58.166262575734933 -0.65858894890976438
leaf_weight=31 35 106 485 957 101 32 53 222 30 846 826 565 25 189 30 39 49 82 9999 207 25 36 98 48 293 44 4479 61 78 31
leaf_count=31 35 106 485 957 101 32 53 222 30 846 826 565 25 189 30 39 49 82 9999 207 25 36 98 48 293 44 4479 61 78 31
internal_value=0.000758432 0.00261376 0.0001489 0.000541391 0.00124156 0.00182995 -0.000611793 -0.00169091 -0.00104145 0.000165129 -0.00034 0.000626293 0.00147458 -0.000842364 -3.5246e-05 -0.00203496 -0.00337168 -7.08929e-06 -3.15663e-05 0.000150997 -0.00551351 -0.000623595 -0.00178022 -0.00069863 -4.61537e-05 -1.70267e-05 0.00292148 0.000586207 0.00127338 0.00163636
internal_weight=20102 4971 15131 4832 1689 1282 407 275 386 3143 1500 1643 590 1015 10299 143 113 10156 10074 1053 74 356 182 146 325 10043 4585 174 139 132
internal_count=20102 4971 15131 4832 1689 1282 407 275 386 3143 1500 1643 590 1015 10299 143 113 10156 10074 1053 74 356 182 146 325 10043 4585 174 139 132
is_linear=0
shrinkage=0.03


Tree=205
num_leaves=31
num_cat=0
split_feature=8 26 11 31 20 28 19 11 23 4 23 28 28 12 17 28 8 11 25 27 28 7 10 28 2 20 21 21 28 17
split_gain=25.5441 5.95122 1.2746 1.00978 0.916714 0.558823 0.845457 1.6521 0.767882 0.636028 0.609915 0.531507 0.800722 0.837268 0.515627 0.51391 0.493732 0.486519 0.655674 0.460443 0.516436 0.433442 0.400047 0.625225 0.946746 0.609514 0.364214 0.446331 0.347353 0.343715
threshold=46171.900000000016 7.5000000000000009 18136.530000000002 15.500000000000002 0.33002340009404335 6.5000000000000009 0.32261405804232118 19960.205000000005 6522.8651737138398 6303.0000000000009 472.66081520711384 8.5000000000000018 11.500000000000002 4286.3700000000008 0.63070860957692176 8.5000000000000018 33169.960000000014 161753.01500000004 137586.21750000003 10466.587777777779 6.5000000000000009 47517.123992679386 285748.64000000007 8.5000000000000018 14086.350000000002 0.84927106342015291 69019.695000000036 60587.023333333338 4.5000000000000009 0.48780400536138108
decision_type=2 2 2 2 2 2 2 2 2 2 2 2 2 2 2 2 2 2 2 2 2 2 2 2 2 2 2 2 2 2
left_child=2 4 22 5 17 6 10 -8 15 -10 -4 14 -13 -14 16 -7 -5 19 -19 -2 -21 -3 26 25 -25 28 27 29 -24 -1
right_child=1 21 3 11 -6 8 7 -9 9 -11 -12 12 13 -15 -16 -17 -18 18 -20 20 -22 -23 23 24 -26 -27 -28 -29 -30 -31
leaf_value=0.93151975923802699 -8.5791623212926122 16.580518102089048 -4.4681441552744054 -7.5601380044147701 -6.5679143149730077 0.37867250243181894 -8.4030461213709842 -3.9264242821203319 13.076394125511898 -2.4770202679585056 0.97639629340297895 30.598563068481575 -6.0800866636709738 9.8744764829478999 6.2358948398377203 16.880564059324804 3.0699212895843564 -10.627865154681254 -0.04805652388481594 -0.89035978122186787 33.290435972473233 158.72434773192069 -11.587045664473854 -20.666100706701499 13.763737611520082 -26.537181315820789 126.0977780741915 -39.681550621100449 176.7462793245125 -0.2838512221821462
leaf_weight=3366 39 106 260 59 30 171 20 103 238 430 883 480 33 126 617 341 396 20 27 186 84 4479 47 27 22 24 36 20 39 7393
leaf_count=3366 39 106 260 59 30 171 20 103 238 430 883 480 33 126 617 341 396 20 27 186 84 4479 47 27 22 24 36 20 39 7393
internal_value=0.000747985 0.00261376 0.000135021 0.000582391 -0.00096373 0.000191333 -0.000246445 -0.00260976 0.000661017 -8.98192e-06 7.87413e-06 0.00114144 0.00182629 -1.88678e-05 0.000733209 0.00153516 -3.29669e-05 -0.000539326 -0.00338298 -0.000106796 0.000333333 0.00291494 -3.44449e-05 -0.0015283 -0.00434694 -0.000272727 -1.24826e-05 -2.25437e-05 0.000906977 -1.42205e-05
internal_weight=20102 4971 15131 4157 386 2446 1266 123 1180 668 1143 1711 639 159 1072 512 455 356 47 309 270 4585 10974 159 49 110 10815 10779 86 10759
internal_count=20102 4971 15131 4157 386 2446 1266 123 1180 668 1143 1711 639 159 1072 512 455 356 47 309 270 4585 10974 159 49 110 10815 10779 86 10759
is_linear=0
shrinkage=0.03


Tree=206
num_leaves=31
num_cat=0
split_feature=8 26 22 20 31 27 29 11 14 22 14 6 19 14 6 12 14 2 15 19 11 22 0 5 18 13 11 23 11 14
split_gain=24.9831 6.48193 1.66335 0.789704 0.642073 0.743338 0.620629 0.912868 0.60339 0.581926 0.664866 0.544611 0.509329 0.799859 0.579645 0.45649 0.460743 0.421361 0.403685 0.679135 0.377954 0.561256 0.342428 0.618825 0.344103 0.321163 0.263612 0.192121 0.154253 0.145022
threshold=43130.607500000006 7.5000000000000009 49955.610000000008 0.33002340009404335 20.500000000000004 3252.4712500000001 2.5000000000000004 26597.650000000005 6526.8750000000009 106856.02500000002 6746.8300000000008 46106.287489403367 0.085113652759287992 14000.795000000002 71629.861021508594 2157.5000000000005 6746.8300000000008 35429.670000000006 0.98676955117674992 0.17385627224757405 15649.095000000003 26606.815000000002 68923.398726755957 74893.332324371353 33946.678229031088 8540.2550000000028 27682.455000000002 1002.75789112258 91644.540000000023 4795.9750000000013
decision_type=2 2 2 2 2 2 2 2 2 2 2 2 2 2 2 2 2 2 2 2 2 2 2 2 2 2 2 2 2 2
left_child=4 3 6 12 9 8 7 11 29 22 -11 -3 13 14 -2 -10 -17 -14 19 -7 21 -20 23 24 -1 -21 -22 -9 -19 -6
right_child=1 2 -4 -5 5 18 -8 27 15 10 -12 -13 17 -15 -16 16 -18 28 20 25 26 -23 -24 -25 -26 -27 -28 -29 -30 -31
leaf_value=-0.031159060679654259 -1.9751219451184692 -12.546539294717 195.53668932253166 -3.9804684570096303 2.0819598574878593 -6.24345822582025 41.118709401722192 23.723832239917808 14.270082551372242 -8.6873445380756333 0.60097667410885836 7.8624857401100803 -9.2322489576364255 -20.118286933024926 0.3351452144734739 -3.2149078047174826 -0.37553197386323928 12.574335719418551 11.002415005713413 8.5900360300183021 8.4936940522093582 -3.2261227044072367 219.91987042616583 -29.91361150486123 15.596829142195178 -5.4794875312239242 41.765194192756482 15.820414204623738 19.704776754693221 3.9383748179540783
leaf_weight=11832 101 65 4190 36 21 21 417 128 37 20 21 126 35 25 127 24 957 83 50 55 1006 108 68 34 125 47 80 169 27 67
leaf_count=11832 101 65 4190 36 21 21 417 128 37 20 21 126 35 25 127 24 957 83 50 55 1006 108 68 34 125 47 80 169 27 67
internal_value=0.000724107 0.00244113 0.00274092 -0.00107834 7.26687e-05 0.000513142 0.00157459 0.000848361 -6.50993e-05 -1.73553e-05 -0.00358537 -0.000769633 -0.000693467 -0.00150593 -0.000947368 -0.00027112 -0.000394495 0.000724138 0.00098098 -0.000658536 0.00114309 -0.000227848 -5.2242e-06 -1.72628e-05 -5.77057e-06 0.000352941 0.00134254 0.00188889 0.00163636 0.00231818
internal_weight=20102 5529 5095 434 14573 2473 905 488 1106 12100 41 191 398 253 228 1018 981 145 1367 123 1244 158 12059 11991 11957 102 1086 297 110 88
internal_count=20102 5529 5095 434 14573 2473 905 488 1106 12100 41 191 398 253 228 1018 981 145 1367 123 1244 158 12059 11991 11957 102 1086 297 110 88
is_linear=0
shrinkage=0.03


Tree=207
num_leaves=31
num_cat=0
split_feature=8 26 8 31 20 11 4 20 28 17 10 27 22 27 0 6 11 25 28 17 5 3 3 22 28 3 28 22 24 23
split_gain=24.4475 6.64138 1.33518 1.23756 0.84466 0.74705 0.674271 0.752012 0.673942 0.905927 0.561122 0.548782 0.512796 0.938312 0.511899 1.10139 0.557391 0.655674 0.639758 0.482378 0.435189 0.615385 0.408998 0.559967 0.486245 1.09696 1.06203 0.484455 0.334788 0.281918
threshold=46972.350000000006 7.5000000000000009 39351.130000000012 8.5000000000000018 0.33002340009404335 26034.605000000003 16387.265000000003 0.13992872668309234 5.5000000000000009 0.47270599479656811 69539.452500000014 22925.400000000005 94354.317500000019 63211.695000000007 51732.289178352446 46491.579664723999 161753.01500000004 137586.21750000003 7.5000000000000009 0.66369133439768135 51642.78962009494 50435.750000000007 12496.500000000002 46503.510000000002 11.500000000000002 80504.985000000015 8.5000000000000018 35162.275000000001 46329.459999999999 850.05919002302312
decision_type=2 2 2 2 2 2 2 2 2 2 2 2 2 2 2 2 2 2 2 2 2 2 2 2 2 2 2 2 2 2
left_child=2 4 12 6 14 20 -4 28 9 -5 -9 29 22 -14 15 -2 18 -18 -16 -11 21 -3 23 27 26 -26 -24 -1 -8 -10
right_child=1 5 3 8 -6 -7 7 10 11 19 -12 -13 13 -15 16 -17 17 -19 -20 -21 -22 -23 24 -25 25 -27 -28 -29 -30 -31
leaf_value=-0.81077828645330408 9.36882335590869 17.731375059683927 -10.292858320568312 -11.993319126778774 -12.319605543063188 168.91444787399013 9.1141973156181102 -10.424470240793639 7.7646887063900198 2.7829914557548783 1.6956305751322265 -3.1236356983891969 -8.506846314015494 3.6995881709291414 -1.1790000737697706 -9.9483921405369493 -10.257723277404976 0.18877197739467377 87.888452212905577 21.785898774721989 64.551519143450278 -2.4116932381992151 0.053439695263117738 -35.430819029188029 -0.54368336175275545 -30.85508695275232 5.1075460568081814 36.999190675345396 -1.0179607282850676 37.836595650359399
leaf_weight=5496 27 78 26 21 25 4262 134 117 133 254 121 21 28 22 189 28 20 27 56 94 64 39 5331 23 685 20 2141 44 26 550
leaf_count=5496 27 78 26 21 25 4262 134 117 133 254 121 21 28 22 189 28 20 27 56 94 64 39 5331 23 685 20 2141 44 26 550
internal_value=0.000712168 0.00257632 0.000125008 0.000975952 -0.00127419 0.00289872 -0.000396226 -9.04521e-05 0.00151817 0.000479675 -0.00115966 0.0020625 3.26325e-05 -0.003 -0.00089049 -0.00354545 -0.000390411 -0.00338298 0.000183674 0.000844828 0.00101105 -7.6923e-05 4.36682e-05 -0.000154772 0.000178672 -0.000574468 0.000249732 -0.000135379 0.0015 0.00220937
internal_weight=20102 4815 15287 1497 372 4443 424 398 1073 369 238 704 13790 50 347 55 292 47 245 348 181 117 13740 5563 8177 705 7472 5540 160 683
internal_count=20102 4815 15287 1497 372 4443 424 398 1073 369 238 704 13790 50 347 55 292 47 245 348 181 117 13740 5563 8177 705 7472 5540 160 683
is_linear=0
shrinkage=0.03


Tree=208
num_leaves=31
num_cat=0
split_feature=8 26 8 31 11 7 25 2 3 9 28 17 24 20 19 14 18 1 3 25 28 3 17 28 8 18 28 17 31 6
split_gain=24.558 6.10531 1.27547 1.56032 0.916157 0.756959 0.928571 0.75 0.75013 0.676786 0.600772 0.85421 0.464167 0.593651 0.445323 0.408209 1.0841 0.436818 0.356007 0.762883 0.488087 1.04006 0.934348 0.880077 1.27714 0.637883 0.363905 0.675805 0.506395 0.351252
threshold=47406.787500000006 7.5000000000000009 39684.975000000006 8.5000000000000018 26034.605000000003 50751.247100664274 51394.107500000006 49315.350000000006 50435.750000000007 43123.415000000008 5.5000000000000009 0.47576362003119826 40793.331666666672 0.12290125472643536 0.19543103287098856 16099.060000000003 0.66006214064313273 54683.877790723949 12496.500000000002 42461.972500000011 11.500000000000002 80504.985000000015 0.78437911297247498 8.5000000000000018 25747.987500000007 0.30278836557514205 7.5000000000000009 1.8348232931096675 3.5000000000000004 118215.00889425767
decision_type=2 2 2 2 2 2 2 2 2 2 2 2 2 2 2 2 2 2 2 2 2 2 2 2 2 2 2 2 2 2
left_child=2 5 18 12 7 6 -2 8 -3 10 11 -5 13 -4 -15 17 -17 -14 19 26 23 22 -22 25 -25 -20 28 -28 -1 -7
right_child=1 4 3 9 -6 29 -8 -9 -10 -11 -12 -13 15 14 -16 16 -18 -19 20 -21 21 -23 -24 24 -26 -27 27 -29 -30 -31
leaf_value=-2.1252423853266178 1.984413159163213 15.636861484544834 0.89926894543884317 -13.401217202748496 170.72598146224496 0.28477625770364368 -2.4486837370072925 51.400352917841467 -9.1842470564809169 -3.721674945660828 30.771745676445072 15.159923638761834 16.806903092825443 -12.586278361374037 -14.928796129924455 12.174438209334763 -13.247706273381256 -5.988570669863778 13.314936150131643 -24.980442011060834 -1.5678226021106236 -26.789275910149705 13.946752602879888 0.98339550033175838 21.376760652196374 -0.12126298170485976 -1.3222650356788435 -5.9874136994321878 1.8302704003756363 -3.2261677126838944
leaf_weight=1645 24 28 27 29 4226 232 39 100 22 23 681 336 123 24 22 138 74 20 505 20 504 25 190 1433 743 4899 1842 419 1643 66
leaf_count=1645 24 28 27 29 4226 232 39 100 22 23 681 336 123 24 22 138 74 20 505 20 504 25 190 1433 743 4899 1842 419 1643 66
internal_value=0.000706198 0.00259468 0.000123983 0.000955912 0.00290402 -0.00115512 -0.00414286 0.0006 -0.0024 0.00156876 0.00168069 0.00069863 -0.000574766 -0.00275342 -0.00482609 -0.00012676 -0.000962264 0.00111189 3.41795e-05 -0.000151374 0.000158694 -0.000588317 -0.000371758 0.000229552 0.000738971 2.44265e-05 -0.000130294 -0.000423264 7.1168e-05 -0.00052349
internal_weight=20102 4737 15365 1497 4376 361 63 150 50 1069 1046 365 428 73 46 355 212 143 13868 5569 8299 719 694 7580 2176 5404 5549 2261 3288 298
internal_count=20102 4737 15365 1497 4376 361 63 150 50 1069 1046 365 428 73 46 355 212 143 13868 5569 8299 719 694 7580 2176 5404 5549 2261 3288 298
is_linear=0
shrinkage=0.03


Tree=209
num_leaves=31
num_cat=0
split_feature=8 17 8 31 11 10 21 14 6 9 3 18 1 9 27 12 10 3 10 10 5 25 2 17 2 24 29 19 11 25
split_gain=24.5287 5.25569 1.44091 1.40135 1.3763 0.796593 0.962963 1.07037 0.778109 0.684269 0.594688 0.935488 0.670925 0.473214 1.00083 0.587774 0.468793 0.47572 0.439083 0.506509 0.602867 0.425507 0.571429 0.609532 0.772947 0.476456 0.401517 0.708984 0.389944 0.747078
threshold=47406.787500000006 0.80304264575733286 39684.975000000006 8.5000000000000018 26034.605000000003 87900.860000000015 48168.079166666677 27635.015000000003 71629.861021508594 43123.415000000008 64304.320000000007 0.56559529777457052 51880.507066532547 25018.990000000002 5081.4511111111115 7115.0900000000011 18831.995000000006 47589.105000000003 94727.292500000025 441522.53500000009 112271.2054980469 40184.48750000001 14086.350000000002 0.62366224473463983 89691.240000000005 40793.331666666672 2.5000000000000004 0.38241406735650391 18136.530000000002 3552.1375000000003
decision_type=2 2 2 2 2 2 2 2 2 2 2 2 2 2 2 2 2 2 2 2 2 2 2 2 2 2 2 2 2 2
left_child=2 4 21 13 5 6 -2 -8 10 26 12 -12 -3 14 -4 -16 -15 -18 -10 20 -20 28 -23 25 -25 -24 27 -5 -1 -30
right_child=1 8 3 9 -6 -7 7 -9 18 -11 11 -13 -14 16 15 -17 17 -19 19 -21 -22 22 23 24 -26 -27 -28 -29 29 -31
leaf_value=-0.067288001746626622 29.203103758257402 -1.4144927905669553 -17.465203053133848 15.41224128331751 164.2287398037096 55.858607399679379 -11.713745842661808 16.599202708683581 34.365334948881866 -3.6100246972910028 -18.560954690603886 -0.91005345652796898 5.2474551716552815 -1.5038793032071309 28.92980837273009 -6.6854984268749869 8.7227200337828155 -9.5910709043582543 0.28096297232315642 1.9956638833824882 -10.129185368616676 -8.9641125862446174 2.8979075874703595 10.308623401499078 -4.7149434210789583 -4.6826989349220183 32.730817135159739 -20.345313309033738 -2.7052580482909985 1.5689717253720203
leaf_weight=10862 24 44 31 419 4254 97 30 24 63 23 23 21 30 21 30 58 243 45 45 34 48 24 21 72 20 31 607 20 47 2791
leaf_count=10862 24 44 31 419 4254 97 30 24 63 23 23 21 30 21 30 58 243 45 45 34 48 24 21 72 20 31 607 20 47 2791
internal_value=0.00071366 0.00260101 0.000131793 0.00101603 0.00286453 0.000257143 -0.002 -0.00422222 -0.00118831 0.00159682 -0.00310169 -0.00586364 -0.00145946 -0.000434579 -0.00204202 -0.000409091 0.000184466 0.0005 1.11759e-10 -0.00101575 -0.00216129 3.63428e-05 -0.00146429 -0.00075 0.000717391 -0.00334615 0.00170937 0.00101822 5.47446e-05 0.000367865
internal_weight=20102 4737 15365 1497 4429 175 78 54 308 1069 118 44 74 428 119 88 309 288 190 127 93 13868 168 144 92 52 1046 439 13700 2838
internal_count=20102 4737 15365 1497 4429 175 78 54 308 1069 118 44 74 428 119 88 309 288 190 127 93 13868 168 144 92 52 1046 439 13700 2838
is_linear=0
shrinkage=0.03


Tree=210
num_leaves=31
num_cat=0
split_feature=8 26 8 28 19 20 31 20 28 3 14 24 31 31 7 3 11 14 31 18 10 15 16 28 20 13 28 1 27 18
split_gain=24.1406 5.95414 1.4695 1.31191 1.13187 0.908466 0.854042 0.833254 1.12887 0.657442 0.627202 0.621864 0.496083 0.718109 1.15351 0.733598 0.361935 0.782343 0.324167 0.377846 0.429859 0.668008 0.423773 0.319368 0.408911 0.319215 0.301175 0.745853 0.806565 0.484886
threshold=48018.270000000011 7.5000000000000009 39684.975000000006 8.5000000000000018 0.32050266327260102 0.33002340009404335 16.500000000000004 0.19449598952498795 3.5000000000000004 46618.305000000008 9182.5600000000013 50726.458666666673 6.5000000000000009 4.5000000000000009 63451.642207518693 71005.775000000009 25868.495000000003 25495.750000000004 19.500000000000004 0.81537271216322782 41119.685000000005 0.98846725804603031 -493.63250801873613 11.500000000000002 0.19449598952498795 6563.8300000000008 1.5000000000000002 35475.073317505776 4364.2603472222227 7474.0288135039455
decision_type=2 2 2 2 2 2 2 2 2 2 2 2 2 2 2 2 2 2 2 2 2 2 2 2 2 2 2 2 2 2
left_child=2 5 18 4 6 12 11 9 -9 -6 -5 -4 13 15 -15 -2 17 -3 26 20 21 -20 -22 -12 -25 -8 27 29 -29 -1
right_child=1 16 3 10 7 -7 25 8 -10 -11 23 -13 -14 14 -16 -17 -18 -19 19 -21 22 -23 -24 24 -26 -27 -28 28 -30 -31
leaf_value=-0.57272410874534718 8.2198715829911677 -3.1837112460168924 0.51358794078819381 -7.4208101782007541 19.304020611760151 -11.612553772032419 -3.9988046871917131 3.5415325035964882 -14.058024938130396 -18.034062447958203 71.622805095198544 -7.8980074080989979 50.82675972598792 -9.5535347767654919 -2.2535255396870526 -2.808665692935139 179.87516433289309 51.906617864255416 2.7072552532145355 4.6965939639618561 -3.9637820999060769 -0.62004387632022451 3.7129190665461769 24.046607534287258 -10.08453165232128 20.475181403763511 0.062072722987253193 6.9101051453847244 -5.8998526090987671 -14.425396663208225
leaf_weight=812 87 31 486 20 82 25 28 22 31 48 386 23 77 21 37 113 4125 64 140 136 99 834 1134 106 21 401 10538 22 29 124
leaf_count=812 87 31 486 20 82 25 28 22 31 48 386 23 77 21 37 113 4125 64 140 136 99 834 1134 106 21 401 10538 22 29 124
internal_value=0.000706198 0.00262009 0.000141477 0.000986699 0.000404104 -0.00108333 0.00082516 -0.0017541 -0.00492453 -0.000461538 0.00221201 -5.8938e-06 -0.000671642 -0.00130233 -0.00424138 -0.00045 0.00293602 0.00110526 4.06693e-05 0.000362356 0.000267784 -0.000203285 0.000639903 0.0024152 0.00111024 0.00181119 -2.47287e-05 -0.000525836 -0.00405882 -0.000333333
internal_weight=20102 4580 15522 1654 1121 360 938 183 53 130 533 509 335 258 58 200 4220 95 13868 2343 2207 974 1233 513 127 429 11525 987 51 936
internal_count=20102 4580 15522 1654 1121 360 938 183 53 130 533 509 335 258 58 200 4220 95 13868 2343 2207 974 1233 513 127 429 11525 987 51 936
is_linear=0
shrinkage=0.03


Tree=211
num_leaves=31
num_cat=0
split_feature=8 26 8 28 19 20 28 25 23 3 9 11 4 15 25 6 7 10 17 25 15 17 24 3 25 9 14 19 3 15
split_gain=24.0737 5.91209 1.44018 1.35104 1.10397 0.833254 1.12887 0.833072 0.689513 0.657442 0.575996 0.563844 0.490162 0.739796 0.452544 1.21675 0.531458 1.07552 0.821133 0.328105 0.560618 0.906739 0.598495 0.474386 0.376417 0.304113 0.549569 0.291827 0.847467 0.311722
threshold=48018.270000000011 7.5000000000000009 39684.975000000006 8.5000000000000018 0.32050266327260102 0.19449598952498795 3.5000000000000004 40184.48750000001 4665.7236871924069 46618.305000000008 30013.395 12637.455000000004 48117.350000000013 1.006381522197223 137586.21750000003 118215.00889425767 72734.968334103294 163521.62500000003 0.99994520624625149 40184.48750000001 0.67674041196787005 0.62366224473463983 40793.331666666672 17087.015000000003 39302.435000000005 26320.595000000005 26393.800000000007 2.2465715485930509 3609.7700000000004 1.0004160119766872
decision_type=2 2 2 2 2 2 2 2 2 2 2 2 2 2 2 2 2 2 2 2 2 2 2 2 2 2 2 2 2 2
left_child=2 14 19 4 8 9 -7 -5 10 -6 -4 -10 13 -3 15 16 17 -2 -18 24 -21 22 -22 -23 27 26 -14 29 -29 -1
right_child=1 12 3 7 5 6 -8 -9 11 -11 -12 -13 25 -15 -16 -17 18 -19 -20 20 21 23 -24 -25 -26 -27 -28 28 -30 -31
leaf_value=-0.23466253899787401 -0.84924192301189427 -12.568371660923127 4.9193425868407745 -4.5066728560244371 18.724899993407398 3.4352865284886018 -13.636284189986485 46.619796795458797 4.5541893941317753 -17.493040574519473 23.252613612738116 -4.9176975503739877 -2.3939979362500177 47.272606974801633 2.6863643304203921 -13.380973385618413 -5.1116948049932525 -8.3340730090930943 36.333205884231276 -13.430816643526507 2.8091081781566354 -4.5753573001362096 -4.601732842308774 6.962927126385579 11.292747696305041 181.0782419979592 55.660624915042511 0.4226567545862091 -21.719655412232498 0.32566593340359618
leaf_weight=7630 115 20 692 24 82 22 31 509 22 48 183 41 29 29 46 29 39 38 93 20 21 20 32 75 104 4091 51 96 26 5844
leaf_count=7630 115 20 692 24 82 22 31 509 22 48 183 41 29 29 46 29 39 38 93 20 21 20 32 75 104 4091 51 96 26 5844
internal_value=0.000695752 0.00260699 0.000131813 0.000968561 0.000377342 -0.0017541 -0.00492453 0.00221201 0.000793177 -0.000461538 0.00101143 -0.0022381 0.0029218 -6.12244e-05 -0.00108333 -0.00149045 -0.000894737 -0.00209804 0.0005 3.20163e-05 -0.00128571 -0.000648649 -0.00379245 0.00110526 4.81753e-05 0.00295684 0.001125 3.4422e-05 -0.00142623 4.76474e-05
internal_weight=20102 4580 15522 1654 1121 183 53 533 938 130 875 63 4220 49 360 314 285 153 132 13868 168 148 53 95 13700 4171 80 13596 122 13474
internal_count=20102 4580 15522 1654 1121 183 53 533 938 130 875 63 4220 49 360 314 285 153 132 13868 168 148 53 95 13700 4171 80 13596 122 13474
is_linear=0
shrinkage=0.03


Tree=212
num_leaves=31
num_cat=0
split_feature=8 26 8 28 14 19 14 14 18 2 9 2 20 19 18 10 8 22 14 22 22 4 2 14 8 21 28 20 4 9
split_gain=23.8195 6.41437 1.44018 1.2315 1.02279 0.966447 0.68915 1.80176 0.747324 0.636181 0.632253 0.546776 0.514104 0.430458 0.414318 0.456302 0.737308 0.329784 1.08513 0.331396 0.605894 0.756168 0.428049 0.956793 0.509771 0.386579 0.319368 0.408911 0.296703 0.0605578
threshold=48018.270000000011 7.5000000000000009 39684.975000000006 8.5000000000000018 9182.5600000000013 0.32050266327260102 23510.090000000004 22455.205000000005 0.60661854244632119 67271.755000000019 30013.395 49712.450000000004 0.33002340009404335 0.2866486665270474 0.16145614302100789 441522.53500000009 88996.47500000002 94354.317500000019 6746.8300000000008 8142.4450000000006 6246.1150000000007 6769.6500000000015 2317.8200000000006 983.19500000000005 10233.817500000003 33664.71333333334 11.500000000000002 0.19449598952498795 48478.19000000001 26320.595000000005
decision_type=2 2 2 2 2 2 2 2 2 2 2 2 2 2 2 2 2 2 2 2 2 2 2 2 2 2 2 2 2 2
left_child=2 12 17 5 -5 9 7 -7 -8 10 -4 13 14 28 -2 16 -16 19 -19 20 25 -22 23 -21 -24 -1 -6 -28 -3 -13
right_child=1 11 3 4 26 6 8 -9 -10 -11 -12 29 -14 -15 15 -17 -18 18 -20 22 21 -23 24 -25 -26 -27 27 -29 -30 -31
leaf_value=-0.1307530079462908 -2.7719137975599755 -2.4828230256017174 4.0578322983530706 -7.0629856871739998 68.075527038478882 -2.9656519120190614 24.01575203079247 -32.554357590109767 -10.793041668284928 -2.3738706382870256 20.716405680809061 43.480880291336881 -11.011594962882171 -3.6094403504321897 -0.009791777085456357 3.5210859355674016 -4.558069776459039 -8.4571212141200984 11.491334044301741 2.113634597215309 -8.0257843405997278 -1.252042738485909 3.5803767981175563 -10.851625005389918 0.17943464203617482 109.58408345825266 21.926615404394987 -11.180589606615435 50.344564676271474 190.94461675547811
leaf_weight=3699 23 21 699 20 386 48 71 21 43 20 219 65 25 29 199 28 85 24 26 262 321 466 1147 139 7746 38 106 21 91 4014
leaf_count=3699 23 21 699 20 386 48 71 21 43 20 219 65 25 29 199 28 85 24 26 262 321 466 1147 139 7746 38 106 21 91 4014
internal_value=0.000692767 0.00259389 0.000131813 0.000968561 0.00215572 0.000404104 -0.00159016 -0.00395652 -0.000157895 0.000793177 0.000908497 0.0029218 -0.00125 0.00108511 -0.000940298 -0.000653846 -0.00101408 3.20163e-05 -0.0024 4.08164e-05 -0.000169761 -0.000926302 0.000143318 -0.000815461 0.000186551 -1.04361e-05 0.0024152 0.00111024 0.00192857 0.00298529
internal_weight=20102 4580 15522 1654 533 1121 183 69 114 938 918 4220 360 141 335 312 284 13868 50 13818 4524 787 9294 401 8893 3737 513 127 112 4079
internal_count=20102 4580 15522 1654 533 1121 183 69 114 938 918 4220 360 141 335 312 284 13868 50 13818 4524 787 9294 401 8893 3737 513 127 112 4079
is_linear=0
shrinkage=0.03


Tree=213
num_leaves=31
num_cat=0
split_feature=8 26 25 31 28 26 5 14 21 9 9 25 25 1 8 19 28 22 9 9 18 24 7 25 28 1 28 16 6 23
split_gain=23.7531 6.09657 1.32628 1.46189 0.686109 0.730503 0.640593 0.579409 0.486934 0.545034 0.480769 0.480092 1.01249 0.507877 0.521757 0.472211 0.766134 0.46015 0.430989 0.8562 0.370752 0.329437 0.684536 0.699194 0.669779 0.862677 0.752569 0.47843 0.315159 0.214437
threshold=48018.270000000011 7.5000000000000009 41221.327500000007 7.5000000000000009 5.5000000000000009 2.5000000000000004 40122.014287406339 25495.750000000004 51660.326666666682 26490.575000000001 25652.570000000003 137586.21750000003 79069.565000000017 98979.056105960713 63463.552500000013 0.25454317373594032 2.5000000000000004 94354.317500000019 95739.400000000009 170699.00000000003 0.51033667831458795 12969.171666666667 21170.883396500856 5849.505000000001 11.500000000000002 47106.579811895623 8.5000000000000018 6105.789362236017 48698.582974591111 850.05919002302312
decision_type=2 2 2 2 2 2 2 2 2 2 2 2 2 2 2 2 2 2 2 2 2 2 2 2 2 2 2 2 2 2
left_child=2 11 17 6 7 -6 -4 28 9 10 -3 12 13 14 -2 20 -17 21 -14 -20 -8 22 27 -24 26 -26 -23 -1 -5 -7
right_child=1 8 3 4 5 29 15 -9 -10 -11 -12 -13 18 -15 -16 16 -18 -19 19 -21 -22 24 23 -25 25 -27 -28 -29 -30 -31
leaf_value=-0.175833486776067 -4.6054828299237833 38.956075248621168 -1.5559064547473918 5.5923294844790004 -1.1404623869376489 14.087988456810784 22.223745755654427 -17.399263674125496 206.03137788384143 29.481218531599836 -3.1805753537950614 2.5815568140121816 -4.5478308989683578 28.80764010059902 33.629550367328534 3.0677011429072558 -12.361315454240676 -7.4205391720346183 -0.67376543506938091 -4.9364065089253488 -0.2138059794769247 0.050133086369904468 9.73270970865393 -13.050669758765512 -1.1458583028141249 -30.110375847099284 4.4643632755730493 -5.9653697711365723 24.29553854076034 32.485122643160807
leaf_weight=4673 127 26 20 316 55 126 41 33 3903 265 26 46 22 32 64 47 75 32 43 26 149 5878 30 32 767 22 2365 205 50 606
leaf_count=4673 127 26 20 316 55 126 41 33 3903 265 26 46 22 32 64 47 75 32 43 26 149 5878 30 32 767 22 2365 205 50 606
internal_value=0.00068232 0.00258079 0.000122149 0.000964427 0.001457 0.00197078 -0.000795181 0.000443609 0.00290047 0.00176972 -0.00103846 -0.00116667 -0.00158599 -0.000497758 -0.00108377 -0.000461538 -0.00191803 3.08484e-05 -0.00425275 -0.00308696 0.000473684 3.90783e-05 -0.000157895 -0.00329032 0.000146811 -0.000688213 0.000226738 -0.000118081 0.000786885 0.00222131
internal_weight=20102 4580 15522 1518 1186 787 332 399 4220 317 52 360 314 223 191 312 122 14004 91 69 190 13972 4940 62 9032 789 8243 4878 366 732
internal_count=20102 4580 15522 1518 1186 787 332 399 4220 317 52 360 314 223 191 312 122 14004 91 69 190 13972 4940 62 9032 789 8243 4878 366 732
is_linear=0
shrinkage=0.03


Tree=214
num_leaves=31
num_cat=0
split_feature=8 26 31 2 25 21 14 9 10 25 8 18 25 15 27 8 18 31 22 22 28 14 18 16 0 4 27 19 28 9
split_gain=23.6122 6.05402 1.24047 1.71243 0.713185 0.833777 0.807692 0.687622 0.659107 0.480092 0.831513 0.855839 1.22155 0.537394 0.450321 1.34287 1.23626 0.534262 0.352599 0.387232 0.337375 0.548329 0.801151 0.31535 0.257891 0.223577 0.211165 0.17963 0.15367 0.146041
threshold=48018.270000000011 7.5000000000000009 20.500000000000004 40392.015000000007 49118.107500000006 51189.991666666676 6408.9000000000015 26490.575000000001 86375.062500000015 137586.21750000003 107222.05250000001 0.48356104842065162 53890.052500000013 1.2267211399043265 1918.6906250000004 15525.757500000002 0.57612251991566432 22.500000000000004 94354.317500000019 62366.725000000013 8.5000000000000018 20545.010000000006 0.6244092077984672 175.84742205864862 49858.251633900982 51071.195000000007 4880.3826388888892 0.25782426031410194 11.500000000000002 25203.525000000005
decision_type=2 2 2 2 2 2 2 2 2 2 2 2 2 2 2 2 2 2 2 2 2 2 2 2 2 2 2 2 2 2
left_child=2 9 4 14 18 -6 -7 8 -3 10 11 12 -2 -13 -4 16 -16 -17 19 23 21 26 -23 -1 27 -10 -5 -9 -22 -30
right_child=1 7 3 20 5 6 -8 24 25 -11 -12 13 -14 -15 15 17 -18 -19 -20 -21 28 22 -24 -25 -26 -27 -28 -29 29 -31
leaf_value=-0.26543091540913533 51.870133226587747 -2.9761666614496711 2.9593251074315976 4.1579084612011386 -3.9586899485910063 -2.1964219064850679 99.643825298794127 17.844643867645875 25.179663738106541 2.5041101095918168 -11.553426492105105 11.114178508261055 -9.4148898151903015 -2.7313416004364339 -1.6646971741050687 9.2819401949083158 -7.1312270630857508 0.13662034697393718 -5.7593921776113834 287.62294351942268 65.722050792265378 6.1270412032837642 -5.6715094318667285 0.45884706067121811 178.72059383374577 63.855171839205163 19.478266659958194 5.9306318036531565 9.527178836505783 24.786534046633292
leaf_weight=8015 36 28 72 80 31 24 28 70 27 46 33 132 71 42 39 255 24 1749 35 39 286 79 20 4480 4017 55 163 23 43 60
leaf_count=8015 36 28 72 80 31 24 28 70 27 46 33 132 71 42 39 255 24 1749 35 39 286 79 20 4480 4017 55 163 23 43 60
internal_value=0.000674858 0.00256769 0.000116351 0.000679443 -1.13815e-05 -0.00278313 -0.000461538 0.00288626 0.000545455 -0.00116667 -0.00158599 -0.00105694 -0.00316822 0.000241379 0.000251052 0.000169811 -0.00414286 0.000305389 6.9219e-06 1.53184e-05 0.00193297 0.00124561 -0.000636364 6.00251e-06 0.00294891 0.00190244 0.00201235 0.0013871 0.00253728 0.00154369
internal_weight=20102 4580 15522 2870 12652 83 52 4220 110 360 314 281 107 174 2139 2067 63 2004 12569 12534 731 342 99 12495 4110 82 243 93 389 103
internal_count=20102 4580 15522 2870 12652 83 52 4220 110 360 314 281 107 174 2139 2067 63 2004 12569 12534 731 342 99 12495 4110 82 243 93 389 103
is_linear=0
shrinkage=0.03


Tree=215
num_leaves=31
num_cat=0
split_feature=22 26 22 28 10 17 11 23 18 13 22 26 19 17 18 27 16 24 28 12 28 13 16 15 27 9 3 7 18 12
split_gain=23.0764 5.97082 1.31919 1.43738 1.10109 1.01467 0.963035 0.956436 0.704778 0.639957 0.622241 0.586446 0.582331 0.70291 0.513914 0.769249 0.577286 0.505747 0.480006 0.665446 0.395348 0.921951 0.379728 0.853173 0.585877 0.505333 0.502959 0.482841 0.379194 0.271959
threshold=50841.055000000008 7.5000000000000009 40151.05000000001 8.5000000000000018 22503.342500000002 1.0509881745377025 27858.640000000003 28223.168854877524 0.57612251991566432 43954.060000000005 17859.990000000002 2.5000000000000004 0.50284943021868167 0.98117139716968638 0.91930442533403145 127530.13166666667 11603.534397415488 51182.502500000002 11.500000000000002 8690.0550000000021 8.5000000000000018 14286.660000000002 -3842.1700848830515 0.86798972527357876 182648.54500000004 17949.375000000004 35035.385000000009 79357.615567921181 1.0689021959005431 7390.5800000000008
decision_type=2 2 2 2 2 2 2 2 2 2 2 2 2 2 2 2 2 2 2 2 2 2 2 2 2 2 2 2 2 2
left_child=2 12 9 4 5 -4 8 18 -6 22 -11 -9 13 28 15 -15 -16 20 -5 -20 21 -3 23 24 -1 26 -24 -27 -2 -8
right_child=1 17 3 7 6 -7 29 11 -10 10 -12 -13 -14 14 16 -17 -18 -19 19 -21 -22 -23 25 -25 -26 27 -28 -29 -30 -31
leaf_value=-0.93940022825219871 -7.3066755464937305 35.420302093091223 0.094264282464084234 62.05868815384629 6.2561753849292758 -12.665230228562043 18.463475325601099 89.459286691871597 -2.7493563626295585 6.3382336784646212 -38.660129392691893 -10.209018270633257 34.03000751899441 -0.83323841240941698 31.545161675996685 -0.77579335035557195 -5.7321045509335544 191.6435665856352 7.7830754594908207 -12.105540950749795 54.595500265569058 -4.5402281017183634 -0.009141474401644813 -37.154161571479897 -24.314790126889623 1.7880531448354913 -4.916389411246568 -51.019244035414218 -5.5568287164293793 12.056187898157674
leaf_weight=1687 34 21 22 457 307 23 386 27 440 26 20 20 35 215 77 26 45 3930 113 21 79 20 8339 23 33 3384 106 21 20 145
leaf_count=1687 34 21 22 457 307 23 386 27 440 26 20 20 35 215 77 26 45 3930 113 21 79 20 8339 23 33 3384 106 21 20 145
internal_value=0.000661427 0.00255353 0.000115385 0.000842937 0.000278912 -0.00433333 0.000441315 0.00201254 -0.000253012 1.0778e-05 -0.00352174 -0.00210638 -0.000716814 -0.00102878 -0.000553719 -0.00135685 0.00103279 0.00291852 0.0023401 0.000761194 0.001 -0.00139024 2.27324e-05 -0.000390706 -0.000313953 8.35444e-05 -4.08525e-05 0.000392071 -0.00422222 0.00141808
internal_weight=20102 4502 15600 1961 1323 45 1278 638 747 13639 46 47 452 417 363 241 122 4050 591 134 120 41 13593 1743 1720 11850 8445 3405 54 531
internal_count=20102 4502 15600 1961 1323 45 1278 638 747 13639 46 47 452 417 363 241 122 4050 591 134 120 41 13593 1743 1720 11850 8445 3405 54 531
is_linear=0
shrinkage=0.03


Tree=216
num_leaves=31
num_cat=0
split_feature=8 26 8 13 4 29 1 13 10 7 13 27 22 14 25 20 11 14 25 17 22 14 23 18 21 4 19 1 22 17
split_gain=23.0447 6.19762 1.11095 1.434 1.06681 0.997057 0.990109 0.82746 0.757343 0.53025 1.15329 0.511506 0.508198 0.820513 0.507203 0.483294 0.425157 0.401426 0.862129 0.873315 0.433333 0.401389 0.392479 0.369743 0.645566 0.36369 0.290005 0.980537 1.14669 0.325682
threshold=48018.270000000011 7.5000000000000009 39684.975000000006 5184.8650000000007 15934.350000000002 2.5000000000000004 50888.086475607699 13924.440000000001 62868.015000000007 50751.247100664274 385.77500000000003 5308.123125000001 94354.317500000019 6746.8300000000008 40184.48750000001 0.15554682399498015 27682.455000000002 14000.795000000002 76318.815000000017 1.1415406653829658 57033.520000000011 6956.9450000000006 1190.9187492583476 0.57206246992307086 49896.231666666681 74810.335000000021 2.2465715485930509 4411.1697479877521 1528.9900000000002 0.78437911297247498
decision_type=2 2 2 2 2 2 2 2 2 2 2 2 2 2 2 2 2 2 2 2 2 2 2 2 2 2 2 2 2 2
left_child=2 9 12 4 -4 7 16 15 -6 10 -2 -9 26 -14 -7 -5 23 21 20 -20 -19 25 -16 -3 -25 -11 29 28 -28 -1
right_child=1 6 3 5 8 14 -8 11 -10 17 -12 -13 13 -15 22 -17 -18 18 19 -21 -22 -23 -24 24 -26 -27 27 -29 -30 -31
leaf_value=0.29169026520838731 -2.3059149875293738 33.275225580340781 -17.925304561510458 14.76609037710463 -5.8015338039091437 -7.3140364506167268 181.92424347799039 -7.2978688021044578 22.197182113726996 -6.4802695960243781 9.2886111781396803 -5.6467528430740774 -7.7830124848348321 9.9652225636989584 13.209399416544903 -0.12349733652002924 29.881270150930636 -6.1780666950661454 -17.55786112717794 -1.8811219095345155 27.212214255323502 74.170146040609026 31.938589879887559 -5.3818185484074492 7.2735879821918905 3.9992749955806923 -10.877031199329467 -16.608184193104556 22.213540563030286 -0.61096168863096822
leaf_weight=8846 30 45 20 327 26 30 3955 20 40 71 32 161 24 26 237 295 159 26 25 28 39 36 498 24 37 73 23 20 79 4850
leaf_count=8846 30 45 20 327 26 30 3955 20 40 71 32 161 24 26 237 295 159 26 25 28 39 36 498 24 37 73 23 20 79 4850
internal_value=0.000658442 0.00252838 0.000106687 0.000841596 -0.00293023 0.00104847 0.00285071 0.000310087 -0.00109091 -0.00125 -0.00377419 -0.00147514 1.90367e-05 -0.003 0.00182353 0.000829582 0.00107547 -0.000724832 -0.00208475 -0.00492453 0.000230769 0.000166667 0.00197959 -0.000396226 -0.00191803 -0.000541667 2.9961e-05 -0.00142623 -0.000235294 4.29324e-05
internal_weight=20102 4580 15522 1654 86 1568 4220 803 66 360 62 181 13868 50 765 622 265 298 118 53 65 180 735 106 61 144 13818 122 102 13696
internal_count=20102 4580 15522 1654 86 1568 4220 803 66 360 62 181 13868 50 765 622 265 298 118 53 65 180 735 106 61 144 13818 122 102 13696
is_linear=0
shrinkage=0.03


Tree=217
num_leaves=31
num_cat=0
split_feature=8 26 8 28 19 23 7 6 3 22 31 19 24 17 22 31 8 2 9 22 22 5 5 27 17 28 19 3 4 3
split_gain=22.4307 6.0912 1.72102 1.29022 1.35836 0.703202 0.647113 0.610447 1.16884 0.599554 0.496056 0.444773 0.432768 0.771621 0.686992 0.403202 0.598463 1.06796 0.407433 0.344048 0.779549 0.311244 0.872661 0.297291 0.266304 0.262226 0.300653 0.252962 0.169711 0.1375
threshold=51141.100000000013 7.5000000000000009 41966.585000000014 8.5000000000000018 0.28923283929024884 30880.542758547504 49993.998445678451 52110.929243203303 50435.750000000007 106856.02500000002 7.5000000000000009 0.25454317373594032 86412.455000000002 0.9094658378561451 92104.065000000017 20.500000000000004 26609.560000000001 27875.970000000005 15656.360000000001 59765.540000000008 55249.765000000007 82023.358103027349 74893.332324371353 4792.7893750000012 0.99994520624625149 11.500000000000002 0.27391602833513673 139706.13000000003 50243.945000000007 17364.405000000002
decision_type=2 2 2 2 2 2 2 2 2 2 2 2 2 2 2 2 2 2 2 2 2 2 2 2 2 2 2 2 2 2
left_child=2 6 9 4 10 25 -2 8 -6 15 11 -4 19 -14 -15 21 17 -17 -18 20 -8 22 -1 -12 -21 -5 -27 -11 -3 -23
right_child=1 28 3 5 7 -7 12 -9 -10 27 23 -13 13 14 -16 16 18 -19 -20 24 -22 29 -24 -25 -26 26 -28 -29 -30 -31
leaf_value=-0.049230577061182779 -2.3930035971513841 7.0540455317220951 0.61934663134486112 76.917565281330241 -3.6414718067134895 -3.0400185521561651 3.153173568034588 48.371628006808109 -8.8396760339081446 -8.496910033737187 -1.4167334050345324 -2.554189202363315 -22.926721781438413 -6.2858612742458737 0.21420211106970943 0.057229297963244288 -2.8220030322043712 -8.9002928116783355 5.959953496958514 0.55278503222889919 -14.518791458085619 202.67766087071095 -45.49650921859007 18.016992948568255 110.23559086617023 -1.1881879062454836 21.451194000328581 -0.90800912070201201 206.23252227246974 166.85844086181709
leaf_weight=11807 37 23 248 380 239 28 38 29 57 20 40 50 20 41 82 1107 50 37 1208 23 25 20 24 456 49 39 88 21 3772 44
leaf_count=11807 37 23 248 380 239 28 38 29 57 20 40 50 20 41 82 1107 50 37 1208 23 25 20 24 456 49 39 88 21 3772 44
internal_value=0.00065098 0.00262774 0.000142947 0.00105925 0.000479893 0.00227103 -0.00138095 -0.00115385 -0.00156081 3.72438e-05 0.00114861 0.000181208 -0.000884892 -0.00203496 -0.00114634 4.76325e-05 0.000402165 -9.44055e-05 0.000853736 0.000333333 -0.00128571 -2.39595e-05 -3.52463e-05 0.00172984 0.00175 0.00252663 0.00134646 -0.00358537 0.00296047 0.0020625
internal_weight=20102 4110 15992 1654 1119 535 315 325 296 14338 794 298 278 143 123 14297 2402 1144 1258 135 63 11895 11831 496 72 507 127 41 3795 64
internal_count=20102 4110 15992 1654 1119 535 315 325 296 14338 794 298 278 143 123 14297 2402 1144 1258 135 63 11895 11831 496 72 507 127 41 3795 64
is_linear=0
shrinkage=0.03


Tree=218
num_leaves=31
num_cat=0
split_feature=8 26 8 28 19 23 7 10 6 3 22 14 9 17 28 28 14 8 9 20 25 8 7 22 21 17 28 19 17 4
split_gain=22.6306 5.82689 1.66741 1.32913 1.31415 0.703202 0.680606 0.610806 0.610447 1.16884 0.598861 0.664866 0.404656 0.370372 0.712761 1.7409 0.633858 1.15651 0.902392 0.617203 0.363979 0.865079 0.721154 0.454005 0.847218 0.292208 0.262226 0.300653 0.225417 0.169711
threshold=51141.100000000013 7.5000000000000009 41966.585000000014 8.5000000000000018 0.28923283929024884 30880.542758547504 49993.998445678451 55317.817500000005 52110.929243203303 50435.750000000007 106856.02500000002 6746.8300000000008 30013.395 0.78437911297247498 8.5000000000000018 11.500000000000002 817.31500000000017 38327.630000000005 8699.760000000002 0.14267541194886926 79069.565000000017 137255.53750000001 117734.64191757387 59765.540000000008 55956.705000000009 0.99994520624625149 11.500000000000002 0.27391602833513673 1.161572480306081 50243.945000000007
decision_type=2 2 2 2 2 2 2 2 2 2 2 2 2 2 2 2 2 2 2 2 2 2 2 2 2 2 2 2 2 2
left_child=2 6 10 4 7 26 -2 -4 9 -6 13 -12 -9 14 19 -16 17 -15 -18 -1 23 22 -22 24 -8 -25 -5 -28 -23 -3
right_child=1 29 3 5 8 -7 20 12 -10 -11 11 -13 -14 16 15 -17 18 -19 -20 -21 21 28 -24 25 -26 -27 27 -29 -30 -31
leaf_value=1.2332243745445228 -2.3212134892368428 6.8424241657703719 -0.20411887546260041 74.610038322890389 -3.532227652512193 -2.9488179955914795 53.347809528421834 6.2688677127442904 46.920479166603783 -8.5744857528908796 -7.2394940574704156 0.316720189829864 23.966853863149574 1.6903422843972991 6.3174407480207986 -1.486546853898155 -6.07498173597555 -36.156658744498628 -0.85128479291142323 -0.38541259279265577 -2.6369876241670953 -0.10439918514017586 -18.617540865853801 -0.50769759195441622 -21.047780150815843 82.340155097306237 -1.1525422690582208 20.807658180318725 59.524127987217284 200.04554660429568
leaf_weight=2689 37 23 22 380 239 28 40 451 29 57 20 21 321 1738 2236 772 435 22 2704 3701 54 22 24 22 34 55 39 88 27 3772
leaf_count=2689 37 23 22 380 239 28 40 451 29 57 20 21 321 1738 2236 772 435 22 2704 3701 54 22 24 22 34 55 39 88 27 3772
internal_value=0.000649488 0.00263504 0.000139195 0.00104111 0.000453083 0.00227103 -0.00128571 0.00111083 -0.00115385 -0.00156081 3.51515e-05 -0.00358537 0.0012513 4.55341e-05 0.000155778 0.000536569 -0.000165952 0.000289773 -0.000421472 -2.34741e-05 -0.000776978 -0.00196063 -0.00392308 0.000218543 -0.00145946 0.00183117 0.00252663 0.00134646 0.00116327 0.00296047
internal_weight=20102 4110 15992 1654 1119 535 315 794 325 296 14338 41 772 14297 9398 3008 4899 1760 3139 6390 278 127 78 151 74 77 507 127 49 3795
internal_count=20102 4110 15992 1654 1119 535 315 794 325 296 14338 41 772 14297 9398 3008 4899 1760 3139 6390 278 127 78 151 74 77 507 127 49 3795
is_linear=0
shrinkage=0.03


Tree=219
num_leaves=31
num_cat=0
split_feature=8 26 8 14 28 13 18 24 24 24 9 27 28 4 6 19 22 18 24 24 7 28 1 28 14 16 18 20 9 18
split_gain=22.269 6.04692 1.62314 2.12264 1.67374 1.33903 0.768867 0.745921 0.740618 0.721473 0.671542 0.581965 0.394039 0.409535 0.336874 0.526068 0.326273 0.75013 0.321502 0.314137 0.681885 0.562118 0.859797 0.487814 0.430176 0.381095 0.169171 0.0364865 0.0116339 0.0380952
threshold=51141.100000000013 7.5000000000000009 39684.975000000006 1871.0450000000003 8.5000000000000018 13924.440000000001 0.57809227150556175 54068.094166666669 51581.958666666673 39976.930000000008 286157.09000000003 127530.13166666667 11.500000000000002 46902.31500000001 52621.520700217421 0.26231227369441384 94354.317500000019 0.50575181879699815 136813.95166666669 12969.171666666667 21170.883396500856 11.500000000000002 47926.47012431085 8.5000000000000018 3996.2850000000003 6105.789362236017 0.87852921065823963 0.18295277257479739 27871.650000000005 0.60157190046188835
decision_type=2 2 2 2 2 2 2 2 2 2 2 2 2 2 2 2 2 2 2 2 2 2 2 2 2 2 2 2 2 2
left_child=2 8 16 7 5 9 -7 -4 -2 -5 11 18 26 -14 15 27 19 -18 -10 20 25 23 -23 -21 -22 -1 -6 -3 29 -16
right_child=1 14 3 4 12 6 -8 -9 10 -11 -12 -13 13 -15 28 -17 17 -19 -20 21 24 22 -24 -25 -26 -27 -28 -29 -30 -31
leaf_value=-0.20616111130082848 -7.1278951496848668 50.266910935865887 -0.096463200879037633 -10.878221358858404 62.989909804345331 11.633405453005372 -4.808251389610926 -21.840457653631546 -0.97083158295928096 11.1920025239474 -2.2762844443680867 -1.0334548663337748 -12.510510670945962 19.720064387575444 126.68531786136204 -4.3905690620229105 1.170444747224112 -14.767856442371288 335.12731387763739 0.066606288512249479 -2.0505738106842757 -0.98150842722378384 -28.477178547829656 3.4255147953058711 -13.791309291286028 -5.7761218856528362 7.4188880831038482 62.902478483230809 219.68530048334125 41.544770347573532
leaf_weight=4673 26 54 30 26 487 139 218 22 216 1015 24 22 61 106 64 29 28 22 27 5735 36 767 27 2349 26 205 20 20 3608 20
leaf_count=4673 26 54 30 26 487 139 218 22 216 1015 24 22 61 106 64 29 28 22 27 5735 36 767 27 2349 26 205 20 20 3608 20
internal_value=0.000643518 0.00261314 0.000137319 0.000909605 0.00105985 0.000467811 -0.00111765 -0.00507692 -0.00138095 0.00101153 -0.000944637 -0.000509434 0.00228783 0.00102395 0.00294466 0.00125243 1.90367e-05 -0.0024 -8.64196e-05 2.779e-05 -0.000163967 0.00013449 -0.000627204 0.000209302 -0.00329032 -0.000124231 0.00270414 0.00259459 0.00299187 0.00264286
internal_weight=20102 4110 15992 2124 2072 1398 357 52 315 1041 289 265 674 167 3795 103 13868 50 243 13818 4940 8878 794 8084 62 4878 507 74 3692 84
internal_count=20102 4110 15992 2124 2072 1398 357 52 315 1041 289 265 674 167 3795 103 13868 50 243 13818 4940 8878 794 8084 62 4878 507 74 3692 84
is_linear=0
shrinkage=0.03


Tree=220
num_leaves=31
num_cat=0
split_feature=25 26 24 31 22 18 25 25 28 14 0 27 19 28 9 16 9 24 11 9 25 23 23 27 4 0 13 23 11 11
split_gain=22.1323 6.87598 1.71508 0.984215 0.755038 0.67201 0.864286 0.616243 0.562836 0.709345 0.527156 0.524049 0.484572 0.726467 0.630162 0.384075 0.488807 0.998177 1.02914 0.6264 0.755265 0.61414 0.37656 0.285759 0.225 0.107151 0.248889 0.0500886 0.127273 0.0465517
threshold=52350.185000000005 7.5000000000000009 42555.736666666671 20.500000000000004 96825.400000000009 0.15448425536158858 56962.317500000005 79069.565000000017 8.5000000000000018 26133.715000000004 84525.894290635202 4833.050902777778 0.24812655818992096 8.5000000000000018 40893.025000000009 -16067.854572713157 33761.360000000008 31732.274166666673 56446.860000000008 17949.375000000004 7541.0875000000005 27257.559249891481 19298.17135707357 182648.54500000004 56503.18 52698.375739172108 14286.660000000002 1048.052154367512 29606.390000000003 21539.145000000004
decision_type=2 2 2 2 2 2 2 2 2 2 2 2 2 2 2 2 2 2 2 2 2 2 2 2 2 2 2 2 2 2
left_child=2 5 15 4 12 -2 24 22 9 11 -9 -5 14 -14 -4 -1 19 21 -19 23 -21 -18 -8 -17 -7 26 -3 28 -10 -29
right_child=1 25 3 8 -6 6 7 10 27 -11 -12 -13 13 -15 -16 16 17 18 -20 20 -22 -23 -24 -25 -26 -27 -28 29 -30 -31
leaf_value=30.662453651518366 -2.8296763272955348 46.03809932240209 19.971027924227869 -5.8767660124676464 -5.4685465237111925 -6.7501602222403649 -1.6282626957031754 -3.6667262689499172 40.450013652426009 -6.4407538196017793 -1.1932199587542935 14.344815991664133 -2.3962002806421401 25.303442664867557 -0.080698923513926074 -0.16845455115723082 -1.9910669418502696 -14.978744935836351 10.727195786075404 -3.4835421408856315 2.8157462691551083 10.839416103421431 31.211026872051356 -14.016816641766258 -8.795029337528911 205.94910410197073 5.3901815613055959 41.013398779596621 5.1410107645722496 56.30463702223615
leaf_weight=57 22 56 511 27 35 20 30 28 35 27 120 258 411 158 261 9184 385 206 88 341 3343 311 102 30 20 3701 25 20 20 270
leaf_count=57 22 56 511 27 35 20 30 28 35 27 120 258 411 158 261 9184 385 206 88 341 3343 311 102 30 20 3701 25 20 20 270
internal_value=0.000640533 0.0025999 0.00013481 0.000948844 0.000492733 -0.00147368 -0.001125 -0.000535714 0.00190411 0.000980769 -0.00186486 0.00142105 0.000606264 -5.79964e-05 0.00109586 1.61349e-05 6.0485e-06 -0.000636364 -0.00210204 5.53575e-05 0.000385994 -1.72413e-05 0.000954546 -7.68395e-05 -0.00525 0.00296827 0.00188889 0.00273913 0.00190909 0.00289655
internal_weight=20102 4124 15978 2033 1376 342 320 280 657 312 148 285 1341 569 772 13945 13888 990 294 12898 3684 696 132 9214 40 3782 81 345 55 290
internal_count=20102 4124 15978 2033 1376 342 320 280 657 312 148 285 1341 569 772 13945 13888 990 294 12898 3684 696 132 9214 40 3782 81 345 55 290
is_linear=0
shrinkage=0.03


Tree=221
num_leaves=31
num_cat=0
split_feature=8 26 8 28 19 8 8 13 18 3 22 9 10 12 31 8 0 2 2 22 4 8 5 5 1 19 7 4 4 28
split_gain=22.604 5.50499 1.71631 1.32913 1.1675 0.780937 1.2214 0.776436 0.661172 1.00181 0.594026 0.571463 0.56928 0.464227 0.402432 0.54527 0.973627 0.4 0.398125 0.397652 0.341294 0.542059 0.30463 0.879508 0.252962 0.25108 0.406349 0.226757 0.366453 0.156665
threshold=51141.100000000013 7.5000000000000009 41966.585000000014 8.5000000000000018 0.28923283929024884 57490.922500000008 53646.890000000007 2467.6050000000005 0.59456396234255693 43230.880000000005 106856.02500000002 30013.395 56139.327500000007 10575.885000000002 32.500000000000007 36171.740000000013 36901.873007783674 46906.210000000006 71176.580000000016 51362.270000000004 25404.990000000005 107222.05250000001 82023.358103027349 74893.332324371353 83522.848215337945 0.18354885037364657 47060.757565471395 71776.415000000023 113886.54000000001 11.500000000000002
decision_type=2 2 2 2 2 2 2 2 2 2 2 2 2 2 2 2 2 2 2 2 2 2 2 2 2 2 2 2 2 2
left_child=2 5 10 4 7 6 -2 17 13 -10 14 -9 -5 -6 22 16 -16 -4 27 -3 -20 -22 23 -1 -12 26 -14 -7 -29 -27
right_child=1 19 3 12 8 18 -8 11 9 -11 24 -13 25 -15 15 -17 -18 -19 20 -21 21 -23 -24 -25 -26 29 -28 28 -30 -31
leaf_value=-0.0093087335406707526 24.307552602213732 10.397763621021237 0.067302221194515677 -0.66108158421273955 19.105179387114475 159.09511215224168 -7.8875848286301142 5.7523433354671782 33.228025477945557 -7.3596228222533266 -4.3578245369920534 23.196294716756228 -8.418830029230346 -11.217739729170033 2.5323258330777403 28.080806745646345 -2.4237822676002474 -2.2651355201587 -3.1200056995660304 187.42158739223458 25.97569274094813 -3.7397037521745662 161.95878531721453 -44.135882799209682 -0.58869558867233762 73.695754302698518 61.312160601287175 -14.37176899378354 0.43157995080449846 16.597679137882849
leaf_weight=13611 25 39 20 22 127 49 32 453 27 148 20 301 21 23 465 108 25 20 39 3756 56 51 64 24 21 349 24 24 39 119
leaf_count=13611 25 39 20 22 127 49 32 453 27 148 20 301 21 23 465 108 25 20 39 3756 56 51 64 24 21 349 24 24 39 119
internal_value=0.000636056 0.00262044 0.000126063 0.00104111 0.000453083 -0.00119048 -0.00436842 0.00107305 -0.00106154 -0.00231429 2.05051e-05 0.00128912 0.00227103 0.0004 3.08457e-05 0.000792642 0.000367347 -0.003 -0.000488372 0.00293676 -0.00152055 -0.00064486 -2.40882e-06 -1.21011e-05 -0.00358537 0.00247368 0.000333333 0.000857143 -0.000333333 0.00267949
internal_weight=20102 4110 15992 1654 1119 315 57 794 325 175 14338 754 535 150 14297 598 490 40 258 3795 146 107 13699 13635 41 513 45 112 63 468
internal_count=20102 4110 15992 1654 1119 315 57 794 325 175 14338 754 535 150 14297 598 490 40 258 3795 146 107 13699 13635 41 513 45 112 63 468
is_linear=0
shrinkage=0.03


Tree=222
num_leaves=31
num_cat=0
split_feature=25 26 25 4 31 1 10 11 19 18 4 22 24 24 20 14 13 14 13 3 4 3 16 29 21 11 3 19 11 10
split_gain=22.5344 6.32 1.30288 1.18981 0.905923 0.716465 1.35866 0.761905 0.712318 0.825691 0.594105 0.669108 0.589093 0.898379 0.677352 0.527004 0.427206 0.835935 0.39102 0.371849 0.497576 0.466508 0.357644 0.280519 0.234432 0.209303 0.173436 0.290813 0.01896 0.0307692
threshold=52350.185000000005 7.5000000000000009 42924.35500000001 12422.280000000001 20.500000000000004 75026.188250196443 173907.41500000001 87798.540000000023 0.28923283929024884 0.58207345759671625 70794.290000000008 57033.520000000011 104412.99750000001 127775.58416666667 0.013520377496754048 1697.8450000000003 43954.060000000005 49645.145000000011 39019.520000000011 12883.635000000002 33937.81500000001 14324.735000000002 -1053.2480222018676 1.5000000000000002 71980.78333333334 21181.640000000003 52211.640000000007 0.27265320483991734 26400.705000000005 94143.980000000025
decision_type=2 2 2 2 2 2 2 2 2 2 2 2 2 2 2 2 2 2 2 2 2 2 2 2 2 2 2 2 2 2
left_child=2 5 16 -4 8 6 10 -8 15 -10 11 -2 24 14 -14 -5 18 -18 19 20 -1 -21 -6 -15 -7 -24 27 -3 29 -28
right_child=1 26 3 4 22 12 7 -9 9 -11 -12 -13 13 23 -16 -17 17 -19 -20 21 -22 -23 25 -25 -26 -27 28 -29 -30 -31
leaf_value=-0.1946433787841361 -2.3132265011950013 64.812779512674382 -4.7455908877712876 -1.914076824609215 -5.5460818574736965 -0.28614098404652311 -17.71185284148725 -2.4182402957799005 26.806504562622184 -5.1124272936620621 -6.9935541173027405 32.175738554068431 -1.4799257298342328 -0.71311338652020517 -2.9499617097609878 13.417356952845747 -30.226622880107389 3.4147954697116867 58.271804788488737 4.6801345723672823 -7.2756766832638311 0.17656238312344796 2.244930315293181 55.426685938514481 106.22142530057182 27.04735094187286 97.78515089256598 2.8804370940296264 197.6324375958724 112.49249220310953
leaf_weight=5163 22 55 30 39 27 39 21 27 127 178 33 52 21 28 20 652 20 33 40 302 427 8349 25 27 52 566 20 34 3641 32
leaf_count=5163 22 55 30 39 27 39 21 27 127 178 33 52 21 28 20 652 20 33 40 302 427 8349 25 27 52 566 20 34 3641 32
internal_value=0.000630087 0.00260718 0.00011979 0.000919708 0.00102974 -0.00129825 -0.00280645 -0.007 0.00046988 -0.000737705 -0.000925234 0.000567568 -4.81282e-05 -0.0016875 -0.00504878 0.00100289 2.80453e-05 -0.00266038 3.80227e-05 2.97031e-05 -0.000161002 0.00015293 0.00193204 0.000818182 0.00168132 0.00208629 0.00296034 0.00165169 0.00299188 0.00242308
internal_weight=20102 4124 15978 1644 1614 342 155 48 996 305 107 74 187 96 41 691 14334 53 14281 14241 5590 8651 618 55 91 591 3782 89 3693 52
internal_count=20102 4124 15978 1644 1614 342 155 48 996 305 107 74 187 96 41 691 14334 53 14281 14241 5590 8651 618 55 91 591 3782 89 3693 52
is_linear=0
shrinkage=0.03


Tree=223
num_leaves=31
num_cat=0
split_feature=8 17 8 28 19 4 18 3 24 9 27 13 10 24 20 1 3 22 27 1 7 31 17 14 20 14 3 2 19 7
split_gain=22.3777 5.18344 1.48752 1.36498 1.58546 0.929139 0.805821 1.29072 0.625629 0.608444 0.746775 0.569429 0.555849 0.543233 0.458525 0.406286 0.762685 0.709737 0.635938 0.460108 0.356229 0.355391 0.555796 0.35884 0.297061 0.283417 0.239465 0.301724 0.237547 0.406349
threshold=51141.100000000013 0.80304264575733286 41966.585000000014 8.5000000000000018 0.28291282556676989 49329.555000000008 0.57809227150556175 43230.880000000005 51581.958666666673 286157.09000000003 127530.13166666667 6105.4250000000002 56139.327500000007 49910.032666666673 0.15554682399498015 55189.550774771618 205896.97000000006 116686.88500000001 22032.443333333336 51364.312378309354 46173.702924518286 32.500000000000007 0.55199217101787734 15831.205000000002 0.084539928968186615 29963.780000000002 51288.42500000001 52515.650000000009 0.18354885037364657 47060.757565471395
decision_type=2 2 2 2 2 2 2 2 2 2 2 2 2 2 2 2 2 2 2 2 2 2 2 2 2 2 2 2 2 2
left_child=2 5 15 4 11 -2 20 -8 -3 10 25 13 -5 -4 -13 19 17 18 -17 21 -6 23 -23 -1 -7 -10 27 -26 29 -14
right_child=1 8 3 12 6 24 7 -9 9 -11 -12 14 28 -15 -16 16 -18 -19 -20 -21 -22 22 -24 -25 26 -27 -28 -29 -30 -31
leaf_value=0.13600843944119792 -10.191025494802833 -7.3097761076840158 0.044066334602242005 -1.0437698452716049 -25.671150910943837 2.3068720460216627 40.780016455082432 -5.459189865201636 -0.90374737808974903 -1.690313251808748 -4.5467449832275753 14.933797243387083 -8.9776856165918062 -2.6047205806932356 5.2181451876234002 0.41931756516751545 214.1755423028192 -7.5714668136224832 -16.411974551296325 81.92639234942753 26.755902750374791 13.780615982241651 0.2725238624267296 -0.7020565930691347 -1.4099237628354775 62.975616390642259 180.39383913218435 50.124943447740264 47.414728630119065 59.348331747013468
leaf_weight=11499 26 23 36 22 36 29 34 189 179 25 20 370 21 21 334 65 30 20 70 47 99 193 405 2009 29 26 3718 35 468 24
leaf_count=11499 26 23 36 22 36 29 34 189 179 25 20 370 21 21 334 65 30 20 70 47 99 193 405 2009 29 26 3718 35 468 24
internal_value=0.000624117 0.00259854 0.000116683 0.000968561 0.000372654 0.00288272 -0.00127374 -0.00238117 -0.0013956 -0.00096 -0.000466667 0.00114717 0.00221495 -0.00173684 0.00138068 1.84127e-05 -0.00137838 -0.00222581 -0.00144444 3.66708e-05 0.000555556 2.67972e-05 0.000742475 -4.88588e-06 0.00292128 7.31708e-05 0.00294447 0.001125 0.0024152 0.000333333
internal_weight=20102 4110 15992 1654 1119 3837 358 223 273 250 225 761 535 57 704 14338 185 155 135 14153 135 14106 598 13508 3811 205 3782 64 513 45
internal_count=20102 4110 15992 1654 1119 3837 358 223 273 250 225 761 535 57 704 14338 185 155 135 14153 135 14106 598 13508 3811 205 3782 64 513 45
is_linear=0
shrinkage=0.03


Tree=224
num_leaves=31
num_cat=0
split_feature=8 17 8 28 13 4 4 10 11 7 0 20 28 20 14 9 20 27 11 10 25 2 17 2 24 25 10 3 1 0
split_gain=22.1189 5.70977 1.39392 1.3379 1.33298 1.10349 0.92657 0.732064 0.662398 0.64091 0.776775 0.626212 0.616557 0.686588 0.679692 0.594894 0.568897 0.451474 0.435132 0.433683 0.404907 0.571429 0.609532 0.772947 0.476456 0.389363 0.38055 0.259885 0.444967 0.217043
threshold=51141.100000000013 0.80304264575733286 39684.975000000006 8.5000000000000018 13924.440000000001 13158.335000000003 49329.555000000008 86375.062500000015 30125.235000000004 60705.983390112953 57031.778295552125 0.14152728595665923 11.500000000000002 0.1845861726455523 8285.6750000000011 286157.09000000003 0.20837795508903484 127530.13166666667 24895.285000000003 57833.040000000008 40184.48750000001 14086.350000000002 0.62366224473463983 89691.240000000005 40793.331666666672 39302.435000000005 37083.147500000006 181095.22500000003 79841.928573533674 52698.375739172108
decision_type=2 2 2 2 2 2 2 2 2 2 2 2 2 2 2 2 2 2 2 2 2 2 2 2 2 2 2 2 2 2
left_child=2 6 20 4 5 -4 -2 8 -6 10 -3 -7 14 19 -5 17 -9 26 -8 -14 25 -22 24 -24 -23 27 -11 28 -1 -20
right_child=1 9 3 12 7 11 18 16 -10 15 -12 -13 13 -15 -16 -17 -18 -19 29 -21 21 22 23 -25 -26 -27 -28 -29 -30 -31
leaf_value=0.0072756465079076718 -9.8852947299587655 -0.72665741807330275 -8.7172417799476349 -6.83178572666794 -5.1783766903619997 13.283804026813865 -3.2789887860049252 28.120609492177202 21.052747897686533 147.10225649069983 -6.1906146413321697 2.7174840292301052 -11.108139735238533 -9.5569447630147675 59.490602438980233 -1.6434416109568046 -8.1344890306424293 -4.4103426337307479 27.503292281939057 15.965322508807898 -6.880713080651355 2.446945723413779 9.3922033049746094 -3.1423561157160664 -4.8265942047451613 10.78968527637403 -2.1316596168000181 180.90883971344167 -10.640758208047236 187.18928149117463
leaf_weight=13544 26 36 25 20 221 408 20 85 20 36 31 645 22 39 500 21 31 20 108 108 24 21 72 20 31 104 129 26 26 3683
leaf_count=13544 26 36 25 20 221 408 20 85 20 36 31 645 22 39 500 21 31 20 108 108 24 21 72 20 31 104 129 26 26 3683
internal_value=0.00061367 0.00257664 0.00010918 0.000824859 0.000303136 0.000829314 0.0028749 -0.00128571 -0.00222822 -0.00161538 -0.00416418 0.000977208 0.00191147 0.000337278 0.00242308 -0.000786408 0.000672414 -0.000243243 0.00291341 0.00138462 -4.32539e-07 -0.00146429 -0.00075 0.000717391 -0.00334615 1.75184e-05 0.000272727 3.53056e-06 -2.21065e-06 0.00293669
internal_weight=20102 4110 15992 2124 1435 1078 3837 357 241 273 67 1053 689 169 520 206 116 185 3811 130 13868 168 144 92 52 13700 165 13596 13570 3791
internal_count=20102 4110 15992 2124 1435 1078 3837 357 241 273 67 1053 689 169 520 206 116 185 3811 130 13868 168 144 92 52 13700 165 13596 13570 3791
is_linear=0
shrinkage=0.03


Tree=225
num_leaves=31
num_cat=0
split_feature=8 26 8 31 11 18 28 19 28 9 25 8 22 6 19 28 9 1 1 28 28 6 9 23 14 17 17 24 5 22
split_gain=22.2874 6.52214 1.24093 1.36325 1.07916 0.977191 0.512889 0.875488 0.853535 0.504013 0.501939 1.16303 0.569546 0.451815 0.440395 0.40855 0.474089 0.401432 0.678126 1.07305 0.538963 0.796537 0.341538 0.716006 0.676348 0.51012 0.42398 0.437431 0.405641 0.127764
threshold=51141.100000000013 7.5000000000000009 41966.585000000014 16.500000000000004 21181.640000000003 1.9539621630563662 6.5000000000000009 0.27907032601790244 11.500000000000002 286157.09000000003 137586.21750000003 107222.05250000001 75321.155000000013 52621.520700217421 0.26231227369441384 8.5000000000000018 30013.395 55189.550774771618 66285.201194779525 9.5000000000000018 9.5000000000000018 59111.546379285006 17949.375000000004 17875.939857243739 924.2600000000001 0.63900783273899064 0.48780400536138108 38665.936666666668 34754.093836339991 52251.995000000003
decision_type=2 2 2 2 2 2 2 2 2 2 2 2 2 2 2 2 2 2 2 2 2 2 2 2 2 2 2 2 2 2
left_child=2 9 17 5 -5 6 7 -4 -8 10 11 12 -2 14 29 16 -6 22 19 -19 21 -20 26 25 -25 -24 27 -1 -28 -3
right_child=1 13 3 4 15 -7 8 -9 -10 -11 -12 -13 -14 -15 -16 -17 -18 18 20 -21 -22 -23 23 24 -26 -27 28 -29 -30 -31
leaf_value=0.54421568041822244 -3.3827915723712776 46.893953365324002 6.3384205984945332 -9.0171993772738421 5.1402690377716542 -2.3956538130015579 28.385485859574597 -4.8542135333566989 -1.4627728790789414 -1.5503354858234715 41.553408599796747 -13.271839718320225 26.819250182713315 177.98431365705625 -5.9050294454059822 48.742330617991783 22.605568418045685 -0.091551893453095737 80.938291187770517 -27.113140411845915 91.152918511199218 -6.1531792999356663 -0.10616429452527761 4.2383043186574527 -3.4593584117323952 3.3332026700198649 -0.341163802796979 44.104628088822224 -4.3084549977656676 5.6065969014266601
leaf_weight=3373 157 52 339 24 320 34 266 163 50 24 35 29 70 3692 29 309 149 38 23 22 48 54 1144 410 939 2414 5804 49 20 22
leaf_count=3373 157 52 339 24 320 34 266 163 50 24 35 29 70 3692 29 309 149 38 23 22 48 54 1144 410 939 2414 5804 49 20 22
internal_value=0.000606208 0.00257664 9.98e-05 0.000877872 0.00176559 4.22536e-05 0.000249389 -0.000346613 0.0011962 -0.00157143 -0.0012268 -0.0016875 -0.000964758 0.00292095 0.000961165 0.00195887 0.00140085 1.00434e-05 -0.00137838 -0.004 -0.00012 -0.00167532 2.8192e-05 0.000230487 -0.000358043 0.000453626 -7.91693e-05 0.000185856 -0.00023489 0.00218919
internal_weight=20102 4110 15992 1654 802 852 818 502 316 315 291 256 227 3795 103 778 469 14338 185 60 125 77 14153 4907 1349 3558 9246 3422 5824 74
internal_count=20102 4110 15992 1654 802 852 818 502 316 315 291 256 227 3795 103 778 469 14338 185 60 125 77 14153 4907 1349 3558 9246 3422 5824 74
is_linear=0
shrinkage=0.03


Tree=226
num_leaves=31
num_cat=0
split_feature=8 26 31 8 21 22 14 31 16 2 21 19 18 7 17 29 16 14 4 5 5 5 9 22 20 27 23 20 11 2
split_gain=21.8653 7.35375 1.22093 1.96212 1.17019 0.817837 1.64795 0.560533 0.7831 0.507416 0.495189 0.676407 0.678788 0.492322 0.587375 0.486265 0.479084 0.397774 0.847595 0.354982 0.650623 0.377765 0.339143 0.298968 0.203438 0.521012 0.184036 0.142029 0.0898105 0.109091
threshold=51141.100000000013 7.5000000000000009 20.500000000000004 36171.740000000013 38345.331666666672 85346.12000000001 6746.8300000000008 22.500000000000004 332.48588486088562 22999.490000000005 53100.170000000006 0.26124597081576661 0.58468836272515379 49993.998445678451 2.0819558126735029 2.5000000000000004 -981.63723369712841 21825.075000000004 75907.090000000011 82023.358103027349 74893.332324371353 54530.131343994151 30474.020000000004 66061.450000000012 0.1955732133969178 5450.7747916666676 423.54038375003773 0.1117532272236287 26400.705000000005 56453.660000000011
decision_type=2 2 2 2 2 2 2 2 2 2 2 2 2 2 2 2 2 2 2 2 2 2 2 2 2 2 2 2 2 2
left_child=2 13 5 4 7 19 -7 9 -9 -4 11 -3 -13 -2 17 16 -5 23 -19 20 21 -1 -18 -15 26 -26 -17 -21 29 -12
right_child=1 10 3 15 -6 6 -8 8 -10 -11 28 12 -14 14 -16 24 22 18 -20 27 -22 -23 -24 -25 25 -27 -28 -29 -30 -31
leaf_value=-0.073130293287884424 -2.2930774940260581 34.138768365312536 -0.64058746086754992 -7.2352963371306114 -3.5647013702408299 -6.0004586699254601 6.9010514237897453 0.5819823300340613 -1.794653597397768 16.30565646822005 80.887003641684203 20.166996547686576 -9.6714173304842834 -3.0105276895188799 -1.7210901221655663 3.1429236492976713 4.1299563374920014 22.006629842590716 -21.084075326035244 230.26092048000979 -46.833280125957153 25.558878963773619 24.078274541136071 10.713358101843347 -5.6471879555056272 53.416353006172599 34.171858139078232 34.04036432031738 185.21424680815099 130.0529896088099
leaf_weight=12621 37 112 90 24 26 32 34 1265 464 167 20 22 20 70 33 33 283 29 37 49 22 181 70 109 37 68 506 20 3597 24
leaf_count=12621 37 112 90 24 26 32 34 1265 464 167 20 22 20 70 33 33 283 29 37 49 22 181 70 109 37 68 506 20 3597 24
internal_value=0.000595762 0.00254745 9.41722e-05 0.000636004 9.24454e-05 -3.26413e-05 -0.00336364 0.000175227 -1.90861e-05 0.00148249 0.00291304 0.00124675 -0.002 -0.00185714 -0.00142446 0.00170715 0.000851459 -0.000918367 -0.00290909 -1.55897e-05 -2.71365e-05 -1.82783e-05 0.00113031 -0.000184357 0.00220807 0.001 0.00244341 0.00213043 0.00298352 0.00163636
internal_weight=20102 4110 15992 3033 2012 12959 66 1986 1729 257 3795 154 42 315 278 1021 377 245 66 12893 12824 12802 353 179 644 105 539 69 3641 44
internal_count=20102 4110 15992 3033 2012 12959 66 1986 1729 257 3795 154 42 315 278 1021 377 245 66 12893 12824 12802 353 179 644 105 539 69 3641 44
is_linear=0
shrinkage=0.03


Tree=227
num_leaves=31
num_cat=0
split_feature=8 26 31 8 7 9 22 14 23 28 3 7 9 11 12 20 1 27 2 0 24 11 28 9 3 7 23 18 23 19
split_gain=21.7432 7.46546 1.28812 1.75991 0.875934 0.843994 0.779641 1.55591 0.766661 0.763191 0.668605 0.626207 0.610286 0.967262 0.507556 0.701956 0.451483 0.490573 0.437956 0.414629 0.513126 0.793164 0.317749 0.183594 0.146667 0.126424 0.141157 0.114894 0.10286 0.0730051
threshold=51612.380000000005 7.5000000000000009 20.500000000000004 36171.740000000013 36571.424493772378 286157.09000000003 85346.12000000001 6746.8300000000008 1255.3766165930845 7.5000000000000009 37933.165000000008 49993.998445678451 29472.650000000005 28829.465 7804.5800000000008 0.26791450808957806 60060.102467210279 127530.13166666667 50649.455000000009 68923.398726755957 54068.094166666669 42847.780000000006 1.5000000000000002 20775.895000000004 14596.230000000001 53640.664747961753 825.04647238966777 0.77649721994504595 1190.9187492583476 0.23303940636623249
decision_type=2 2 2 2 2 2 2 2 2 2 2 2 2 2 2 2 2 2 2 2 2 2 2 2 2 2 2 2 2 2
left_child=2 5 6 4 14 11 19 -8 -6 12 -10 -2 13 -5 15 -4 27 -18 -3 20 22 -22 -1 -11 -21 26 -20 -13 -25 -14
right_child=1 18 3 9 8 -7 7 -9 10 23 -12 16 29 -15 -16 -17 17 -19 25 24 21 -23 -24 28 -26 -27 -28 -29 -30 -31
leaf_value=-2.5952308818735768 -2.2242851692052765 -1.7705272462834687 0.19736948124536913 3.2994965879733851 -5.855307939130272 -1.4667936787245819 -5.8045075377086182 6.6940198810760512 -2.2320927800294603 14.876308941786144 24.867782226539212 115.9912797470424 19.541721951228503 -7.1925130208976382 17.983241135821086 -5.9050589505897175 -2.6810285308130566 -5.272232857925383 6.1175546520538227 211.97266397630528 -1.2813358427356933 -12.835107521422422 0.087826935392256347 22.839305825119698 128.44332962474851 205.83087197969667 24.154030903451833 0.30170548598097313 41.919046791617347 30.521385763118602
leaf_weight=1124 37 20 1838 312 31 23 33 34 20 31 23 27 86 24 78 22 185 20 36 20 149 25 11563 149 55 3516 148 20 415 38
leaf_count=1124 37 20 1838 312 31 23 33 34 20 31 23 27 86 24 78 22 185 20 36 20 149 25 11563 149 55 3516 148 20 415 38
internal_value=0.000583823 0.00255357 8.96081e-05 0.000642648 0.000122267 -0.00190385 -4.08366e-05 -0.00326866 -0.00308108 0.00163507 -0.000488372 -0.00146367 0.000717391 5.35715e-05 0.000244582 0.000145161 -0.000928571 -0.00153659 0.00292742 -2.41186e-05 -3.70888e-05 -0.00165517 -1.4897e-05 0.00234454 0.0022 0.00295135 0.00218478 0.0017234 0.00246809 0.00251613
internal_weight=20102 4032 16070 3067 2012 312 13003 67 74 1055 43 289 460 336 1938 1860 252 205 3720 12936 12861 174 12687 595 75 3700 184 47 564 124
internal_count=20102 4032 16070 3067 2012 312 13003 67 74 1055 43 289 460 336 1938 1860 252 205 3720 12936 12861 174 12687 595 75 3700 184 47 564 124
is_linear=0
shrinkage=0.03


Tree=228
num_leaves=31
num_cat=0
split_feature=8 26 31 8 21 9 28 9 11 31 27 25 8 6 15 31 13 22 14 0 5 27 0 14 9 3 25 13 27 19
split_gain=21.3832 6.78757 1.17357 1.53445 1.1868 0.903705 0.840096 0.702004 0.908654 0.522344 0.522179 0.540361 1.82371 0.500314 0.471157 0.436427 0.47329 0.411083 0.998696 0.412039 0.81937 0.910561 0.702068 0.41027 0.17545 0.146667 0.146039 0.12 0.112916 0.0730051
threshold=51612.380000000005 7.5000000000000009 20.500000000000004 36171.740000000013 38345.331666666672 286157.09000000003 7.5000000000000009 29472.650000000005 28829.465 22.500000000000004 127530.13166666667 137586.21750000003 107222.05250000001 54503.207657070641 1.0107914264264122 7.5000000000000009 12688.770000000002 85346.12000000001 6746.8300000000008 68923.398726755957 64964.705309823563 31146.690000000006 52698.375739172108 9276.0450000000001 20775.895000000004 14596.230000000001 54284.100000000006 9735.7800000000025 5168.6406250000009 0.23303940636623249
decision_type=2 2 2 2 2 2 2 2 2 2 2 2 2 2 2 2 2 2 2 2 2 2 2 2 2 2 2 2 2 2
left_child=2 5 17 4 9 10 7 8 -5 23 11 12 -2 15 -11 16 27 19 -19 20 22 -22 -1 -4 -8 -21 -17 -3 -26 -9
right_child=1 13 3 6 -6 -7 24 29 -10 14 -12 -13 -14 -15 -16 26 -18 18 -20 25 21 -23 -24 -25 28 -27 -28 -29 -30 -31
leaf_value=-0.072125935469695215 -0.84160173092794166 15.258555903188784 -0.46142391618286832 3.2005116903342921 -3.2821010909597979 -1.4227898683628444 14.430019673532614 18.955470292691572 -6.9767376302706881 0.73242525486889654 -3.007504535361524 110.6856223334391 -17.306606425353593 210.7262974244201 -1.0465218567900216 33.069489570738696 -5.98216802181887 -5.6303723115773598 6.4931992846437687 205.61348405701611 -59.547013329351095 -19.19188215878015 68.642971126862321 14.944958744821747 23.083355004326926 124.59002973600604 2.9433996478684685 31.059536775589937 43.342864171425191 29.605744190225089
leaf_weight=12694 210 20 83 312 26 23 31 86 24 1195 25 29 25 3456 534 156 37 33 34 20 21 58 88 174 212 55 21 30 352 38
leaf_count=12694 210 20 83 312 26 23 31 86 24 1195 25 29 25 3456 534 156 37 33 34 20 21 58 88 174 212 55 21 30 352 38
internal_value=0.000585315 0.00253869 9.52086e-05 0.000623085 0.000137177 -0.00171154 0.00154976 0.000586957 -0.000125 0.000220544 -0.00125606 -0.000863636 -0.00134043 0.00289516 3.29671e-05 0.00163636 -0.000103448 -2.93008e-05 -0.00237313 -1.71613e-05 -3.00909e-05 -0.00307595 -1.12657e-05 0.00148249 0.00229412 0.0022 0.00249153 0.0018 0.00241489 0.00251613
internal_weight=20102 4032 16070 3067 2012 312 1055 460 336 1986 289 264 235 3720 1729 264 87 13003 67 12936 12861 79 12782 257 595 75 177 50 564 124
internal_count=20102 4032 16070 3067 2012 312 1055 460 336 1986 289 264 235 3720 1729 264 87 13003 67 12936 12861 79 12782 257 595 75 177 50 564 124
is_linear=0
shrinkage=0.03


Tree=229
num_leaves=31
num_cat=0
split_feature=8 26 31 3 24 8 6 0 29 23 23 9 18 24 21 9 6 27 8 18 31 31 23 11 3 3 23 16 23 23
split_gain=21.3505 6.48393 1.12234 1.45758 0.577061 0.932568 0.765287 0.99177 0.532591 0.687844 0.584449 0.542054 0.891131 0.50934 0.627773 0.549603 0.493924 0.486966 1.01033 0.904914 0.531996 0.436427 0.919615 0.390371 0.366965 1.11189 0.279765 0.582442 0.548167 0.254941
threshold=51612.380000000005 7.5000000000000009 20.500000000000004 39181.555000000008 86412.455000000002 137255.53750000001 118215.00889425767 84525.894290635202 2.5000000000000004 1110.1123810005895 1031.0063875667704 29472.650000000005 0.66173008019372104 65290.927833333342 61426.534999999996 68978.330000000016 54503.207657070641 1918.6906250000004 15525.757500000002 0.57612251991566432 22.500000000000004 7.5000000000000009 2195.2258229220824 161753.01500000004 205896.97000000006 154097.12000000002 8742.1550218850043 504.87900114777045 9416.5043054024991 825.04647238966777
decision_type=2 2 2 2 2 2 2 2 2 2 2 2 2 2 2 2 2 2 2 2 2 2 2 2 2 2 2 2 2 2
left_child=2 4 24 17 13 6 7 -6 11 10 -10 12 -5 14 15 -2 21 -4 19 -19 -20 22 29 -7 25 26 27 -1 -28 -3
right_child=1 16 3 8 5 23 -8 -9 9 -11 -12 -13 -14 -15 -16 -17 -18 18 20 -21 -22 -23 -24 -25 -26 -27 28 -29 -30 -31
leaf_value=-0.097305965073360742 13.523704090435919 -7.4021395968566708 2.8823045678988346 13.687860864632995 -17.274825468908581 132.69930768252928 -6.1687721612750988 -1.8617461905103061 14.605510085490087 34.65428644225905 -5.6567130997050779 21.442788408339347 -6.5029669888249382 23.212553026810639 -6.4601158823958515 -6.3283941916618831 204.40450850168745 -1.4668357665312601 7.7951066387503571 -6.9684072188838684 0.019795953520538662 30.29073758489902 -5.7972653645952024 -1.1546472956197462 162.65105953572706 -11.883257298754016 -9.5503205760219227 2.6501897196820581 -0.3166618554425214 30.678051982947
leaf_weight=6889 38 23 72 185 20 24 21 51 122 484 20 108 78 66 28 35 3456 39 255 24 1680 177 21 29 36 26 210 1794 4048 43
leaf_count=6889 38 23 72 185 20 24 21 51 122 484 20 108 78 66 28 35 3456 39 255 24 1680 177 21 29 36 26 210 1794 4048 43
internal_value=0.000586807 0.00253869 9.70754e-05 0.000613303 -0.00161538 -0.003 -0.00482609 -0.00333803 0.00155567 0.00208946 0.000253521 0.000654987 -7.98478e-05 -0.000413174 -0.00175248 -0.000287671 0.0028871 0.00015942 7.20722e-05 -0.00366667 0.000193799 0.00163636 -0.000103448 0.000169811 -2.46865e-05 -3.30839e-05 -2.0632e-05 7.70472e-05 -0.000219821 0.00163636
internal_weight=20102 4032 16070 3067 312 145 92 71 997 626 142 371 263 167 101 73 3720 2070 1998 63 1935 264 87 53 13003 12967 12941 8683 4258 66
internal_count=20102 4032 16070 3067 312 145 92 71 997 626 142 371 263 167 101 73 3720 2070 1998 63 1935 264 87 53 13003 12967 12941 8683 4258 66
is_linear=0
shrinkage=0.03


Tree=230
num_leaves=31
num_cat=0
split_feature=0 26 25 11 22 11 24 27 14 8 8 1 18 27 24 0 0 22 11 8 7 0 27 17 13 24 12 24 28 10
split_gain=21.2595 5.97646 0.966735 0.888375 1.65564 1.38791 0.923582 1.55291 0.93017 0.781536 0.778042 0.99681 0.612524 0.774442 0.445788 0.899334 0.906319 0.475627 0.436974 0.628173 0.556593 0.422407 0.411368 0.386629 0.970274 0.447084 0.670145 0.45204 0.369122 0.360119
threshold=52698.375739172108 7.5000000000000009 79069.565000000017 26597.650000000005 60663.595000000008 35149.930000000008 33616.7575 57180.67500000001 21507.385000000006 137255.53750000001 107222.05250000001 118436.56118360291 0.66793872671501953 41628.508333333339 50726.458666666673 41447.535115306055 50318.71458682356 51799.105000000003 29877.935000000001 50689.122500000005 14434.773655625 55030.299800574743 14384.985555555557 0.99994520624625149 16277.645000000002 95428.618333333332 3576.6600000000003 67477.875833333339 2.5000000000000004 84035.195000000022
decision_type=2 2 2 2 2 2 2 2 2 2 2 2 2 2 2 2 2 2 2 2 2 2 2 2 2 2 2 2 2 2
left_child=3 2 23 4 14 18 12 8 -8 10 11 -4 13 -7 17 -16 -17 -1 19 20 -5 -3 -14 24 -2 27 -27 -25 -11 -21
right_child=1 21 9 5 -6 6 7 -9 -10 28 -12 -13 22 -15 15 16 -18 -19 -20 29 -22 -23 -24 25 -26 26 -28 -29 -30 -31
leaf_value=0.020827184491447527 -12.231214473828116 22.687216246721022 0.022769871144171269 -9.7135654254989436 -7.2795228024785787 10.324407014943466 -1.5830666686098449 127.17289154473322 -19.122268895048215 -0.95989768394122066 -9.2632282780980866 -3.4668276998657412 -6.6508132999576874 -46.100588311984964 60.247010566159283 -27.936406694680866 11.879932174988705 28.297398563868271 20.66784445690001 -2.7182253217269521 10.589717664832664 215.80814682471819 14.396661421348529 0.21750768500085449 18.605813682487234 -23.190480925028119 104.67480896391488 114.42178668702287 90.544702144756769 5.2368448981710278
leaf_weight=13769 26 351 54 37 21 100 127 39 25 23 26 22 27 34 48 54 47 48 589 21 725 3383 104 171 27 25 23 103 26 27
leaf_count=13769 26 351 54 37 21 100 127 39 25 23 26 22 27 34 48 54 47 48 589 21 725 3383 104 171 27 25 23 103 26 27
internal_value=0.000576361 0.00245775 -0.000536122 7.04458e-05 -1.13676e-05 0.000687332 -0.00075 -0.00234031 -0.00371053 -0.00256291 -0.00405882 -0.00252632 0.000396227 -0.00102985 1.28896e-06 -0.00163087 -0.00323762 1.88899e-05 0.00115583 0.000703704 0.000913386 0.00287949 0.00185496 0.00028 -0.00209434 0.000670808 -0.002 0.00113869 0.000551021 -0.002625
internal_weight=20102 4260 526 15842 13987 1855 456 191 152 151 102 76 265 134 13966 149 101 13817 1399 810 762 3734 131 375 53 322 48 274 49 48
internal_count=20102 4260 526 15842 13987 1855 456 191 152 151 102 76 265 134 13966 149 101 13817 1399 810 762 3734 131 375 53 322 48 274 49 48
is_linear=0
shrinkage=0.03


Tree=231
num_leaves=31
num_cat=0
split_feature=0 26 11 22 11 25 17 11 17 10 10 9 24 24 0 25 11 10 28 0 0 6 16 31 31 23 31 23 23 1
split_gain=21.0334 6.17772 1.01604 1.14134 1.11533 0.913092 0.787621 0.926098 0.624359 0.582547 1.07572 0.51384 1.1556 0.444615 0.778938 0.869413 0.436974 0.441285 0.438111 0.422407 0.392337 0.750206 0.379845 0.368104 0.774056 0.683503 0.338605 0.624026 0.327444 0.319483
threshold=52698.375739172108 7.5000000000000009 26597.650000000005 60663.595000000008 35149.930000000008 79069.565000000017 1.161572480306081 41275.935000000005 0.92475762393085537 42451.535000000011 66383.337500000009 170699.00000000003 127775.58416666667 50726.458666666673 40425.560017731841 51394.107500000006 29877.935000000001 14604.227500000003 4.5000000000000009 55030.299800574743 58517.341628475609 62904.010787763946 9716.6992958750016 8.5000000000000018 6.5000000000000009 38553.507080611824 7.5000000000000009 1707.7034165822045 378.34310629243492 61999.052369165001
decision_type=2 2 2 2 2 2 2 2 2 2 2 2 2 2 2 2 2 2 2 2 2 2 2 2 2 2 2 2 2 2
left_child=2 5 3 13 16 20 7 -6 -7 22 -11 -10 -13 23 -15 -16 17 -4 -19 26 -2 -22 -8 24 -1 -25 27 -3 -18 -23
right_child=1 19 4 -5 6 8 9 -9 11 10 -12 12 -14 14 15 -17 28 18 -20 -21 21 29 -24 25 -26 -27 -28 -29 -30 -31
leaf_value=0.16297589072233859 3.6493489316579542 16.431099129167201 -19.879583964049328 -7.061137118404222 -0.060421650967308532 -17.076842254090469 -0.1866089627428823 -11.665746644266019 0.21180730587951538 -16.455772614918359 9.0640697544039419 -3.9373590082948127 -0.28673428519827993 66.395331007467263 -26.712548431798684 4.5806770101466272 4.8367230408208561 -0.33583633554150061 15.260957937794387 209.33390241997665 -19.413358255455059 95.491918409263889 10.139257094329283 0.60509053999399343 -2.3851924107085041 -14.583784345022103 34.253148226052815 -6.3053233829725643 21.425178583234434 -2.3609309167317285
leaf_weight=5702 87 35 31 21 43 20 43 20 63 72 149 22 46 45 61 43 65 255 524 3383 31 89 129 6210 1845 60 296 20 524 168
leaf_count=5702 87 35 31 21 43 20 43 20 63 72 149 22 46 45 61 43 65 255 524 3383 31 89 129 6210 1845 60 296 20 524 168
internal_value=0.000579345 0.0024507 7.61269e-05 -1.13676e-05 0.000735849 -0.000593156 -0.000552631 -0.00366667 -0.00256291 -5.3435e-05 -0.0010724 -0.00180916 -0.00361765 -8.59118e-07 -0.00163087 -0.00305769 0.00115583 0.000703704 0.000843389 0.00287949 0.0002 -0.000333333 0.00125581 1.67186e-05 -0.00012442 0.000186603 0.00188889 -0.000272727 0.00177759 0.000198444
internal_weight=20102 4260 15842 13987 1855 526 456 63 151 393 221 131 68 13966 149 104 1399 810 779 3734 375 288 172 13817 7547 6270 351 55 589 257
internal_count=20102 4260 15842 13987 1855 526 456 63 151 393 221 131 68 13966 149 104 1399 810 779 3734 375 288 172 13817 7547 6270 351 55 589 257
is_linear=0
shrinkage=0.03


Tree=232
num_leaves=31
num_cat=0
split_feature=8 26 8 28 19 10 3 20 13 6 9 11 9 15 5 24 8 28 13 28 3 10 31 13 24 8 8 17 27 14
split_gain=20.9477 5.38046 1.21859 1.67591 1.15568 1.04367 0.929283 0.803677 0.785779 0.875758 0.729577 0.564134 0.501725 0.462558 0.462291 0.423487 0.617753 0.408219 0.501248 0.370082 1.11584 0.860391 0.505659 0.699498 0.352963 0.31605 1.11456 0.211835 0.351756 0.612946
threshold=52367.32 7.5000000000000009 41966.585000000014 8.5000000000000018 0.28923283929024884 87055.695000000022 43230.880000000005 0.20837795508903484 2467.6050000000005 51243.691714122302 286157.09000000003 35149.930000000008 30013.395 1.3451751228568589 55497.035990591059 91288.965833333335 22941.712500000005 11.500000000000002 13375.220000000001 11.500000000000002 96193.250000000015 10702.415000000003 32.500000000000007 7349.8550000000005 12969.171666666667 137255.53750000001 107222.05250000001 0.63820547864015365 6336.9368750000003 21507.385000000006
decision_type=2 2 2 2 2 2 2 2 2 2 2 2 2 2 2 2 2 2 2 2 2 2 2 2 2 2 2 2 2 2
left_child=2 10 15 4 8 6 -6 -7 9 -4 13 17 -10 25 27 19 -17 -5 -19 22 21 -21 24 -24 -1 26 -2 28 29 -3
right_child=1 14 3 11 5 7 -8 -9 12 -11 -12 -13 -14 -15 -16 16 -18 18 -20 20 -22 -23 23 -25 -26 -27 -28 -29 -30 -31
leaf_value=-0.56746071420824296 -2.3842261681601511 6.9686010164433219 -2.2570694930645656 70.101756659711569 27.82962132858513 37.176332114841813 -7.6961209377017301 -9.8451514558558522 3.7183679789417159 0.336424875169062 -2.4770182528959439 -0.72787453384884393 15.48393271235909 0.30665720153439613 216.17997554557942 116.08160791936906 -4.2887115975974668 -1.9593502685287116 14.962594927834786 7.0517663717577292 -26.471954133709982 -1.6531823735519791 -0.25135068426216961 20.954786503273503 0.25321254850661723 28.725501817632896 -9.885908795892389 69.547382835582255 17.66995766009018 -6.3583548529279197
leaf_weight=4547 175 41 24 449 35 94 205 28 467 20 22 21 406 49 3334 20 33 44 98 283 20 924 204 245 8062 34 21 70 103 24
leaf_count=4547 175 41 24 449 35 94 205 28 467 20 22 21 406 49 3334 20 33 44 98 283 20 924 204 245 8062 34 21 70 103 24
internal_value=0.000583823 0.00256623 0.000110728 0.000826547 0.000208757 -0.00122652 -0.002375 0.00103279 0.000775355 -0.00313636 -0.00128571 0.00211765 0.000972509 -0.000870968 0.00289082 1.63204e-05 -0.00266038 0.00228934 0.000887324 2.62514e-05 -0.000471883 -0.000355427 7.30588e-05 0.00106236 3.78302e-05 -0.00143478 -0.00189796 0.00161345 0.00103571 -0.000692308
internal_weight=20102 3873 16229 1891 1279 362 240 122 917 44 301 612 873 279 3572 14338 53 591 142 14285 1227 1207 13058 449 12609 230 196 238 168 65
internal_count=20102 3873 16229 1891 1279 362 240 122 917 44 301 612 873 279 3572 14338 53 591 142 14285 1227 1207 13058 449 12609 230 196 238 168 65
is_linear=0
shrinkage=0.03


Tree=233
num_leaves=31
num_cat=0
split_feature=8 26 11 27 17 28 3 6 17 1 7 14 4 27 2 27 19 31 14 20 17 28 25 7 20 28 16 16 14 19
split_gain=20.9673 5.06356 1.14284 1.2472 0.739032 0.782979 1.20065 0.570079 0.533455 0.52664 0.657758 0.662061 0.85728 0.675072 0.463879 0.500051 0.718337 0.375115 0.843566 0.453429 1.12449 0.422418 0.399382 1.07644 1.28907 0.355991 0.286567 0.920253 0.553282 0.263035
threshold=52367.32 7.5000000000000009 26597.650000000005 18004.125555555558 2.0387283287005551 3.5000000000000004 14866.625000000002 55950.595436235468 1.8348232931096675 56594.065866915778 61746.364147706547 15534.915000000001 75907.090000000011 83829.624583333338 54429.48000000001 6392.6622916666684 0.20661007470371009 32.500000000000007 18419.810000000001 0.18295277257479739 0.59414465455161836 11.500000000000002 50437.587500000009 51353.202796090198 0.17418313860742132 11.500000000000002 11603.534397415488 12983.951725480763 36493.370000000003 0.18354885037364657
decision_type=2 2 2 2 2 2 2 2 2 2 2 2 2 2 2 2 2 2 2 2 2 2 2 2 2 2 2 2 2 2
left_child=2 9 17 14 5 6 -5 -3 -7 -2 -11 13 -13 -12 15 25 -17 22 19 21 -21 -19 26 24 -24 -4 28 -28 -1 -6
right_child=1 7 3 4 29 8 -8 -9 -10 10 11 12 -14 -15 -16 16 -18 18 -20 20 -22 -23 23 -25 -26 -27 27 -29 -30 -31
leaf_value=-0.038616002832030025 0.26918149258227769 16.875691935921534 14.632646140788115 -18.625644965749871 18.672668057811215 -0.049901846560077998 -1.540078256533582 229.29560321663374 -9.7792707980904403 -7.0672028846404293 15.591591928271928 25.63605908738511 -7.5079232150738902 -3.3632276568420729 42.184964833136405 12.068775574204766 -1.851334844407049 13.38671380786881 38.851903375931862 1.2419915716043171 -5.5233109951650947 -0.59310656704934039 -16.412616901425213 62.58107321897964 10.921053366754506 -1.2375616696318148 -38.396510453786519 0.51268460001965632 31.739423679749603 -13.829156693351818
leaf_weight=13140 66 306 1033 20 212 225 35 3266 57 30 86 28 52 39 171 168 133 260 118 117 33 90 26 59 27 72 25 64 121 23
leaf_count=13140 66 306 1033 20 212 225 35 3266 57 30 86 28 52 39 171 168 133 260 118 117 33 90 26 59 27 72 25 64 121 23
internal_value=0.000567406 0.00255074 9.40909e-05 0.000738483 -0.000461538 -0.00136202 -0.00463636 0.00286562 -0.000723404 -0.00118605 -0.00185106 -0.0012439 -0.003375 0.00012 0.00117375 0.00099431 -8.97009e-05 -4.26125e-06 0.000718447 0.00018 -0.0012 0.000771429 -3.74386e-05 -0.00182143 -0.00492453 0.00128959 -2.24718e-05 -0.0017191 -1.1085e-05 0.000829787
internal_weight=20102 3873 16229 2149 572 337 55 3572 282 301 235 205 80 125 1577 1406 301 14080 618 500 150 350 13462 112 53 1105 13350 89 13261 235
internal_count=20102 3873 16229 2149 572 337 55 3572 282 301 235 205 80 125 1577 1406 301 14080 618 500 150 350 13462 112 53 1105 13350 89 13261 235
is_linear=0
shrinkage=0.03


Tree=234
num_leaves=31
num_cat=0
split_feature=8 17 22 8 28 19 18 0 28 10 14 1 27 28 31 9 16 18 23 10 3 24 8 27 28 3 10 17 28 8
split_gain=20.6741 4.40507 1.12226 0.973238 1.39213 1.35019 0.847224 0.737365 0.714043 0.710734 0.691482 0.780459 0.716409 0.690961 0.711111 0.600023 0.695325 1.47266 1.15522 0.540448 0.418736 0.416892 0.617753 0.381388 0.375224 1.2538 0.858965 0.520488 1.35142 0.82241
threshold=51612.380000000005 0.80304264575733286 55249.765000000007 41966.585000000014 8.5000000000000018 0.28923283929024884 0.61253668018332996 52205.678397480951 7.5000000000000009 67471.390000000014 21507.385000000006 55189.550774771618 6336.9368750000003 11.500000000000002 23.500000000000004 286157.09000000003 439.0530521296642 0.49420449183144588 38553.507080611824 55317.817500000005 51288.42500000001 91288.965833333335 22941.712500000005 35934.090833333343 11.500000000000002 80504.985000000015 10702.415000000003 0.78437911297247498 8.5000000000000018 40304.025000000001
decision_type=2 2 2 2 2 2 2 2 2 2 2 2 2 2 2 2 2 2 2 2 2 2 2 2 2 2 2 2 2 2
left_child=3 2 10 21 5 19 8 -8 -7 -4 -2 12 -12 -6 20 16 17 18 -3 -5 -15 24 -23 -19 27 26 -26 28 -1 -29
right_child=1 15 9 4 13 6 7 -9 -10 -11 11 -13 -14 14 -16 -17 -18 23 -20 -21 -22 22 -24 -25 25 -27 -28 29 -30 -31
leaf_value=-0.025408267436729321 29.488796244707061 -26.133250676993931 -2.5206627256452978 -0.42028933171775124 55.780315861541233 19.138984829793554 -8.2794516234110649 29.728385814087535 -7.9225434210636436 195.13133683673536 -6.4411994187099477 -16.698931867632012 35.579502809755098 0.2187057382007235 25.192535520096474 -1.9098347493962009 0.30536040011024568 73.926263178426993 -3.0136722656707366 8.6869564078862869 -7.8390313809480245 112.60035201939456 -4.6776800505028007 -3.0652858359116864 6.7436916686484034 -23.81829681057663 -1.6366587880545249 -0.56695646010366629 5.8731505939992514 -17.789665949641051
leaf_weight=6388 204 24 22 22 424 172 129 24 22 3354 33 21 128 34 81 24 107 46 39 804 20 20 33 30 282 23 922 4413 2233 24
leaf_count=6388 204 24 22 22 424 172 129 24 22 3354 33 21 128 34 81 24 107 46 39 804 20 20 33 30 282 23 922 4413 2233 24
internal_value=0.000558452 0.00247917 0.00274482 7.65402e-05 0.000748268 0.000161125 -0.00140922 -0.00307843 -9.27834e-05 0.00292002 0.00121244 -0.000131868 0.00057764 0.00198032 0.000111111 -0.00122222 -0.000780488 -0.00217986 -0.00557143 0.000820823 -0.00255556 -4.60304e-06 -0.00266038 0.000631579 5.25037e-06 -0.000496332 -0.000363787 5.23818e-05 0.000188261 -0.000211629
internal_weight=20102 4032 3762 16070 1732 1173 347 153 194 3376 386 182 161 559 135 270 246 139 63 826 54 14338 53 76 14285 1227 1204 13058 8621 4437
internal_count=20102 4032 3762 16070 1732 1173 347 153 194 3376 386 182 161 559 135 270 246 139 63 826 54 14338 53 76 14285 1227 1204 13058 8621 4437
is_linear=0
shrinkage=0.03


Tree=235
num_leaves=31
num_cat=0
split_feature=8 26 7 31 8 21 28 9 17 28 14 14 22 14 1 7 28 16 7 5 0 24 22 22 22 31 0 17 12 12
split_gain=20.4823 4.62967 1.2342 0.908916 1.24381 1.17571 0.920458 0.715343 0.650488 0.614111 0.944841 1.43048 0.58315 1.26193 0.546226 0.568058 0.57819 0.46217 0.455497 1.09805 0.434298 0.673389 1.18543 0.432438 0.827893 0.431986 0.413267 0.244403 0.658353 0.159743
threshold=51612.380000000005 7.5000000000000009 55914.101486790467 20.500000000000004 36171.740000000013 38345.331666666672 8.5000000000000018 286157.09000000003 0.6792167023736454 8.5000000000000018 21507.385000000006 23060.710000000003 85346.12000000001 6746.8300000000008 56594.065866915778 61746.364147706547 2.5000000000000004 225.14587273741566 26878.196514658306 27255.304618468286 53614.23790375 54068.094166666669 38958.825000000004 39738.000000000007 26606.815000000002 22.500000000000004 51732.289178352446 0.62245807116239893 7557.0300000000007 8846.0350000000017
decision_type=2 2 2 2 2 2 2 2 2 2 2 2 2 2 2 2 2 2 2 2 2 2 2 2 2 2 2 2 2 2
left_child=3 7 9 12 5 18 8 14 17 10 29 -12 20 -14 -2 -16 -17 -6 19 -5 21 26 -23 24 -22 -20 -1 -8 -29 -3
right_child=1 2 -4 4 6 -7 27 -9 -10 -11 11 -13 13 -15 15 16 -18 -19 25 -21 23 22 -24 -25 -26 -27 -28 28 -30 -31
leaf_value=-0.0039135875084685533 0.28547715968353771 29.598560556149561 249.31006944102177 -0.041698157108787666 5.0953695166045971 -3.5053218927667698 36.5624616297752 -1.9963773506991462 15.747645680418207 83.12591268934888 -6.2479634357435128 7.1426345314496649 -5.6502656636270157 6.4110765443065718 -6.4993334496806057 -3.1199382784258836 0.48148299127930666 -2.7160755621629384 14.937668753807579 -10.515094723343715 84.290522319629986 -1.9936822652427317 -5.0974835809215078 59.800588809891657 -33.696670259405863 2.0558626514404903 -10.935751234902193 25.637853745904945 -10.720688314002409 14.550037857601037
leaf_weight=12582 69 138 3183 1112 311 26 343 23 79 159 53 130 33 34 29 71 120 136 111 21 67 85 20 85 37 742 60 162 24 57
leaf_count=12582 69 138 3183 1112 311 26 343 23 79 159 53 130 33 34 29 71 120 136 111 21 67 85 20 85 37 742 60 162 24 57
internal_value=0.000559944 0.00247173 0.00276613 8.02739e-05 0.000544832 0.000107356 0.00137915 -0.00103846 0.000490494 0.00143575 0.000777778 -0.000770492 -2.93008e-05 -0.0028209 -0.000633218 -0.00136364 -0.000769633 4.698e-05 0.000190332 -0.000203883 -1.48422e-05 -3.60084e-05 -0.00242857 0.0014127 0.000115385 0.000713951 -1.61366e-05 0.00226276 0.0013871 0.00223077
internal_weight=20102 4032 3720 16070 3067 2012 1055 312 526 537 378 183 13003 67 289 220 191 447 1986 1133 12936 12747 105 189 104 853 12642 529 186 195
internal_count=20102 4032 3720 16070 3067 2012 1055 312 526 537 378 183 13003 67 289 220 191 447 1986 1133 12936 12747 105 189 104 853 12642 529 186 195
is_linear=0
shrinkage=0.03


Tree=236
num_leaves=31
num_cat=0
split_feature=8 26 6 8 28 19 13 10 3 20 9 28 14 14 19 11 1 7 28 13 20 25 1 28 6 0 17 17 28 17
split_gain=20.26 4.5905 1.3816 0.870321 1.47151 1.11536 1.10738 1.09654 1.00763 0.740816 0.715343 0.690961 0.658504 1.31466 0.625541 0.625084 0.546226 0.568058 0.57819 0.508259 1.00511 0.50231 0.75 0.364742 1.04617 3.18022 0.603904 0.481452 1.35205 0.558384
threshold=51612.380000000005 7.5000000000000009 56957.399216557526 41966.585000000014 8.5000000000000018 0.27907032601790244 6105.4250000000002 87055.695000000022 43230.880000000005 0.20837795508903484 286157.09000000003 11.500000000000002 21507.385000000006 23060.710000000003 0.23988449153655658 29005.795000000006 56594.065866915778 61746.364147706547 2.5000000000000004 13375.220000000001 0.14381983606015014 53382.545000000006 77732.306425558534 11.500000000000002 37356.255004098603 38236.123256732819 0.67395474368577224 0.78437911297247498 8.5000000000000018 0.85677782848295181
decision_type=2 2 2 2 2 2 2 2 2 2 2 2 2 2 2 2 2 2 2 2 2 2 2 2 2 2 2 2 2 2
left_child=3 10 12 21 5 6 15 8 -7 -9 16 -6 -3 14 -14 -5 -2 -18 -19 20 -13 23 -23 27 26 -26 -25 28 -1 -29
right_child=1 2 -4 4 11 7 -8 9 -10 -11 -12 19 13 -15 -16 -17 17 18 -20 -21 -22 22 -24 24 25 -27 -28 29 -30 -31
leaf_value=-0.032987127193067331 0.27691284489303192 33.003371319384314 259.37393430924811 7.4281696179712169 53.568547164193447 18.675365501373285 10.879216971625629 31.580113330745046 -5.7256289643566625 -8.4911519485447577 -1.9364860301781719 9.1784213302730464 -6.3233322972043284 20.951087549072977 -0.71164588172187737 -2.378353932885807 -6.3043534461901878 -3.0263401300731072 0.46703850154092669 10.933236801660687 -8.0559615459709661 -2.3489546549313212 40.096546430697437 -1.2964626393048186 -15.188435093587584 -1.6401386747359015 1.7645660998762875 -6.573228182495841 5.7011344766496679 -0.30228672715996296
leaf_weight=6390 69 280 3134 24 424 39 712 98 236 30 23 23 33 231 42 34 29 71 120 92 20 30 20 612 25 124 462 257 2234 4184
leaf_count=6390 69 280 3134 24 424 39 712 98 236 30 23 23 33 231 42 34 29 71 120 92 20 30 20 612 25 124 462 257 2234 4184
internal_value=0.000555467 0.00245685 0.00275 7.84071e-05 0.000713626 0.000109975 0.000779221 -0.00116873 -0.00223636 0.001125 -0.00103846 0.00198032 0.00141297 0.00045098 -0.003 -0.0032069 -0.000633218 -0.00136364 -0.000769633 0.000111111 -0.0025814 1.67399e-06 -0.003 1.21782e-05 -0.000483238 -0.00283893 -0.000156424 5.85535e-05 0.000189239 -0.000195226
internal_weight=20102 4032 3720 16070 1732 1173 770 403 275 128 312 559 586 306 75 58 289 220 191 135 43 14338 50 14288 1223 149 1074 13065 8624 4441
internal_count=20102 4032 3720 16070 1732 1173 770 403 275 128 312 559 586 306 75 58 289 220 191 135 43 14338 50 14288 1223 149 1074 13065 8624 4441
is_linear=0
shrinkage=0.03


Tree=237
num_leaves=31
num_cat=0
split_feature=8 26 31 27 5 9 28 25 1 4 28 20 1 12 14 7 7 17 19 14 16 28 31 10 10 5 22 16 27 8
split_gain=20.0768 5.04219 1.12473 1.63706 0.80465 0.746215 0.707192 0.691174 1.16727 0.81542 0.661171 0.628474 0.625973 0.62319 0.849929 0.724948 0.579775 0.577466 0.56672 0.510602 0.499894 0.486516 0.44259 0.381773 0.868831 0.585838 0.477906 1.43008 0.445323 0.392423
threshold=52914.385000000002 7.5000000000000009 20.500000000000004 5168.6406250000009 57018.406606265984 286157.09000000003 11.500000000000002 54814.740000000005 76446.873244079863 57707.860000000008 8.5000000000000018 0.19638084324115651 56594.065866915778 4286.3700000000008 10341.340000000002 36886.689912643415 61746.364147706547 0.46633768675187554 0.18712675820364585 9773.3000000000011 225.14587273741566 7.5000000000000009 3.5000000000000004 100690.32500000003 97394.805000000008 64964.705309823563 1891.8500000000001 -46.964762746983972 14982.431000000002 7069.567500000001
decision_type=2 2 2 2 2 2 2 2 2 2 2 2 2 2 2 2 2 2 2 2 2 2 2 2 2 2 2 2 2 2
left_child=2 5 7 6 22 12 11 23 9 -9 17 21 -2 14 -8 -15 -14 -5 -18 -13 -19 -4 -3 24 25 -1 27 -25 -26 -28
right_child=1 4 3 10 -6 -7 13 8 -10 -11 -12 19 16 15 -16 -17 18 20 -20 -21 -22 -23 -24 26 28 -27 29 -29 -30 -31
leaf_value=-0.089056197372623963 0.31743706019788726 -2.3509089078468053 0.22061477281957073 -3.0953962232568104 246.86994253768381 -2.0222290930576579 -0.58464188863155253 -10.029023053071629 74.838511572795298 -1.9247895216468387 40.420022392234742 -3.2456515020388821 -6.4740083094319649 6.4939548255705297 -3.1644039796580579 -1.8382317394489183 -0.061082579725493795 19.072799454378199 -3.5846348185003536 0.15725085908825523 -0.77995187661788923 8.3439347252024891 34.70057752122031 -19.179069793437776 -35.517307200867528 -19.759865865955017 30.38136727583608 194.55681532263935 -0.15372344904242319 2.5154407391775373
leaf_weight=11928 58 30 794 22 3140 22 77 20 27 23 390 160 28 104 62 45 147 202 43 407 116 776 327 32 24 60 105 27 22 884
leaf_count=11928 58 30 794 22 3140 22 77 20 27 23 390 160 28 104 62 45 147 202 43 407 116 776 327 32 24 60 105 27 22 884
internal_value=0.000552482 0.00251779 9.51126e-05 0.000603804 0.002837 -0.00122819 0.000228866 -2.69159e-05 -0.003 -0.00606977 0.00184932 0.00041694 -0.000804348 -0.00116667 -0.00261151 0.000181208 -0.00154128 0.000882353 -0.000947368 -0.000439153 0.00120755 0.000726115 0.0014874 -1.10074e-05 -5.88332e-05 -4.30429e-05 0.000538168 -0.00208475 -0.00417391 0.000694641
internal_weight=20102 3795 16307 3155 3497 298 2425 13152 70 43 730 2137 276 288 139 149 218 340 190 567 318 1570 357 13082 12034 11988 1048 59 46 989
internal_count=20102 3795 16307 3155 3497 298 2425 13152 70 43 730 2137 276 288 139 149 218 340 190 567 318 1570 357 13082 12034 11988 1048 59 46 989
is_linear=0
shrinkage=0.03


Tree=238
num_leaves=31
num_cat=0
split_feature=8 26 8 28 19 10 6 20 4 9 3 1 28 23 14 19 12 25 1 20 17 18 26 9 3 22 28 3 28 22
split_gain=20.2999 4.28152 1.11927 1.87576 1.19152 1.05258 1.04989 0.965847 0.951854 0.833391 0.736135 0.597638 0.596819 0.633751 0.535761 0.82541 1.5761 0.50091 0.75 0.472901 0.436593 0.664427 0.549209 0.36066 0.299902 0.701057 0.469821 0.982614 0.914844 0.361455
threshold=52914.385000000002 7.5000000000000009 41966.585000000014 8.5000000000000018 0.27907032601790244 87900.860000000015 56957.399216557526 0.20837795508903484 13158.335000000003 286157.09000000003 42856.69000000001 58872.708440248905 11.500000000000002 947.95529796384324 21507.385000000006 0.26410463441052279 9547.4550000000017 53382.545000000006 77732.306425558534 0.1845861726455523 0.98117139716968638 1.1339677330447653 3.5000000000000004 30013.395 12883.635000000002 46503.510000000002 11.500000000000002 80504.985000000015 8.5000000000000018 35162.275000000001
decision_type=2 2 2 2 2 2 2 2 2 2 2 2 2 2 2 2 2 2 2 2 2 2 2 2 2 2 2 2 2 2
left_child=2 9 17 4 8 10 14 -7 -4 11 -6 -2 -5 -14 -3 16 -16 24 -19 -15 21 -13 -22 -10 25 29 28 -28 -26 -1
right_child=1 6 3 12 5 7 -8 -9 23 -11 -12 20 13 19 15 -17 -18 18 -20 -21 22 -23 -24 -25 26 -27 27 -29 -30 -31
leaf_value=-0.56164872697906876 0.29278423834357492 41.048797708458707 -2.8253031237158837 58.819847402590732 22.073178988048905 33.257107756519758 246.52762734018353 -7.8747329044353815 3.4073731953823176 -1.9615622202659282 -5.5942095265534935 -0.32962435423626685 -15.19701115614432 14.167899801640607 -12.712764115300923 40.26505870970648 13.341671497528916 -2.2207423296339801 36.648494690592656 -2.2530717918776064 -3.3343461987254726 -3.4650002447124191 37.895171119038125 12.866747265121798 -0.0068885954810596487 -30.372048395761368 -0.7618722883943928 -24.5908403462157 4.2619802367198441 27.003850389920007
leaf_weight=5569 64 161 21 480 32 113 3122 31 428 22 255 32 20 106 23 139 52 30 20 29 124 23 33 454 5659 26 720 21 2243 50
leaf_count=5569 64 161 21 480 32 113 3122 31 428 22 255 32 20 106 23 139 52 30 20 29 124 23 33 454 5659 26 720 21 2243 50
internal_value=0.000549498 0.00252569 8.95935e-05 0.000760285 0.000121439 -0.00117633 0.00281985 0.000916667 0.000740864 -0.000926174 -0.00222648 -0.000478261 0.00210236 0.000483871 0.00132 0.000336449 -0.0022 -2.5107e-06 -0.003 0.00122222 -0.00124528 -0.00354545 -0.00043949 0.000891157 7.97883e-06 -0.00016209 0.000119056 -0.000603239 0.000186788 -0.000139349
internal_weight=20102 3795 16307 1969 1334 431 3497 144 903 298 287 276 635 155 375 214 75 14338 50 135 212 55 157 882 14288 5645 8643 741 7902 5619
internal_count=20102 3795 16307 1969 1334 431 3497 144 903 298 287 276 635 155 375 214 75 14338 50 135 212 55 157 882 14288 5645 8643 741 7902 5619
is_linear=0
shrinkage=0.03


Tree=239
num_leaves=31
num_cat=0
split_feature=8 26 0 8 28 13 13 10 15 28 14 14 28 24 22 3 14 20 25 1 20 23 22 3 2 13 18 24 28 6
split_gain=20.2996 3.91054 1.33389 0.915154 1.75171 1.39542 1.35318 0.819259 0.818182 0.766124 0.738648 1.25316 0.732565 0.619369 0.542733 0.866108 0.738934 0.536211 0.50091 0.75 0.424297 0.303155 0.297551 0.436474 1.11176 0.329502 0.291509 0.265871 0.519593 0.825887
threshold=52367.32 7.5000000000000009 57031.778295552125 41966.585000000014 8.5000000000000018 2467.6050000000005 13571.105000000001 87055.695000000022 0.99997887954540843 11.500000000000002 21507.385000000006 22667.180000000004 2.5000000000000004 86412.455000000002 53316.590000000011 107816.60500000003 17450.105000000007 0.18024830523389127 53382.545000000006 77732.306425558534 0.15456395107413459 30880.542758547504 75321.155000000013 68066.175000000017 18301.420000000002 4123.0100000000011 0.74379440222871007 12969.171666666667 11.500000000000002 37356.255004098603
decision_type=2 2 2 2 2 2 2 2 2 2 2 2 2 2 2 2 2 2 2 2 2 2 2 2 2 2 2 2 2 2
left_child=3 13 10 18 5 8 20 -8 -5 21 -3 -12 -13 22 -15 -16 -17 26 27 -20 -7 -6 23 25 -25 -2 -11 -1 -29 -30
right_child=1 2 -4 4 9 6 7 -9 -10 17 11 12 -14 14 15 16 -18 -19 19 -21 -22 -23 -24 24 -26 -27 -28 28 29 -31
leaf_value=-0.534559549903038 44.435780257416312 39.128414390951313 245.7362514255957 -0.78384302608200851 59.07169590520661 11.067575497934726 -4.8282779683271322 15.286053030792333 -0.6829487824841568 14.660233038640737 -7.9378406055200514 -7.3123991055938999 32.926748083176889 -17.483381725904788 0.45233911782970104 -0.10087508155976693 -13.611871251067839 -5.1647543199594459 -2.1541200597449586 35.54903984987488 1.5759098308768473 13.599548616508043 29.552797313681666 115.41350300411993 -24.381427908959171 -2.5147070313649715 -0.75853690977415211 0.27884921941925356 -0.18247788844459395 -3.6119259256553344
leaf_weight=4940 43 197 3098 22 441 413 253 140 22 75 39 36 202 22 55 42 25 34 30 20 429 25 34 21 30 29 37 8518 681 149
leaf_count=4940 43 197 3098 22 441 413 253 140 22 75 39 36 202 22 55 42 25 34 30 20 429 25 34 21 30 29 37 8518 681 149
internal_value=0.00054502 0.00249651 0.00277324 7.93026e-05 0.00069963 6.8022e-05 0.000255061 -0.00119847 -0.00518182 0.00201961 0.00129114 0.000292419 0.00110924 -0.000787375 -0.00220833 -0.00142623 -0.00371642 0.000123288 -2.5107e-06 -0.003 0.000933492 0.00261373 0.000515924 -0.000170732 -0.00229412 0.00133333 0.001125 7.97883e-06 0.000102054 -0.000614458
internal_weight=20102 3873 3572 16229 1891 1279 1235 393 44 612 474 277 238 301 144 122 67 146 14338 50 842 466 157 123 51 72 112 14288 9348 830
internal_count=20102 3873 3572 16229 1891 1279 1235 393 44 612 474 277 238 301 144 122 67 146 14338 50 842 466 157 123 51 72 112 14288 9348 830
is_linear=0
shrinkage=0.03


Tree=240
num_leaves=31
num_cat=0
split_feature=22 26 31 3 28 18 11 14 12 27 25 18 28 17 2 2 18 11 12 18 22 28 6 5 1 28 23 6 31 17
split_gain=19.844 4.92154 1.09656 1.47171 0.862364 0.800399 0.714681 0.648629 0.562207 0.510538 0.731236 0.47972 0.475687 0.474665 0.555374 0.89418 0.418025 0.648292 0.362842 0.657735 0.954645 0.721414 0.601097 0.47843 0.453554 0.336981 0.397408 0.317291 0.472543 0.158956
threshold=56430.955000000009 7.5000000000000009 20.500000000000004 39181.555000000008 8.5000000000000018 57344.397984489864 30353.320000000003 34115.795000000006 11004.725000000002 1918.6906250000004 16143.647500000001 0.57612251991566432 11.500000000000002 1.18358613563019 63675.950000000004 108107.06000000001 0.18838242487355683 87798.540000000023 8487.6150000000034 0.57206246992307086 8554.782500000003 8.5000000000000018 52621.520700217421 52159.8739844827 79841.928573533674 11.500000000000002 1110.1123810005895 56957.399216557526 13.500000000000002 0.64268348073135961
decision_type=2 2 2 2 2 2 2 2 2 2 2 2 2 2 2 2 2 2 2 2 2 2 2 2 2 2 2 2 2 2
left_child=2 7 5 9 6 18 8 13 -5 -4 11 -11 -12 14 -2 -16 -15 -18 22 20 -20 -21 23 -1 -24 29 -27 28 -3 -6
right_child=1 27 3 4 25 -7 -8 -9 -10 10 12 -13 -14 16 15 -17 17 -19 19 21 -22 -23 24 -25 -26 26 -28 -29 -30 -31
leaf_value=0.016346937282720603 -5.1879813928320226 -5.9140217924624476 2.8225644582954326 2.8341519816687821 58.83788184771263 -24.450014824203695 17.673131783911717 12.269751486976478 -5.4301760118482223 -1.5623672578168832 0.3698977243860504 -6.4426846208439379 -1.4280847730404802 -3.9697597265835021 67.159840238673738 -6.1771286486172823 0.97120558119263578 -1.4662261658945683 -23.870808862639969 -3.9972091421546168 2.7071207668564412 5.2326732312604296 24.077413529667254 -1.7345333052075187 -2.2761842973916351 -1.9495093893862139 10.909510296346788 232.6030278513368 36.509943732506997 30.901862300772567
leaf_weight=11783 20 32 72 390 326 25 167 52 24 44 1697 26 231 25 36 27 125 97 29 295 610 119 216 108 51 29 101 3119 110 116
leaf_count=11783 20 32 72 390 326 25 167 52 24 44 1697 26 231 25 36 27 125 97 29 295 610 119 216 108 51 29 101 3119 110 116
internal_value=0.000527112 0.00253061 8.36625e-05 0.000579895 0.00143886 -3.71712e-05 0.000624785 -0.000691099 -4.34781e-05 0.000101449 1.20121e-05 -0.003 0.000121369 -0.00118182 -0.00314458 -0.0017619 -0.000522267 -0.000108108 -2.70228e-05 -0.000561253 4.22536e-05 -0.00149275 1.92467e-05 -1.23622e-05 0.00142697 0.00226573 0.000923077 0.002908 0.00152113 0.00266063
internal_weight=20102 3643 16459 3223 1153 13236 581 382 414 2070 1998 70 1928 330 83 63 247 222 13211 1053 639 414 12158 11891 267 572 130 3261 142 442
internal_count=20102 3643 16459 3223 1153 13236 581 382 414 2070 1998 70 1928 330 83 63 247 222 13211 1053 639 414 12158 11891 267 572 130 3261 142 442
is_linear=0
shrinkage=0.03


Tree=241
num_leaves=31
num_cat=0
split_feature=8 26 31 27 4 4 31 16 16 2 10 10 21 8 25 8 20 31 29 17 12 25 8 5 13 5 17 16 16 17
split_gain=19.6322 5.10829 1.53751 2.02345 0.579154 0.736809 0.525147 0.593177 0.788632 0.580325 0.659566 0.523636 0.49755 0.451661 0.750416 0.495965 0.61474 0.451334 0.365983 0.514828 0.379462 0.364702 0.36 0.359516 0.353802 0.35331 0.325989 0.286364 0.247314 0.199234
threshold=55821.735000000008 7.5000000000000009 20.500000000000004 5168.6406250000009 108236.71000000001 125489.16500000001 22.500000000000004 332.48588486088562 369.07793865541322 22999.490000000005 32360.165000000005 205779.04000000001 102870.20833333336 58758.475000000013 79069.565000000017 137255.53750000001 0.08131306304396789 2.5000000000000004 3.5000000000000004 0.46633768675187554 12222.440000000001 56962.317500000005 26348.137500000004 64091.463073322775 3599.4000000000005 57691.420538497994 1.7111449293671963 -6951.0217743000103 668.95426353151936 0.99994520624625149
decision_type=2 2 2 2 2 2 2 2 2 2 2 2 2 2 2 2 2 2 2 2 2 2 2 2 2 2 2 2 2 2
left_child=2 13 4 6 12 -6 9 24 -9 10 -4 27 21 -2 26 16 -16 -17 19 -5 -21 23 -13 -1 -8 -23 29 -7 -11 -15
right_child=1 -3 3 18 5 11 7 8 -10 28 -12 22 -14 14 15 17 -18 -19 -20 20 -22 25 -24 -25 -26 -27 -28 -29 -30 -31
leaf_value=-0.009957073198123759 -15.462956355123092 244.30731737892455 0.65818512771338367 -2.5666567844670505 -5.5854827578235762 130.77144924929925 3.1698262970014777 -7.790163329312203 -0.55940482036732853 16.106852528986913 -6.3241550845015428 54.329862570135937 83.270673664633335 -0.055885663036680473 -2.7764551989898267 -0.80812921087467826 -10.895190540555879 119.38166983069939 39.858965895365507 20.256357258121902 -4.2528603707442905 -5.9617784067365847 -7.1424195706571743 -15.740247181037388 0.36694838893913911 35.698756771917324 -2.444129166179291 -2.444215723064997 10.356137983627278 89.15099620753827
leaf_weight=13040 26 3054 68 26 39 35 99 54 527 160 22 20 49 29 58 26 25 23 395 516 23 21 25 123 1433 20 32 20 62 52
leaf_count=13040 26 3054 68 26 39 35 99 54 527 160 22 20 49 29 58 26 25 23 395 516 23 21 25 123 1433 20 32 20 62 52
internal_value=0.000524127 0.00263008 0.000106753 0.000677991 -3.76343e-05 -0.00196403 0.000216495 4.68529e-05 -0.000769363 0.00136538 -0.000666667 -0.0006 -1.74299e-05 -0.00131734 -0.000918367 -0.00245455 -0.00386747 -6.12244e-05 0.00184375 0.00135398 0.00155288 -2.86276e-05 -0.003 -1.98282e-05 0.000356397 -0.00285366 0.000876106 0.00136364 0.00218919 0.00188889
internal_weight=20102 3325 16777 3385 13392 139 2425 2113 581 312 90 100 13253 271 245 132 83 49 960 565 539 13204 45 13163 1532 41 113 55 222 81
internal_count=20102 3325 16777 3385 13392 139 2425 2113 581 312 90 100 13253 271 245 132 83 49 960 565 539 13204 45 13163 1532 41 113 55 222 81
is_linear=0
shrinkage=0.03


Tree=242
num_leaves=31
num_cat=0
split_feature=8 26 31 27 25 18 8 20 23 13 19 15 31 7 12 23 20 29 17 13 27 14 13 8 19 15 19 14 25 11
split_gain=19.7995 4.55134 1.50008 2.08545 0.546383 0.81412 0.506424 0.477711 0.650423 1.63333 0.59866 0.533196 0.52074 0.392245 0.60956 0.771527 0.498543 0.365983 0.514828 0.363066 0.655968 0.385771 0.457067 0.283893 0.272216 0.252857 0.250231 0.191004 0.186556 0.144643
threshold=55821.735000000008 7.5000000000000009 20.500000000000004 5168.6406250000009 56962.317500000005 0.53358113006334162 58758.475000000013 0.19638084324115651 308.23259113439741 4826.1100000000015 0.217397897611003 1.0107914264264122 22.500000000000004 117734.64191757387 963.18500000000006 72063.95481125357 0.016878840324275331 3.5000000000000004 0.46633768675187554 43954.060000000005 22032.443333333336 36493.370000000003 31640.295000000002 14950.92 0.29063422872196509 1.2267211399043265 0.20775728431630533 18930.835000000003 56450.905000000006 20508.180000000004
decision_type=2 2 2 2 2 2 2 2 2 2 2 2 2 2 2 2 2 2 2 2 2 2 2 2 2 2 2 2 2 2
left_child=2 6 4 7 19 -6 -2 10 9 -9 26 -10 -12 14 25 -16 -15 18 -5 21 -21 22 -1 -23 -20 -8 -4 -19 -3 -29
right_child=1 28 3 17 5 -7 13 8 11 -11 12 -13 -14 16 15 -17 -18 27 24 20 -22 23 -24 -25 -26 -27 -28 29 -30 -31
leaf_value=-0.077366316445455025 -14.999067664469401 52.729400949202578 3.6966187739774887 -2.4896570809330303 -5.9074508960302197 38.852006403135135 28.29855358187617 -5.9792421803161 2.6762871573120228 3.4528864252502847 12.938372202579549 -1.2280372898607195 -0.6317903478156407 -2.9739076760845227 -3.1060634104293428 1.145920744486109 0.055682622624158108 6.8167734339913411 21.663523044709741 -24.41101171445796 43.80080266096973 -0.82163197788574138 -15.979414320836607 63.028704018583319 9.9371909392530888 -0.26478953904989205 9.0542253151490666 9.1672164750637517 245.63291391824436 44.272325741981732
leaf_weight=12998 26 21 500 26 38 37 59 24 323 30 144 254 1059 38 67 24 32 35 366 39 23 55 101 101 173 25 91 24 3033 336
leaf_count=12998 26 21 500 26 38 37 59 24 323 30 144 254 1059 38 67 24 32 35 366 39 23 55 101 101 173 25 91 24 3033 336
internal_value=0.000515173 0.00263008 9.60244e-05 0.000660266 -4.65949e-05 -0.0026 -0.00109594 0.000191753 -0.000518225 -0.00366667 0.000441472 -0.00022357 5.73567e-05 -0.000673469 8.57144e-05 -0.00161538 -0.00257143 0.00184375 0.00135398 -3.22144e-05 -0.00232258 -2.15012e-05 -3.91632e-05 0.00146154 0.00155288 0.00192857 0.00122335 0.0025443 0.00296071 0.00275
internal_weight=20102 3325 16777 3385 13392 75 271 2425 631 54 1794 577 1203 245 175 91 70 960 565 13317 62 13255 13099 156 539 84 591 395 3054 360
internal_count=20102 3325 16777 3385 13392 75 271 2425 631 54 1794 577 1203 245 175 91 70 960 565 13317 62 13255 13099 156 539 84 591 395 3054 360
is_linear=0
shrinkage=0.03


Tree=243
num_leaves=31
num_cat=0
split_feature=8 26 31 5 28 2 9 22 14 24 22 8 2 8 28 5 14 11 13 0 2 28 2 12 23 16 5 13 14 28
split_gain=19.2942 5.63516 1.11738 1.51478 1.00375 0.943527 0.841937 0.716977 1.07609 0.591632 0.47986 0.770921 0.734504 0.691724 0.44535 0.818301 0.563348 0.443943 0.439832 0.617791 0.4 0.376193 0.616756 0.769306 0.59632 0.488686 0.450812 0.266204 0.250143 0.380166
threshold=54063.242500000008 7.5000000000000009 20.500000000000004 39276.988104895972 8.5000000000000018 39695.250000000007 29472.650000000005 85346.12000000001 6746.8300000000008 55542.853333333347 57033.520000000011 107222.05250000001 52015.665000000008 137255.53750000001 11.500000000000002 36742.438036193853 9773.3000000000011 28829.465 14642.060000000001 71988.767230218757 21507.010000000006 1.5000000000000002 48928.23000000001 7680.4900000000007 132.18886244444403 -394.57915260407748 625.98500000000013 12941.230000000001 20376.210000000003 11.500000000000002
decision_type=2 2 2 2 2 2 2 2 2 2 2 2 2 2 2 2 2 2 2 2 2 2 2 2 2 2 2 2 2 2
left_child=2 10 7 5 6 14 17 21 -9 27 12 18 20 -13 16 -16 -4 -5 19 -12 -2 22 25 -24 -23 -1 -26 -3 29 -6
right_child=1 9 3 4 28 -7 -8 8 -10 -11 11 13 -14 -15 15 -17 -18 -19 -20 -21 -22 24 23 -25 26 -27 -28 -29 -30 -31
leaf_value=17.184344490756956 -3.0800688970947596 43.510597599728889 -0.46100794448348337 0.067358521496127532 38.076960536820337 -5.0067473899709345 15.961829000642654 -9.1282965733611565 7.3542033263485456 182.7182469003483 -3.3595197082369315 -8.3579051148067034 -15.351372823337918 -0.46135519220205434 -0.2244094093963229 -2.5868048190140334 3.1124809948943923 -8.6687052922219134 33.02117124741671 0.14673114424822772 78.516109612480221 10.005135127305985 -6.9545320844964129 -1.4810719186469077 -14.035148389330223 -2.7011412363572402 0.020264575523448982 -4.5433506534587949 46.041884357917745 -1.792757113534996
leaf_weight=53 20 28 703 328 195 29 216 33 36 3219 48 26 21 43 224 22 1110 31 40 67 20 214 26 34 20 1040 11821 29 346 60
leaf_count=53 20 28 703 328 195 29 216 33 36 3219 48 26 21 43 224 22 1110 31 40 67 20 214 26 34 20 1040 11821 29 346 60
internal_value=0.000516665 0.0025198 8.54242e-05 0.000582721 0.00144388 9.77013e-05 0.000547826 -3.68305e-05 -0.00308696 0.00287179 -0.00152632 -0.000883928 -0.00388525 -0.00352174 0.000173385 -0.00102439 0.000335907 -0.000342618 0.000290323 -0.000652174 -0.0015 -2.08963e-05 -0.000538595 -0.0035 2.86189e-05 -0.000376029 2.53469e-07 -0.000157895 0.00230116 0.00158824
internal_weight=20102 3561 16541 3264 1176 2088 575 13277 69 3276 285 224 61 69 2059 246 1813 359 155 115 40 13208 1153 60 12055 1093 11841 57 601 255
internal_count=20102 3561 16541 3264 1176 2088 575 13277 69 3276 285 224 61 69 2059 246 1813 359 155 115 40 13208 1153 60 12055 1093 11841 57 601 255
is_linear=0
shrinkage=0.03


Tree=244
num_leaves=31
num_cat=0
split_feature=8 17 31 27 10 28 10 23 4 14 22 28 17 8 10 27 8 18 31 20 18 16 25 24 25 3 20 7 10 28
split_gain=19.5476 3.59799 1.46229 1.97677 1.22257 0.812876 0.676141 0.865362 0.579154 0.83318 0.994928 1.00737 0.570473 0.501843 0.551315 0.466708 1.03751 0.904914 0.473297 0.454111 0.447196 0.434313 0.425451 0.364477 0.353226 0.309121 0.51282 0.141758 0.133117 0.335121
threshold=55821.735000000008 0.81765997107515676 20.500000000000004 5168.6406250000009 72371.320000000022 8.5000000000000018 126695.53500000002 34566.677603075448 108236.71000000001 19859.325000000004 18581.645 9.5000000000000018 0.46633768675187554 80045.37000000001 318332.92000000004 1918.6906250000004 15525.757500000002 0.57612251991566432 22.500000000000004 0.21345497421165371 57344.397984489864 -19092.316337202094 56962.317500000005 64479.465833333343 18930.505000000005 57349.225000000013 0.17352960135754122 97414.782924832296 72855.927500000005 11.500000000000002
decision_type=2 2 2 2 2 2 2 2 2 2 2 2 2 2 2 2 2 2 2 2 2 2 2 2 2 2 2 2 2 2
left_child=2 4 8 15 -2 12 23 -8 20 10 -10 -12 -5 -9 -15 -4 17 -17 -18 -14 21 24 -23 -3 -1 26 -6 -25 29 -7
right_child=1 6 3 5 25 28 7 13 9 -11 11 -13 19 14 -16 16 18 -19 -20 -21 -22 22 -24 27 -26 -27 -28 -29 -30 -31
leaf_value=-3.1799726066761544 -1.3004974722524065 -1.3822915825443558 2.5499321806234083 -2.6539240587120796 45.605475916378474 50.085721402556189 -25.216713147058769 70.154909650739967 180.23850969265061 70.778337281250998 -12.288556910992032 -3.1542590689694845 14.981109659078182 -7.7499626266162753 -0.32407424808257723 -0.98493490506832981 8.7745352120694307 -6.6686398305251373 0.094195548511737656 -7.682343308308579 -18.283002632828957 -0.033967497499951427 -6.4928142806924907 54.316099696976778 54.787352326213821 252.71965170653914 -14.982414266200426 5.2742699673300821 56.734087398567461 0.52179234065568758
leaf_weight=20 20 38 72 22 48 129 26 30 32 34 43 30 399 22 41 39 293 24 1997 35 20 13101 39 43 73 2992 30 35 328 47
leaf_count=20 20 38 72 22 48 129 26 30 32 34 43 30 399 22 41 39 293 24 1997 35 20 13101 39 43 73 2992 30 35 328 47
internal_value=0.00051965 0.00262105 0.000103177 0.000660266 0.0028932 0.0018125 -0.000957447 -0.00254622 -3.76343e-05 -0.00196403 -0.00328571 -0.00521918 0.000894737 -0.00119355 -0.00271429 0.000204124 0.000131322 -0.00366667 0.000235808 0.00113364 -1.74299e-05 -1.06551e-05 -2.5114e-05 0.000672414 0.00203226 0.00294137 0.00107692 0.00184615 0.00264286 0.00197727
internal_weight=20102 3325 16777 3385 3090 960 235 119 13392 139 105 73 456 93 63 2425 2353 63 2290 434 13253 13233 13140 116 93 3070 78 78 504 176
internal_count=20102 3325 16777 3385 3090 960 235 119 13392 139 105 73 456 93 63 2425 2353 63 2290 434 13253 13233 13140 116 93 3070 78 78 504 176
is_linear=0
shrinkage=0.03


Tree=245
num_leaves=31
num_cat=0
split_feature=8 20 31 8 18 22 14 1 28 9 14 15 31 12 10 3 22 22 0 4 4 18 0 15 3 16 12 21 23 10
split_gain=18.9353 4.06026 1.39812 1.97303 0.978903 0.814155 1.44596 0.593812 0.580862 0.611821 0.508315 1.50914 0.594241 0.484885 0.872073 1.28883 1.20417 0.475543 1.0002 1.00833 0.679949 0.47619 0.473054 0.412138 0.404063 0.377423 0.337049 0.230916 0.195823 0.134509
threshold=55821.735000000008 0.084539928968186615 20.500000000000004 42616.950000000004 0.38595083721627327 94354.317500000019 6746.8300000000008 43746.331511262157 8.5000000000000018 30196.355000000003 9773.3000000000011 1.0197759647808582 22.500000000000004 8487.6150000000034 78644.540000000023 35846.995000000003 8554.782500000003 64259.695 103708.86129107491 121051.86000000002 61490.37000000001 0.53615486561020675 54063.962871112075 1.1010484585927232 58515.885000000009 289.84824603608655 2397.0600000000004 58868.586666666677 1564.241835609396 67471.390000000014
decision_type=2 2 2 2 2 2 2 2 2 2 2 2 2 2 2 2 2 2 2 2 2 2 2 2 2 2 2 2 2 2
left_child=2 17 5 7 -3 13 -7 10 9 25 11 -4 -12 22 15 -15 -16 20 21 -20 -2 -19 26 27 -24 -5 -1 28 -6 -10
right_child=1 4 3 8 23 6 -8 -9 29 -11 12 -13 -14 14 16 -17 -18 18 19 -21 -22 -23 24 -25 -26 -27 -28 -29 -30 -31
leaf_value=-0.36797725471478632 -3.5680725017428649 -14.990854356632399 0.060658580177981106 6.1850580620783449 16.526423705907582 -9.1492171222901693 8.3552285935512014 -4.553973800784564 20.747886574525026 16.778827910414151 13.255615541969648 -9.5621000938801881 0.93822277429666012 0.66027476193154511 -22.949003490478479 -7.0052406308251909 5.1171399577491901 -1.9382198430824702 -3.3348531426576282 -0.25762270944862714 -7.1909562096437494 165.45629720689462 67.626380345746952 -0.2273245528292358 -0.51142618134516393 -7.0223402437215121 0.42161595740307822 270.68150276202527 65.914328033519539 55.563652556649174
leaf_weight=7193 37 35 704 165 58 29 37 30 110 223 214 66 1435 187 26 266 603 24 20 40 26 60 140 21 58 76 4853 2916 88 362
leaf_count=7193 37 35 704 165 58 29 37 30 110 223 214 66 1435 187 26 266 603 24 20 40 26 60 140 21 58 76 4853 2916 88 362
internal_value=0.000507711 0.00257594 9.78126e-05 0.000642541 0.00284606 -3.98744e-05 -0.00336364 0.000194773 0.0018141 0.00106034 0.000246796 -0.00038961 0.000543966 -2.34128e-05 -0.000632163 -0.00163576 9.06201e-05 -0.00149275 -0.000541667 -0.0035 -0.00366667 0.00157143 3.03823e-05 0.00290269 0.00148485 1.24482e-05 6.47529e-06 0.00293142 0.00176712 0.00255508
internal_weight=20102 3325 16777 3385 3118 13392 66 2449 936 464 2419 770 1649 13326 1082 453 629 207 144 60 63 84 12244 3083 198 241 12046 3062 146 472
internal_count=20102 3325 16777 3385 3118 13392 66 2449 936 464 2419 770 1649 13326 1082 453 629 207 144 60 63 84 12244 3083 198 241 12046 3062 146 472
is_linear=0
shrinkage=0.03


Tree=246
num_leaves=31
num_cat=0
split_feature=8 26 8 31 4 13 18 22 22 14 18 17 18 8 7 29 9 10 0 12 14 6 7 12 1 12 24 2 1 0
split_gain=18.5239 5.7783 1.26512 1.66799 0.713977 0.791339 0.902474 0.772021 0.586116 0.664866 0.491956 0.592374 0.630861 0.449113 0.370767 0.358187 0.657895 0.772348 0.34268 0.338053 0.601544 1.12143 0.793207 0.471483 0.747988 0.584882 0.2331 0.219871 0.476414 0.149698
threshold=55821.735000000008 7.5000000000000009 43130.607500000006 20.500000000000004 13158.335000000003 11486.715000000002 0.62000952840461354 55249.765000000007 106856.02500000002 6746.8300000000008 0.18838242487355683 0.98117139716968638 1.0689021959005431 68567.342500000013 74521.169318249958 2.5000000000000004 30196.355000000003 75017.312500000015 59513.406920487621 8487.6150000000034 22455.205000000005 36581.682967593915 19706.57607711852 7804.5800000000008 37493.824723557387 7740.335 59036.265000000014 54002.185000000005 49227.652139977348 64094.159782527277
decision_type=2 2 2 2 2 2 2 2 2 2 2 2 2 2 2 2 2 2 2 2 2 2 2 2 2 2 2 2 2 2
left_child=2 10 8 4 -4 7 -7 -6 19 -10 -2 12 -12 29 -15 16 17 -5 26 23 21 -21 -22 25 -25 -1 -3 28 -17 -13
right_child=1 18 3 15 5 6 -8 -9 9 -11 11 13 -14 14 -16 27 -18 -19 -20 20 22 -23 -24 24 -26 -27 -28 -29 -30 -31
leaf_value=0.047915741704589697 -8.9883866046126464 28.463010426239119 -5.5941011049470486 -7.4709006397917044 13.972483428511014 4.1076164963636046 -5.4270379122607917 -3.3896483074723682 -3.9918792302904245 1.8836906910958497 -1.7167164639205583 0.50647963424621012 -5.089933245842948 -1.7208941544897325 -0.45574891939962309 28.468085325901193 16.629870629828329 11.913838287265564 277.14327265858418 0.10503246152583895 -15.4451083917729 -7.1485631083430281 14.243777648662132 12.165160065192632 -2.5220369687447319 -11.601769934815161 4.4440439099710183 46.380649335163035 14.216809305068484 111.10137103423963
leaf_weight=13587 24 143 39 38 527 380 298 48 20 21 30 31 26 39 88 205 171 133 2878 273 25 203 164 169 82 29 33 249 116 33
leaf_count=13587 24 143 39 38 527 380 298 48 20 21 30 31 26 39 88 205 171 133 2878 273 25 203 164 169 82 29 33 249 116 33
internal_value=0.000503234 0.00254887 9.78126e-05 0.000767695 7.43035e-05 0.000198723 -0.000495575 0.00101739 -3.49951e-06 -0.00358537 -0.00164945 -0.00125101 -0.00396429 -0.000455497 -0.00148819 0.00175 0.000982456 -0.000333333 0.00292141 6.60622e-06 -0.000654135 -0.00122269 0.000777778 3.82925e-05 0.00132669 1.45418e-05 0.00163636 0.00221053 0.00169159 0.00159375
internal_weight=20102 3325 16777 2204 1292 1253 678 575 14573 41 271 247 56 191 127 912 342 171 3054 14532 665 476 189 13867 251 13616 176 570 321 64
internal_count=20102 3325 16777 2204 1292 1253 678 575 14573 41 271 247 56 191 127 912 342 171 3054 14532 665 476 189 13867 251 13616 176 570 321 64
is_linear=0
shrinkage=0.03


Tree=247
num_leaves=31
num_cat=0
split_feature=25 26 31 3 28 9 17 0 27 25 4 1 7 4 26 2 18 28 7 6 5 28 23 28 23 18 27 18 5 9
split_gain=18.3821 5.37069 1.41832 1.93976 0.942907 1.17268 0.749534 0.625 0.522532 0.716727 0.509356 0.492196 0.803355 0.857067 0.706524 0.791589 0.47972 0.452789 0.407999 0.616081 0.688327 0.366007 0.426603 0.34794 0.489559 0.479316 0.631169 0.582777 0.454899 0.27067
threshold=59030.890000000007 7.5000000000000009 20.500000000000004 39181.555000000008 8.5000000000000018 29472.650000000005 0.9094658378561451 77508.283149250565 1918.6906250000004 16143.647500000001 42241.645000000011 57193.210903660896 57237.927740441308 50243.945000000007 1.5000000000000002 18551.565000000006 0.57612251991566432 11.500000000000002 49993.998445678451 87597.866550675099 97214.875071057861 11.500000000000002 864.45176579931388 1.5000000000000002 132.18886244444403 7474.0288135039455 5269.6175000000012 2259.6900000000005 625.98500000000013 25946.265000000003
decision_type=2 2 2 2 2 2 2 2 2 2 2 2 2 2 2 2 2 2 2 2 2 2 2 2 2 2 2 2 2 2
left_child=2 6 11 8 5 10 7 -2 -4 16 -5 23 13 -13 -14 -16 -10 -11 -8 -20 -21 -6 -23 25 29 27 -27 -1 -26 -25
right_child=1 -3 3 4 21 -7 18 -9 9 17 -12 12 14 -15 15 -17 -18 -19 19 20 -22 22 -24 24 28 26 -28 -29 -30 -31
leaf_value=-2.0195848225812041 -0.27177051337744323 253.88571586023062 2.4701769855482136 9.2428918225902059 49.991707361160273 17.230038550830074 -3.9480292626563958 -18.440388343721185 -1.1972439668450787 0.260896308435492 -3.6100352552363781 -2.8235628836455837 35.522044594389108 -17.942344378950409 -8.1918052073191543 0.29302990586844124 -6.1896195359524855 -1.2317140539501361 31.068354877987165 -17.419714682062182 -0.38547746073674222 -4.2895599597394005 10.936255328675884 11.109410722541314 -13.603473067335015 -15.364310731338062 -4.8037021605256918 16.696802201969195 0.048391902868905989 -16.131338103132681
leaf_weight=964 20 2917 72 99 516 307 24 20 44 1697 284 40 46 39 32 124 26 231 85 22 98 20 156 187 20 30 110 63 11781 28
leaf_count=964 20 2917 72 99 516 307 24 20 44 1697 284 40 46 39 32 124 26 231 85 22 98 20 156 187 20 30 110 63 11781 28
internal_value=0.000504726 0.0025951 0.000111019 0.000653534 0.00152388 0.000739131 -0.00146097 -0.00525 7.24639e-05 -1.80179e-05 -0.000368146 -2.80748e-05 -0.00127046 -0.00383544 -0.000267327 -0.00123077 -0.003 9.02491e-05 -0.000799127 -0.000365854 -0.00175 0.00230636 0.001125 -1.59285e-06 4.64382e-05 -0.000496144 -0.00214286 -0.000271665 2.05916e-05 0.00146512
internal_weight=20102 3186 16916 3452 1382 690 269 40 2070 1998 383 13464 281 79 202 156 70 1928 229 205 120 692 176 13183 12016 1167 140 1027 11801 215
internal_count=20102 3186 16916 3452 1382 690 269 40 2070 1998 383 13464 281 79 202 156 70 1928 229 205 120 692 176 13183 12016 1167 140 1027 11801 215
is_linear=0
shrinkage=0.03


Tree=248
num_leaves=31
num_cat=0
split_feature=25 26 31 27 17 0 28 11 10 18 15 15 1 7 4 26 14 27 14 15 31 12 28 23 18 27 18 5 9 28
split_gain=18.243 5.6445 1.41832 1.8791 0.70606 0.625 0.624226 0.706678 0.588407 0.91366 0.533863 0.499491 0.492196 0.803355 0.857067 0.706524 0.875214 0.460472 0.701139 1.15846 0.714561 0.407744 0.34794 0.489559 0.479316 0.631169 0.582777 0.454899 0.27067 0.269321
threshold=59030.890000000007 7.5000000000000009 20.500000000000004 5308.123125000001 0.9094658378561451 77508.283149250565 8.5000000000000018 30353.320000000003 151778.12250000003 0.41583233434241484 1.1379581626431252 0.71757269781692112 57193.210903660896 57237.927740441308 50243.945000000007 1.5000000000000002 7729.1350000000011 1918.6906250000004 9773.3000000000011 1.0197759647808582 22.500000000000004 11798.255000000003 1.5000000000000002 132.18886244444403 7474.0288135039455 5269.6175000000012 2259.6900000000005 625.98500000000013 25946.265000000003 11.500000000000002
decision_type=2 2 2 2 2 2 2 2 2 2 2 2 2 2 2 2 2 2 2 2 2 2 2 2 2 2 2 2 2 2
left_child=2 4 12 17 5 -2 7 21 10 11 -6 -10 22 14 -14 -15 -17 -4 19 -19 -20 -5 24 28 26 -26 -1 -25 -24 -8
right_child=1 -3 3 6 8 -7 29 -9 9 -11 -12 -13 13 15 -16 16 -18 18 20 -21 -22 -23 23 27 25 -27 -28 -29 -30 -31
leaf_value=-1.9589972779038436 -0.2636173979761241 246.26914438442361 2.3960716759817924 1.0509200267374257 82.863705424269824 -17.887176693409547 59.173404946974479 25.34801724610611 -3.3800308654293896 -2.7286702397564624 -1.2605150977800637 0.67882130256494255 -2.7388559971362176 34.456383256557437 -17.404074047581897 -22.130455528780335 5.3838392758527656 -0.38687364046586559 13.09983504388733 -9.2743497261719572 0.47380004204465376 -12.138040539728532 10.776128400865092 -13.195368875314964 -14.903381409397921 -4.6595910957099189 16.19589813591012 0.046940145782854333 -15.647397960038635 15.473504923441141
leaf_weight=964 20 2917 72 217 72 20 374 224 29 26 41 61 40 46 39 36 120 634 223 64 1499 21 187 20 30 110 63 11781 28 124
leaf_count=964 20 2917 72 217 72 20 374 224 29 26 41 61 40 46 39 36 120 634 223 64 1499 21 187 20 30 110 63 11781 28 124
internal_value=0.000503234 0.00258569 0.000111019 0.000653534 -0.00157249 -0.00525 0.00178125 0.000987013 -0.000930131 -0.00243103 0.00061062 -0.001 -2.80748e-05 -0.00127046 -0.00383544 -0.000267327 -0.00123077 0.000219101 0.00014876 -0.000653295 0.000473868 -0.00015126 -1.59285e-06 4.64382e-05 -0.000496144 -0.00214286 -0.000271665 2.05916e-05 0.00146512 0.00251807
internal_weight=20102 3186 16916 3452 269 40 960 462 229 116 113 90 13464 281 79 202 156 2492 2420 698 1722 238 13183 12016 1167 140 1027 11801 215 498
internal_count=20102 3186 16916 3452 269 40 960 462 229 116 113 90 13464 281 79 202 156 2492 2420 698 1722 238 13183 12016 1167 140 1027 11801 215 498
is_linear=0
shrinkage=0.03


Tree=249
num_leaves=31
num_cat=0
split_feature=25 26 31 3 28 18 17 9 0 28 17 25 22 14 4 14 28 5 12 20 17 28 23 23 17 14 17 25 17 19
split_gain=18.3931 5.45882 0.98588 1.43199 0.917709 0.889992 1.12105 0.849454 0.827091 0.789857 0.734411 0.692732 0.540454 0.703247 0.513562 0.469674 0.460794 1.22776 0.875432 0.498092 0.683658 0.387098 0.349227 0.340701 0.73007 0.323425 0.316694 1.49552 0.720151 0.648977
threshold=56450.905000000006 7.5000000000000009 20.500000000000004 39181.555000000008 8.5000000000000018 0.16827905944668903 0.94477111830065119 29472.650000000005 59513.406920487621 1.5000000000000002 0.70337589199111805 63034.61250000001 94354.317500000019 9469.5350000000017 42241.645000000011 3483.1000000000008 11.500000000000002 36742.438036193853 4169.2750000000005 0.19909584264654742 0.63153595588431133 11.500000000000002 906.54055429394907 1064.9031878085923 0.6091977060356778 18269.775000000005 0.78437911297247498 53382.545000000006 0.67576962111695738 0.13940715227315417
decision_type=2 2 2 2 2 2 2 2 2 2 2 2 2 2 2 2 2 2 2 2 2 2 2 2 2 2 2 2 2 2
left_child=2 5 12 16 7 -2 10 14 9 -3 -7 -8 26 -14 -5 -13 19 18 -18 25 -21 -6 -23 24 -11 -4 28 -28 -1 -30
right_child=1 8 3 4 21 6 11 -9 -10 23 -12 15 13 -15 -16 -17 17 -19 -20 20 -22 22 -24 -25 -26 -27 27 -29 29 -31
leaf_value=-0.0061561238376766254 -5.4727032148314878 -12.692295864795565 1.7289897110353993 8.9513910666510093 46.387908565853337 -0.61584550998631737 15.421436274138324 14.065771316736136 253.57050055026926 -18.212427836963371 -15.04708054926145 -1.5708741058558182 -7.7107935572590671 25.390143225677441 -3.3770736192010102 0.89905328999712852 -2.7417559966445553 -2.5188732760218051 6.5852267500394612 -0.81791873311910768 -6.0018140430769673 -4.2209083812787647 8.3785669410088293 48.327587084620085 35.745131489222608 -2.8943464551605977 -0.35673307931699877 -6.5534095619215931 -0.34452300016591209 9.7851897049910121
leaf_weight=7264 20 28 1293 99 464 22 51 214 2883 26 26 79 20 22 267 103 130 22 94 485 20 21 135 232 29 26 4986 26 333 682
leaf_count=7264 20 28 1293 99 464 22 51 214 2883 26 26 79 20 22 267 103 130 22 94 485 20 21 135 232 29 26 4986 26 333 682
internal_value=0.000500249 0.00247699 8.36597e-05 0.000550459 0.001375 -0.00138538 -0.000950178 0.000517241 0.00284053 0.00138095 -0.005125 -9.01286e-05 -3.08257e-05 -0.00342857 -0.000360656 -0.000956044 7.24639e-05 -0.00114634 -0.000482143 0.000236842 -0.000564356 0.00217742 0.000884615 0.00185017 -0.000272727 0.000543594 -2.00887e-05 -0.0002083 9.3852e-05 0.000842365
internal_weight=20102 3499 16603 3270 1200 301 281 580 3198 315 48 233 13333 42 366 182 2070 246 224 1824 505 620 156 287 55 1319 13291 5012 8279 1015
internal_count=20102 3499 16603 3270 1200 301 281 580 3198 315 48 233 13333 42 366 182 2070 246 224 1824 505 620 156 287 55 1319 13291 5012 8279 1015
is_linear=0
shrinkage=0.03


Tree=250
num_leaves=31
num_cat=0
split_feature=8 26 31 8 28 18 8 2 25 8 9 22 12 1 18 3 2 10 18 31 7 7 2 9 28 19 19 26 18 10
split_gain=18.5334 4.50139 1.57847 1.93732 0.709675 0.697674 0.681228 0.642756 0.616766 1.37654 0.552433 0.527649 0.792391 0.603571 0.535698 0.4875 0.393859 0.511962 0.564498 0.477444 0.334706 0.542875 0.289031 0.291667 0.160794 0.282379 0.144669 0.138462 0.102439 0.0564626
threshold=57490.922500000008 7.5000000000000009 20.500000000000004 42616.950000000004 8.5000000000000018 0.26434547814488646 68567.342500000013 55338.760000000002 137586.21750000003 107222.05250000001 30848.550000000003 94354.317500000019 9904.9200000000019 82117.142233112449 57344.397984489864 57925.025000000001 15188.965000000002 41119.685000000005 0.74125367081573368 22.500000000000004 86737.674642268466 72734.968334103294 59608.835000000006 35882.73000000001 11.500000000000002 0.28175938699082997 0.22793065307187263 3.5000000000000004 0.48032769192903763 63840.865000000013
decision_type=2 2 2 2 2 2 2 2 2 2 2 2 2 2 2 2 2 2 2 2 2 2 2 2 2 2 2 2 2 2
left_child=2 5 11 16 10 7 27 -2 9 -8 15 14 13 -13 20 -5 -4 18 -18 -19 21 -1 23 -3 29 -26 -12 -7 -10 -6
right_child=1 22 3 4 24 6 8 -9 28 -11 26 12 -14 -15 -16 -17 17 19 -20 -21 -22 -23 -24 -25 25 -27 -28 -29 -30 -31
leaf_value=-0.028583544368873899 -2.22678444025907 -2.8394083238527568 3.3784092177972074 1.5444844006017058 19.994829678739599 28.223379406784929 -0.38702756624932622 -0.15439599496842646 60.856186184489538 -10.893581547187695 15.331111763562852 -9.4106814983396063 87.52829405344535 -2.5703882105567883 -12.33039891839223 -13.220945987881191 -1.2896422282235172 15.294024957877058 2.3939608369261989 0.83228148983391259 206.04533406886401 -15.953291954090686 258.68085210757192 55.41700249661298 -0.68096541974938929 25.835852844733981 14.771676219128796 13.390441332136342 8.7624387817118699 66.731894866725526
leaf_weight=13255 21 28 45 240 60 45 80 22 21 29 145 24 24 21 24 20 743 160 188 1313 51 42 2827 56 46 86 114 20 20 332
leaf_count=13255 21 28 45 240 60 45 80 22 21 29 145 24 24 21 24 20 743 160 188 1313 51 42 2827 56 46 86 114 20 20 332
internal_value=0.000506218 0.00261186 0.000112148 0.000680412 0.00176318 -0.00118605 -0.000488372 -0.00467442 -0.0016 -0.00277982 0.000976879 -3.54883e-05 -0.00265217 -0.005 -2.19861e-05 1.11759e-10 0.000219273 0.000167221 -0.000383459 0.000515275 -1.39346e-05 -2.32382e-05 0.00294847 0.00121429 0.00254198 0.00163636 0.00195753 0.00207692 0.00153659 0.00284694
internal_weight=20102 3169 16933 3492 1043 258 215 43 150 109 519 13441 69 45 13372 260 2449 2404 931 1473 13348 13297 2911 84 524 132 259 65 41 392
internal_count=20102 3169 16933 3492 1043 258 215 43 150 109 519 13441 69 45 13372 260 2449 2404 931 1473 13348 13297 2911 84 524 132 259 65 41 392
is_linear=0
shrinkage=0.03


Tree=251
num_leaves=31
num_cat=0
split_feature=8 26 31 27 22 14 4 22 23 8 14 2 0 27 8 18 23 14 18 27 23 0 23 25 14 23 27 17 11 15
split_gain=18.279 5.42934 1.27371 1.75479 0.608596 1.13091 0.566584 1.16135 1.28333 0.766083 1.00392 0.54 0.528909 0.465173 0.795459 0.625153 0.457891 0.420694 0.353007 0.332398 0.387879 0.327515 0.807466 0.709996 0.314834 0.402583 0.495389 0.249168 0.247095 0.364492
threshold=55821.735000000008 7.5000000000000009 20.500000000000004 5308.123125000001 94354.317500000019 6746.8300000000008 70794.290000000008 74388.510000000024 58059.874075401654 107222.05250000001 18269.775000000005 181095.22500000003 59513.406920487621 1918.6906250000004 15525.757500000002 0.57612251991566432 1733.5465701085848 9773.3000000000011 57344.397984489864 6608.9599305555557 1641.2441857591468 54505.414534179647 1733.5465701085848 54814.740000000005 22455.205000000005 1207.3480023053664 6878.3450000000012 1.6289804607167671 22110.575000000004 1.0092917125176859
decision_type=2 2 2 2 2 2 2 2 2 2 2 2 2 2 2 2 2 2 2 2 2 2 2 2 2 2 2 2 2 2
left_child=2 6 4 13 18 -6 11 8 -8 -9 -11 27 24 -4 15 -15 19 -16 21 20 -5 23 -23 -1 -3 -26 -27 -2 29 -18
right_child=1 12 3 16 5 -7 7 9 -10 10 -12 -13 -14 14 17 -17 28 -19 -20 -21 -22 22 -24 -25 25 26 -28 -29 -30 -31
leaf_value=-0.050332753304451999 81.612361103982039 34.076317031218906 2.425355785397453 3.8967605092030917 -7.5190178902556957 6.9185951763410367 -14.310772687329504 7.2532656466266783 -1.1481215954278992 0.94222771034050368 -17.407944962949077 -0.9761071338225904 239.04092044104786 -0.35747596724215508 -0.44627428602398339 -6.2188438127226 -3.8370642830496866 1.6374303456329391 -13.705899019821814 27.644746517885267 -3.1983088002086424 -6.2304971234603874 52.676140655699626 -4.6396497609293279 -17.287995677148121 -6.2256097375010286 56.551020130469801 -3.0793655650924237 38.133908611111039 26.968441196045063
leaf_weight=12988 63 83 72 240 29 37 22 55 20 34 20 20 2878 39 638 24 21 1719 22 78 24 49 235 32 24 22 47 37 492 38
leaf_count=12988 63 83 72 240 29 37 22 55 20 34 20 20 2878 39 638 24 21 1719 22 78 24 49 235 32 24 22 47 37 492 38
internal_value=0.000498756 0.00253083 9.60244e-05 0.000615953 -3.53942e-05 -0.00290909 -0.00153875 -0.00276159 -0.007 -0.00112844 -0.00366667 1.11759e-10 0.00289195 0.000207063 0.000136364 -0.00319048 0.001757 0.000225286 -2.11615e-05 0.000894737 0.000386364 -1.48826e-05 0.000992958 -3.68662e-05 0.00129545 9.67743e-05 0.00126087 0.0009 0.0022922 0.000457627
internal_weight=20102 3325 16777 3385 13392 66 271 151 42 109 54 120 3054 2492 2420 63 893 2357 13326 342 264 13304 284 13020 176 93 69 100 551 59
internal_count=20102 3325 16777 3385 13392 66 271 151 42 109 54 120 3054 2492 2420 63 893 2357 13326 342 264 13304 284 13020 176 93 69 100 551 59
is_linear=0
shrinkage=0.03


Tree=252
num_leaves=31
num_cat=0
split_feature=8 26 8 19 28 14 27 2 10 28 13 14 10 2 8 12 20 27 22 14 31 17 20 12 31 9 24 28 28 10
split_gain=18.1578 5.26871 1.33917 2.88873 1.90994 1.49343 1.46947 1.47059 1.24043 1.01587 0.796606 0.778089 0.398444 0.944102 0.704125 0.48215 0.493242 0.391837 0.370039 0.429501 0.343555 0.531198 0.918472 0.369961 0.761182 0.424285 0.340098 0.429792 0.292208 0.28325
threshold=57490.922500000008 7.5000000000000009 43130.607500000006 0.073789954663082288 8.5000000000000018 21825.075000000004 71992.866666666683 44753.905000000006 85189.155000000013 11.500000000000002 14286.660000000002 20376.210000000003 334556.23750000005 55338.760000000002 68567.342500000013 963.18500000000006 0.09703553414474228 35934.090833333343 106856.02500000002 6746.8300000000008 32.500000000000007 0.56762010775815397 0.18295277257479739 8487.6150000000034 11.500000000000002 17949.375000000004 60132.840000000011 4.5000000000000009 2.5000000000000004 33577.735000000008
decision_type=2 2 2 2 2 2 2 2 2 2 2 2 2 2 2 2 2 2 2 2 2 2 2 2 2 2 2 2 2 2
left_child=2 12 18 6 5 10 7 -4 -7 -6 -5 -11 14 -14 28 17 -17 -16 20 -20 23 29 -23 25 -25 -1 27 -3 -2 -22
right_child=1 26 3 4 9 8 -8 -9 -10 11 -12 -13 13 -15 15 16 -18 -19 19 -21 21 22 -24 24 -26 -27 -28 -29 -30 -31
leaf_value=-0.26714807815029529 -0.69711852339707703 -5.1994494064197001 -2.0041783023644935 11.345676918485539 58.467916246891804 -6.8678570197799873 162.86287443406678 -4.8856422319829331 2.3664886969407912 -5.2122347740280022 -4.0141243207839059 22.500355936130898 -2.9867123035243699 -0.55317813620565659 164.89433283566069 -8.5899383382437353 -1.0271374724745082 -1.3452982029632374 -2.7045268874362689 2.7883890212736113 0.051587554802860799 3.9580475153092047 -4.043962738944769 -1.036423384527257 -6.1266963717886593 0.8413182910746223 240.49028499157865 43.685948130697149 130.68783318521463 14.348565050234955
leaf_weight=8724 21 21 34 853 567 213 25 34 397 36 48 153 20 38 21 35 29 49 20 21 62 298 83 491 143 4562 2840 50 45 169
leaf_count=8724 21 21 34 853 567 213 25 34 397 36 48 153 20 38 21 35 29 49 20 21 62 298 83 491 143 4562 2840 50 45 169
internal_value=0.000489802 0.002574 9.97462e-05 0.000762712 0.000975298 0.000359365 -0.00441935 -0.00670588 -0.000786885 0.00220635 0.00113541 0.000301587 -0.00153488 -0.00372414 -0.0009 -0.00214925 -0.00403125 -0.000428571 -7.61671e-06 -0.00285366 4.12994e-07 0.000696079 7.87413e-06 -3.01723e-05 -0.00073817 3.61294e-06 0.00293817 0.000887324 0.00163636 0.00183117
internal_weight=20102 3169 16933 2360 2267 1511 93 68 610 756 901 189 258 58 200 134 64 70 14573 41 14532 612 381 13920 634 13286 2911 71 66 231
internal_count=20102 3169 16933 2360 2267 1511 93 68 610 756 901 189 258 58 200 134 64 70 14573 41 14532 612 381 13920 634 13286 2911 71 66 231
is_linear=0
shrinkage=0.03


Tree=253
num_leaves=31
num_cat=0
split_feature=8 26 31 7 3 18 8 22 1 27 7 22 25 3 28 17 3 27 28 23 0 31 28 16 23 23 8 9 28 10
split_gain=18.2619 4.68918 1.27354 2.06895 0.782511 0.65402 0.667835 0.70779 0.499573 0.803564 0.628396 0.625 0.597483 0.495257 0.486557 0.536159 0.469271 0.540785 0.457542 0.454303 0.427913 0.451582 0.366754 0.488525 1.03583 0.443178 1.05479 0.692526 0.296218 0.211637
threshold=57490.922500000008 7.5000000000000009 20.500000000000004 45753.736562500002 47143.695000000007 0.18838242487355683 68567.342500000013 40523.205000000009 57193.210903660896 7107.0494444444457 45753.736562500002 44269.795000000006 29326.605000000007 181095.22500000003 8.5000000000000018 0.62245807116239893 39181.555000000008 1918.6906250000004 2.5000000000000004 1308.2707344604698 60607.837231087826 4.5000000000000009 1.5000000000000002 -394.57915260407748 1359.0414886015867 8742.1550218850043 42616.950000000004 30013.395 2.5000000000000004 67471.390000000014
decision_type=2 2 2 2 2 2 2 2 2 2 2 2 2 2 2 2 2 2 2 2 2 2 2 2 2 2 2 2 2 2
left_child=2 5 8 4 16 -2 28 -8 22 11 -11 -10 -12 -9 15 19 17 -4 -18 -5 21 -3 23 -1 -25 27 -27 -24 -7 -16
right_child=1 20 3 14 -6 6 7 13 9 10 12 -13 -14 -15 29 -17 18 -19 -20 -21 -22 -23 25 24 -26 26 -28 -29 -30 -31
leaf_value=12.481792371617807 -8.4660005793245574 -1.9053432799598184 2.3606095541800389 -3.7159183725721849 -8.1660444118302422 -0.67620496769516802 -14.811817502457178 -0.38142686453998687 -0.85525235394818599 -17.820079975129122 -14.158927933329704 -7.6660624280318217 13.576408000213009 -1.5185230659602658 17.299569698409506 15.482336296828013 -5.2988749660717209 -0.056382944815070161 10.565253067270314 18.20748997873261 246.29809588480842 35.172611984698378 0.24251605805027554 -2.1797451584489984 -12.283220064279462 -0.47249462276740084 -1.1519116757929599 19.11309481233766 135.67318049094055 49.958898936001958
leaf_weight=63 23 20 72 69 32 21 21 119 20 21 58 20 144 27 77 169 53 1998 403 225 2802 89 7366 1070 34 4040 82 523 47 394
leaf_count=63 23 20 72 69 32 21 21 119 20 21 58 20 144 27 77 169 53 1998 403 225 2802 89 7366 1070 34 4040 82 523 47 394
internal_value=0.000483833 0.002574 9.26594e-05 0.000603093 0.000161845 -0.00130233 -0.000829787 -0.0018503 -3.99523e-05 -0.0013346 -0.000632287 -0.00525 -0.000118812 -0.00110959 0.00181156 0.00112095 0.000220903 2.89856e-05 0.00109211 0.000346939 0.00291755 0.00107339 -1.41143e-05 -0.000521851 -0.000668478 3.52178e-05 -0.000216885 0.000166941 0.00167647 0.00249045
internal_weight=20102 3169 16933 3492 2558 258 235 167 13441 263 223 40 202 146 934 463 2526 2070 456 294 2911 109 13178 1167 1104 12011 4122 7889 68 471
internal_count=20102 3169 16933 3492 2558 258 235 167 13441 263 223 40 202 146 934 463 2526 2070 456 294 2911 109 13178 1167 1104 12011 4122 7889 68 471
is_linear=0
shrinkage=0.03


Tree=254
num_leaves=31
num_cat=0
split_feature=8 26 31 21 31 19 1 1 22 20 19 23 4 0 12 5 25 22 2 21 17 25 3 16 13 31 17 23 3 2
split_gain=18.5584 3.94448 1.1806 2.02856 0.663687 1.28928 0.596073 0.701753 1.13364 0.593413 0.501805 0.491008 0.490645 0.438761 0.795455 0.428142 0.453303 0.506886 0.363437 0.341308 0.333911 0.845837 0.916861 0.60931 0.658422 0.607853 0.54746 0.268071 0.227023 0.294983
threshold=58758.475000000013 7.5000000000000009 20.500000000000004 51189.991666666676 22.500000000000004 0.16170750343984694 57193.210903660896 88622.916160998357 106856.02500000002 0.22723820057535524 0.217397897611003 1031.0063875667704 9623.0150000000012 60607.837231087826 9811.7100000000009 141155.06198715212 61098.185000000005 64259.695 22787.615000000002 71077.965000000011 0.78437911297247498 49118.107500000006 46183.485000000008 268.66360214608363 12822.790000000001 11.500000000000002 1.3807464170688231 1064.9031878085923 154097.12000000002 29943.170000000002
decision_type=2 2 2 2 2 2 2 2 2 2 2 2 2 2 2 2 2 2 2 2 2 2 2 2 2 2 2 2 2 2
left_child=2 15 6 4 5 -4 20 8 12 10 -6 -11 -8 14 -3 16 -2 -18 -7 -19 23 26 -23 24 -1 -25 -22 -5 -9 -30
right_child=1 13 3 27 9 18 7 28 -10 11 -12 -13 -14 -15 -16 -17 17 19 -20 -21 21 22 -24 25 -26 -27 -28 -29 29 -31
leaf_value=0.05010329088594994 9.1043304833190248 61.360599481942465 -2.1248066343857097 8.0627604958671206 2.7744540513734393 0.50580027266844685 -14.079443048051354 93.160859523848316 -3.7104453593813824 0.25179437424451617 -0.017429504603266786 -5.6180842249408691 -3.6361848242625761 241.00213656277541 -16.689796065726444 -1.8631447702133279 -4.66714913275207 238.85870500267225 17.920983733069406 -1.0311940882562607 -2.2431697144801888 0.38028808293070876 -4.6519887050631317 4.1579402619796664 -2.5845346086846899 -0.46256897840424388 0.24085192751305057 34.841240776646991 -9.5971436871570148 152.16864673437229
leaf_weight=5412 42 35 20 87 660 82 20 33 20 105 1621 128 192 2791 20 39 37 23 276 104 2071 29 28 1930 446 519 2752 534 20 26
leaf_count=5412 42 35 20 87 660 82 20 33 20 105 1621 128 192 2791 20 39 37 23 276 104 2071 29 28 1930 446 519 2752 534 20 26
internal_value=0.000473386 0.00261178 8.48276e-05 0.000574723 0.000240664 0.0014127 -4.26729e-05 -0.00134084 -0.00217241 6.44393e-05 0.000211749 -0.00137768 -0.0015283 0.00292621 0.000272727 -0.00104082 -0.000495146 -0.00120732 0.00182682 -0.000307086 -1.20572e-05 -0.000209016 -0.00384211 0.000103648 -6.24785e-05 0.000501021 -0.000166079 0.00213043 0.00110127 -0.000260869
internal_weight=20102 3091 17011 3513 2892 378 13498 311 232 2514 2281 233 212 2846 55 245 206 164 358 127 13187 4880 57 8307 5858 2449 4823 621 79 46
internal_count=20102 3091 17011 3513 2892 378 13498 311 232 2514 2281 233 212 2846 55 245 206 164 358 127 13187 4880 57 8307 5858 2449 4823 621 79 46
is_linear=0
shrinkage=0.03


Tree=255
num_leaves=31
num_cat=0
split_feature=8 26 8 13 28 13 28 4 26 18 21 8 22 14 0 12 20 5 31 18 4 4 12 1 27 14 17 23 23 1
split_gain=18.4677 4.19175 1.15865 2.55121 1.90828 1.61966 1.03216 1.4753 0.994933 0.829796 0.699436 0.629762 0.580739 0.664866 0.438761 0.795455 0.430726 0.392536 0.37817 0.330534 0.503459 0.276877 0.800754 1.22691 0.756708 0.432619 0.714912 0.537721 0.240698 0.114894
threshold=58758.475000000013 7.5000000000000009 43130.607500000006 5937.6600000000008 8.5000000000000018 12688.770000000002 11.500000000000002 47387.145000000004 1.5000000000000002 0.62000952840461354 44399.311666666676 49041.072500000009 106856.02500000002 6746.8300000000008 60607.837231087826 9811.7100000000009 0.14882726972749258 141155.06198715212 6.5000000000000009 1.9539621630563662 70794.290000000008 2586.9850000000001 486.20000000000005 23604.453966504228 6826.4144444444455 551.5100000000001 0.76858787701816866 36085.975144303673 41446.096360120944 73086.307354296863
decision_type=2 2 2 2 2 2 2 2 2 2 2 2 2 2 2 2 2 2 2 2 2 2 2 2 2 2 2 2 2 2
left_child=2 17 12 8 5 16 -6 -8 -4 -7 -10 -12 21 -14 15 -3 -5 18 19 20 -2 22 23 -1 -24 27 -27 -23 -21 -20
right_child=1 14 3 4 6 9 7 -9 10 -11 11 -13 13 -15 -16 -17 -18 -19 29 28 -22 25 24 -25 -26 26 -28 -29 -30 -31
leaf_value=-2.1969612183517437 0.081849425956819599 59.519781497484132 45.796539919569646 19.366221300274553 56.913396968824749 0.23419319724037704 -15.754368391170816 15.961409097923793 -1.6408868284587657 -7.6298824708428272 0.00031528322515768538 -9.65122130945017 -2.8379824768126669 3.2408183852526444 233.77207246589211 -16.189102183754553 6.4024765600144802 -1.8072504271069281 18.78779573807638 121.72148391548038 -3.6736203421997593 1.6025964614337807 -0.50617093930440538 -18.00940900685373 13.142356908790514 0.22709452210863318 -1.2927673129359643 100.64409380782288 -0.79214979290414311 165.29438789721428
leaf_weight=1265 51 35 35 317 583 444 20 174 20 265 21 35 20 21 2791 20 524 39 20 23 65 1394 741 55 259 7898 2768 152 20 27
leaf_count=1265 51 35 35 317 583 444 20 174 20 265 21 35 20 21 2791 20 524 39 20 23 65 1394 741 55 259 7898 2768 152 20 27
internal_value=0.000468909 0.00260207 8.13004e-05 0.000686628 0.000898582 0.000290323 0.00211197 0.000216495 -0.00375676 -0.000765867 -0.00568421 -0.00396429 -1.99683e-05 -0.00358537 0.00292621 0.000272727 0.00118074 -0.00116327 -0.000640777 -0.00133962 -0.00217241 -9.90905e-06 -0.000310345 -0.000795454 0.00033 4.71668e-05 -2.08137e-05 0.000516171 0.000906977 0.0017234
internal_weight=20102 3091 17011 2438 2327 1550 777 194 111 709 76 56 14573 41 2846 55 841 245 206 159 116 14532 2320 1320 1000 12212 10666 1546 43 47
internal_count=20102 3091 17011 2438 2327 1550 777 194 111 709 76 56 14573 41 2846 55 841 245 206 159 116 14532 2320 1320 1000 12212 10666 1546 43 47
is_linear=0
shrinkage=0.03


Tree=256
num_leaves=31
num_cat=0
split_feature=8 26 11 17 28 14 1 22 14 9 8 28 4 13 10 18 4 28 14 18 6 5 0 17 21 14 4 23 5 16
split_gain=18.2995 4.71355 1.34135 1.45445 1.15549 1.32204 1.11221 1.02671 1.99341 0.707713 1.3359 0.698857 0.771117 0.681057 0.673449 0.539283 0.599769 0.525665 0.625378 0.853333 0.459436 0.431026 0.412865 0.39195 1.17968 0.323239 0.307503 0.906607 0.681196 0.625
threshold=59865.022500000014 7.5000000000000009 26597.650000000005 0.81765997107515676 8.5000000000000018 21507.385000000006 24489.787890937499 61475.910000000011 12129.92 92692.945000000022 41355.575000000004 11.500000000000002 57707.860000000008 14286.660000000002 87900.860000000015 0.69446471292958012 6303.0000000000009 2.5000000000000004 11480.070000000002 0.51033667831458795 53573.410166876791 141155.06198715212 17550.914997061023 1.5012704062436362 82104.397500000006 21298.765000000003 80346.525000000023 44807.484023380362 30362.962800251455 -9614.7916287499993
decision_type=2 2 2 2 2 2 2 2 2 2 2 2 2 2 2 2 2 2 2 2 2 2 2 2 2 2 2 2 2 2
left_child=2 17 7 4 5 13 15 26 -9 10 -8 -6 -13 -4 -7 16 -5 18 19 -2 -11 23 -17 25 -25 -19 -1 29 -29 -28
right_child=1 -3 3 6 11 14 9 8 -10 20 -12 12 -14 -15 -16 22 -18 21 -20 -21 -22 -23 -24 24 -26 -27 27 28 -30 -31
leaf_value=-0.018756312012432462 -1.7276076118737997 228.19764526638937 10.945170653702228 23.871561040698449 46.925766092637275 -6.118670968120667 -4.4522213332593905 -6.2505269151335749 86.705931169784478 183.46094555247885 -4.7674257804339311 -2.4787364210682781 36.737355950107293 -5.0522256710596736 1.8759784837146547 -1.2450574571115058 -7.8793513477466188 93.154970706261864 -6.0837504344356104 28.923811386222454 -2.3490358046990258 -1.9321808320488529 20.887142788747731 -8.8923185262079834 17.995520453992036 -1.6823200512607419 -27.487280287532329 82.307586012597838 -3.6440630724920244 -2.1252111693879181
leaf_weight=13934 20 2777 963 114 531 149 137 21 22 31 42 109 65 28 285 33 138 51 35 30 125 20 196 20 39 20 20 43 84 20
leaf_count=13934 20 2777 963 114 531 149 137 21 22 31 42 109 65 28 285 33 138 51 35 30 125 20 196 20 39 20 20 43 84 20
internal_value=0.000455477 0.00261155 7.54828e-05 0.000657841 0.00107042 0.000578947 -0.000419118 -4.58144e-05 -0.00467442 -0.00174627 -0.00303352 0.00206383 0.000413793 0.00118365 -0.000801843 0.000505198 -0.000452381 -0.00146808 -0.00335294 -0.0012 -0.000269231 -0.0004 0.00155895 0.000230769 -0.00157627 0.00173239 -3.16998e-05 -0.00131138 -7.0866e-05 -0.00525
internal_weight=20102 3012 17090 2946 2130 1425 816 14144 43 335 179 705 174 991 434 481 252 235 85 50 156 150 229 130 59 71 14101 167 127 40
internal_count=20102 3012 17090 2946 2130 1425 816 14144 43 335 179 705 174 991 434 481 252 235 85 50 156 150 229 130 59 71 14101 167 127 40
is_linear=0
shrinkage=0.03


Tree=257
num_leaves=31
num_cat=0
split_feature=8 26 11 31 11 17 26 22 14 21 17 18 0 12 25 9 28 3 14 17 10 3 31 17 15 3 27 22 21 18
split_gain=17.6748 4.90824 1.25593 1.52151 0.887559 1.25139 1.11061 0.788514 1.7145 0.716566 0.645328 0.791105 0.625141 1.14545 0.604253 0.733333 0.509035 0.409148 0.612646 0.381558 0.363498 0.359943 0.352331 0.863982 0.47507 0.354708 0.329127 0.965376 0.298187 0.295
threshold=58758.475000000013 7.5000000000000009 26597.650000000005 20.500000000000004 39058.145000000011 1.2705530431215444 3.5000000000000004 61475.910000000011 12129.92 22019.410000000007 0.63153595588431133 0.58468836272515379 60607.837231087826 9811.7100000000009 79069.565000000017 95739.400000000009 2.5000000000000004 113753.91500000002 3757.4850000000006 1.5012704062436362 17096.880000000001 49497.005000000005 32.500000000000007 0.55199217101787734 1.0308183798760029 24457.865000000005 101108.73500000002 23409.425000000007 48168.079166666677 0.75646961875922647
decision_type=2 2 2 2 2 2 2 2 2 2 2 2 2 2 2 2 2 2 2 2 2 2 2 2 2 2 2 2 2 2
left_child=2 14 7 4 10 6 -6 22 -9 -7 11 -4 13 -3 16 -16 -2 -17 -19 -18 -12 29 26 25 -25 -24 28 -28 -1 -5
right_child=1 12 3 21 5 9 -8 8 -10 -11 20 -13 -14 -15 15 17 19 18 -20 -21 -22 -23 23 24 -26 -27 27 -29 -30 -31
leaf_value=-0.021452027235779072 -2.0983138010139406 56.962948395132862 24.699127349285611 0.56794178300004095 -20.127295155043402 -8.9815469518043951 -0.79135609698845655 -6.0702096265209633 84.104753234690932 0.11453891492215464 -0.30684873037613086 -2.1424940998378705 220.66450154908495 -15.735724531188396 -4.3810686574574982 0.045353962701785162 135.10013267916787 -1.8297560307712348 -0.7585872510509829 -0.75874522387443977 11.325576980621133 27.671231688861525 0.34709304874914021 0.88900268193389453 -4.3212490039812534 22.158924463152857 -2.620425786065379 -32.125486923203297 -1.9232521953474055 16.197596078804526
leaf_weight=12957 28 35 188 256 38 37 39 20 22 447 111 305 2791 20 22 51 48 23 36 37 719 644 87 340 44 148 100 24 397 88
leaf_count=12957 28 35 188 256 38 37 39 20 22 447 111 305 2791 20 22 51 48 23 36 37 719 644 87 340 44 148 100 24 397 88
internal_value=0.00045697 0.00254384 7.77733e-05 0.000649722 0.000149682 -0.000850267 -0.0044026 -3.84043e-05 -0.00414286 -0.000285124 0.000573696 -0.000286004 0.00289459 -0.000272727 -0.00153061 -0.00290909 7.96461e-05 -0.00190909 -0.00361017 0.00123529 0.00108434 0.00160324 -2.61757e-05 0.000673667 -0.000203125 0.00210638 -5.83171e-05 -0.00159677 -4.40316e-05 0.000819768
internal_weight=20102 3091 17011 2872 1884 561 77 14139 42 484 1323 493 2846 55 245 132 113 110 59 85 830 988 14097 619 384 235 13478 124 13354 344
internal_count=20102 3091 17011 2872 1884 561 77 14139 42 484 1323 493 2846 55 245 132 113 110 59 85 830 988 14097 619 384 235 13478 124 13354 344
is_linear=0
shrinkage=0.03


Tree=258
num_leaves=31
num_cat=0
split_feature=25 26 7 28 14 27 22 1 25 12 17 11 18 31 17 14 9 4 18 22 2 28 21 7 3 28 22 12 7 17
split_gain=17.085 5.9995 1.30071 1.56722 1.6491 1.5553 1.36993 1.16361 1.80223 1.06412 0.880804 0.861887 1.15176 0.675092 0.852958 0.500662 1.18056 0.625 0.491518 0.464189 0.444444 0.412958 0.590126 0.356613 0.924203 1.00958 0.670093 0.452114 0.775758 0.351624
threshold=63034.61250000001 7.5000000000000009 47517.123992679386 8.5000000000000018 21825.075000000004 20154.300000000007 34873.605000000003 55189.550774771618 35930.895000000011 1010.0600000000001 0.9094658378561451 36713.165000000008 0.62188634329605919 8.5000000000000018 2.2642478089272946 3483.1000000000008 170699.00000000003 181719.62000000002 0.91930442533403145 12727.255000000001 79774.220000000016 6.5000000000000009 112698.33000000002 26878.196514658306 47143.695000000007 8.5000000000000018 48214.295000000006 16144.785000000002 19861.325463856618 0.51119704605361271
decision_type=2 2 2 2 2 2 2 2 2 2 2 2 2 2 2 2 2 2 2 2 2 2 2 2 2 2 2 2 2 2
left_child=2 10 7 4 5 19 13 23 -9 -7 -2 12 -6 -5 -15 16 20 -18 -8 -4 -12 22 -17 27 25 -25 -26 29 -29 -1
right_child=1 -3 3 6 11 9 18 8 -10 -11 15 -13 -14 14 -16 21 17 -19 -20 -21 -22 -23 -24 24 26 -27 -28 28 -30 -31
leaf_value=0.4903086458086009 -10.509094703280729 276.02585758651099 -7.770766587285487 136.59410377080104 -0.87189165913766864 -1.778377096279691 44.999231778714972 0.1338606101151309 -19.815382183456034 -17.0750667030774 -2.3016149202291722 40.079078010303419 -7.3901751053313305 -37.616579648698547 8.5699762650032358 -5.6580144462483526 -1.6234547757229867 -4.3275892557920121 -2.0480804011733365 16.244439429625125 97.817497218777888 22.274688914131342 43.828015236313682 0.070145066637142151 -5.0352947523239227 10.770624456014186 4.5143352310149307 -18.321636246263846 15.630587657401264 -0.30275251556326643
leaf_weight=3283 35 2641 29 37 437 94 709 31 21 30 20 46 176 29 23 40 20 20 24 715 25 44 28 2797 246 1360 115 20 24 6983
leaf_count=3283 35 2641 29 37 437 94 709 31 21 30 20 46 176 29 23 40 20 20 24 715 25 44 28 2797 246 1360 115 20 24 6983
internal_value=0.000440553 0.00258232 8.3406e-05 0.000739464 0.000170923 0.00102995 0.00179562 -2.01612e-05 -0.0045 -0.00208065 -0.0020431 -0.000960546 -0.00125775 -0.0017191 -0.00392308 -0.00126396 -0.003 -0.00675 0.00222237 0.00154839 0.000333333 5.35715e-05 -0.00141176 -4.45093e-06 0.000217796 0.000344239 -0.00123823 -0.000101843 -0.00313636 -8.88368e-05
internal_weight=20102 2873 17229 2349 1527 868 822 14880 52 124 232 659 613 89 52 197 85 40 733 744 45 112 68 14828 4518 4157 361 10310 44 10266
internal_count=20102 2873 17229 2349 1527 868 822 14880 52 124 232 659 613 89 52 197 85 40 733 744 45 112 68 14828 4518 4157 361 10310 44 10266
is_linear=0
shrinkage=0.03


Tree=259
num_leaves=31
num_cat=0
split_feature=8 26 31 14 28 2 15 11 26 17 20 22 3 20 18 13 18 20 31 24 17 18 11 20 20 8 5 22 17 8
split_gain=17.3908 5.76592 1.13037 1.39861 0.686818 1.29465 0.774369 0.676847 1.20299 0.826032 1.05807 0.824049 0.819305 0.799366 0.714672 0.580501 0.57113 0.561307 0.552173 0.518651 0.392737 0.616975 1.07143 0.640709 0.354936 0.323324 0.585359 0.216312 0.577778 0.173558
threshold=61072.632500000007 7.5000000000000009 32.500000000000007 18930.835000000003 11.500000000000002 38529.515000000007 1.0308183798760029 29877.935000000001 5.5000000000000009 1.0071136840417692 0.046918607753830416 61475.910000000011 99272.275000000009 0.14936930514228322 0.72901711663387869 9664.5250000000033 0.666209808589599 0.12810516507260039 6.5000000000000009 47800.533333333347 0.8751299483407966 0.56807262137786896 102132.17000000001 0.013520377496754048 0.18295277257479739 55821.735000000008 55020.344014675626 62366.725000000013 0.59019268728680341 81072.407500000016
decision_type=2 2 2 2 2 2 2 2 2 2 2 2 2 2 2 2 2 2 2 2 2 2 2 2 2 2 2 2 2 2
left_child=2 18 7 4 6 17 24 11 9 10 -9 25 -13 19 -15 -8 -11 -6 20 -10 -2 22 -22 -23 -4 26 -1 28 -3 -20
right_child=1 27 3 -5 5 -7 15 8 13 16 -12 12 -14 14 -16 -17 -18 -19 29 -21 21 23 -24 -25 -26 -27 -28 -29 -30 -31
leaf_value=-0.088388293800556544 -3.2791305036849505 -12.188268608145219 15.052753953517284 41.304823034679586 -3.8100358791226654 -8.0827185350157738 -10.332405301778175 -0.98976023113306055 4.8665980634388113 -1.9762558490823576 -12.270741738059545 -5.8194624020132935 -0.25300142760778099 12.191540345951601 -4.6734619487559854 18.431421459466886 2.5280631212351121 0.46790812934503118 26.366543548586719 25.686251043632225 -5.5161265151609635 150.93877306615897 0.25309583975521444 -3.1848388496665025 -0.12572776377184713 -9.4716018183154578 26.267466009316784 268.71848682771667 42.602692306956946 -3.0218678293352599
leaf_weight=14176 26 20 282 316 25 25 34 44 123 337 31 21 26 464 180 20 298 86 32 397 40 40 30 39 102 29 152 2635 52 20
leaf_count=14176 26 20 282 316 25 25 34 44 123 337 31 21 26 464 180 20 298 86 32 397 40 40 30 39 102 29 152 2635 52 20
internal_value=0.000436076 0.00257055 7.12955e-05 0.00111236 0.000229965 -0.00163235 0.000808219 1.43753e-05 0.000550694 -0.000422535 -0.0034 -5.54012e-05 -0.00402128 0.00114433 0.000437888 -0.00255556 -7.0866e-05 -0.000243243 -0.00202203 0.00201923 -0.00282857 -0.0022349 -0.00428571 -0.000417721 0.00128125 -4.24182e-05 -3.60133e-05 0.00295567 0.00133333 0.000692308
internal_weight=20102 2934 17168 890 574 136 438 16278 1874 710 75 14404 47 1164 644 54 635 111 227 520 175 149 70 79 384 14357 14328 2707 72 52
internal_count=20102 2934 17168 890 574 136 438 16278 1874 710 75 14404 47 1164 644 54 635 111 227 520 175 149 70 79 384 14357 14328 2707 72 52
is_linear=0
shrinkage=0.03


Tree=260
num_leaves=31
num_cat=0
split_feature=8 27 18 31 14 31 0 17 9 8 19 11 20 14 2 15 15 20 17 18 15 20 10 16 17 22 22 14 25 14
split_gain=17.4882 4.30744 1.98402 1.22048 1.34041 0.72591 1.29465 0.626842 1.30746 0.859819 1.04149 0.9019 0.806718 0.801099 0.843627 0.716095 0.596796 1.02243 0.57658 0.67191 0.622234 0.561307 0.55409 0.526994 0.481884 0.479747 1.07464 0.433067 0.404513 0.398895
threshold=61072.632500000007 31146.690000000006 0.38595083721627327 32.500000000000007 18930.835000000003 35.500000000000007 37316.330496537681 0.76858787701816866 30013.395 40304.025000000001 0.085113652759287992 78628.500000000015 0.14936930514228322 983.19500000000005 2317.8200000000006 1.0052474489950216 1.02414166369254 0.19005371949445354 0.67576962111695738 0.61440449696429311 1.0281276221239763 0.12810516507260039 73852.400000000009 -825.32005879551423 1.6062734756459467 69341.485000000015 96825.400000000009 20693.770000000004 47779.115000000005 12798.905000000002
decision_type=2 2 2 2 2 2 2 2 2 2 2 2 2 2 2 2 2 2 2 2 2 2 2 2 2 2 2 2 2 2
left_child=3 2 -2 7 5 16 21 8 18 13 11 -11 28 23 -15 -14 29 -18 20 -20 -1 -7 -4 -9 -12 -3 -27 -28 -10 -5
right_child=1 25 22 4 -6 6 -8 9 12 10 24 -13 15 14 -16 -17 17 -19 19 -21 -22 -23 -24 -25 -26 26 27 -29 -30 -31
leaf_value=-0.30759514141776007 -11.958920911493017 0.35788835464932184 -1.0604929439135096 6.2787101792486162 40.065678343639092 -8.172212465831791 -5.2226722999299922 3.543318534625834 5.088652722478793 -3.4572755068435859 -7.434978323966444 0.89168391620014953 -2.2055385361000859 -5.6344355335940834 -0.77330207435048481 24.375814070331401 1.9914236396362222 -10.731957885031481 -1.6836611936683066 4.5722130873196383 2.5053325420832944 0.45387088546472876 226.47610370491637 -0.40549907742318675 98.838770900760451 -4.9837703525428338 0.10600488383238546 -3.8171761426246897 24.631085954723432 24.461479508417636
leaf_weight=7454 24 44 28 196 316 25 25 886 115 93 46 40 334 322 2760 318 60 31 243 818 1393 86 2731 1013 38 29 56 22 405 151
leaf_count=7454 24 44 28 196 316 25 25 886 115 93 46 40 334 322 2760 318 60 31 243 818 1393 86 2731 1013 38 29 56 22 405 151
internal_value=0.000430107 0.00257055 0.0028383 6.43058e-05 0.00114607 0.00028223 -0.00163235 5.16045e-06 0.000132672 -0.000266641 -0.00211521 -0.00376692 0.0010802 -0.000186107 -0.00048475 0.000377301 0.000876712 -0.00128571 2.05895e-05 0.000681433 -5.86638e-05 -0.000243243 0.00291301 0.000298578 0.0005 -0.00236424 -0.0034486 -0.00161538 0.00196154 0.0014438
internal_weight=20102 2934 2783 17168 890 574 136 16278 11080 5198 217 133 1172 4981 3082 652 438 91 9908 1061 8847 111 2759 1899 84 151 107 78 520 347
internal_count=20102 2934 2783 17168 890 574 136 16278 11080 5198 217 133 1172 4981 3082 652 438 91 9908 1061 8847 111 2759 1899 84 151 107 78 520 347
is_linear=0
shrinkage=0.03


Tree=261
num_leaves=31
num_cat=0
split_feature=8 26 31 14 28 0 20 23 9 8 9 3 28 18 28 14 3 20 23 19 3 20 31 15 27 27 27 8 15 21
split_gain=17.7047 5.46381 1.23233 1.34041 0.72591 1.29465 0.665604 0.615717 1.26432 1.00693 0.943759 0.683631 0.679486 0.841543 0.578505 1.664 1.00254 0.561307 0.548404 1.46781 0.536352 0.50941 0.499712 0.458009 0.433594 0.539793 0.665391 0.432202 0.356275 0.269951
threshold=61072.632500000007 7.5000000000000009 32.500000000000007 18930.835000000003 11.500000000000002 37316.330496537681 0.22451558036722105 8742.1550218850043 30013.395 45108.645000000011 95739.400000000009 38767.475000000013 1.5000000000000002 0.77314429419792485 8.5000000000000018 8904.7500000000018 47143.695000000007 0.12810516507260039 9416.5043054024991 0.31724097705308379 73994.820000000022 0.84927106342015291 6.5000000000000009 1.0161275023083329 14089.035833333335 22925.400000000005 33499.861000000004 45830.707500000011 1.0308183798760029 62378.43
decision_type=2 2 2 2 2 2 2 2 2 2 2 2 2 2 2 2 2 2 2 2 2 2 2 2 2 2 2 2 2 2
left_child=2 22 7 4 6 17 28 8 14 18 11 -11 13 -10 16 -16 -1 -6 19 -9 -12 -20 24 -8 -2 -26 -27 -14 -4 -3
right_child=1 29 3 -5 5 -7 23 9 12 10 20 -13 27 -15 15 -17 -18 -19 21 -21 -22 -23 -24 -25 25 26 -28 -29 -30 -31
leaf_value=-0.019417305629893668 0.26465455722176712 29.284006803718221 12.309205624939164 38.863707993329818 -7.9270460918567842 -5.0659921309320008 0.84178131943217638 5.4522419396068234 4.2092267292200534 -3.4885905102306487e-05 76.521372881589102 -3.4884792667915825 -0.33955380017427983 -12.238510595831546 -1.1145083527954991 6.4287350289342688 -3.2707980592631416 0.44025475890082671 -0.21918918449558605 -18.450906712267486 -6.2810040253183121 -13.421181633317611 19.163888522802434 -5.0199452130071647 -5.7494390427708746 87.563213575861539 -1.5056682693359928 18.81095184400149 -3.6142839517405081 248.77192947299255
leaf_weight=7359 20 58 355 316 25 25 22 119 97 24 38 55 124 39 1336 1477 494 86 3997 91 29 42 52 20 23 26 106 957 41 2649
leaf_count=7359 20 58 355 316 25 25 22 119 97 24 38 55 124 39 1336 1477 494 86 3997 91 29 42 52 20 23 26 106 957 41 2649
internal_value=0.000427122 0.00258078 5.90635e-05 0.00114607 0.00028223 -0.00163235 0.000876712 -3.68484e-07 0.000111841 -0.000303754 -0.00275342 -0.00497468 0.00102794 -0.000970588 7.31307e-06 0.000376467 -0.00012492 -0.000243243 -0.000219581 -0.00171429 -0.000134328 -0.000141867 -0.00188987 -0.00271429 -0.00265714 -0.00319355 -0.00245455 0.00127937 0.00125758 0.00295567
internal_weight=20102 2934 17168 890 574 136 438 16278 11883 4395 146 79 1217 136 10666 2813 7853 111 4249 210 67 4039 227 42 175 155 132 1081 396 2707
internal_count=20102 2934 17168 890 574 136 438 16278 11883 4395 146 79 1217 136 10666 2813 7853 111 4249 210 67 4039 227 42 175 155 132 1081 396 2707
is_linear=0
shrinkage=0.03


Tree=262
num_leaves=31
num_cat=0
split_feature=8 26 0 28 20 13 31 0 25 1 31 21 18 14 28 13 14 8 18 24 7 28 28 17 12 8 1 11 22 17
split_gain=17.9016 5.14555 0.956705 1.6324 0.850964 1.13392 1.3237 0.933229 1.39689 0.825733 0.893733 0.889621 1.1495 0.685184 0.54733 0.47868 0.435743 0.630271 0.438467 0.375776 0.354606 1.09809 2.46376 1.07099 0.859099 0.872143 0.455081 0.352256 0.295482 0.295385
threshold=61072.632500000007 7.5000000000000009 52698.375739172108 8.5000000000000018 0.095573751753738931 12250.045000000002 3.5000000000000004 58517.341628475609 53890.052500000013 55189.550774771618 3.5000000000000004 43961.045000000006 0.25740945576603808 37073.830000000009 6.5000000000000009 2059.9100000000003 11480.070000000002 88996.47500000002 0.56807262137786896 60912.131666666668 26878.196514658306 8.5000000000000018 11.500000000000002 0.63276733492315196 12568.675000000001 13572.2325 29915.686727873272 28204.205000000005 44269.795000000006 1.1415406653829658
decision_type=2 2 2 2 2 2 2 2 2 2 2 2 2 2 2 2 2 2 2 2 2 2 2 2 2 2 2 2 2 2
left_child=2 14 9 4 7 -6 -7 -4 -9 20 -11 -12 -13 15 16 19 18 -18 -2 -5 24 23 -23 -22 26 -26 -1 -3 -16 -20
right_child=1 27 3 13 5 6 -8 8 -10 10 11 12 -14 -15 28 -17 17 -19 29 -21 21 22 -24 -25 25 -27 -28 -29 -30 -31
leaf_value=-0.13565363983507728 -0.70516109237230717 10.644093245359182 11.035764129203216 -12.396708060361627 17.698606335398946 -5.471161538319822 -1.2223429403076562 -4.895415389307038 -15.019954901091458 70.356205486983171 83.989655454732969 -32.236059077486296 -2.5363878558813391 -8.5812512401575791 -4.9694168990889604 55.47354897118305 -1.2977389141326041 -6.1680930317824121 103.58043533610346 18.854880008383315 -1.5836200304263364 18.280426540677709 -1.0688335776012576 1.9020764867995466 -26.23141576631944 -2.7681303668343054 6.904586973920618 221.3170324191299 10.439625494136052 -2.4088149862084269
leaf_weight=10093 41 25 30 36 316 22 352 57 22 29 25 20 39 27 24 415 34 39 24 56 1912 1347 442 1711 21 62 134 2682 39 26
leaf_count=10093 41 25 30 36 316 22 352 57 22 29 25 20 39 27 24 415 34 39 24 56 1912 1347 442 1711 21 62 134 2682 39 26
internal_value=0.000415183 0.00258078 4.5084e-05 0.000816954 -4.13015e-05 0.000347826 -0.000770053 -0.00250459 -0.00421519 -1.98925e-05 -0.00257522 -0.00414286 -0.00615254 0.00210112 -0.00175771 0.00234911 -0.00267073 -0.00439726 -0.00128571 0.000391304 -1.52641e-06 0.000195122 0.000803242 -0.000105161 -0.000104753 -0.00314458 -8.0082e-05 0.00294459 0.000619048 0.0006
internal_weight=20102 2934 17168 1333 799 690 374 109 79 15835 113 84 59 534 227 507 164 73 91 92 15722 5412 1789 3623 10310 83 10227 2707 63 50
internal_count=20102 2934 17168 1333 799 690 374 109 79 15835 113 84 59 534 227 507 164 73 91 92 15722 5412 1789 3623 10310 83 10227 2707 63 50
is_linear=0
shrinkage=0.03


Tree=263
num_leaves=31
num_cat=0
split_feature=25 26 0 28 17 4 0 20 13 23 12 3 22 31 22 3 7 28 15 7 28 12 14 9 6 3 22 20 7 14
split_gain=17.348 5.64244 1.1777 1.98172 0.933513 0.906571 1.55571 0.821967 1.2313 1.20445 1.0526 0.713588 0.656821 0.725926 0.591081 0.451817 0.980303 0.90173 0.534437 0.489154 1.26106 0.519451 0.439547 0.412759 0.452795 0.35331 0.32 0.30524 0.137135 0.142165
threshold=63034.61250000001 7.5000000000000009 52205.678397480951 8.5000000000000018 0.9094658378561451 108236.71000000001 44866.001997402062 0.095573751753738931 12250.045000000002 472.66081520711384 1010.0600000000001 71981.790000000023 34216.265000000007 8.5000000000000018 158078.46000000002 52707.715000000011 31587.051403989954 11.500000000000002 0.86798972527357876 26878.196514658306 8.5000000000000018 16144.785000000002 4795.9750000000013 104662.74500000001 87597.866550675099 77189.97500000002 23409.425000000007 0.1449627265422124 50751.247100664274 37073.830000000009
decision_type=2 2 2 2 2 2 2 2 2 2 2 2 2 2 2 2 2 2 2 2 2 2 2 2 2 2 2 2 2 2
left_child=2 4 5 7 -2 15 26 10 27 -10 11 -4 13 -5 23 19 18 -18 -17 21 -21 -1 -16 25 -25 -6 -7 -9 -14 -30
right_child=1 -3 3 12 14 6 -8 8 9 -11 -12 -13 28 -15 22 16 17 -19 -20 20 -22 -23 -24 24 -26 -27 -28 -29 29 -31
leaf_value=-0.10406994423177732 -10.002427317450946 240.00485432150867 10.704691523751864 106.7424772556796 -4.6383455154986759 171.34162872574686 -22.360620453445218 30.101867178656679 -17.971150104265199 -1.6279610629448715 -2.9879221553990094 -12.904842606021061 0.31705377503050747 -31.35439310341711 -1.0339201846130708 19.535373116150964 -1.5773339091066683 -9.5818531568528744 -1.2460268915526009 -0.13015598456345517 9.7464357293209964 -13.874024289176889 -0.24163168949209593 37.133360658287984 -0.432392789082433 64.020842973734204 -20.711148113684924 10.533878847608058 55.504611778612357 70.762167975869772
leaf_weight=10093 35 2641 60 24 21 25 20 103 23 400 21 37 22 30 20 147 209 38 72 3458 1625 42 21 45 70 20 25 265 467 23
leaf_count=10093 35 2641 60 24 21 25 20 103 23 400 21 37 22 30 20 147 209 38 72 3458 1625 42 21 45 70 20 25 265 467 23
internal_value=0.00041369 0.00257188 5.38047e-05 0.000864407 -0.00191379 -2.20895e-05 -0.00342857 -3.30022e-06 0.000345133 -0.000758865 -0.00233898 -0.00102062 0.00225795 -0.000888889 -0.00111167 -6.88589e-06 -0.000927038 -0.00222267 0.000534247 2.12907e-05 0.00026146 -9.91612e-05 -0.00431707 -0.000269231 0.000652174 -0.00285366 -0.0006 0.00161413 0.00258984 0.00269388
internal_weight=20102 2873 17229 1475 232 15754 70 909 791 423 118 97 566 54 197 15684 466 247 219 15218 5083 10135 41 156 115 41 50 368 512 490
internal_count=20102 2873 17229 1475 232 15754 70 909 791 423 118 97 566 54 197 15684 466 247 219 15218 5083 10135 41 156 115 41 50 368 512 490
is_linear=0
shrinkage=0.03


Tree=264
num_leaves=31
num_cat=0
split_feature=8 26 0 31 6 21 24 27 13 10 27 25 3 31 11 1 20 3 24 25 31 14 7 9 25 19 9 8 20 9
split_gain=17.7084 5.12132 1.0515 1.61987 0.877745 1.00595 1.56852 0.735144 0.722413 1.7408 0.693993 0.888889 0.609347 0.589973 0.583333 0.595238 0.51962 0.489458 0.675057 0.617375 0.48474 0.797948 0.510043 0.464959 0.994096 0.654114 0.593893 0.538848 0.455613 0.418623
threshold=61072.632500000007 7.5000000000000009 52205.678397480951 7.5000000000000009 51646.272128615645 52183.278333333343 51581.958666666673 6392.6622916666684 12355.825000000003 90736.520000000019 26701.980833333335 53890.052500000013 107816.60500000003 20.500000000000004 59582.355000000003 137950.42636224182 0.17542577721128153 75014.795000000013 110158.04166666667 79069.565000000017 12.500000000000002 22256.445000000003 67618.252925591936 36593.885000000002 49937.50250000001 0.021696241445997775 17949.375000000004 3519.9950000000003 0.16584052812339564 28314.970000000005
decision_type=2 2 2 2 2 2 2 2 2 2 2 2 2 2 2 2 2 2 2 2 2 2 2 2 2 2 2 2 2 2
left_child=2 12 4 8 23 16 -7 -8 10 -10 28 -12 17 20 -14 -16 -6 18 19 -2 22 -22 -5 26 25 -25 -1 -28 -4 -3
right_child=1 29 3 13 5 6 7 -9 9 -11 11 -13 14 -15 15 -17 -18 -19 -20 -21 21 -23 -24 24 -26 -27 27 -29 -30 -31
leaf_value=-0.14088399089973747 -0.87840639671313303 -13.625453556242572 14.358519815212752 39.970976541700068 29.103085719455681 -7.2849947427235735 10.636667551266452 -8.0360778089699565 -22.835566506932249 5.1424566070143163 -1.2736109020151527 -6.1370516170316591 -0.54951849189607793 30.039873497287072 -3.3005189531101085 -1.2099804049536629 -5.8065807609446685 95.233938063299533 15.873619432826571 -5.7535222962113783 10.263961354582756 -7.5733386585405311 -6.0306813996178406 0.98764733290135198 -2.3638568758000496 -2.6502085935986361 -4.5312024360045982 1.5329875329332139 -2.1821933471357791 207.14310906011909
leaf_weight=9257 61 21 69 217 62 30 28 26 37 59 72 24 42 584 21 21 22 40 22 20 116 126 61 628 35 421 90 5157 47 2686
leaf_count=9257 61 21 69 217 62 30 28 26 37 59 72 24 42 584 21 21 22 40 22 20 116 126 61 628 35 421 90 5157 47 2686
internal_value=0.000416675 0.00257055 4.85789e-05 0.000832861 -2.17059e-05 -0.00217857 -0.0045 -0.00144444 -0.00109091 -0.00325 -0.000113207 -0.002 -0.00175771 0.00136957 -0.00378571 -0.00628571 0.000142857 -0.000566433 -0.00166019 -0.00292593 0.000634615 -0.000347107 0.00148921 1.53976e-06 -0.000597786 -0.00043184 4.63322e-05 0.000301315 0.00144828 0.00293351
internal_weight=20102 2934 17168 1412 15756 168 84 54 308 96 212 96 227 1104 84 42 84 143 103 81 520 242 278 15588 1084 1049 14504 5247 116 2707
internal_count=20102 2934 17168 1412 15756 168 84 54 308 96 212 96 227 1104 84 42 84 143 103 81 520 242 278 15588 1084 1049 14504 5247 116 2707
is_linear=0
shrinkage=0.03


Tree=265
num_leaves=31
num_cat=0
split_feature=8 26 0 31 1 4 31 14 8 25 22 14 31 24 10 24 10 29 1 14 9 15 10 27 4 10 8 14 8 27
split_gain=16.9941 5.66368 0.977957 1.53914 0.834326 1.3355 1.27368 0.780558 0.586674 0.940142 0.871978 0.591956 0.552173 0.547512 0.662607 0.830877 0.616621 0.497763 0.73179 0.533422 0.414237 0.394137 1.01369 1.20065 0.381203 0.328221 0.860792 0.810776 0.304839 0.183529
threshold=61072.632500000007 7.5000000000000009 52698.375739172108 7.5000000000000009 55189.550774771618 103346.77500000001 8.5000000000000018 38745.68 53646.890000000007 54284.100000000006 96825.400000000009 21507.385000000006 6.5000000000000009 65290.927833333342 151778.12250000003 93083.315833333341 318332.92000000004 3.5000000000000004 48779.520259790072 21298.765000000003 28314.970000000005 0.59857046731849251 13327.500000000002 4288.3593750000009 3932.2700000000004 49478.415000000001 45108.645000000011 15394.255000000001 43130.607500000006 35934.090833333343
decision_type=2 2 2 2 2 2 2 2 2 2 2 2 2 2 2 2 2 2 2 2 2 2 2 2 2 2 2 2 2 2
left_child=2 12 4 8 21 6 28 17 10 -10 24 -11 13 -2 15 -15 -16 19 -19 -5 -3 22 29 -24 -4 26 -23 -27 -6 -1
right_child=1 20 3 7 5 -7 -8 -9 9 11 -12 -13 -14 14 16 -17 -18 18 -20 -21 -22 25 23 -25 -26 27 -28 -29 -30 -31
leaf_value=30.334948082257753 -4.5044135594058563 -13.216689949555366 -5.2229244208929035 24.229447881255798 98.534575065185621 -21.475790523771529 -5.9992134286933148 -14.790678611891408 -15.035286743859611 2.2978745379539078 -8.4797334048247226 -5.9643226812549024 18.240435458682189 85.957496204056739 -10.427882740494388 -2.404964208308161 -0.55628462862595462 -15.920538699107105 44.661144294855184 5.2711111376210491 200.92881578831555 -0.11338664009989609 -21.865526258996145 -0.12987578781649348 29.525644098000459 4.2583314287197691 -2.1984287970251373 -0.28520031620824104 -1.8559273678745594 24.98439166194261
leaf_weight=26 20 21 21 250 42 30 21 20 21 66 21 41 52 37 28 38 52 28 368 383 2686 10239 20 35 114 2692 24 2661 20 25
leaf_count=26 20 21 21 250 42 30 21 20 21 66 21 41 52 37 28 38 52 28 368 383 2686 10239 20 35 114 2692 24 2661 20 25
internal_value=0.00041966 0.00252965 5.90635e-05 0.00083946 -6.63077e-06 -0.00257522 -0.000614458 0.00136988 -0.00111972 -0.002625 0.000115385 -0.00148598 -0.00202203 -0.00282857 -0.00222581 -0.0002 -0.004125 0.00148397 0.00231818 0.000962085 0.00291134 1.18307e-05 -0.00181132 -0.00463636 0.001 2.42061e-05 -7.51241e-05 0.000214646 0.00154839 0.00123529
internal_weight=20102 2934 17168 1333 15835 113 83 1049 284 128 156 107 227 175 155 75 80 1029 396 633 2707 15722 106 55 135 15616 10263 5353 62 51
internal_count=20102 2934 17168 1333 15835 113 83 1049 284 128 156 107 227 175 155 75 80 1029 396 633 2707 15722 106 55 135 15616 10263 5353 62 51
is_linear=0
shrinkage=0.03


Tree=266
num_leaves=31
num_cat=0
split_feature=22 26 4 31 1 28 28 19 13 27 22 22 18 4 17 28 19 4 18 9 4 17 9 28 17 8 26 8 1 12
split_gain=17.0516 5.44579 0.960172 1.25494 0.832425 1.08552 1.22341 1.30258 0.799146 1.1134 1.23504 0.939786 0.894834 0.838929 0.746968 0.461388 0.86017 0.683637 0.511404 0.423539 1.21124 0.669357 0.564322 0.731387 0.417852 0.370553 0.360521 0.352391 0.418727 0.338
threshold=63326.835000000006 7.5000000000000009 51071.195000000007 8.5000000000000018 50009.528311097172 11.500000000000002 8.5000000000000018 0.28923283929024884 12688.770000000002 41628.508333333339 19523.225000000002 7463.5375000000013 0.5457238605395115 52961.650000000001 0.92475762393085537 7.5000000000000009 0.21931961763978988 69878.755000000019 0.74379440222871007 36194.515000000007 48117.350000000013 1.2705530431215444 17949.375000000004 11.500000000000002 0.51119704605361271 31833.992500000004 3.5000000000000004 99692.685000000012 88622.916160998357 1055.3850000000004
decision_type=2 2 2 2 2 2 2 2 2 2 2 2 2 2 2 2 2 2 2 2 2 2 2 2 2 2 2 2 2 2
left_child=2 14 4 8 19 6 7 -6 9 11 -11 -4 -10 -14 -2 16 -5 -17 -18 22 21 -21 24 -24 -1 -19 27 28 -16 -8
right_child=1 -3 3 15 5 -7 29 -9 12 10 -12 -13 13 -15 26 17 18 25 -20 20 -22 -23 23 -25 -26 -27 -28 -29 -30 -31
leaf_value=0.42142693420775584 -3.1293544663407613 226.10941076824136 -15.004628714173457 17.694378620422498 -2.1170513107015938 -21.023019831188289 -6.2929259071011385 -10.92392993925527 17.068121220618071 170.88335125227292 -33.399308500437421 7.7888388949699596 9.4124450655621086 -16.458720303121215 -1.4078202459327627 25.644948441433318 1.6221355855161756 23.568683085616293 -4.0198854420819883 -2.9001588016744471 -12.228984224672432 -0.27120208107004296 1.9756470645940023 -1.0093424774771087 -0.50812217756827716 -13.749859248800151 18.323735907351292 -0.96774707813685446 0.64877015516582859 61.203570485612886
leaf_weight=3755 31 2635 29 212 156 22 25 54 51 26 41 335 23 102 108 586 303 46 56 79 23 729 4559 370 5465 20 65 50 46 100
leaf_count=3755 31 2635 29 212 156 22 25 54 51 26 41 335 23 102 108 586 303 46 56 79 23 729 4559 370 5465 20 65 50 46 100
internal_value=0.000416675 0.00252981 5.53971e-05 0.000704918 -2.21033e-05 -0.00145378 -0.00102985 -0.00242857 -0.000410214 0.000285383 -0.00326866 0.000939561 -0.00211364 -0.00348 -0.0013 0.00125838 0.000635727 0.00180368 -0.000259053 1.20161e-05 -0.000646209 -0.00045297 5.06751e-05 0.000309799 -8.78524e-05 -0.00109091 -0.000791821 -0.00141176 -0.000701299 0.00132
internal_weight=20102 2935 17167 1830 15337 357 335 210 607 431 67 364 176 125 300 1223 571 652 359 14980 831 808 14149 4929 9220 66 269 204 154 125
internal_count=20102 2935 17167 1830 15337 357 335 210 607 431 67 364 176 125 300 1223 571 652 359 14980 831 808 14149 4929 9220 66 269 204 154 125
is_linear=0
shrinkage=0.03


Tree=267
num_leaves=31
num_cat=0
split_feature=22 17 4 10 3 23 25 14 15 10 4 20 8 4 9 17 25 4 13 13 11 1 7 6 8 10 25 3 3 11
split_gain=16.8152 4.39846 0.988174 1.30968 1.0259 0.924062 0.9098 0.871111 0.864095 0.852497 0.900594 0.674626 0.63093 0.950303 0.560999 1.30918 0.590654 0.51349 0.510635 0.498843 0.494813 0.484973 0.937616 0.497598 0.482003 0.458675 0.339853 0.32563 0.266745 0.451411
threshold=63326.835000000006 0.80304264575733286 51071.195000000007 334556.23750000005 12042.835000000001 189.62821350524624 53890.052500000013 14126.245000000001 0.94673878763858677 40176.835000000006 59833.650000000001 0.084539928968186615 99692.685000000012 99272.275000000009 38349.795000000006 1.0071136840417692 42924.35500000001 41140.000000000007 12250.045000000002 12355.825000000003 26597.650000000005 55189.550774771618 50380.140104493716 87597.866550675099 19018.41 163521.62500000003 48629.985000000008 45006.445 63512.825000000004 36713.165000000008
decision_type=2 2 2 2 2 2 2 2 2 2 2 2 2 2 2 2 2 2 2 2 2 2 2 2 2 2 2 2 2 2
left_child=2 11 6 4 9 19 14 -5 -8 10 -4 -2 21 -14 20 -16 -17 -10 -7 -6 26 -3 -23 -24 -11 -15 -1 -22 29 -13
right_child=1 12 3 7 5 18 8 -9 17 24 -12 28 13 25 15 16 -18 -19 -20 -21 27 22 23 -25 -26 -27 -28 -29 -30 -31
leaf_value=0.0057666082094562096 -1.868855930255602 47.627587110142819 -16.406365280505682 -0.31977945427866844 2.1015658883457742 17.131582541237464 363.36603810141582 -29.963755204205142 -5.7162364685736797 -9.9417257129326781 -0.05039257979392351 -3.4460460970025313 -3.8512885190128734 77.832526693091509 -9.8596835033353205 -0.51202649612158257 -7.9452290852190446 -8.2069201466577315 10.237604330950932 -16.216575804252496 8.4422791180189201 -4.149222511470013 17.984194990501312 -3.0167312629018874 25.763733565233302 -1.3845314919559824 -3.8139725205495747 0.29951371974697616 243.00280903258039 59.380752905823464
leaf_weight=13094 23 62 31 25 23 674 27 20 22 65 45 22 20 24 26 749 55 21 878 28 592 21 66 58 41 31 109 642 2572 36
leaf_count=13094 23 62 31 25 23 674 27 20 22 65 45 22 20 24 26 749 55 21 878 28 592 21 66 58 41 31 109 642 2572 36
internal_value=0.000421152 0.00251959 6.23872e-05 0.000721312 0.00084874 0.00109108 -1.62351e-05 -0.00433333 -0.00342857 -0.00128571 -0.00371053 0.00289823 -0.00104255 -0.0034 -5.89395e-07 -0.000759036 -0.000544776 -0.00606977 0.00122165 -0.00288235 4.30146e-05 -0.000188406 -0.00113793 -0.000145161 0.00045283 -0.00136364 -1.06793e-05 0.000617504 0.00294297 0.000931035
internal_weight=20102 2935 17167 1830 1785 1603 15337 45 70 182 76 2653 282 75 15267 830 804 43 1552 51 14437 207 145 124 106 55 13203 1234 2630 58
internal_count=20102 2935 17167 1830 1785 1603 15337 45 70 182 76 2653 282 75 15267 830 804 43 1552 51 14437 207 145 124 106 55 13203 1234 2630 58
is_linear=0
shrinkage=0.03


Tree=268
num_leaves=31
num_cat=0
split_feature=8 26 8 28 18 13 31 31 20 17 18 6 12 6 7 8 11 5 31 11 18 17 7 24 28 25 2 8 28 4
split_gain=16.1841 6.18004 1.01447 2.03126 0.82451 1.0314 0.685408 0.664948 0.634582 0.602288 0.640328 1.09827 1.05223 0.559248 0.79204 1.0303 1.07036 0.55673 0.733223 0.546534 0.360864 0.404954 0.359671 0.341016 0.518279 0.437306 0.204849 0.173558 0.145356 0.362097
threshold=61072.632500000007 7.5000000000000009 49041.072500000009 8.5000000000000018 0.36615932825513231 12250.045000000002 25.500000000000004 6.5000000000000009 0.23666885282499345 0.8751299483407966 0.52942788509533834 85192.78426852962 3215.2500000000005 50763.923017239955 52231.405349578425 16898.162500000002 28393.435000000001 63293.886757812506 4.5000000000000009 43509.990000000005 0.96293747480455993 2.2642478089272946 66953.588317058879 42555.736666666671 6.5000000000000009 42074.437500000007 35429.670000000006 81072.407500000016 11.500000000000002 57707.860000000008
decision_type=2 2 2 2 2 2 2 2 2 2 2 2 2 2 2 2 2 2 2 2 2 2 2 2 2 2 2 2 2 2
left_child=2 7 13 4 -4 19 -7 9 28 -2 11 -11 -12 22 15 -15 -17 18 -3 -6 21 -16 23 25 -25 -1 -22 -9 -5 -30
right_child=1 17 3 8 5 6 -8 27 -10 10 12 -13 -14 14 20 16 -18 -19 -20 -21 26 -23 -24 24 -26 -27 -28 -29 29 -31
leaf_value=-0.019278187921917694 -2.3960707387087496 -15.61304901603142 -3.3785308885554106 71.055634119750437 11.005051173219083 -3.5550032270441454 14.149615183373959 21.338159980885752 -14.618641109356572 -18.990926438432375 94.68291801029433 -0.49996533848880786 -4.9074100118055295 -24.269712965938517 -2.8697738263457193 1.27980669191406 -2.9799746249581949 221.16152951183074 23.495745410950061 -2.2412346777716921 -4.5522141122605664 185.92665679241458 -7.2272857982184471 -0.39746301004084073 8.9123609990380199 -9.1372450272240666 3.5049974191589985 -3.9856182664397148 -3.1610667944568145 21.998005123019251
leaf_weight=13793 26 28 20 355 441 334 173 32 21 20 46 47 36 20 95 79 84 2601 78 32 20 68 22 672 704 95 26 20 43 71
leaf_count=13793 26 28 20 355 441 334 173 32 21 20 46 47 36 20 95 79 84 2601 78 32 20 68 22 672 704 95 26 20 43 71
internal_value=0.000409213 0.0024683 5.7316e-05 0.000805369 3.00001e-05 0.000153061 -0.000786982 -0.00228634 0.00238776 -0.00317143 -0.00243624 -0.00461194 -0.000658536 -1.37772e-05 -0.00113265 -0.00257377 -0.00178528 0.00286701 0.000735849 0.00116068 0.000129187 0.000791411 1.49157e-05 2.04404e-05 0.00047093 -2.41934e-05 -0.00221739 0.000692308 0.0026162 0.00168421
internal_weight=20102 2934 17168 1490 1000 980 507 227 490 175 149 67 82 15678 392 183 163 2707 106 473 209 163 15286 15264 1376 13888 46 52 469 114
internal_count=20102 2934 17168 1490 1000 980 507 227 490 175 149 67 82 15678 392 183 163 2707 106 473 209 163 15286 15264 1376 13888 46 52 469 114
is_linear=0
shrinkage=0.03


Tree=269
num_leaves=31
num_cat=0
split_feature=8 26 8 28 18 14 4 8 17 14 22 8 14 24 7 9 2 28 1 14 17 28 28 8 7 3 11 28 13 2
split_gain=16.678 4.49729 1.23992 2.30892 1.18557 1.14817 1.01838 0.718015 0.670085 0.612415 0.595889 1.2 0.9 0.491836 0.367787 0.828344 0.515723 0.363844 1.05404 1.53744 0.574202 1.66833 0.549613 0.496505 0.199553 0.169409 0.185714 0.0529101 0.0346154 5.55112e-17
threshold=63463.552500000013 7.5000000000000009 49599.892500000009 8.5000000000000018 0.31293447288791409 21825.075000000004 51071.195000000007 68567.342500000013 0.8751299483407966 37073.830000000009 94354.317500000019 21004.960000000003 8461.8550000000032 50726.458666666673 74521.169318249958 170699.00000000003 108107.06000000001 11.500000000000002 36680.161536176056 20376.210000000003 0.76858787701816866 8.5000000000000018 7.5000000000000009 6459.8975 51353.202796090198 65228.975000000013 36300.31500000001 11.500000000000002 14155.150000000003 67271.755000000019
decision_type=2 2 2 2 2 2 2 2 2 2 2 2 2 2 2 2 2 2 2 2 2 2 2 2 2 2 2 2 2 2
left_child=2 7 10 4 -4 13 -7 -2 -9 24 17 -12 -13 -6 16 -16 -10 20 23 -20 21 -1 -22 -19 -5 26 -3 -26 -28 -30
right_child=1 25 3 9 5 6 -8 8 14 -11 11 12 -14 -15 15 -17 -18 18 19 -21 22 -23 -24 -25 27 -27 28 -29 29 -31
leaf_value=-0.14882429453867396 154.85993031835537 16.134937379148653 -6.2969909071181167 48.993297671934172 -2.348086932899685 -9.9859552072885052 -1.6303068575072797 -4.4725502276806832 -5.2978991971892215 -13.742136716725765 1.4217940687452397 -9.9410872225336426 -2.2062857684154156 10.664791891351712 67.173380777398421 -1.4693103385147419 -0.13347184796539088 5.01785306850896 -8.2672305940019761 8.4925836383165922 0.13769365659004659 6.2357588164590512 -1.959659243588534 -1.422376996348468 83.778111345778356 285.65851160397801 73.711640455460511 18.967366752146404 92.168336080039225 126.99142834355145
leaf_weight=7228 26 26 21 36 43 55 495 24 20 22 20 20 20 488 63 50 23 297 151 109 2694 2544 1893 780 360 2403 20 126 23 22
leaf_count=7228 26 26 21 36 43 55 495 24 20 22 20 20 20 488 63 50 23 297 151 109 2694 2544 1893 780 360 2403 20 126 23 22
internal_value=0.000406228 0.0026 6.58546e-05 0.000849332 5.98912e-05 0.00019704 -0.000763636 -0.00166019 -0.00233333 0.00244853 -1.59938e-05 -0.003 -0.006 0.00119209 -0.00161538 -0.000716814 -0.00397674 -4.58704e-06 -0.000477936 -0.00219231 3.94875e-05 0.000169464 -0.00023741 -6.40667e-05 0.00265517 0.00295188 0.00168132 0.00281481 0.00253846 0.003
internal_weight=20102 2700 17402 1646 1102 1081 550 206 180 544 15756 60 40 531 156 113 43 15696 1337 260 14359 9772 4587 1077 522 2494 91 486 65 45
internal_count=20102 2700 17402 1646 1102 1081 550 206 180 544 15756 60 40 531 156 113 43 15696 1337 260 14359 9772 4587 1077 522 2494 91 486 65 45
is_linear=0
shrinkage=0.03


Tree=270
num_leaves=31
num_cat=0
split_feature=8 26 0 31 6 21 24 8 27 31 13 17 20 26 3 21 20 18 31 14 7 27 23 24 8 23 23 21 14 16
split_gain=16.175 5.05834 1.33066 1.69879 0.884266 1.00595 1.56852 0.810572 0.735144 0.641208 0.634921 0.631679 0.648086 1.13074 0.610084 0.543478 0.51962 0.466125 0.461116 0.735795 0.633027 0.4 0.395888 0.494278 0.883266 0.487991 0.452841 0.979123 0.54347 0.34264
threshold=63463.552500000013 7.5000000000000009 52205.678397480951 7.5000000000000009 51646.272128615645 52183.278333333343 51581.958666666673 68567.342500000013 6392.6622916666684 20.500000000000004 13826.190000000001 0.58169916610359607 0.093652659282348574 2.5000000000000004 18955.830000000005 54044.350000000006 0.17542577721128153 0.6244092077984672 12.500000000000002 22256.445000000003 67618.252925591936 35934.090833333343 8742.1550218850043 51581.958666666673 38971.37750000001 9416.5043054024991 2141.4205037266647 7852.2650000000021 3757.4850000000006 278.22539849226274
decision_type=2 2 2 2 2 2 2 2 2 2 2 2 2 2 2 2 2 2 2 2 2 2 2 2 2 2 2 2 2 2
left_child=2 7 4 11 22 16 -7 -2 -8 18 14 15 13 -13 -9 -4 -6 -16 20 -20 -5 -12 26 25 -25 -24 28 -28 -1 -11
right_child=1 -3 3 9 5 6 8 10 -10 29 21 12 -14 -15 17 -17 -18 -19 19 -21 -22 -23 23 24 -26 -27 27 -29 -30 -31
leaf_value=-2.3332211294072125 150.21413240880469 242.2578445865216 0.48167398080060736 37.076355469354247 26.382750948772994 -7.6537803505694519 9.4518705249499888 112.73190433950263 -7.2691679224752983 18.130562303193305 -1.6852791871187605 0.096208244883625824 4.4696980492007992 -13.202932800771464 -2.1410023941558252 -26.809115215853307 -10.397751356768648 -0.23250418252236427 8.5349848848693046 -6.945162126238138 -5.1942056119777433 -4.3554247949183944 -8.9587087985982841 -1.6439642690421181 -6.6303637950924825 -0.31355341467116193 -0.17475404949074905 4.3513442807872691 0.070985933181107796 46.424294588131758
leaf_weight=1203 26 2494 23 252 62 30 28 21 26 331 20 74 211 48 61 23 22 58 134 149 65 20 208 47 27 3747 1818 1839 6701 334
leaf_count=1203 26 2494 23 252 62 30 28 21 26 331 20 74 211 48 61 23 22 58 134 149 65 20 208 47 27 3747 1818 1839 6701 334
internal_value=0.000406228 0.00256667 7.10264e-05 0.000883212 -1.37072e-05 -0.00217857 -0.0045 -0.00195146 -0.00144444 0.00141107 -0.00266667 -0.000878628 -0.000423423 -0.00216393 -0.00171429 -0.00417391 0.000142857 -0.00254622 0.0007 -0.000180212 0.0014858 -0.006 9.62166e-06 -0.000246463 -0.00267568 -0.000201011 9.8867e-05 0.000374898 -2.8846e-05 0.00205263
internal_weight=20102 2700 17402 1644 15758 168 84 206 54 1265 180 379 333 122 140 46 84 119 600 283 317 40 15590 4029 74 3955 11561 3657 7904 665
internal_count=20102 2700 17402 1644 15758 168 84 206 54 1265 180 379 333 122 140 46 84 119 600 283 317 40 15590 4029 74 3955 11561 3657 7904 665
is_linear=0
shrinkage=0.03


Tree=271
num_leaves=31
num_cat=0
split_feature=8 26 7 31 21 8 22 25 11 18 19 28 3 3 20 28 6 7 10 15 15 16 15 6 31 23 23 12 12 1
split_gain=16.0091 5.36403 1.12876 1.64281 1.04969 0.858954 0.624813 0.547232 0.870068 0.932981 0.542417 0.519892 0.460896 1.22545 0.698641 0.460452 1.41554 0.651532 0.434488 0.585043 0.573397 0.280683 0.562287 0.180816 0.28993 0.173077 0.0823772 0.0375923 0.201326 3.55271e-15
threshold=63463.552500000013 7.5000000000000009 51353.202796090198 20.500000000000004 78748.35000000002 68567.342500000013 3976.5000000000005 50437.587500000009 22110.575000000004 0.68149743756242087 0.18712675820364585 8.5000000000000018 71981.790000000023 181095.22500000003 0.13932067544633411 11.500000000000002 37356.255004098603 26878.196514658306 151778.12250000003 1.1379581626431252 1.0840884833226558 345.41972028442245 1.0035740283639405 66583.864372804775 8.5000000000000018 1999.8148123211097 2458.1640521595223 9206.2100000000009 9811.7100000000009 182722.11694825199
decision_type=2 2 2 2 2 2 2 2 2 2 2 2 2 2 2 2 2 2 2 2 2 2 2 2 2 2 2 2 2 2
left_child=2 5 4 6 7 -2 -4 15 -9 -10 18 21 14 -14 -8 17 -17 -1 19 -7 -20 22 -5 24 25 -3 -23 -13 -29 -25
right_child=1 23 3 11 -6 10 12 8 9 -11 -12 27 13 -15 -16 16 -18 -19 20 -21 -22 26 -24 29 -26 -27 -28 28 -30 -31
leaf_value=-0.14914541353237218 145.70770843654057 -14.207446707315691 -13.063621607572486 12.018047338495691 -17.490315800838491 51.764868832810926 16.478933379243536 -22.516818025138519 0.53697002051564247 -1.4498616506504145 -1.8363826261210108 53.714579349870995 -6.7427209125335787 92.398732934945556 -1.1321752903146298 -0.053985340876479382 -2.6037847130281273 1.5150515776926357 -10.32579649000523 -4.6876674400840157 0.35681308871279577 38.806493890756059 -15.349901627531448 284.00930954975752 73.348189272140104 30.760372724762462 20.381333688974504 33.476102467992739 65.540343048837684 3795.5178869331944
leaf_weight=9441 26 26 23 224 32 45 339 29 151 49 32 207 95 39 619 1073 214 4601 54 20 29 70 21 2234 79 26 33 34 108 129
leaf_count=9441 26 26 23 224 32 45 339 29 151 49 32 207 95 39 619 1073 214 4601 54 20 29 70 21 2234 79 26 33 34 108 129
internal_value=0.000406228 0.00255556 7.27504e-05 0.000781457 -9.62144e-06 -0.00209709 6.72647e-05 1.54273e-06 -0.00145415 -0.00075 -0.00283333 0.00192396 0.00017033 -0.00147761 0.000400835 2.32893e-05 -0.000519813 7.30666e-05 -0.00206757 -0.000230769 -0.00350602 0.00110345 0.000551021 0.00293986 0.00185496 0.000115385 0.00241748 0.00274212 0.0023662 0.003
internal_weight=20102 2700 17402 1812 15590 206 1115 15558 229 200 180 697 1092 134 958 15329 1287 14042 148 65 83 348 245 2494 131 52 103 349 142 2363
internal_count=20102 2700 17402 1812 15590 206 1115 15558 229 200 180 697 1092 134 958 15329 1287 14042 148 65 83 348 245 2494 131 52 103 349 142 2363
is_linear=0
shrinkage=0.03


Tree=272
num_leaves=31
num_cat=0
split_feature=25 26 17 25 28 7 9 14 23 9 22 14 14 21 22 9 17 28 23 25 6 11 12 14 28 23 0 13 10 12
split_gain=16.3032 5.3046 1.04732 0.904442 1.53856 1.04789 0.923576 0.951889 1.2597 0.619048 0.585764 0.664866 0.583141 0.546878 0.429704 0.432071 0.701071 0.470882 0.414135 0.293069 0.238799 0.291108 0.278108 0.0972104 0.0842578 0.0770941 3.55271e-15 3.55271e-15 2.22045e-16 2.22045e-16
threshold=63924.12750000001 7.5000000000000009 0.9094658378561451 52350.185000000005 8.5000000000000018 51353.202796090198 68978.330000000016 21825.075000000004 1324.2660671588253 286157.09000000003 94354.317500000019 9469.5350000000017 4795.9750000000013 59945.155000000006 62366.725000000013 36593.885000000002 1.0071136840417692 11.500000000000002 26338.82052119221 79069.565000000017 66583.864372804775 36300.31500000001 12089.025000000001 35714.665000000008 11.500000000000002 1161.8446885868518 179834.79752141124 13924.440000000001 97768.152500000011 31042.235000000004
decision_type=2 2 2 2 2 2 2 2 2 2 2 2 2 2 2 2 2 2 2 2 2 2 2 2 2 2 2 2 2 2
left_child=3 2 -2 10 6 -6 7 13 -9 18 14 -12 -8 -5 15 17 -17 -1 -4 -20 21 22 -3 24 -7 -23 27 -22 -27 -28
right_child=1 20 9 4 5 23 12 8 -10 -11 11 -13 -14 -15 -16 16 -18 -19 19 -21 26 25 -24 -25 -26 28 29 -29 -30 -31
leaf_value=0.16595627012170677 -12.453431890002074 -24.864142984241575 -1.0813303183251912 15.356060455027073 -2.5177431849412946 67.546556574606512 -0.085260155738096782 -16.093774891922308 3.9574541209632965 -2.5608274725068001 -6.6653729128296657 16.098360599772644 -11.805151807841339 -0.9135930341878914 257.44967597171905 -5.2434793248038662 -0.65696970104218189 -1.000377633512803 85.517945686577107 -0.4145612697570199 253.63855483389088 18.502404822579024 59.776841164239244 18.148576127690564 15.625137325912887 50.625507724647399 3490.9941113995319 280.18883630376985 66.354719836209043 3792.8647088210687
leaf_weight=13458 34 21 39 286 20 299 24 120 337 20 20 21 23 80 43 46 1200 1190 45 91 422 38 27 27 113 46 45 1817 58 92
leaf_count=13458 34 21 39 286 20 299 24 120 337 20 20 21 23 80 43 46 1200 1190 45 91 422 38 27 27 113 46 45 1817 58 92
internal_value=0.000401751 0.00252773 -0.00184716 5.84158e-05 0.000810384 0.00221569 6.89656e-05 0.000302552 -0.000610503 -0.001 -4.13057e-06 -0.00358537 -0.00402128 0.00144262 5.08262e-06 -3.0199e-06 -0.000539326 4.25998e-05 -0.000428571 0.000352941 0.00291816 0.00189474 -0.000125 0.00252164 0.00263592 0.00257746 0.003 0.003 0.003 0.003
internal_weight=20102 2795 229 17307 1329 459 870 823 457 195 15978 41 47 366 15937 15894 1246 14648 175 136 2566 190 48 439 412 142 2376 2239 104 137
internal_count=20102 2795 229 17307 1329 459 870 823 457 195 15978 41 47 366 15937 15894 1246 14648 175 136 2566 190 48 439 412 142 2376 2239 104 137
is_linear=0
shrinkage=0.03


Tree=273
num_leaves=31
num_cat=0
split_feature=8 26 31 1 31 20 11 19 8 13 24 23 8 15 15 28 3 18 9 3 18 26 9 18 13 7 27 28 2 16
split_gain=16.4318 4.76162 1.04375 1.75385 0.770746 0.908941 1.38065 0.828485 0.763592 0.7 0.603857 0.508419 0.769468 0.997501 1.35451 0.544918 0.785639 0.86087 0.692303 0.548492 0.519368 0.488176 0.508074 0.464835 0.457143 0.564528 0.4 0.391401 0.338269 0.278091
threshold=63463.552500000013 7.5000000000000009 20.500000000000004 51364.312378309354 22.500000000000004 0.22723820057535524 22110.575000000004 0.16170750343984694 68567.342500000013 13826.190000000001 51182.502500000002 17457.149113596734 54063.242500000008 0.73393453982622103 1.0606683261712231 1.5000000000000002 49149.410000000011 0.68149743756242087 30013.395 50435.750000000007 7474.0288135039455 6.5000000000000009 23191.405000000002 1.2960313400333152 726.74500000000012 74521.169318249958 35934.090833333343 6.5000000000000009 22787.615000000002 301.06866413236645
decision_type=2 2 2 2 2 2 2 2 2 2 2 2 2 2 2 2 2 2 2 2 2 2 2 2 2 2 2 2 2 2
left_child=2 8 11 4 7 10 -7 -4 -2 24 -6 15 21 -14 -15 16 20 -18 19 -17 -1 22 -13 -20 25 -10 -11 29 -9 -5
right_child=1 -3 3 27 5 6 -8 28 9 26 -12 12 13 14 -16 18 17 -19 23 -21 -22 -23 -24 -25 -26 -27 -28 -29 -30 -31
leaf_value=-0.4929543308966422 140.0599265132291 220.43751557479402 -2.9238359114723123 6.5014653097381885 0.25023073814719388 -1.2423472762963474 -8.4473404848595077 0.10836242537366686 -3.1677238393600633 -1.2421429776568202 -1.4603906343111577 1.7143364544883306 0.15837706371803598 -21.422607951767638 -1.2350902016196328 0.070466618081329202 -0.38638711204587717 -7.7980966214695702 9.9733666708273265 -4.3703400463246815 -11.485453666183384 -61.070303208368422 -1.3077488226341547 -1.0596049433147114 46.749820215874792 -0.30376257315928812 -4.1211171325591689 39.077701682491991 15.693160163498845 39.974677921650041
leaf_weight=951 26 2494 20 195 2301 217 23 82 26 20 36 525 22 20 26 9257 64 46 834 182 136 29 1570 85 28 86 20 426 284 71
leaf_count=951 26 2494 20 195 2301 217 23 82 26 20 36 525 22 20 26 9257 64 46 834 182 136 29 1570 85 28 86 20 426 284 71
internal_value=0.000400259 0.00257778 6.24067e-05 0.000512996 0.00019541 8.14912e-06 -0.00175 0.0014456 -0.00180583 -0.0025 0.000188704 -5.73942e-05 -0.000476277 -0.00361765 -0.00613043 2.20685e-05 -0.00058396 -0.003 9.21028e-05 1.55738e-05 -0.000339466 -0.000375706 -0.000322196 0.000878128 -0.0015 -0.00235714 -0.006 0.00187283 0.00177049 0.000969925
internal_weight=20102 2700 17402 3655 2963 2577 240 386 206 180 2337 13747 2192 68 46 11555 1197 110 10358 9439 1087 2124 2095 919 140 112 40 692 366 266
internal_count=20102 2700 17402 3655 2963 2577 240 386 206 180 2337 13747 2192 68 46 11555 1197 110 10358 9439 1087 2124 2095 919 140 112 40 692 366 266
is_linear=0
shrinkage=0.03


Tree=274
num_leaves=31
num_cat=0
split_feature=8 26 8 28 4 13 14 13 23 12 13 25 18 22 8 14 14 12 4 19 20 19 22 18 13 21 8 23 7 28
split_gain=16.0214 5.33844 0.834733 2.25258 1.01165 1.03039 0.947511 0.850724 1.19438 0.643918 0.624569 0.618347 0.667979 0.599697 1.2 0.9 0.511579 0.32131 0.310053 0.719444 1.13909 0.518683 0.457634 0.404636 0.282929 0.235983 0.260204 0.287415 0.16919 0.0713908
threshold=63463.552500000013 7.5000000000000009 49599.892500000009 8.5000000000000018 50600.980000000003 8540.2550000000028 22455.205000000005 11663.635000000002 1064.9031878085923 14144.165000000003 26848.955000000005 79069.565000000017 0.27165594585547548 94354.317500000019 21004.960000000003 8461.8550000000032 20693.770000000004 2157.5000000000005 2586.9850000000001 1.1611746749333856 0.1274301549680725 2.2465715485930509 17679.465000000004 0.0416120647509911 915.61000000000013 65928.635000000009 64171.220000000008 1943.2788247664641 51353.202796090198 10.500000000000002
decision_type=2 2 2 2 2 2 2 2 2 2 2 2 2 2 2 2 2 2 2 2 2 2 2 2 2 2 2 2 2 2
left_child=2 10 13 4 5 -4 -7 24 -9 28 11 17 -13 18 -15 -16 -14 -2 19 20 -1 23 -21 -20 -6 26 -3 -28 -5 -30
right_child=1 25 3 9 7 6 -8 8 -10 -11 -12 12 16 14 15 -17 -18 -19 21 22 -22 -23 -24 -25 -26 -27 27 -29 29 -31
leaf_value=-4.1958684194826601 -0.22816937290257372 54.188970369803492 -12.174539826371284 47.309532463845336 -0.14961684918862725 15.841447665078597 -10.54064749590934 -11.364358189432899 3.4479953278109829 -12.844041702175037 -1.7280096350267888 -1.723113205841736 -0.54293516875818493 1.8875542359172679 -8.9685459695824594 -1.6633094925607677 -5.5204141428547748 129.27644939100989 36.705186424035695 2.8712636637835227 2.9584062070339301 -15.793599005571814 -10.487710741218587 0.085298981581335281 12.179693698062023 257.54848636923765 -28.150854707181235 57.953031079366042 95.079599340955653 26.317534368710561
leaf_weight=1156 36 51 32 36 35 41 42 129 454 20 21 23 75 20 20 20 20 31 61 381 757 37 32 13272 369 2394 21 28 240 248
leaf_count=1156 36 51 32 36 35 41 42 129 454 20 21 23 75 20 20 20 20 31 61 381 757 37 32 13272 369 2394 21 28 240 248
internal_value=0.000394289 0.00254444 6.06828e-05 0.000703524 -7.62249e-05 -0.00273913 -0.000975903 0.000234043 -0.000499142 0.00228309 -0.00209709 -0.00154054 -0.00284746 -6.47361e-06 -0.003 -0.006 -0.00173684 0.000761194 4.96953e-06 -0.000314703 -0.000559854 6.05835e-05 0.000820823 7.04269e-05 0.00129208 0.00292783 0.0015 -6.12244e-05 0.00248473 0.00263115
internal_weight=20102 2700 17402 1646 1102 115 83 987 583 544 206 185 118 15756 60 40 95 67 15696 2326 1913 13370 413 13333 404 2494 100 49 524 488
internal_count=20102 2700 17402 1646 1102 115 83 987 583 544 206 185 118 15756 60 40 95 67 15696 2326 1913 13370 413 13333 404 2494 100 49 524 488
is_linear=0
shrinkage=0.03


Tree=275
num_leaves=31
num_cat=0
split_feature=8 26 31 1 31 20 11 19 13 4 24 23 8 15 15 19 28 12 9 9 9 10 23 5 4 5 28 4 16 14
split_gain=16.2645 4.73751 0.889801 1.61764 0.795916 0.885027 1.38065 0.828485 0.710342 1.06293 0.595841 0.407581 0.796521 0.997501 1.35451 0.587775 0.526079 0.696566 0.61379 0.451174 1.02853 0.347966 0.445823 0.470632 0.413603 0.32091 0.319839 0.286868 0.278091 0.433333
threshold=63463.552500000013 7.5000000000000009 20.500000000000004 51364.312378309354 22.500000000000004 0.22723820057535524 22110.575000000004 0.16170750343984694 13826.190000000001 66979.830000000002 51182.502500000002 17457.149113596734 54063.242500000008 0.73393453982622103 1.0606683261712231 2.4625501852561036 1.5000000000000002 8487.6150000000034 30013.395 22293.805000000004 24123.215000000004 134119.44000000003 17875.939857243739 125069.92448747398 85102.030000000013 22620.823330078132 6.5000000000000009 160.64500000000001 301.06866413236645 24051.280000000002
decision_type=2 2 2 2 2 2 2 2 2 2 2 2 2 2 2 2 2 2 2 2 2 2 2 2 2 2 2 2 2 2
left_child=2 8 11 4 7 10 -7 -4 21 -10 -6 15 19 -14 -15 16 17 -1 -18 27 -21 24 -23 -24 -2 -9 28 -13 29 -5
right_child=1 -3 3 26 5 6 -8 25 9 -11 -12 12 13 14 -16 -17 18 -19 -20 20 -22 22 23 -25 -26 -27 -28 -29 -30 -31
leaf_value=-1.1174661220138038 80.43988350821256 206.86819086644462 -2.8386798035756575 12.48204393757508 0.24016484655528181 -1.2076358274549175 -8.1964792397611586 0.17202810052754888 15.790883926155777 -4.0190487296002217 -1.4191378847293219 -14.679806858133455 0.12112631406597416 -20.414693518423469 -1.0131751588765434 -10.417332513076472 0.048730674695212257 -6.4707693945183129 7.4521638289725347 -31.666057260617951 -0.63130088469833634 -3.9759143688646592 0.65609689658752868 -2.2595569914367424 -3.1171661236641119 15.213730950822139 37.019929575840386 2.2526023278819669 38.410046800382297 -8.0772149624657921
leaf_weight=1083 36 2494 20 130 2301 217 23 84 21 28 36 43 22 20 26 35 9404 114 919 50 1566 20 44 25 32 282 426 465 71 65
leaf_count=1083 36 2494 20 130 2301 217 23 84 21 28 36 43 22 20 26 35 9404 114 919 50 1566 20 44 25 32 282 426 465 71 65
internal_value=0.000400259 0.00256667 6.41307e-05 0.000480164 0.00017516 -1.51338e-05 -0.00175 0.0014456 -0.00180583 -0.00495918 0.00016303 -4.64828e-05 -0.000421533 -0.00361765 -0.00613043 2.46648e-05 3.64584e-05 -0.000558897 0.000105493 -0.000319209 -0.000564356 -0.000821656 -0.00205618 -0.000913043 0.000794118 0.00177049 0.00178613 0.00046063 0.000969925 0.000384615
internal_weight=20102 2700 17402 3655 2963 2577 240 386 206 49 2337 13747 2192 68 46 11555 11520 1197 10323 2124 1616 157 89 69 68 366 692 508 266 195
internal_count=20102 2700 17402 3655 2963 2577 240 386 206 49 2337 13747 2192 68 46 11555 11520 1197 10323 2124 1616 157 89 69 68 366 692 508 266 195
is_linear=0
shrinkage=0.03


Tree=276
num_leaves=27
num_cat=0
split_feature=22 26 25 17 0 28 22 17 9 20 9 27 2 22 8 8 5 31 4 18 28 24 27 24 0 10
split_gain=16.2512 4.38974 1.22746 1.01107 0.802595 1.7322 0.758516 0.71345 2.03294 0.724997 0.689616 1.05 0.667602 0.57321 0.495311 0.663105 0.487314 0.955861 0.469806 0.709046 0.347609 0.148593 0.346439 0.132341 7.10543e-15 8.88178e-16
threshold=64259.695 7.5000000000000009 79069.565000000017 0.92475762393085537 52205.678397480951 8.5000000000000018 52852.980000000003 0.59675698538299227 34719.470000000008 0.095573751753738931 62474.660000000011 6721.4134027777791 114046.15500000001 71286.590000000011 21004.960000000003 34534.575000000004 66863.748714961577 5.5000000000000009 108236.71000000001 0.39677385917918911 11.500000000000002 65290.927833333342 7433.6379166666675 75208.376666666692 136085.18528154734 188208.18000000002
decision_type=2 2 2 2 2 2 2 2 2 2 2 2 2 2 2 2 2 2 2 2 2 2 2 2 2 2
left_child=2 3 4 -2 6 7 18 8 -6 -9 11 -8 23 -5 -15 -16 17 -3 20 -20 -1 -19 -23 -7 -18 -26
right_child=1 16 -4 13 5 12 10 9 -10 -11 -12 -13 -14 14 15 -17 24 21 19 -21 -22 22 -24 -25 25 -27
leaf_value=0.096153715846990034 -6.1210312811089853 -20.444305911360424 -11.714717773435723 167.03666600535513 -1.336558947526846 39.343203419868665 -0.33964992415509043 -2.5357245029492019 -24.433763014782869 7.4850551547561412 21.541746021726645 -8.8322342833497114 -16.07422375081903 2.2788338021046468 -6.024600920691956 -1.1607392745807734 241.72087283354088 54.193037611617974 -26.598124496236405 79.020056741847895 -0.964336683221097 76.966812643544301 -3.2873024386299474 36.648455491907356 2296.3914256965063 2237.7947764909068
leaf_weight=14275 29 26 25 38 300 472 42 92 40 524 39 28 38 25 32 169 2114 99 42 23 1285 38 27 20 28 232
leaf_count=14275 29 26 25 38 300 472 42 92 40 524 39 28 38 25 32 169 2114 99 42 23 1285 38 27 20 28 232
internal_value=0.000389812 0.00248547 4.26212e-05 -0.000993174 5.22649e-05 0.000718708 -1.06774e-05 -4.39329e-05 -0.00114706 0.000564935 -0.00250459 -0.00428571 0.00209434 -0.000409091 -0.000982301 -0.00147761 0.002883 0.00142105 6.72011e-06 -0.00253846 1.73523e-05 0.00226829 0.00115385 0.00239024 0.003 0.003
internal_weight=20102 2857 17245 293 17220 1486 15734 956 340 616 109 70 530 264 226 201 2564 190 15625 65 15560 164 65 492 2374 260
internal_count=20102 2857 17245 293 17220 1486 15734 956 340 616 109 70 530 264 226 201 2564 190 15625 65 15560 164 65 492 2374 260
is_linear=0
shrinkage=0.03


Tree=277
num_leaves=31
num_cat=0
split_feature=22 26 25 17 1 28 27 14 23 6 25 18 22 4 4 1 3 8 5 31 24 7 25 8 15 28 24 27 21 9
split_gain=15.9272 4.59755 1.22874 0.972504 0.761679 1.02394 1.2322 0.941634 1.1345 0.853368 0.615296 1.05343 1.24945 0.563333 0.520721 0.50614 1.3339 0.610622 0.479545 0.955861 0.44489 0.613681 1.12154 0.481352 0.545269 0.310968 0.148593 0.346439 0.0946644 0.0273565
threshold=64259.695 7.5000000000000009 79069.565000000017 0.92475762393085537 51364.312378309354 8.5000000000000018 17432.116250000003 21298.765000000003 1324.2660671588253 58414.084478495708 50437.587500000009 0.73484676238663493 49955.610000000008 51510.930000000015 71776.415000000023 50009.528311097172 51288.42500000001 48618.170000000006 66863.748714961577 5.5000000000000009 91288.965833333335 55117.414349995051 49118.107500000006 137255.53750000001 1.1379581626431252 11.500000000000002 65290.927833333342 7433.6379166666675 77418.861666666679 33535.545000000006
decision_type=2 2 2 2 2 2 2 2 2 2 2 2 2 2 2 2 2 2 2 2 2 2 2 2 2 2 2 2 2 2
left_child=2 3 4 -2 10 7 25 9 -9 -6 15 12 -12 -13 -8 17 -17 -1 19 -3 21 22 -5 24 -22 -7 -21 -28 -23 -20
right_child=1 18 -4 20 5 6 14 8 -10 -11 11 13 -14 -15 -16 16 -18 -19 29 26 23 28 -24 -25 -26 -27 27 -29 -30 -31
leaf_value=0.0093786546715610153 -5.9374003426757165 -19.830976734019568 -11.363276240232652 1.6494872230412094 14.745483164757907 69.011204539698127 -0.40653450196786245 -9.8539398914546386 0.66567909800428626 -1.705669807510956 -10.813916918754186 -2.0180566441548851 4.7474396185475003 -0.26101860008004502 -18.028461430375128 26.809863887972437 -13.027658074934109 40.387484762859373 62.641074026316929 52.567246483269329 -1.8383245312600394 10.757820634384675 -4.0512924368371364 0.10577324705082121 -7.9474257214263524 8.9482200276944504 74.657808264238028 -3.1886833654711042 129.43539646172957 251.12422965174221
leaf_weight=15181 29 26 25 40 365 353 54 152 415 148 35 30 146 20 20 47 38 98 36 99 48 28 25 40 28 118 38 27 55 2338
leaf_count=15181 29 26 25 40 365 353 54 152 415 148 35 30 146 20 20 47 38 98 36 99 48 28 25 40 28 118 38 27 55 2338
internal_value=0.000389812 0.00246447 4.61004e-05 -0.00109556 5.57492e-05 0.000673846 0.00173395 0.000138889 -0.000703704 0.00107018 -8.65651e-06 -0.00154545 -0.000480663 -0.0054 -0.00186486 1.44495e-05 -0.00229412 2.72925e-05 0.00287129 0.00142105 -0.000522727 0.000567568 -0.00161538 -0.00191379 -0.00331579 0.00229936 0.00226829 0.00115385 0.00227711 0.00298736
internal_weight=20102 2857 17245 293 17220 1625 545 1080 567 513 15595 231 181 50 74 15364 85 15279 2564 190 264 148 65 116 76 471 164 65 83 2374
internal_count=20102 2857 17245 293 17220 1625 545 1080 567 513 15595 231 181 50 74 15364 85 15279 2564 190 264 148 65 116 76 471 164 65 83 2374
is_linear=0
shrinkage=0.03


Tree=278
num_leaves=31
num_cat=0
split_feature=8 26 5 17 23 31 4 10 26 25 28 15 28 8 13 20 28 13 25 20 14 13 10 5 2 14 4 5 11 27
split_gain=15.5508 4.68412 1.06347 1.18969 0.977217 0.728825 1.14203 0.841 1.67613 0.762971 0.850201 0.65404 0.653748 0.581818 0.7 0.541075 0.533333 0.530015 0.527981 1.04955 0.841158 0.935162 0.462842 0.555776 0.561712 0.448656 0.412908 0.931224 0.488034 0.4
threshold=61931.842500000006 7.5000000000000009 66863.748714961577 0.58169916610359607 2227.4770469819628 8.5000000000000018 51952.560000000012 163521.62500000003 1.5000000000000002 3056.3075000000003 11.500000000000002 0.66792207015826099 7.5000000000000009 68567.342500000013 13826.190000000001 0.37058961787160294 10.500000000000002 13148.725 49937.50250000001 0.21692248473732728 446.89000000000004 12688.770000000002 100690.32500000003 74893.332324371353 75262.645000000019 47478.48000000001 96241.22500000002 106422.78610268979 49307.275000000001 35934.090833333343
decision_type=2 2 2 2 2 2 2 2 2 2 2 2 2 2 2 2 2 2 2 2 2 2 2 2 2 2 2 2 2 2
left_child=5 13 3 4 -3 18 7 9 -9 -7 -11 -8 17 -2 26 -14 -10 -13 22 20 -20 -22 23 24 -1 -24 27 -15 -28 -16
right_child=1 2 -4 -5 -6 6 11 8 16 10 -12 12 15 14 29 -17 -18 -19 19 -21 21 -23 25 -25 -26 -27 28 -29 -30 -31
leaf_value=-0.46440797758540292 21.34289788769788 -34.673226618609256 241.15532754975223 27.363470527858194 28.84832366942512 8.9617907279506763 -3.1343168946422608 -36.003813146329271 314.27064429878993 0.56507867101491971 -1.6009635377730094 12.218368426105741 23.042416278770293 -0.15992119087565138 -0.85204865081509917 -14.914351375615771 -7.9676419255520532 -1.1166849544334243 -1.4198196645227763 -12.068999641282307 8.3473234491948389 -1.526595980260868 5.6119365181129837 -38.297196649324647 11.812090416108415 -3.705201214340355 -3.2021865571178432 -2.5507453679031769 1.3628541893864787 -3.5315989100835523
leaf_weight=7566 40 27 2366 214 29 274 21 20 24 5829 1087 250 609 47 20 20 30 287 38 41 173 122 741 23 68 23 23 21 49 20
leaf_count=7566 40 27 2366 214 29 274 21 20 24 5829 1087 250 609 47 20 20 30 287 38 41 173 122 741 23 68 23 23 21 49 20
internal_value=0.00038235 0.00243277 0.00278376 0.001 -0.00289286 4.27926e-05 0.000241747 0.000100771 -0.00308108 0.000133519 7.20071e-05 0.00110447 0.00119897 -0.00177273 -0.0025 0.00185533 -0.000333333 0.000430168 -0.00014838 -0.00125134 -0.000693694 -0.000152542 -9.93943e-05 -0.000169649 -0.000155619 0.000604712 -0.0015 -0.00317647 8.33334e-05 -0.006
internal_weight=20102 2856 2636 270 56 17246 8451 7264 74 7190 6916 1187 1166 220 180 629 54 537 8795 374 333 295 8421 7657 7634 764 140 68 72 40
internal_count=20102 2856 2636 270 56 17246 8451 7264 74 7190 6916 1187 1166 220 180 629 54 537 8795 374 333 295 8421 7657 7634 764 140 68 72 40
is_linear=0
shrinkage=0.03


Tree=279
num_leaves=31
num_cat=0
split_feature=25 26 17 5 31 31 14 20 17 28 20 13 27 11 28 18 25 6 22 18 10 22 28 13 15 18 18 16 7 2
split_gain=15.3177 5.7133 1.33183 0.795172 1.09573 0.695282 0.698621 0.554017 1.00941 0.632253 0.842523 0.581197 0.531845 0.923073 0.810396 0.810876 0.693087 0.720399 0.714286 0.641682 0.846854 0.628286 0.555755 0.480953 0.404488 0.339763 0.716334 0.664368 0.559145 0.338799
threshold=63924.12750000001 7.5000000000000009 0.9094658378561451 66863.748714961577 5.5000000000000009 32.500000000000007 19714.245000000006 0.18024830523389127 0.61544721587254603 11.500000000000002 0.15045086419038753 5386.3350000000009 12394.300625000002 30353.320000000003 1.5000000000000002 0.77314429419792485 49937.50250000001 73476.864179450014 61475.910000000011 0.32828964473806649 28636.605000000003 61475.910000000011 8.5000000000000018 28055.600000000002 1.0308183798760029 0.6244092077984672 0.41583233434241484 12983.951725480763 85508.101881822819 63675.950000000004
decision_type=2 2 2 2 2 2 2 2 2 2 2 2 2 2 2 2 2 2 2 2 2 2 2 2 2 2 2 2 2 2
left_child=5 2 -2 4 -3 12 7 9 11 24 -11 -9 13 21 15 -15 19 18 -18 23 -21 22 -1 -14 -7 26 28 -27 -4 -16
right_child=1 3 25 -5 -6 6 -8 8 -10 10 -12 -13 16 14 29 -17 17 -19 -20 20 -22 -23 -24 -25 -26 27 -28 -29 -30 -31
leaf_value=-0.283976284755668 -11.033150508951575 -26.960066128617068 0.95831899329899839 232.5823595837673 33.472567661659888 13.933978056436677 30.366714259350946 -4.3119714827384517 -9.2287630097063005 -4.3736658403212623 3.3687886587853813 1.274746734412697 5.8219751998320604 -0.11676159247483577 8.1057831653739356 -7.14011727377369 -1.2676929077242629 9.2344395197719802 -4.0640370848948821 -0.15238618235687634 -5.6449993616945715 -17.481173592963181 1.3292134514165059 -27.662450452289054 -2.8705139541481994 60.906778897581361 -2.4289325618170809 -2.4024455174575947 -1.8334333547699337 37.37604887719165
leaf_weight=8994 34 28 42 2372 166 291 289 36 20 68 41 117 833 85 1039 26 70 33 20 908 522 28 3721 56 32 60 29 27 37 78
leaf_count=8994 34 28 42 2372 166 291 289 36 20 68 41 117 833 85 1039 26 70 33 20 908 522 28 3721 56 32 60 29 27 37 78
internal_value=0.000370411 0.00243113 -0.00210917 0.00283632 0.000989691 3.76149e-05 0.000852349 0.000272727 -0.00116185 0.000847222 -0.00112844 -0.000333333 -6.76282e-06 6.4634e-05 0.000850163 -0.00159459 -0.000415233 -0.00260976 -0.004 -0.000298836 -0.000692308 -1.10648e-05 -1.1796e-06 0.000334083 0.00151393 -0.00115385 -0.00227778 0.000241379 -0.000797468 0.00109311
internal_weight=20102 2795 229 2566 194 17307 894 605 173 432 109 153 16413 13971 1228 111 2442 123 90 2319 1430 12743 12715 889 323 195 108 87 79 1117
internal_count=20102 2795 229 2566 194 17307 894 605 173 432 109 153 16413 13971 1228 111 2442 123 90 2319 1430 12743 12715 889 323 195 108 87 79 1117
is_linear=0
shrinkage=0.03


Tree=280
num_leaves=31
num_cat=0
split_feature=8 26 21 31 1 31 14 28 12 23 20 9 8 24 4 10 18 22 14 22 12 20 18 28 3 23 28 16 14 16
split_gain=15.1104 5.13593 0.896089 0.873042 1.67921 0.83443 0.772296 0.768419 0.901863 0.915719 0.729379 1.30046 0.583494 0.579971 0.56318 0.656743 0.568448 0.550967 0.841874 0.483919 0.595588 1.05692 0.549451 0.450111 0.86608 0.36455 0.319839 0.278091 0.433333 0.255356
threshold=63463.552500000013 7.5000000000000009 66929.211666666684 20.500000000000004 51364.312378309354 22.500000000000004 8003.2650000000003 5.5000000000000009 10255.795000000002 1707.7034165822045 0.22723820057535524 22151.420000000002 69703.720000000016 51182.502500000002 108236.71000000001 18831.995000000006 57344.397984489864 12389.950000000003 19859.325000000004 40523.205000000009 963.18500000000006 0.10004402016610127 0.77951141171970195 1.5000000000000002 49149.410000000011 132.18886244444403 6.5000000000000009 301.06866413236645 24051.280000000002 634.39337696675659
decision_type=2 2 2 2 2 2 2 2 2 2 2 2 2 2 2 2 2 2 2 2 2 2 2 2 2 2 2 2 2 2
left_child=3 12 7 14 5 6 -5 8 -3 -10 13 -12 -2 -7 16 -16 23 -17 -19 -14 22 -22 -21 24 -1 -25 27 28 -6 -8
right_child=1 2 -4 4 26 10 29 -9 9 -11 11 -13 19 -15 15 17 -18 18 -20 20 21 -23 -24 25 -26 -27 -28 -29 -30 -31
leaf_value=-1.418297055811085 94.247914430065393 41.398619877683061 229.14474830199251 -1.5110016546632135 10.873181253123629 0.21754532997041021 8.2996523696389435 59.854203576270656 -27.995819589686555 3.667387547284557 -1.2257930310376972 -7.5616621317071475 -14.881227400869907 -1.7684825393903474 56.532393567905231 167.30878472905547 -3.9616974653723642 -5.7145570234960887 65.012475247148359 -1.0594239890860826 -12.758346668087022 0.89998118658650916 58.996400427301168 4.2719633398773542 -3.8696660112782868 -0.0067970572272251194 32.012728827211653 36.719087324416719 -7.406909791733054 5.1911436553869841
leaf_weight=1087 28 24 2346 37 130 2301 228 78 20 26 216 24 25 36 31 21 29 75 27 42 41 31 39 220 107 12150 426 71 65 121
leaf_count=1087 28 24 2346 37 130 2301 228 78 20 26 216 24 25 36 31 21 29 75 27 42 41 31 39 220 107 12150 426 71 65 121
internal_value=0.000367426 0.00245556 0.0028316 4.34434e-05 0.00045554 0.000144786 0.0014456 0.000567568 -0.00171429 -0.00417391 -5.00581e-05 -0.001625 -0.00209709 0.000111682 -6.61234e-05 -0.00187013 -4.56852e-05 -0.00285366 -0.00376471 -0.00273034 -0.00209804 -0.00408333 -0.000333333 -3.67147e-05 -0.000592965 1.69767e-05 0.00178613 0.000969925 0.000384615 0.00188252
internal_weight=20102 2700 2494 17402 3655 2963 386 148 70 46 2577 240 206 2337 13747 154 13593 123 102 178 153 72 81 13564 1194 12370 692 266 195 349
internal_count=20102 2700 2494 17402 3655 2963 386 148 70 46 2577 240 206 2337 13747 154 13593 123 102 178 153 72 81 13564 1194 12370 692 266 195 349
is_linear=0
shrinkage=0.03


Tree=281
num_leaves=31
num_cat=0
split_feature=22 26 25 8 9 25 28 22 31 24 21 22 4 13 9 17 2 8 11 22 4 15 18 9 5 28 9 8 1 1
split_gain=15.1073 5.50649 1.22489 0.698152 0.678121 0.651747 1.40275 0.61097 0.833478 0.537778 0.536216 0.622534 0.522221 0.555895 0.486454 0.686911 0.926383 0.514421 0.498395 0.919593 0.36699 0.346022 0.218182 0.196708 0.131602 0.411429 0.0737725 0.115004 3.55271e-15 1.11022e-16
threshold=64259.695 7.5000000000000009 79069.565000000017 21004.960000000003 286157.09000000003 52350.185000000005 7.5000000000000009 67073.645000000019 8.5000000000000018 65290.927833333342 120333.20500000002 106856.02500000002 66979.830000000002 12688.770000000002 36593.885000000002 1.0071136840417692 43437.795000000006 7069.567500000001 31830.565000000002 52251.995000000003 57707.860000000008 0.97892194675848543 0.4554626400355008 36593.885000000002 65934.49735008103 5.5000000000000009 34719.470000000008 68567.342500000013 182722.11694825199 63694.199594044207
decision_type=2 2 2 2 2 2 2 2 2 2 2 2 2 2 2 2 2 2 2 2 2 2 2 2 2 2 2 2 2 2
left_child=2 3 5 -2 10 14 12 8 9 -3 11 -5 13 -7 18 16 -16 -17 20 -20 -1 -8 -12 -23 29 -26 27 -9 -28 -10
right_child=1 7 -4 4 -6 6 21 26 24 -11 22 -13 -14 -15 15 17 -18 -19 19 -21 -22 23 -24 -25 25 -27 28 -29 -30 -31
leaf_value=0.010389675725263194 2.6323806708356239 9.7519510825578699 -9.9885154181652371 -2.1823808167095549 -6.536358728064382 6.5786013348333769 -2.7451980122947162 31.635486053628807 40.281934007273087 -9.9537530021736469 -0.015561502790376876 -4.0705265089031295 -1.1230938023906047 -1.8035631496741782 3.6529255103567237 8.6142170616532976 -10.259557896815526 -1.3595665877407228 12.139380972092658 -9.0746734449085587 10.126547912976134 20.341090889982787 152.45614309039743 32.1818155027375 -1.9658230630450533 114.42672472311217 221.6707328023966 74.134901648562831 3460.6228579515532 50.88375087843923
leaf_weight=14330 28 25 25 138 29 367 39 21 38 20 33 38 30 392 22 128 24 1076 256 25 37 345 27 149 25 45 2172 32 129 57
leaf_count=14330 28 25 25 138 29 367 39 21 38 20 33 38 30 392 22 128 24 1076 256 25 37 345 27 149 25 45 2172 32 129 57
internal_value=0.000370411 0.00239097 3.56626e-05 -0.00150512 -0.00198113 4.52963e-05 0.000685325 0.00283619 0.00128571 -0.00233333 -0.00144915 -0.00228409 -0.000117871 3.55732e-05 -7.92541e-06 -0.000576 -0.00417391 -0.000438538 4.05517e-05 0.00129182 1.60786e-05 0.0018743 0.001 0.00208907 0.00227273 0.00128571 0.00297451 0.00186792 0.003 0.003
internal_weight=20102 2857 17245 293 265 17220 1322 2564 210 45 236 176 789 759 15898 1250 46 1204 14648 281 14367 533 60 494 165 70 2354 53 2301 95
internal_count=20102 2857 17245 293 265 17220 1322 2564 210 45 236 176 789 759 15898 1250 46 1204 14648 281 14367 533 60 494 165 70 2354 53 2301 95
is_linear=0
shrinkage=0.03


Tree=282
num_leaves=31
num_cat=0
split_feature=8 26 21 31 1 17 31 14 12 21 8 14 9 17 31 21 16 13 13 6 25 7 4 5 3 15 8 27 7 29
split_gain=14.95 4.47636 0.972827 0.865753 1.67921 0.668202 0.646924 0.811087 0.625716 0.539712 0.874665 0.512121 0.505803 0.792385 0.648673 0.547476 0.507696 1.36407 1.62378 0.491408 1.03546 0.583242 1.30269 0.483526 0.549361 0.468331 0.419048 0.404604 0.343584 0.319839
threshold=63463.552500000013 7.5000000000000009 68012.780000000013 20.500000000000004 51364.312378309354 0.56121662867642652 22.500000000000004 9276.0450000000001 2605.1450000000004 15786.600000000004 15525.757500000002 32694.785000000003 40555.485000000008 0.68754579736531529 11.500000000000002 23205.801666666666 175.84742205864862 13684.775000000003 14155.150000000003 118215.00889425767 137586.21750000003 74521.169318249958 66979.830000000002 2243.8366406250002 3294.2600000000007 1.022556260597707 80045.37000000001 7795.4734722222229 97414.782924832296 2.5000000000000004
decision_type=2 2 2 2 2 2 2 2 2 2 2 2 2 2 2 2 2 2 2 2 2 2 2 2 2 2 2 2 2 2
left_child=3 19 5 12 6 11 7 8 -5 -8 -11 -3 16 -14 15 -15 17 25 -19 21 -21 22 26 -18 -25 -1 -2 -7 -23 -6
right_child=1 2 -4 4 29 27 9 -9 -10 10 -12 -13 13 14 -16 -17 23 18 -20 20 -22 28 -24 24 -26 -27 -28 -29 -30 -31
leaf_value=-0.12290332951146968 66.27454132810972 -25.989540982925597 234.00621875256431 0.79576907644553152 10.262057625510561 35.356236746090467 4.1387359606040537 11.751196010083188 -2.2632681801724623 -5.2540663916321284 -0.01844680806583467 21.029343790864555 -13.727061825936294 -15.518042830740907 38.532850395202509 -0.50148389562342566 17.857986832993419 -12.821601328859712 -4.2013054710038347 -12.929298620316736 -0.28990424705059864 125.23435326408946 -2.9568104111070341 -1.1113496462018275 1.5106142306746257 -9.6413576094794085 -1.277211787625159 -2.2910622088787265 -2.5334091446964124 30.442114235695811
leaf_weight=7460 22 20 2287 22 266 138 70 303 61 40 2467 24 23 131 61 1165 57 44 404 22 37 36 23 1128 3230 44 20 25 46 426
leaf_count=7460 22 20 2287 22 266 138 70 303 61 40 2467 24 23 131 61 1165 57 44 404 22 37 36 23 1128 3230 44 20 25 46 426
internal_value=0.000367426 0.00244444 0.00279551 4.51673e-05 0.00045554 0.000826087 0.000144786 0.00129016 -0.00133735 -2.67752e-05 -9.93218e-05 -0.00245455 -6.39411e-05 -0.000608696 -0.000515107 -0.000657407 -3.15344e-06 -0.000146378 -0.00175446 -0.00180583 -0.00411864 -0.000877551 -0.003 0.000254813 0.000218908 -5.0373e-05 0.000142857 0.00171166 0.000804878 0.00178613
internal_weight=20102 2700 2494 17402 3655 207 2963 386 83 2577 2507 44 13747 1380 1357 1296 12367 7952 448 206 59 147 65 4415 4358 7504 42 163 82 692
internal_count=20102 2700 2494 17402 3655 207 2963 386 83 2577 2507 44 13747 1380 1357 1296 12367 7952 448 206 59 147 65 4415 4358 7504 42 163 82 692
is_linear=0
shrinkage=0.03


Tree=283
num_leaves=31
num_cat=0
split_feature=8 26 21 23 9 25 10 25 26 9 28 28 17 13 17 5 4 26 19 11 15 17 9 9 9 7 27 17 15 2
split_gain=14.6318 4.42967 0.949205 0.728216 1.44733 0.847739 1.20373 1.41111 0.82323 0.80736 1.54973 2.37974 1.9643 0.70098 0.668202 0.576364 0.649168 0.554463 0.512121 0.472748 1.05727 0.470713 0.440679 0.418997 1.7676 0.433202 0.404604 0.368317 0.313507 0.287558
threshold=63463.552500000013 7.5000000000000009 68012.780000000013 17457.149113596734 36593.885000000002 51394.107500000006 334556.23750000005 57567.920000000006 2.5000000000000004 17949.375000000004 8.5000000000000018 11.500000000000002 0.63276733492315196 26848.955000000005 0.56121662867642652 106422.78610268979 99272.275000000009 6.5000000000000009 0.2866486665270474 17143.275000000005 0.99996692010788557 1.5012704062436362 48150.000000000007 23191.405000000002 24123.215000000004 7502.7621702542228 7795.4734722222229 0.51119704605361271 1.0840884833226558 58893.685000000012
decision_type=2 2 2 2 2 2 2 2 2 2 2 2 2 2 2 2 2 2 2 2 2 2 2 2 2 2 2 2 2 2
left_child=3 13 14 4 9 17 7 8 -7 19 12 -12 -11 15 18 21 -17 23 -3 27 -21 -2 28 25 -25 -5 -16 -1 -6 -9
right_child=1 2 -4 5 22 6 -8 29 -10 10 11 -13 -14 -15 26 16 -18 -19 -20 20 -22 -23 -24 24 -26 -27 -28 -29 -30 -31
leaf_value=0.37933592994662602 40.753480273152284 -25.209854753437817 226.98603218998744 -2.6373683823602039 20.621600625730501 -0.10851731836711359 -12.830186724296981 19.015452086262826 -2.3078467887732401 -2.065006743161383 18.028561132174335 -1.1234148349614255 2.9632533458008341 -3.0766396355642618 34.295549643707744 -1.6984216378993791 -0.4547120560075677 -65.962166957352551 20.398463477138691 5.2612615441025872 -4.1658983146484285 -2.8857185179837663 -1.313493489544495 -30.984863196640795 -0.5878235423242012 5.1770854254565606 -2.2223303426122643 -0.56796084834193883 -1.1255418846788123 -1.48326436578193
leaf_weight=3501 77 20 2287 45 456 25 26 39 21 1771 1495 480 2110 21 138 27 44 28 24 52 114 37 22 27 1471 479 25 5180 29 31
leaf_count=3501 77 20 2287 45 456 25 26 39 21 1771 1495 480 2110 21 138 27 44 28 24 52 114 37 22 27 1471 479 25 5180 29 31
internal_value=0.000367426 0.00242222 0.00277145 4.86152e-05 0.000122288 -0.000462591 -0.00270423 -0.00139655 -0.00547826 6.79454e-05 0.000341189 0.00102532 -6.95686e-06 -0.00180583 0.000826087 -0.00121622 -0.00333803 -0.000307317 -0.00245455 -0.00011292 -0.0016988 0.000105263 0.00169822 -0.000249258 -0.000504673 0.000480916 0.00171166 -8.25941e-05 0.0018866 0.00128571
internal_weight=20102 2700 2494 17402 15210 2192 142 116 46 14703 5856 1975 3881 206 207 185 71 2050 44 8847 166 114 507 2022 1498 524 163 8681 485 70
internal_count=20102 2700 2494 17402 15210 2192 142 116 46 14703 5856 1975 3881 206 207 185 71 2050 44 8847 166 114 507 2022 1498 524 163 8681 485 70
is_linear=0
shrinkage=0.03


Tree=284
num_leaves=30
num_cat=0
split_feature=22 26 18 8 0 6 21 1 29 19 4 22 21 23 18 1 23 23 20 23 23 18 4 20 18 17 3 13 13
split_gain=14.485 5.64841 0.823346 0.730247 0.635386 0.877385 1.08714 1.56606 0.81988 0.966124 0.874145 0.809704 0.622657 0.610877 1.63514 0.591219 0.572105 0.547607 0.51962 0.487192 0.364711 0.53414 0.45954 0.336997 0.283835 0.278631 0.0352515 3.55271e-15 4.44089e-16
threshold=64259.695 7.5000000000000009 57344.397984489864 21004.960000000003 52205.678397480951 51646.272128615645 52183.278333333343 51364.312378309354 2.5000000000000004 0.36571367782771685 37720.915000000008 33333.765000000007 186049.20666666669 36085.975144303673 0.77951141171970195 69336.877243070936 58059.874075401654 1238.6863469189054 0.17542577721128153 269.35499721398077 8742.1550218850043 33946.678229031088 51952.560000000012 0.15616339425157796 0.82452649615671614 0.50858252836239826 69008.780000000013 13038.855000000001 5287.5800000000008
decision_type=2 2 2 2 2 2 2 2 2 2 2 2 2 2 2 2 2 2 2 2 2 2 2 2 2 2 2 2 2
left_child=2 3 4 -2 5 20 18 -8 9 17 11 -10 13 14 -5 19 -15 -6 -7 -3 22 -22 -1 -12 25 -21 -17 28 -28
right_child=1 15 -4 12 8 6 7 -9 10 -11 23 -13 -14 16 -16 26 -18 -19 -20 24 21 -23 -24 -25 -26 -27 27 -29 -30
leaf_value=0.12883053005062178 2.5860884738489842 -6.2381660328786603 -7.9797584368922418 -3.0528014211852881 -3.8164721411192803 23.302097849780534 -8.2065478673607348 -1.8901581887534034 41.5404596959252 -39.530325361522138 29.447763509712022 -25.514514528287773 -8.4984907848928799 137.81661893714204 26.102542412758599 84.28350019464618 -1.9503537226160395 3.9875365124467632 -7.2127837908482899 -1.1776553809262826 -0.74398511041296111 1.5177156953268116 23.487909629581367 13.409962682220478 -4.0696312298272428 47.31125159226653 1346.004621268849 303.86270292989735 217.22693004441331
leaf_weight=11462 28 21 36 37 182 62 23 54 63 28 332 33 25 44 37 28 122 484 22 36 3920 92 101 351 20 326 29 1831 273
leaf_count=11462 28 21 36 37 182 62 23 54 63 28 332 33 25 44 37 28 122 484 22 36 3920 92 101 351 20 326 29 1831 273
internal_value=0.000359964 0.00233847 3.21834e-05 -0.00160751 4.16644e-05 -1.41077e-05 -0.00221739 -0.00479221 0.000637475 -0.000112392 0.00130552 -0.001375 -0.00209434 -0.001625 -0.00389189 0.00278939 -0.000614458 0.000117117 0.000142857 0.00173449 8.66785e-06 -0.000237787 9.41798e-05 0.00168228 0.00197906 0.00217127 0.00298612 0.003 0.003
internal_weight=20102 2857 17245 293 17209 15736 161 77 1473 694 779 96 265 240 74 2564 166 666 84 403 15575 4012 11563 683 382 362 2161 2133 302
internal_count=20102 2857 17245 293 17209 15736 161 77 1473 694 779 96 265 240 74 2564 166 666 84 403 15575 4012 11563 683 382 362 2161 2133 302
is_linear=0
shrinkage=0.03


Tree=285
num_leaves=31
num_cat=0
split_feature=8 26 31 14 20 17 31 20 13 13 4 23 9 22 15 9 29 18 1 11 24 20 23 13 20 21 31 2 12 17
split_gain=14.563 4.90069 0.952766 0.820735 0.59612 1.00941 0.680143 0.842523 0.581197 0.57317 0.853333 0.511371 1.00224 0.604897 0.871266 0.588842 0.52081 0.803797 0.460302 1.14587 1.59801 0.574825 0.492336 0.953537 0.553671 0.363398 0.419048 0.360401 0.645528 0.480126
threshold=66039.480000000025 7.5000000000000009 32.500000000000007 19714.245000000006 0.18024830523389127 0.61544721587254603 35.500000000000007 0.15045086419038753 5386.3350000000009 12822.790000000001 66979.830000000002 8742.1550218850043 36593.885000000002 59765.540000000008 1.0044062766998494 33761.360000000008 1.5000000000000002 0.79964102140446858 55189.550774771618 39058.145000000011 72410.595000000016 0.37058961787160294 9416.5043054024991 4664.6550000000007 0.84927106342015291 68012.780000000013 8.5000000000000018 61864.025000000001 963.18500000000006 1.161572480306081
decision_type=2 2 2 2 2 2 2 2 2 2 2 2 2 2 2 2 2 2 2 2 2 2 2 2 2 2 2 2 2 2
left_child=2 9 11 4 6 8 -4 -8 -6 27 -11 12 13 15 -15 -1 17 -14 22 21 -21 -20 23 -13 -24 26 -3 -2 -29 -30
right_child=1 25 3 -5 5 -7 7 -9 -10 10 -12 18 16 14 -16 -17 -18 -19 19 20 -22 -23 24 -25 -26 -27 -28 28 29 -31
leaf_value=0.052987100395392221 0.78307963515071932 -8.2945670027626512 11.909401751602545 30.523526076339937 -4.1682824501196016 -9.4471169650646196 -4.2305675172759178 3.2746142636347844 1.232026039572977 11.969913872608526 -3.2070197202444035 0.47662753294491267 5.8553449364590069 -19.318491349107504 4.9214735763491255 11.193887590627364 20.997736156732188 -7.179917096021061 0.075495884072747127 -19.559600732994866 -2.0839970678256825 -14.424283482718167 -0.21829003179322154 -18.159286320313168 -13.061429190876636 235.41626519835881 88.539317114850874 0.45481902251980466 -17.934173448912961 -0.54434290928448337
leaf_weight=11285 47 20 324 331 36 20 68 41 117 20 30 123 141 76 72 297 379 27 215 20 44 28 3866 85 41 2227 22 53 26 21
leaf_count=11285 47 20 324 331 36 20 68 41 117 20 30 123 141 76 72 297 379 27 215 20 44 28 3866 85 41 2227 22 53 26 21
internal_value=0.000353995 0.00251338 5.20527e-05 0.000982924 0.000326733 -0.00116185 0.000921478 -0.00112844 -0.000333333 -0.00202538 -0.0048 -1.7954e-07 9.94544e-05 4.09208e-05 -0.00186486 6.52738e-05 0.00135466 -3.57142e-05 -0.000276798 -0.00139739 -0.00496875 -0.00045679 -0.000193196 -0.00161538 -0.000117481 0.00290745 0.000142857 -0.00108163 -0.0021 -0.00465957
internal_weight=20102 2466 17636 937 606 173 433 109 153 197 50 16699 12277 11730 148 11582 547 168 4422 307 64 243 4115 208 3907 2269 42 147 100 47
internal_count=20102 2466 17636 937 606 173 433 109 153 197 50 16699 12277 11730 148 11582 547 168 4422 307 64 243 4115 208 3907 2269 42 147 100 47
is_linear=0
shrinkage=0.03


Tree=286
num_leaves=31
num_cat=0
split_feature=8 26 31 8 0 22 0 28 17 7 28 1 17 13 4 3 22 12 15 12 21 31 23 14 18 22 4 15 4 28
split_gain=14.6669 4.60278 0.945814 0.845011 0.892697 0.501821 0.59575 0.786613 0.760187 0.502438 0.415016 1.71713 0.424169 0.403119 0.653333 0.449292 0.399825 0.409525 0.386164 0.527159 0.363398 0.419048 0.295723 0.518775 0.155735 0.163267 0.129512 0.0899876 0.0722299 0.188435
threshold=66039.480000000025 7.5000000000000009 32.500000000000007 36171.740000000013 36901.873007783674 125193.07000000002 54505.414534179647 8.5000000000000018 0.54008238632496419 53178.444638427158 11.500000000000002 36680.161536176056 0.78437911297247498 12822.790000000001 66979.830000000002 26571.775000000001 32869.500000000007 5689.4050000000016 0.79492955333711479 963.18500000000006 68012.780000000013 8.5000000000000018 864.45176579931388 17018.965 0.55433320564078314 54759.465000000004 35370.32 1.0182051846432254 69878.755000000019 4.5000000000000009
decision_type=2 2 2 2 2 2 2 2 2 2 2 2 2 2 2 2 2 2 2 2 2 2 2 2 2 2 2 2 2 2
left_child=2 13 5 4 16 6 10 8 -8 -9 12 -12 -1 15 -15 -2 17 -4 -17 -20 21 -3 23 -5 25 -24 -18 -26 29 -22
right_child=1 20 3 22 -6 -7 7 9 -10 -11 11 -13 -14 14 -16 18 26 -19 19 -21 28 -23 24 -25 27 -27 -28 -29 -30 -31
leaf_value=0.22027549098207017 1.7148812605964245 -8.0457299926797905 0.57465380337430794 47.993328120518207 -5.4899661831123252 -3.6411762934609593 -14.59493821561729 -12.273612724999557 2.0956114669770329 38.956834732960395 -0.244292079500676 -7.2513005617849817 -0.59637501300640305 11.610816456430278 -3.1108091286370692 0.7283399495243259 32.561701535936351 -5.4657539186149329 -0.59009223127275789 -11.506880572053243 90.462674871213167 85.883137601405281 19.046736655451532 -7.3297401086479734 34.976333461495976 -2.665440380510312 6.5668707099811945 24.94049342422835 263.12606117586313 116.85017564719398
leaf_weight=9803 32 20 331 21 25 37 110 21 786 352 959 195 4436 20 30 37 59 34 40 38 34 22 39 23 202 33 41 129 2109 84
leaf_count=9803 32 20 331 21 25 37 110 21 786 352 959 195 4436 20 30 37 59 34 40 38 34 22 39 23 202 33 41 129 2109 84
internal_value=0.000358472 0.00252555 5.54549e-05 0.000982924 0.000122449 3.41349e-06 1.11632e-05 0.000635934 0.000154018 0.00179357 -4.03429e-05 -0.000587522 4.0032e-06 -0.0018731 -0.0042 -0.00108163 0.000419355 -4.10958e-05 -0.00195652 -0.00315385 0.00290745 0.000142857 0.00192617 -0.000409091 0.00218114 0.000916667 0.0021 0.00245619 0.00295959 0.00223729
internal_weight=20102 2466 17636 937 490 16699 16662 1269 896 373 15393 1154 14239 197 50 147 465 365 115 78 2269 42 447 44 403 72 100 331 2227 118
internal_count=20102 2466 17636 937 490 16699 16662 1269 896 373 15393 1154 14239 197 50 147 465 365 115 78 2269 42 447 44 403 72 100 331 2227 118
is_linear=0
shrinkage=0.03


Tree=287
num_leaves=31
num_cat=0
split_feature=8 26 8 28 4 14 14 13 25 28 1 13 4 28 27 3 14 28 1 13 8 2 28 2 11 4 25 25 27 20
split_gain=14.9777 4.03497 0.932669 2.04523 1.06489 0.875441 0.872838 0.971767 0.857306 0.676572 0.663477 0.515554 0.653333 0.471508 0.77267 0.44971 0.377015 0.352411 0.932417 1.50828 0.523357 0.506966 1.36306 0.415701 0.34217 0.31579 0.268267 0.484643 0.259259 0.174687
threshold=66039.480000000025 7.5000000000000009 49041.072500000009 8.5000000000000018 48478.19000000001 37745.680000000008 21825.075000000004 13924.440000000001 52802.097500000011 4.5000000000000009 77732.306425558534 12822.790000000001 66979.830000000002 11.500000000000002 7001.4241666666667 48245.665000000008 111.05500000000002 11.500000000000002 36680.161536176056 14064.76 6459.8975 33173.250000000007 8.5000000000000018 31862.300000000003 161753.01500000004 66979.830000000002 68128.267500000016 93837.585000000021 8185.9319444444454 0.22723820057535524
decision_type=2 2 2 2 2 2 2 2 2 2 2 2 2 2 2 2 2 2 2 2 2 2 2 2 2 2 2 2 2 2
left_child=2 11 8 4 9 13 16 -8 17 -4 15 24 -13 29 -15 -10 -6 21 20 -20 -19 23 -23 -1 26 28 -2 -28 -3 -5
right_child=1 25 3 5 6 -7 7 -9 10 -11 -12 12 -14 14 -16 -17 -18 18 19 -21 -22 22 -24 -25 -26 -27 27 -29 -30 -31
leaf_value=-0.069418003537595113 174.91691022590214 -4.633830401546768 27.915907938482327 68.807632827485918 -0.60327089809653589 -14.406376705869292 -7.4296911882780643 0.91827858169697596 -1.3800398662929658 -11.631080112157164 42.250813212457167 11.26249196273737 -3.0174848547779556 -2.9642300986500496 23.004388956230567 -1.9971485532700348 6.5088696812576723 4.9637283551733375 -7.451636070634553 5.7199783361205991 -1.1967376015533877 -0.074678586242125936 11.808776021183709 -2.9143545936042266 -1.2717636392811218 219.91992940210949 -6.3162549070531817 2.2951942037084905 125.12237010603413 59.648223819279359
leaf_weight=10207 23 27 21 447 20 22 190 505 21 34 24 20 30 64 87 20 548 297 169 83 780 2606 1110 361 33 2221 47 44 21 20
leaf_count=10207 23 27 21 447 20 22 190 505 21 34 24 20 30 64 87 20 548 297 169 83 780 2606 1110 361 33 2221 47 44 21 20
internal_value=0.000359964 0.00254988 5.37538e-05 0.000671093 -4.55224e-06 0.0020625 0.000173397 -0.000539568 -2.33447e-05 -0.00409091 -0.00346154 -0.00156853 -0.0042 0.00227184 0.00081457 -0.00578049 0.00104577 -9.03082e-06 -0.000476298 -0.00211905 -9.19219e-05 3.44442e-05 0.000335845 -7.15366e-05 -0.000673469 0.00290745 0.000105263 -0.000626374 0.0005 0.00274304
internal_weight=20102 2466 17636 1958 1318 640 1263 695 15678 55 65 197 50 618 151 41 568 15613 1329 252 1077 14284 3716 10568 147 2269 114 91 48 467
internal_count=20102 2466 17636 1958 1318 640 1263 695 15678 55 65 197 50 618 151 41 568 15613 1329 252 1077 14284 3716 10568 147 2269 114 91 48 467
is_linear=0
shrinkage=0.03


Tree=288
num_leaves=31
num_cat=0
split_feature=25 26 5 31 29 22 12 21 9 9 9 4 4 10 18 16 27 23 6 29 10 23 16 27 25 15 29 25 4 1
split_gain=14.2148 4.92935 0.816345 1.47146 0.895651 0.88074 1.40889 0.773082 0.751516 0.701795 0.881739 0.515398 1.00786 0.475552 0.470277 0.460498 0.429056 0.389679 0.473359 1.00783 0.54659 0.432909 0.738926 0.448048 0.35331 0.338192 0.336065 0.250694 0.15958 0.0982187
threshold=68128.267500000016 7.5000000000000009 55020.344014675626 19.500000000000004 1.5000000000000002 55987.975000000013 4401.0250000000005 65005.811666666668 286157.09000000003 95739.400000000009 72934.900000000009 37253.325000000004 22272.190000000002 87055.695000000022 0.56807262137786896 289.84824603608655 83829.624583333338 8742.1550218850043 46491.579664723999 3.5000000000000004 100690.32500000003 488.19096185577433 379.26599217347217 5605.0644444444451 114667.99750000001 1.003261131526455 2.5000000000000004 108913.36500000001 65953.930000000008 69336.877243070936
decision_type=2 2 2 2 2 2 2 2 2 2 2 2 2 2 2 2 2 2 2 2 2 2 2 2 2 2 2 2 2 2
left_child=2 8 7 4 5 -4 -7 17 9 10 -2 12 -6 -3 -13 25 27 21 20 -20 -19 22 -1 -23 -18 26 -5 -11 -15 -30
right_child=1 13 3 15 11 6 -8 -9 -10 16 -12 14 -14 28 -16 -17 24 18 19 -21 -22 23 -24 -25 -26 -27 -28 -29 29 -31
leaf_value=-0.61913680723333708 -2.4499336568429686 2.1668119760807723 12.790735251582651 3.0145556005290013 0.82510859300269801 -3.5824147515449991 -5.5281362598509736 -3.0538071607188995 -3.4227321798686026 21.888000575098946 -11.525432801288314 -1.3809805730278895 -28.129314656493911 20.773966413421906 14.157050251650622 35.624442749523446 -2.1351073766181239 -0.91741428912127654 0.090204173235646251 -21.488087735198132 8.6544295069082064 0.10456316007021291 -5.965584594180477 2.9850651041036929 0.38238153208307279 -16.265635797405448 21.832729549974356 -4.3529245983575686 49.936969871744836 252.73800403807294
leaf_weight=2444 25 32 30 137 162 21 163 31 20 60 23 138 53 24 342 341 21 3404 84 40 480 7415 25 2139 20 21 151 36 88 2132
leaf_count=2444 25 32 30 137 162 21 163 31 20 60 23 138 53 24 342 341 21 3404 84 40 480 7415 25 2139 20 21 151 36 88 2132
internal_value=0.000353995 0.00248005 5.46508e-05 0.000710071 -6.93068e-05 -0.00176635 -0.00254348 -8.96515e-06 -0.00197561 -0.00137838 -0.0045 0.000453238 -0.000767442 0.00288137 0.001 0.0018 -0.000284671 1.87249e-07 -0.000255988 -0.00208065 -0.000197734 8.55861e-05 -0.00026853 0.000177099 -0.00285366 0.000961165 0.00122917 0.0008125 0.00293316 0.00295946
internal_weight=20102 2481 17621 1559 909 214 184 16062 205 185 48 695 215 2276 480 650 137 16031 4008 124 3884 12023 2469 9554 41 309 288 96 2244 2220
internal_count=20102 2481 17621 1559 909 214 184 16062 205 185 48 695 215 2276 480 650 137 16031 4008 124 3884 12023 2469 9554 41 309 288 96 2244 2220
is_linear=0
shrinkage=0.03


Tree=289
num_leaves=31
num_cat=0
split_feature=22 26 9 28 18 2 6 7 17 7 23 7 28 18 17 6 31 23 25 3 3 31 19 18 28 11 17 10 3 27
split_gain=14.3526 4.22569 1.00617 0.982836 0.819558 0.648214 0.630442 0.619231 1.02716 0.901415 0.978713 0.817702 1.22095 0.889432 0.884259 0.754798 1.30641 0.601011 0.484513 0.771429 1.59386 0.466505 0.534075 0.458009 0.323559 0.309156 0.303601 0.234633 0.15122 0.0298275
threshold=64259.695 7.5000000000000009 43123.415000000008 1.5000000000000002 57344.397984489864 66299.110000000015 87597.866550675099 66953.588317058879 2.3270158875362754 73501.797069343986 29393.979254745205 51353.202796090198 8.5000000000000018 0.27915835747524292 0.63820547864015365 51646.272128615645 10.500000000000002 36085.975144303673 137586.21750000003 205896.97000000006 113753.91500000002 8.5000000000000018 0.26231227369441384 0.61032984517189071 2.5000000000000004 26597.650000000005 0.62968127425362652 30096.090000000004 121165.61000000002 7357.3522222222227
decision_type=2 2 2 2 2 2 2 2 2 2 2 2 2 2 2 2 2 2 2 2 2 2 2 2 2 2 2 2 2 2
left_child=4 6 3 5 7 -3 17 11 9 -9 -11 15 14 -14 -13 25 -17 23 19 20 -8 22 -5 -2 -20 -1 -23 -19 -29 -4
right_child=1 2 29 21 -6 -7 18 8 -10 10 -12 12 13 -15 -16 16 -18 27 24 -21 -22 26 -24 -25 -26 -27 -28 28 -30 -31
leaf_value=-0.080133655775361162 -3.0145396809942424 11.376078244838016 39.725096607980326 42.696788735321292 -7.7940784881917331 -18.115464105150298 -4.5927459128997503 -12.219109130251963 191.0878786957802 163.66548558143865 -10.542391638759929 -1.2497842940125961 -15.610314884486099 28.211998131767782 11.582850874213365 -0.44810414574794483 -6.5861310294551911 -1.3493863093917109 -1.4349568235658108 7.7647980122668923 -10.893560433762795 46.895641711800735 -15.297356960548234 5.6848245254651326 50.309570039887511 0.87407005150343875 4.8891312535513132 8.054476156937822 0.28163566651109589 246.01408601329109
leaf_weight=13802 20 20 33 32 36 28 52 24 32 28 78 628 29 488 365 67 35 21 23 21 32 332 27 22 20 1633 22 62 20 2070
leaf_count=13802 20 20 33 32 36 28 52 24 32 28 78 628 29 488 365 67 35 21 23 21 32 332 27 22 20 1633 22 62 20 2070
internal_value=0.000348025 0.00231747 0.00270749 0.00143818 2.17455e-05 -0.002625 -0.00109556 3.12047e-05 -0.00181481 -0.003 -0.00181132 4.87477e-05 0.000715232 0.00189749 9.9698e-05 -1.60261e-05 -0.00258824 0.000310345 -0.00247297 -0.00357143 -0.00485714 0.00191041 -0.000559322 -0.00271429 0.000209302 9.71929e-07 0.00232203 0.00154369 0.00226829 0.00298573
internal_weight=20102 2857 2564 461 17245 48 293 17209 162 130 106 17047 1510 517 993 15537 102 145 148 105 84 413 59 42 43 15435 354 103 82 2103
internal_count=20102 2857 2564 461 17245 48 293 17209 162 130 106 17047 1510 517 993 15537 102 145 148 105 84 413 59 42 43 15435 354 103 82 2103
is_linear=0
shrinkage=0.03


Tree=290
num_leaves=31
num_cat=0
split_feature=8 26 19 8 28 11 17 20 10 4 15 28 27 31 11 5 18 4 0 20 25 22 28 3 10 5 28 17 9 31
split_gain=14.2566 4.25799 1.05938 0.886947 2.09053 0.912909 0.90906 0.875441 0.691405 0.653506 1.12157 0.608837 0.679114 0.585099 0.572069 0.524545 0.524094 0.498626 0.479339 0.429497 0.416991 0.768132 0.382947 1.10811 0.851767 0.495928 1.15964 0.427388 0.323619 0.609426
threshold=66039.480000000025 3.5000000000000004 0.11572198508949787 49041.072500000009 8.5000000000000018 47773.270000000011 0.54008238632496419 0.23802134860503474 87055.695000000022 108236.71000000001 0.99764031669640885 11.500000000000002 7001.4241666666667 25.500000000000004 27858.640000000003 141155.06198715212 0.38595083721627327 51510.930000000015 49022.190866154655 0.09857055449758477 68128.267500000016 96825.400000000009 11.500000000000002 96193.250000000015 10702.415000000003 31234.295733836745 8.5000000000000018 0.55019914285508931 37072.360000000008 13.500000000000002
decision_type=2 2 2 2 2 2 2 2 2 2 2 2 2 2 2 2 2 2 2 2 2 2 2 2 2 2 2 2 2 2
left_child=3 2 15 9 5 6 14 11 19 22 16 -6 -13 -8 -5 20 18 -7 -11 -3 -2 -22 25 24 -24 27 -27 -1 29 -10
right_child=1 8 -4 4 7 17 13 -9 28 10 -12 12 -14 -15 -16 -17 -18 -19 -20 -21 21 -23 23 -25 -26 26 -28 -29 -30 -31
leaf_value=0.38103956274840012 168.94093738597851 33.962409549553591 -2.6181702789698797 -1.0249316318494845 64.400186886840288 -8.4190438923119313 0.16927241058168993 -12.414777172637299 -6.5115223142149015 -13.608326904914769 -5.9498101297236294 -4.1374615434103656 17.61901117570596 13.736297391970973 -16.573666341291052 -1.547916599851705 109.33621473488333 0.008684919817091909 58.823556799336011 -3.4829112012183412 -2.9683264514446859 6.870294813691185 6.2827258474167413 -20.020259324862728 -1.320355529258147 0.0020047496668600985 11.754639906270789 -0.46913355293456188 211.79937991193961 95.98839768059095
leaf_weight=3824 23 23 20 151 467 28 756 22 26 42 29 63 88 289 70 25 37 24 20 41 41 30 281 20 1022 2801 1129 6473 2192 45
leaf_count=3824 23 23 20 151 467 28 756 22 26 42 29 63 88 289 70 25 37 24 20 41 41 30 281 20 1022 2801 1129 6473 2192 45
internal_value=0.000352502 0.00248905 -0.00261151 5.37538e-05 0.000655771 -2.7314e-05 0.000132702 0.0020625 0.00279373 -2.14312e-05 -0.00215625 0.00227184 0.000615894 0.000502392 -0.00161538 -0.00153781 -0.000636364 -0.00392308 -0.00232258 -0.00028125 -0.000510638 -0.00164789 -3.85841e-06 -0.000492063 -0.000384497 4.15408e-05 0.000328244 -6.78837e-05 0.00288069 0.000887324
internal_weight=20102 2466 139 17636 1958 1318 1266 640 2327 15678 128 618 151 1045 221 119 99 52 62 64 94 71 15550 1323 1303 14227 3930 10297 2263 71
internal_count=20102 2466 139 17636 1958 1318 1266 640 2327 15678 128 618 151 1045 221 119 99 52 62 64 94 71 15550 1323 1303 14227 3930 10297 2263 71
is_linear=0
shrinkage=0.03


Tree=291
num_leaves=31
num_cat=0
split_feature=8 26 8 28 23 14 14 19 1 19 15 14 28 27 1 18 27 14 17 1 14 12 24 1 28 14 23 13 23 25
split_gain=13.4788 5.77552 0.963805 2.10988 0.817722 0.878722 0.699745 0.644897 0.631128 0.88012 0.873264 1.0729 0.533888 0.779748 0.499206 0.464929 0.434028 0.570417 0.814948 0.677352 0.637546 0.401912 0.367051 0.365245 0.803176 0.296888 0.293721 0.189356 0.152941 0.123077
threshold=68567.342500000013 7.5000000000000009 49599.892500000009 8.5000000000000018 132.18886244444403 25254.000000000004 38745.68 0.38241406735650391 55189.550774771618 0.19445561770716671 0.62104296165156458 19859.325000000004 11.500000000000002 7001.4241666666667 51364.312378309354 0.28686106860025612 14089.035833333335 14126.245000000001 1.3807464170688231 80992.326030102719 34115.795000000006 925.29500000000007 70411.393333333355 50009.528311097172 11.500000000000002 26630.845000000005 8742.1550218850043 12567.495000000001 3143.9735258506876 31147.462500000005
decision_type=2 2 2 2 2 2 2 2 2 2 2 2 2 2 2 2 2 2 2 2 2 2 2 2 2 2 2 2 2 2
left_child=2 16 8 4 5 27 12 15 14 10 -10 -12 -5 -14 23 -6 -2 18 21 -20 -19 -18 25 26 -25 -3 -1 -4 -16 -11
right_child=1 22 3 6 7 -7 -8 -9 9 29 11 -13 13 -15 28 -17 17 20 19 -21 -22 -23 -24 24 -26 -27 -28 -29 -30 -31
leaf_value=0.14041127650215413 191.81405215128049 68.130629588741044 4.2552084330641113 64.58940924693249 -3.1134471793079275 -24.764580479479502 -12.741829504381434 -28.520458120727078 79.384912785311272 0.21183211059971996 -8.5148089478903337 202.98002092880074 -4.1966072851264959 17.243136866315005 -0.047493670218799425 2.269197692032912 63.665327063888057 -10.621753920498117 -1.2072523919580256 -5.8411174983453646 -1.2044177446592845 -4.146375842252894 254.57054278193769 -0.73330903574775874 -15.161713680331268 -3.2405266161119308 -0.6195174680791119 -0.42959131778838677 33.900861394667132 66.384867967166016
leaf_weight=11320 20 29 30 481 21 30 26 29 22 20 127 28 61 99 20 1238 39 39 21 20 21 20 2064 94 21 37 4007 21 65 32
leaf_count=11320 20 29 30 481 21 30 26 29 22 20 127 28 61 99 20 1238 39 39 21 20 21 20 2064 94 21 37 4007 21 65 32
internal_value=0.000337578 0.00249351 5.76665e-05 0.000671906 -2.19127e-06 -0.00292593 0.00205547 0.000181677 -2.17059e-05 -0.00158515 -0.00259322 -0.0033871 0.00225117 0.00075 1.35259e-06 0.000283558 -0.00266667 -0.0031875 -0.0018 -0.00504878 -0.0055 0.000457627 0.00292958 -1.12679e-05 -0.00169565 0.000727273 1.37024e-06 -0.000529412 0.00229412 0.00184615
internal_weight=20102 2310 17792 2036 1369 81 667 1288 15756 229 177 155 641 160 15527 1259 180 160 100 41 60 59 2130 15442 115 66 15327 51 85 52
internal_count=20102 2310 17792 2036 1369 81 667 1288 15756 229 177 155 641 160 15527 1259 180 160 100 41 60 59 2130 15442 115 66 15327 51 85 52
is_linear=0
shrinkage=0.03


Tree=292
num_leaves=25
num_cat=0
split_feature=8 26 22 14 5 28 8 31 10 3 7 22 23 21 18 9 17 23 28 21 31 24 14 3
split_gain=13.8245 5.10799 0.962225 1.24783 0.961179 1.22185 0.996992 0.888839 0.779282 0.538546 0.758086 0.462857 0.453789 0.444446 0.415087 0.392075 0.380952 0.376486 0.371531 1.0103 0.533724 0.367051 0.296888 0.03
threshold=68567.342500000013 7.5000000000000009 94354.317500000019 7243.4500000000016 55020.344014675626 1.5000000000000002 65059.062500000007 19.500000000000004 94143.980000000025 107816.60500000003 74521.169318249958 53316.590000000011 1016.9557416894396 65005.811666666668 57344.397984489864 170699.00000000003 2.0387283287005551 1081.5539694709569 11.500000000000002 37013.080000000002 8.5000000000000018 70411.393333333355 26630.845000000005 86703.340000000011
decision_type=2 2 2 2 2 2 2 2 2 2 2 2 2 2 2 2 2 2 2 2 2 2 2 2
left_child=2 9 4 -4 13 6 8 14 -6 10 -2 -12 -11 18 -7 -14 -5 -9 20 -20 -1 22 -3 -13
right_child=1 21 3 16 5 7 -8 17 -10 12 11 23 15 -15 -16 -17 -18 -19 19 -21 -22 -23 -24 -25
leaf_value=-0.31512499135751565 -1.8597106647572008 66.086710701078815 -5.5876083494232054 156.52380710078296 -7.5166963027975653 2.7656725327591203 -27.781161670181508 0.83259239046746192 12.607422666231775 -4.2636823077990416 -12.454390241498647 121.1848630249807 1.3605259303405335 -8.2830320806911804 -2.981492299862067 -1.1831268630505212 -1.6565191389641705 28.503819628100921 -0.051432458747621125 -2.6607498931015501 0.76271311240200812 246.93342649847969 -3.1433108176286129 221.13294435934691
leaf_weight=8389 36 29 34 21 51 799 22 88 50 22 20 30 22 26 29 30 21 618 1042 277 6325 2064 37 20
leaf_count=8389 36 29 34 21 51 799 22 88 50 22 20 30 22 26 29 30 21 618 1042 277 6325 2064 37 20
internal_value=0.000336086 0.00251948 5.2608e-05 -0.00331579 6.70581e-05 0.000754979 -0.00212195 0.000985658 -0.000861386 -0.00233333 -0.000962264 0.000857143 -0.0042973 -3.92292e-06 0.000318841 -0.00276923 0.000142857 0.00176771 2.43259e-06 -0.000479909 4.56709e-05 0.00292958 0.000727273 0.0024
internal_weight=20102 2310 17792 76 17716 1657 123 1534 101 180 106 70 74 16059 828 52 42 706 16033 1319 14714 2130 66 50
internal_count=20102 2310 17792 76 17716 1657 123 1534 101 180 106 70 74 16059 828 52 42 706 16033 1319 14714 2130 66 50
is_linear=0
shrinkage=0.03


Tree=293
num_leaves=29
num_cat=0
split_feature=8 26 22 0 14 23 14 31 5 11 25 14 14 9 5 21 7 31 3 8 0 1 18 9 1 19 7 0
split_gain=13.4313 5.54146 1.16976 1.11675 0.997901 0.893714 1.49655 1.71878 0.576203 0.554159 0.507022 0.662879 1.00301 0.641667 0.491774 0.537037 0.46118 0.435636 0.373682 0.296387 0.273485 0.225 0.207963 0.196108 0.142857 0.0495081 7.10543e-15 2.22045e-16
threshold=69703.720000000016 7.5000000000000009 85346.12000000001 54505.414534179647 7243.4500000000016 1238.6863469189054 25736.930000000004 8.5000000000000018 64091.463073322775 35481.365000000013 79069.565000000017 17450.105000000007 29963.780000000002 170699.00000000003 55497.035990591059 65005.811666666668 183015.60533926418 32.500000000000007 3896.6050000000005 74692.294999999998 88303.766903126016 104867.27441250002 0.55433320564078314 33535.545000000006 18877.610025400561 0.4303678448794076 154222.39858772318 221265.71321075334
decision_type=2 2 2 2 2 2 2 2 2 2 2 2 2 2 2 2 2 2 2 2 2 2 2 2 2 2 2 2
left_child=2 10 3 8 -4 6 9 -8 14 -5 19 13 -13 21 15 -1 -15 18 -7 -2 -6 -12 -19 -3 -16 26 -25 -28
right_child=1 23 4 5 20 17 7 -9 -10 -11 11 12 -14 16 24 -17 -18 22 -20 -21 -22 -23 -24 25 -26 -27 27 -29
leaf_value=-0.005619630945829332 -1.1152435277445982 14.885632907672111 -5.0449681523034959 -1.9372071053059403 122.33195203927782 -11.550409840853129 -27.918579890286043 -2.7138042767040367 -33.721125288894626 19.250181044649985 -4.2834404703469797 -12.263492656619269 -0.95214537369901409 -2.1814155091400584 27.261207467558123 -8.6511761431170697 -1.0170038353822579 24.96352332676927 10.334151931620983 95.896495067730939 -10.334751161933317 69.775839894567355 51.75868159307884 237.73527596205881 122.78958670784603 281.76578975940532 2303.7220056256551 3584.0693745313779
leaf_weight=16002 21 20 39 55 24 27 24 68 35 167 20 21 23 23 21 24 21 35 1119 29 20 20 148 1831 63 20 114 68
leaf_count=16002 21 20 39 55 24 27 24 68 35 167 20 21 23 23 21 24 21 35 1119 29 20 20 148 1831 63 20 114 68
internal_value=0.000321162 0.00251591 4.71715e-05 6.3751e-05 -0.00350602 0.000808886 -0.000630573 -0.00384783 -1.20779e-05 0.000702703 -0.0025618 -0.0035625 -0.00654545 -0.002 -3.72428e-06 -1.57243e-05 -0.0045 0.00114898 0.000931937 1.11759e-10 -0.000409091 0.00075 0.0025082 0.00295616 0.00228571 0.00298524 0.003 0.003
internal_weight=20102 2231 17871 17788 83 1643 314 92 16145 222 178 128 44 84 16110 16026 44 1329 1146 50 44 40 183 2053 84 2033 2013 182
internal_count=20102 2231 17871 17788 83 1643 314 92 16145 222 178 128 44 84 16110 16026 44 1329 1146 50 44 40 183 2053 84 2033 2013 182
is_linear=0
shrinkage=0.03


Tree=294
num_leaves=31
num_cat=0
split_feature=8 26 22 0 28 20 8 27 2 28 18 19 23 31 27 0 8 22 4 3 3 18 17 28 18 31 13 18 18 19
split_gain=13.3984 5.07618 1.01632 0.960144 1.02973 0.912918 0.711028 0.69151 0.68456 1.00493 0.653891 0.700365 0.504414 0.618152 0.548613 0.489707 1.16638 0.724742 0.654135 0.409201 0.883251 0.577999 0.49642 0.39076 0.338468 0.265255 0.263657 0.227422 0.136779 0.085011
threshold=65059.062500000007 7.5000000000000009 94354.317500000019 71101.230062043571 1.5000000000000002 0.13992872668309234 68567.342500000013 51278.097500000011 58134.920000000006 6.5000000000000009 0.49911182601785126 0.34653433119824195 1707.7034165822045 15.500000000000002 7502.4643750000005 60607.837231087826 56354.010000000002 61475.910000000011 32609.905000000002 113753.91500000002 75014.795000000013 0.48032769192903763 1.161572480306081 11.500000000000002 0.56807262137786896 20.500000000000004 19646.440000000006 0.73683270746196405 0.78888411250556489 0.40036446371929063
decision_type=2 2 2 2 2 2 2 2 2 2 2 2 2 2 2 2 2 2 2 2 2 2 2 2 2 2 2 2 2 2
left_child=2 6 8 4 -3 7 -2 -4 15 12 11 -11 13 -10 -14 17 18 23 -17 20 21 -8 -21 -1 -24 -12 28 -28 -6 -5
right_child=1 3 5 29 26 -7 19 -9 9 10 25 -13 14 -15 -16 16 -18 -19 -20 22 -22 -23 24 -25 -26 -27 27 -29 -30 -31
leaf_value=0.11247203162790431 104.76432392951558 -11.299675364171309 -5.1365150285201846 238.62543643116814 49.353162434740085 159.56225437895762 -1.0284209609626906 -1.2967810204628807 -11.375336583427051 35.310464627420544 18.899728082803399 -12.896386605565491 17.910777581238989 8.4177953095845286 -1.3586623806726816 -24.234174196538099 -13.308013622192256 -6.2334183312232208 135.40406776089264 -8.0823150067476632 105.22178275699787 -3.6382276748948241 -4.6897979954056295 -0.89779438161679903 12.444504375845781 36.688728541261078 64.538028590013553 -4.1556120762933411 35.558360373443676 264.29341791184993
leaf_weight=14886 21 29 21 2010 162 22 33 31 77 92 276 27 117 59 228 28 21 21 29 28 36 40 22 1343 21 280 44 32 20 46
leaf_count=14886 21 29 21 2010 162 22 33 31 77 92 276 27 117 59 228 28 21 21 29 28 36 40 22 1343 21 280 44 32 20 46
internal_value=0.000316685 0.00235142 2.18705e-05 0.00274392 0.00111847 -0.00348649 -0.00222388 -0.00565385 3.67194e-05 0.000742215 0.00148889 -0.000529412 -0.000305613 -0.00185294 0.000304348 -1.32287e-05 -0.00238462 -1.84604e-06 -0.000157895 -0.00283333 -0.0016789 -0.00357534 -0.00460563 5.36089e-06 -0.0025814 0.00192086 0.00172093 0.000236842 0.00234066 0.00297082
internal_weight=20102 2544 17558 2343 287 74 201 52 17484 1156 675 119 481 136 345 16328 78 16250 57 180 109 73 71 16229 43 556 258 76 182 2056
internal_count=20102 2544 17558 2343 287 74 201 52 17484 1156 675 119 481 136 345 16328 78 16250 57 180 109 73 71 16229 43 556 258 76 182 2056
is_linear=0
shrinkage=0.03


Tree=295
num_leaves=31
num_cat=0
split_feature=25 17 25 28 2 0 4 9 23 1 7 11 25 28 10 12 28 12 25 24 12 4 28 23 4 18 9 18 17 19
split_gain=12.7955 5.76899 0.888329 0.820772 0.868794 0.78608 0.67634 0.635881 1.56957 0.564726 0.852955 0.835388 0.797169 0.796224 0.536913 0.83748 0.702426 0.498632 0.746667 0.742371 0.481739 0.446711 0.981541 0.471319 0.424242 0.39231 0.235714 0.177908 0.164567 0.0495052
threshold=71065.247500000012 0.80304264575733286 62058.142500000009 8.5000000000000018 73316.325000000026 78606.51667441304 68876.060000000012 37072.360000000008 1500.0715463833719 60986.546934078469 46614.496506232717 41275.935000000005 17824.422500000004 7.5000000000000009 74578.185000000012 8554.0950000000012 8.5000000000000018 3074.1550000000002 97519.415000000023 127775.58416666667 7804.5800000000008 11271.715000000002 7.5000000000000009 1238.6863469189054 113886.54000000001 0.79662383442585438 104662.74500000001 0.87852921065823963 0.50858252836239826 0.43978295478846224
decision_type=2 2 2 2 2 2 2 2 2 2 2 2 2 2 2 2 2 2 2 2 2 2 2 2 2 2 2 2 2 2
left_child=2 6 9 4 7 26 -2 8 -4 14 -11 12 -12 -13 15 20 -17 18 -7 -19 -1 22 -16 -23 -20 -9 -3 29 -5 -8
right_child=1 5 3 28 -6 17 27 25 -10 10 11 13 -14 -15 21 16 -18 19 24 -21 -22 23 -24 -25 -26 -27 -28 -29 -30 -31
leaf_value=-0.030078121992475684 -5.4180119059445087 -4.5601076091766073 -33.09713197564686 53.233892400393621 -17.062242396066338 -1.0816861368936388 235.63305097793111 11.579199306819962 1.4839759177482728 -11.880946971782004 -9.5895147031007095 -12.172054690371212 0.32869491335164797 3.9289283754706967 11.328371369937017 -6.1881459102468304 0.85279932555383886 -13.272821124328855 43.887482387259496 -1.3388567723556408 7.8524039605683571 -0.40339602358003951 -8.5096542066178245 8.1761522100862614 -1.3484410269117031 -2.8989337760514626 73.915858376023124 212.94712963379729 94.771233693140601 220.63643563624902
leaf_weight=13139 23 20 20 20 21 21 2001 311 72 25 21 24 198 25 308 310 166 26 21 35 347 543 203 1842 33 60 22 22 203 20
leaf_count=13139 23 20 20 20 21 21 2001 311 72 25 21 24 198 25 308 310 166 26 21 35 347 543 203 1842 33 60 22 22 203 20
internal_value=0.000316685 0.00245187 4.83818e-05 0.00109052 0.000396694 -0.00273034 0.00289835 0.000667387 -0.00156522 5.42254e-06 -0.00130034 -0.00080597 -1.36985e-05 -0.00434694 2.81173e-05 -4.899e-05 -0.00128571 -0.00383824 -0.0022 -0.00585246 -5.33876e-06 0.000399862 -0.000405088 0.000572327 -0.000333333 0.00122102 0.000857143 0.00295595 0.00259641 0.00298516
internal_weight=20102 2244 17858 707 484 178 2066 463 92 17151 293 268 219 49 16858 13962 476 136 75 61 13486 2896 511 2385 54 371 42 2043 223 2021
internal_count=20102 2244 17858 707 484 178 2066 463 92 17151 293 268 219 49 16858 13962 476 136 75 61 13486 2896 511 2385 54 371 42 2043 223 2021
is_linear=0
shrinkage=0.03


Tree=296
num_leaves=31
num_cat=0
split_feature=25 26 17 25 9 28 2 27 22 1 7 9 23 14 27 25 11 1 14 28 12 3 20 24 23 22 11 0 15 0
split_gain=12.4778 8.37481 0.933073 0.905596 0.860171 0.820772 0.868794 0.729612 0.676886 0.647009 1.03528 0.635881 1.56957 0.608607 0.760763 0.568421 0.834064 0.418595 0.620208 1.15177 0.442948 0.433172 0.578846 0.505974 0.275534 0.184641 0.225 0.0461628 0.0379694 3.55271e-15
threshold=71065.247500000012 7.5000000000000009 0.9094658378561451 62058.142500000009 170699.00000000003 8.5000000000000018 73316.325000000026 127530.13166666667 158078.46000000002 60986.546934078469 47060.757565471395 37072.360000000008 1500.0715463833719 924.2600000000001 26701.980833333335 17631.892500000005 41275.935000000005 51364.312378309354 21298.765000000003 8.5000000000000018 8062.045000000001 47589.105000000003 0.23163518828775051 42555.736666666671 2535.4293382309456 71286.590000000011 40662.905000000006 71101.230062043571 1.053213606938421 136085.18528154734
decision_type=2 2 2 2 2 2 2 2 2 2 2 2 2 2 2 2 2 2 2 2 2 2 2 2 2 2 2 2 2 2
left_child=3 2 -2 9 13 6 11 8 -6 17 -11 12 -5 -4 -15 -12 -17 21 20 -20 -19 23 -23 -1 -13 -7 -27 -3 29 -29
right_child=1 27 4 5 7 25 -8 -9 -10 10 15 24 -14 14 -16 16 -18 18 19 -21 -22 22 -24 -25 -26 26 -28 28 -30 -31
leaf_value=-0.023997423771937171 -10.190732890133505 74.362142832988383 86.161785431398016 -32.104218016377359 37.557974952596901 93.801214101000653 -16.550375124184352 -1.8364499581738403 -3.2228377085385937 -9.5796747137164981 -9.3018292620076934 8.5567662192180212 1.4394566402158187 54.655526006227426 -2.4780655930635742 0.59758819713519817 -7.0123753705156382 19.172048539985497 -2.7633133312781704 16.760679270973196 4.9824109862114749 -0.44837573422746058 -8.6787403124993592 5.0713736501683213 11.334644485393431 -7.3723263672071626 140.89694829451267 217.07949991181064 904.57991097679678 2051.1245653931164
leaf_weight=13558 25 21 27 20 29 183 21 21 28 27 21 259 72 24 37 198 47 247 416 313 250 967 125 982 112 20 20 1757 26 249
leaf_count=13558 25 21 27 20 29 183 21 21 28 27 21 259 72 24 37 198 47 247 416 313 250 967 125 982 112 20 20 1757 26 249
internal_value=0.000303254 0.00241176 -0.00359686 3.83023e-05 -0.00278313 0.00109052 0.000396694 -0.00507692 -0.00331579 -5.07248e-06 -0.00140273 0.000667387 -0.00156522 -0.00075 -0.00240984 -0.000834586 -0.000428571 1.92195e-05 0.000553018 -4.11511e-06 0.00137022 -2.26457e-05 -0.000598901 2.06328e-05 0.00122102 0.00259641 0.00075 0.00297077 0.00298524 0.003
internal_weight=20102 2244 191 17858 166 707 484 78 57 17151 293 463 92 88 61 266 245 16858 1226 729 497 15632 1092 14540 371 223 40 2053 2032 2006
internal_count=20102 2244 191 17858 166 707 484 78 57 17151 293 463 92 88 61 266 245 16858 1226 729 497 15632 1092 14540 371 223 40 2053 2032 2006
is_linear=0
shrinkage=0.03


Tree=297
num_leaves=31
num_cat=0
split_feature=22 26 25 24 6 23 4 17 3 1 0 28 18 9 27 23 28 14 28 15 17 3 9 26 1 23 13 27 1 3
split_gain=12.5718 6.93168 1.21208 1.12268 1.03671 0.722799 0.818182 0.654616 0.663434 0.663034 0.481605 0.440073 0.427809 1.06061 0.624923 0.412901 0.907209 1.67484 3.54263 1.22459 0.986968 1.22969 0.585617 0.444503 0.740192 0.452566 0.981692 0.403352 0.273485 0.19818
threshold=64259.695 7.5000000000000009 79069.565000000017 91288.965833333335 71629.861021508594 36085.975144303673 72793.255000000019 2.3795112442195574 107816.60500000003 137950.42636224182 85748.016886332203 8.5000000000000018 0.79662383442585438 43123.415000000008 8027.625694444444 8742.1550218850043 8.5000000000000018 9773.3000000000011 11.500000000000002 0.66020439139275044 0.63276733492315196 23803.210000000003 12196.860000000002 6.5000000000000009 15261.122736706006 9416.5043054024991 4664.6550000000007 942.10933333333344 83522.848215337945 96193.250000000015
decision_type=2 2 2 2 2 2 2 2 2 2 2 2 2 2 2 2 2 2 2 2 2 2 2 2 2 2 2 2 2 2
left_child=2 3 15 5 11 6 -2 8 28 -10 29 12 14 -14 -3 16 20 19 -19 -18 21 -1 -22 25 -25 26 -17 -27 -5 -7
right_child=1 4 -4 7 -6 10 -8 -9 9 -11 -12 -13 13 -15 -16 23 17 18 -20 -21 22 -23 -24 24 -26 27 -28 -29 -30 -31
leaf_value=0.12733141471112824 6.0412731025783177 27.427758850308628 -7.3311297635173069 -0.37696465030395748 227.56476507102516 68.804759716589658 -5.2289884552122476 -6.9664998868488874 -7.8474845288992858 -1.2268744734166097 -2.3531850276967456 81.722705731388984 -12.86088160138747 56.87638271391355 -4.4195192607077933 0.71871385004863475 -10.681926473217709 15.703563429865122 -1.0576568627454155 -0.4335858072248257 -0.97885046724734837 -1.6143207188440569 2.3440491224634652 14.30119998281711 -151.46190708135515 3.4176321033109889 -17.543478608957237 -0.61994956619823005 64.410060237078966 0.11044375617165628
leaf_weight=2692 22 210 25 20 2037 49 22 26 25 37 25 180 22 20 95 125 24 1779 607 1598 1164 2588 2468 23 20 233 85 3814 24 43
leaf_count=2692 22 210 25 20 2037 49 22 26 25 37 25 180 22 20 95 125 24 1779 607 1598 1164 2588 2468 23 20 233 85 3814 24 43
internal_value=0.000306238 0.00214946 8.69929e-07 -0.00222184 0.00264899 -0.000540373 -0.00381818 -0.00427273 -0.00322641 -0.00522581 0.000692308 0.001463 0.000838617 -0.002 0.00122951 1.04531e-05 9.52013e-05 0.00047006 0.000975692 -0.000273736 -7.33841e-05 -0.000335227 0.000307269 -0.000244186 -0.00327907 -0.000213531 -0.00157143 -0.000143069 -0.000409091 0.00169565
internal_weight=20102 2857 17245 293 2564 161 44 132 106 62 117 527 347 42 305 17220 12920 4008 2386 1622 8912 5280 3632 4300 43 4257 210 4047 44 92
internal_count=20102 2857 17245 293 2564 161 44 132 106 62 117 527 347 42 305 17220 12920 4008 2386 1622 8912 5280 3632 4300 43 4257 210 4047 44 92
is_linear=0
shrinkage=0.03


Tree=298
num_leaves=29
num_cat=0
split_feature=8 26 22 3 7 22 25 31 24 26 18 8 31 18 10 16 19 15 8 10 12 20 22 22 11 28 9 19
split_gain=12.4618 7.72396 0.740444 0.979155 1.55556 0.772345 0.682869 0.845676 1.35387 0.824242 0.681818 0.504959 0.49523 1.06441 0.438312 0.371098 0.805132 1.39183 0.853538 0.455854 0.642656 0.440804 0.349787 0.77264 0.3093 0.273012 0.223472 0.0495035
threshold=69703.720000000016 7.5000000000000009 85346.12000000001 181095.22500000003 70724.841862967718 64259.695 79069.565000000017 3.5000000000000004 118115.17000000001 2.5000000000000004 1.0689021959005431 74692.294999999998 6.5000000000000009 0.53615486561020675 118432.02750000001 -3842.1700848830515 1.0000000180025095e-35 0.86798972527357876 3848.605 75017.312500000015 8487.6150000000034 0.99990730815975726 70380.60000000002 72248.705000000002 42373.585000000014 7.5000000000000009 37979.155000000006 0.42342974032123842
decision_type=2 2 2 2 2 2 2 2 2 2 2 2 2 2 2 2 2 2 2 2 2 2 2 2 2 2 2 2
left_child=2 6 5 4 14 15 11 9 -9 -8 -11 -2 13 -7 -4 16 18 -18 -1 20 -17 -21 25 -24 -15 -14 -3 -28
right_child=1 26 3 -5 -6 12 7 8 -10 10 -12 -13 22 24 -16 19 17 -19 -20 21 -22 -23 23 -25 -26 -27 27 -29
leaf_value=-11.765145959587802 -4.8844124381794378 14.492127785718571 -4.6700984796487486 207.70853582883089 -10.415663979201513 -9.5703071009804823 35.032336058106971 -7.9218184593176817 -0.67185543276021642 -0.72667779301548663 -16.385686630859208 93.013869998335863 10.068950263374981 -5.9744463454657089 5.902471452124221 0.075689073452070668 -6.0284937139559869 -31.13222558814352 1.5965644292815127 3.3665921433591186 -2.510994196121286 -8.2393634895123036 -2.8591162215022159 49.057417083821051 77.630625066717087 68.399979049284809 220.62178174065431 226.86308082800096
leaf_weight=89 21 39 20 20 21 27 30 22 21 33 22 29 181 29 22 12247 658 20 1088 2561 503 43 64 63 37 178 1994 20
leaf_count=89 21 39 20 20 21 27 30 22 21 33 22 29 181 29 22 12247 658 20 1088 2561 503 43 64 63 37 178 1994 20
internal_value=0.000307731 0.00242178 4.38141e-05 -0.00278313 -0.00461905 5.70048e-05 -0.00357303 -0.00473437 -0.00816279 -0.003 -0.00518182 -0.0006 0.00113472 -0.000870968 -0.00128571 2.07451e-05 -0.000380054 -0.00120354 9.43077e-05 6.91678e-05 -4.70577e-06 0.000430876 0.00151852 0.000165354 0.00118182 0.00199721 0.00294155 0.0029851
internal_weight=20102 2231 17871 83 63 17788 178 128 43 85 55 50 579 93 42 17209 1855 678 1177 15354 12750 2604 486 127 66 359 2053 2014
internal_count=20102 2231 17871 83 63 17788 178 128 43 85 55 50 579 93 42 17209 1855 678 1177 15354 12750 2604 486 127 66 359 2053 2014
is_linear=0
shrinkage=0.03


Tree=299
num_leaves=26
num_cat=0
split_feature=8 26 22 14 25 31 24 0 28 6 28 5 2 22 1 4 3 5 0 28 19 11 1 5 0
split_gain=12.6455 6.54004 1.12694 1.03175 0.806531 0.849691 1.20333 0.801949 0.947034 0.704913 0.602552 0.59939 0.493242 0.483006 0.634921 0.419937 1 0.356019 0.284444 0.279343 0.0475004 0.0460971 0.0180038 0.0314815 3.55271e-15
threshold=70642.265000000014 7.5000000000000009 85346.12000000001 7243.4500000000016 73020.295000000013 3.5000000000000004 121659.97750000002 64094.159782527277 1.5000000000000002 67636.256288966979 2.5000000000000004 74893.332324371353 108107.06000000001 34541.965000000004 32650.555372392078 80346.525000000023 36769.395000000011 30090.910794143678 88303.766903126016 8.5000000000000018 0.4303678448794076 38063.010000000002 72258.891856741102 72848.753217363599 221265.71321075334
decision_type=2 2 2 2 2 2 2 2 2 2 2 2 2 2 2 2 2 2 2 2 2 2 2 2 2
left_child=2 4 7 -4 -2 10 -7 11 9 -9 12 15 -6 14 -10 17 -17 -1 -5 -15 21 -3 23 -23 -24
right_child=1 20 3 18 5 6 -8 8 13 -11 -12 -13 -14 19 -16 16 -18 -19 -20 -21 -22 22 24 -25 -26
leaf_value=-0.16090243835820736 54.395242311616691 102.10899986988191 -5.0994583108714746 63.077736910141525 -3.4218301382838314 -4.3103540583871558 -0.46006399747684401 1.2844631884349118 456.21591448076089 -7.7423740128762013 40.991134744500449 -38.566219518809767 -7.111851287474023 11.691056350463054 -35.142719208447765 -0.029408391205558597 -3.7433573233727584 0.59065352657399084 -9.1789512950231629 76.986912462659177 220.05718840316095 86.895952286343345 251.34326201927146 52.625157390887296 3387.340205307019
leaf_weight=10878 25 21 39 25 29 30 20 28 20 31 31 23 35 367 36 144 48 6065 20 224 20 34 1821 20 68
leaf_count=10878 25 21 39 25 29 30 20 28 20 31 31 23 35 367 36 144 48 6065 20 224 20 34 1821 20 68
internal_value=0.000298776 0.00247075 3.81102e-05 -0.00342857 -0.00317647 -0.00403448 -0.0072 5.44112e-05 0.00104533 -0.00259322 -0.00236842 1.36381e-05 -0.00403125 0.00137713 -0.00128571 2.01343e-05 -0.001375 3.59442e-05 -0.000333333 0.00162944 0.00295464 0.00296945 0.00298456 0.00244444 0.003
internal_weight=20102 2154 17948 84 170 145 50 17864 706 59 95 17158 64 647 56 17135 192 16943 45 591 1984 1964 1943 54 1889
internal_count=20102 2154 17948 84 170 145 50 17864 706 59 95 17158 64 647 56 17135 192 16943 45 591 1984 1964 1943 54 1889
is_linear=0
shrinkage=0.03


end of trees

feature_importances:
month_num=562
user_median=561
rec_ratio=434
roll_median_3=399
exp_inc_ratio=389
roll_median_6=369
var_spend=368
user_history_months=368
user_income_med=349
tx_count=327
clean_lag_2=306
user_fixed_max=304
fixed_spend=304
avg_tx_size=303
clean_lag_3=300
routine_spend=290
routine_ratio=286
roll_std_3=281
ema_slow=261
spend_momentum=243
disc_ratio=233
clean_lag_1=220
disc_spend=213
anchor_lag_2=212
roll_mean_6=208
roll_mean_3=202
ema_fast=195
spend_diff_1m=175
anchor_lag_1=167
ema_med=119
quarter=31
is_q4=1

parameters:
[boosting: gbdt]
[objective: quantile]
[metric: quantile]
[tree_learner: serial]
[device_type: cpu]
[data_sample_strategy: bagging]
[data: ]
[valid: ]
[num_iterations: 300]
[learning_rate: 0.03]
[num_leaves: 31]
[num_threads: 10]
[seed: 42]
[deterministic: 0]
[force_col_wise: 0]
[force_row_wise: 0]
[histogram_pool_size: -1]
[max_depth: 6]
[min_data_in_leaf: 20]
[min_sum_hessian_in_leaf: 0.001]
[bagging_fraction: 0.85]
[pos_bagging_fraction: 1]
[neg_bagging_fraction: 1]
[bagging_freq: 0]
[bagging_seed: 400]
[bagging_by_query: 0]
[feature_fraction: 0.85]
[feature_fraction_bynode: 1]
[feature_fraction_seed: 30056]
[extra_trees: 0]
[extra_seed: 12879]
[early_stopping_round: 0]
[early_stopping_min_delta: 0]
[first_metric_only: 0]
[max_delta_step: 0]
[lambda_l1: 0]
[lambda_l2: 0]
[linear_lambda: 0]
[min_gain_to_split: 0]
[drop_rate: 0.1]
[max_drop: 50]
[skip_drop: 0.5]
[xgboost_dart_mode: 0]
[uniform_drop: 0]
[drop_seed: 17869]
[top_rate: 0.2]
[other_rate: 0.1]
[min_data_per_group: 100]
[max_cat_threshold: 32]
[cat_l2: 10]
[cat_smooth: 10]
[max_cat_to_onehot: 4]
[top_k: 20]
[monotone_constraints: ]
[monotone_constraints_method: basic]
[monotone_penalty: 0]
[feature_contri: ]
[forcedsplits_filename: ]
[refit_decay_rate: 0.9]
[cegb_tradeoff: 1]
[cegb_penalty_split: 0]
[cegb_penalty_feature_lazy: ]
[cegb_penalty_feature_coupled: ]
[path_smooth: 0]
[interaction_constraints: ]
[verbosity: -1]
[saved_feature_importance_type: 0]
[use_quantized_grad: 0]
[num_grad_quant_bins: 4]
[quant_train_renew_leaf: 0]
[stochastic_rounding: 1]
[linear_tree: 0]
[max_bin: 255]
[max_bin_by_feature: ]
[min_data_in_bin: 3]
[bin_construct_sample_cnt: 200000]
[data_random_seed: 175]
[is_enable_sparse: 1]
[enable_bundle: 1]
[use_missing: 1]
[zero_as_missing: 0]
[feature_pre_filter: 1]
[pre_partition: 0]
[two_round: 0]
[header: 0]
[label_column: ]
[weight_column: ]
[group_column: ]
[ignore_column: ]
[categorical_feature: ]
[forcedbins_filename: ]
[precise_float_parser: 0]
[parser_config_file: ]
[objective_seed: 16083]
[num_class: 1]
[is_unbalance: 0]
[scale_pos_weight: 1]
[sigmoid: 1]
[boost_from_average: 1]
[reg_sqrt: 0]
[alpha: 0.1]
[fair_c: 1]
[poisson_max_delta_step: 0.7]
[tweedie_variance_power: 1.5]
[lambdarank_truncation_level: 30]
[lambdarank_norm: 1]
[label_gain: ]
[lambdarank_position_bias_regularization: 0]
[eval_at: ]
[multi_error_top_k: 1]
[auc_mu_weights: ]
[num_machines: 1]
[local_listen_port: 12400]
[time_out: 120]
[machine_list_filename: ]
[machines: ]
[gpu_platform_id: -1]
[gpu_device_id: -1]
[gpu_device_id_list: ]
[gpu_use_dp: 0]
[num_gpu: 1]

end of parameters

pandas_categorical:[]
